2023-07-11 11:25:00,2440.95,2440.95,2436.05,2437.15,9869
2023-07-11 11:30:00,2438,2438,2435.35,2437,11868
2023-07-11 11:35:00,2436.35,2439.8,2436.1,2438.2,13995
2023-07-11 11:40:00,2438.45,2444.4,2436.25,2443.75,26742
2023-07-11 11:45:00,2442.55,2444.95,2440.05,2440.9,30148
2023-07-11 11:50:00,2440.1,2440.9,2436.5,2438.1,16747
2023-07-11 11:55:00,2438,2438.5,2436,2436,13774
2023-07-11 12:00:00,2436,2436.95,2431.65,2433.7,19553
2023-07-11 12:05:00,2433.55,2434,2433,2433.2,4654
2023-07-11 12:10:00,2432.8,2434,2432,2433.8,8920
2023-07-11 12:15:00,2433.8,2433.8,2425.55,2430.95,33452
2023-07-11 12:20:00,2430.95,2431.05,2429,2430.1,8519
2023-07-11 12:25:00,2430.1,2430.7,2427.1,2427.45,7657
2023-07-11 12:30:00,2427.45,2430.4,2422,2423,108645
2023-07-11 12:35:00,2422.8,2424,2420.2,2421.8,23619
2023-07-11 12:40:00,2421.8,2421.85,2414.4,2418,42531
2023-07-11 12:45:00,2418,2420.85,2416.2,2417.85,22633
2023-07-11 12:50:00,2417.85,2422.95,2417.85,2419.7,14830
2023-07-11 12:55:00,2419.7,2421.9,2416.45,2421.5,13883
2023-07-11 13:00:00,2421.5,2424.35,2418,2421.3,20751
2023-07-11 13:05:00,2421.35,2424.55,2420.05,2421.75,10916
2023-07-11 13:10:00,2421.95,2424.35,2419.6,2420,9588
2023-07-11 13:15:00,2420,2424.25,2418.8,2423.95,6084
2023-07-11 13:20:00,2423.55,2425,2423,2424.5,6538
2023-07-11 13:25:00,2424.75,2424.75,2421,2422,8010
2023-07-11 13:30:00,2422,2427.5,2421,2426.8,8995
2023-07-11 13:35:00,2426.8,2428,2423.5,2426,16927
2023-07-11 13:40:00,2426.5,2427.1,2425,2425.7,9873
2023-07-11 13:45:00,2425.7,2425.85,2422.05,2425,11867
2023-07-11 13:50:00,2424.9,2424.9,2415.9,2416.6,21748
2023-07-11 13:55:00,2417.05,2422,2416.4,2421.05,6571
2023-07-11 14:00:00,2421.05,2423,2418.8,2421,22489
2023-07-11 14:05:00,2421,2421,2418.1,2418.75,4993
2023-07-11 14:10:00,2418.8,2419.9,2416,2419.55,11980
2023-07-11 14:15:00,2419.5,2419.65,2415.05,2417.15,10141
2023-07-11 14:20:00,2417,2419,2415.05,2415.4,8775
2023-07-11 14:25:00,2415.3,2418.5,2412.55,2418.3,22203
2023-07-11 14:30:00,2418.3,2421,2417,2419.3,11004
2023-07-11 14:35:00,2418.3,2422,2411.2,2420.65,29819
2023-07-11 14:40:00,2420.65,2428,2418.05,2422.6,65016
2023-07-11 14:45:00,2422.2,2426,2420.5,2424.4,22307
2023-07-11 14:50:00,2425.55,2428,2425.1,2427.5,26072
2023-07-11 14:55:00,2426.55,2434.4,2425.5,2428.15,59670
2023-07-11 15:00:00,2428.35,2431.9,2425.25,2425.25,26747
2023-07-11 15:05:00,2423.55,2425.95,2418.15,2420,40817
2023-07-11 15:10:00,2421,2423,2420.05,2421.45,16538
2023-07-11 15:15:00,2421.5,2424.65,2421.45,2424.35,38937
2023-07-11 15:20:00,2424.6,2425,2418.75,2419.7,55520
2023-07-11 15:25:00,2419.7,2419.75,2416,2418,28333
2023-07-12 09:15:00,2429.9,2432,2420.4,2428,74463
2023-07-12 09:20:00,2428.05,2429.9,2412.3,2415.2,56644
2023-07-12 09:25:00,2416,2418,2405.35,2407.2,66005
2023-07-12 09:30:00,2407.35,2418.05,2406,2416.5,43553
2023-07-12 09:35:00,2416.05,2416.15,2410,2410.45,25274
2023-07-12 09:40:00,2410.9,2412.65,2407.1,2410,26196
2023-07-12 09:45:00,2409.7,2410,2403,2407.9,33923
2023-07-12 09:50:00,2406.9,2408,2396.6,2397.85,73002
2023-07-12 09:55:00,2397.85,2408,2397.85,2407.75,26961
2023-07-12 10:00:00,2408,2409.85,2403,2404.65,21801
2023-07-12 10:05:00,2404,2406.5,2400,2401.75,16741
2023-07-12 10:10:00,2402,2402,2397.7,2399.05,22827
2023-07-12 10:15:00,2400,2402.45,2399,2400.95,9986
2023-07-12 10:20:00,2400.75,2401.05,2392,2394.4,41761
2023-07-12 10:25:00,2394.35,2399.7,2393,2396.95,15298
2023-07-12 10:30:00,2396.95,2399,2394,2398.35,11819
2023-07-12 10:35:00,2398.2,2400,2396.9,2398,15878
2023-07-12 10:40:00,2398,2400.65,2396,2400.65,15274
2023-07-12 10:45:00,2400.05,2405,2400.05,2404.5,16246
2023-07-12 10:50:00,2404.25,2404.5,2402.3,2404,6271
2023-07-12 10:55:00,2403.1,2408.2,2403.1,2406.3,23831
2023-07-12 11:00:00,2406.3,2409.55,2405.3,2407.1,19184
2023-07-12 11:05:00,2407.05,2408,2407,2407,6888
2023-07-12 11:10:00,2406.15,2406.5,2401,2401.5,9929
2023-07-12 11:15:00,2401.55,2403,2398.05,2401.7,18021
2023-07-12 11:20:00,2401.6,2402.95,2401.5,2402,3882
2023-07-12 11:25:00,2402,2402.5,2399.5,2399.7,7416
2023-07-12 11:30:00,2399.9,2400,2398,2399.2,5104
2023-07-12 11:35:00,2399.2,2399.85,2396,2396.05,12555
2023-07-12 11:40:00,2396.05,2397.05,2394,2394.7,20825
2023-07-12 11:45:00,2394.8,2397,2394,2395.45,11165
2023-07-12 11:50:00,2396.05,2397,2395.05,2396.45,5140
2023-07-12 11:55:00,2396,2398.2,2392.35,2393,18849
2023-07-12 12:00:00,2393.85,2395,2392.25,2395,7124
2023-07-12 12:05:00,2395,2398,2394.7,2397.35,6449
2023-07-12 12:10:00,2397.35,2397.9,2395,2397.9,4895
2023-07-12 12:15:00,2397.85,2400,2397,2397.95,7182
2023-07-12 12:20:00,2398.05,2400,2397.75,2399,4471
2023-07-12 12:25:00,2399.9,2399.9,2397.4,2399.65,3304
2023-07-12 12:30:00,2399.25,2402.45,2398.55,2402,27530
2023-07-12 12:35:00,2401.35,2406.6,2401.1,2404.35,16995
2023-07-12 12:40:00,2404.15,2404.4,2400.45,2401.45,9607
2023-07-12 12:45:00,2401.8,2402.2,2399.3,2399.5,6673
2023-07-12 12:50:00,2400.55,2400.7,2398.5,2398.8,3764
2023-07-12 12:55:00,2399.25,2402.75,2399,2402,6395
2023-07-12 13:00:00,2401.6,2403.65,2401.55,2403,6196
2023-07-12 13:05:00,2403.2,2404.35,2401.1,2402.9,10365
2023-07-12 13:10:00,2403.75,2406,2402.8,2404.45,10682
2023-07-12 13:15:00,2404.95,2405,2401.85,2401.85,4627
2023-07-12 13:20:00,2402.55,2404.5,2401.1,2403.7,7904
2023-07-12 13:25:00,2403.85,2405,2402.55,2403.5,4425
2023-07-12 13:30:00,2403.05,2403.7,2401.1,2401.5,2889
2023-07-12 13:35:00,2399.15,2399.4,2395.05,2396.1,20876
2023-07-12 13:40:00,2397.05,2397.9,2396,2397.9,4725
2023-07-12 13:45:00,2397.9,2399.5,2396,2397.5,7341
2023-07-12 13:50:00,2397.8,2399.3,2396.05,2396.3,6113
2023-07-12 13:55:00,2397.2,2397.2,2393,2394,22017
2023-07-12 14:00:00,2394,2398.5,2392,2395.75,21204
2023-07-12 14:05:00,2395.75,2397,2394.4,2394.95,16477
2023-07-12 14:10:00,2395.25,2396.4,2392.25,2393,13703
2023-07-12 14:15:00,2392.25,2396,2392,2394.35,10613
2023-07-12 14:20:00,2395.65,2397.25,2393.6,2395.85,6440
2023-07-12 14:25:00,2395.65,2398.95,2395.65,2396.45,10191
2023-07-12 14:30:00,2396.05,2398,2396,2396.3,3511
2023-07-12 14:35:00,2396.4,2398,2395.2,2397.1,7691
2023-07-12 14:40:00,2398,2399,2396.95,2397.65,10400
2023-07-12 14:45:00,2396.95,2398.45,2396,2397.9,8048
2023-07-12 14:50:00,2397.6,2397.9,2396.1,2396.75,4017
2023-07-12 14:55:00,2396.5,2397,2394,2394,11366
2023-07-12 15:00:00,2394,2395,2388.05,2389.1,51136
2023-07-12 15:05:00,2389.05,2391.5,2386.95,2391.2,43903
2023-07-12 15:10:00,2393.6,2393.6,2390,2390.2,33284
2023-07-12 15:15:00,2391,2392.4,2387,2387.9,58440
2023-07-12 15:20:00,2387.7,2390,2380.45,2383.7,98412
2023-07-12 15:25:00,2383.55,2390,2382.1,2390,38344
2023-07-13 09:15:00,2397,2402.3,2381.8,2397.9,86862
2023-07-13 09:20:00,2399,2403.6,2397.4,2399.05,40148
2023-07-13 09:25:00,2399.05,2402,2395,2401.75,27414
2023-07-13 09:30:00,2401.7,2405.65,2401,2402.85,40820
2023-07-13 09:35:00,2402,2402.7,2397.3,2397.65,20508
2023-07-13 09:40:00,2398.9,2401,2395,2400.25,10874
2023-07-13 09:45:00,2401,2401.2,2398,2400,10547
2023-07-13 09:50:00,2401,2402,2398.8,2400,11590
2023-07-13 09:55:00,2400,2405.7,2399.25,2404,20306
2023-07-13 10:00:00,2404,2404.8,2401.35,2402,9008
2023-07-13 10:05:00,2401.45,2403,2400,2402.05,6256
2023-07-13 10:10:00,2402.05,2404.5,2401.15,2401.15,7892
2023-07-13 10:15:00,2402,2402.05,2395.05,2395.05,18823
2023-07-13 10:20:00,2396,2398.35,2395,2395.2,9808
2023-07-13 10:25:00,2395.2,2395.35,2390.2,2393.95,28809
2023-07-13 10:30:00,2393.95,2394.3,2392,2392.9,7337
2023-07-13 10:35:00,2392.1,2394,2392,2392.5,4959
2023-07-13 10:40:00,2393.65,2394,2388.05,2390.5,24873
2023-07-13 10:45:00,2390.65,2393.4,2388,2388.5,20866
2023-07-13 10:50:00,2388.5,2391.85,2388.3,2391.25,8992
2023-07-13 10:55:00,2391.25,2391.55,2386,2387.55,14560
2023-07-13 11:00:00,2388,2390.1,2386.55,2389.85,8545
2023-07-13 11:05:00,2388.85,2393.95,2388.8,2393.95,5274
2023-07-13 11:10:00,2393,2396.95,2392,2392,12481
2023-07-13 11:15:00,2393,2394.25,2390.2,2390.65,4842
2023-07-13 11:20:00,2391,2393.55,2390.2,2392.8,3700
2023-07-13 11:25:00,2392,2393,2388.55,2390.2,4953
2023-07-13 11:30:00,2390.9,2391.25,2388,2389.1,6444
2023-07-13 11:35:00,2389.1,2389.1,2385,2387,15038
2023-07-13 11:40:00,2387,2387.8,2382.6,2386,21764
2023-07-13 11:45:00,2386,2386.25,2383,2383.45,5785
2023-07-13 11:50:00,2383,2385,2382,2384.85,9775
2023-07-13 11:55:00,2384.4,2388,2384,2385.6,9937
2023-07-13 12:00:00,2386.15,2387,2383,2385,6398
2023-07-13 12:05:00,2384.05,2384.85,2382,2384.5,6596
2023-07-13 12:10:00,2384.6,2384.95,2383,2384.55,5699
2023-07-13 12:15:00,2384.55,2385.5,2382,2385.5,13136
2023-07-13 12:20:00,2385.05,2388.4,2384.95,2386.2,8041
2023-07-13 12:25:00,2386.2,2387.25,2383.1,2384.2,5269
2023-07-13 12:30:00,2384.15,2385.8,2382.5,2385,3923
2023-07-13 12:35:00,2385.65,2387.75,2383,2387.75,7322
2023-07-13 12:40:00,2387,2389,2386,2389,7532
2023-07-13 12:45:00,2389,2390.8,2388,2389.1,7721
2023-07-13 12:50:00,2389.1,2391,2387.6,2390.65,5504
2023-07-13 12:55:00,2390.65,2390.9,2388.1,2389.9,3968
2023-07-13 13:00:00,2389.9,2390,2387.2,2389.5,3786
2023-07-13 13:05:00,2389.55,2389.55,2384.3,2385.9,5872
2023-07-13 13:10:00,2386,2386.6,2384.1,2386.6,3528
2023-07-13 13:15:00,2386.7,2389.3,2386.65,2388.75,1951
2023-07-13 13:20:00,2388.6,2388.6,2386.05,2386.55,3101
2023-07-13 13:25:00,2387,2387,2382,2382.7,13445
2023-07-13 13:30:00,2382.55,2384.35,2380,2383.95,26252
2023-07-13 13:35:00,2383.95,2384.2,2382.25,2383.45,6408
2023-07-13 13:40:00,2383.4,2384.15,2380,2381.25,15133
2023-07-13 13:45:00,2382.4,2382.5,2380.1,2381.4,6841
2023-07-13 13:50:00,2380.8,2381.4,2372,2372.05,39029
2023-07-13 13:55:00,2372,2374.75,2370.1,2372.5,20493
2023-07-13 14:00:00,2372.1,2372.9,2366.85,2371.35,34865
2023-07-13 14:05:00,2371.55,2374,2362,2363.2,28697
2023-07-13 14:10:00,2362,2366.95,2358.6,2366.3,41791
2023-07-13 14:15:00,2366.75,2370,2360.4,2368.05,19655
2023-07-13 14:20:00,2367.9,2372.9,2367.05,2370.05,17230
2023-07-13 14:25:00,2370,2373.7,2369,2373.3,10382
2023-07-13 14:30:00,2373.3,2376.4,2370.1,2371.5,15242
2023-07-13 14:35:00,2372.5,2373.35,2365.05,2369.15,13105
2023-07-13 14:40:00,2368,2369.8,2363,2363.9,14691
2023-07-13 14:45:00,2363.5,2368.9,2362,2367.05,21441
2023-07-13 14:50:00,2367.45,2368.2,2362.15,2363,10585
2023-07-13 14:55:00,2362.75,2365.3,2358.1,2363,26700
2023-07-13 15:00:00,2363,2367,2363,2365.95,14961
2023-07-13 15:05:00,2366.05,2366.05,2363.55,2363.6,21557
2023-07-13 15:10:00,2364,2365,2362.55,2364.9,30748
2023-07-13 15:15:00,2364.3,2366,2360,2360.45,58912
2023-07-13 15:20:00,2360.05,2362,2355.65,2361.65,58729
2023-07-13 15:25:00,2361.55,2365,2359.5,2364,38883
2023-07-14 09:15:00,2375,2379,2363.5,2369.05,87598
2023-07-14 09:20:00,2369.05,2370,2356.25,2360.9,51911
2023-07-14 09:25:00,2360.85,2367.25,2356,2366,29694
2023-07-14 09:30:00,2366.05,2373,2365.25,2369,29146
2023-07-14 09:35:00,2366.95,2368,2358,2360.95,29039
2023-07-14 09:40:00,2361.3,2364.55,2358.2,2362.5,17895
2023-07-14 09:45:00,2362.45,2367,2360,2365.7,14628
2023-07-14 09:50:00,2364.6,2366,2361.8,2366,7812
2023-07-14 09:55:00,2366.4,2366.65,2356.35,2357.05,17938
2023-07-14 10:00:00,2357.4,2359.9,2355,2356.8,20672
2023-07-14 10:05:00,2356,2356.95,2353,2354,19078
2023-07-14 10:10:00,2353.15,2358.35,2352,2355,17965
2023-07-14 10:15:00,2354.6,2356.9,2351.05,2353.05,14495
2023-07-14 10:20:00,2352,2352,2340.5,2341.5,58508
2023-07-14 10:25:00,2341.6,2351.05,2340.05,2349.4,39041
2023-07-14 10:30:00,2350.45,2351.95,2346.5,2348,11343
2023-07-14 10:35:00,2348,2352,2347.5,2348.85,13412
2023-07-14 10:40:00,2348.5,2352.9,2348,2348.45,10940
2023-07-14 10:45:00,2348.45,2348.5,2342,2342.95,19953
2023-07-14 10:50:00,2342.9,2343.9,2340,2343.5,15184
2023-07-14 10:55:00,2343,2347.5,2341.5,2344.05,12549
2023-07-14 11:00:00,2344.75,2349,2341.6,2348.5,13756
2023-07-14 11:05:00,2348,2352,2347.25,2352,13256
2023-07-14 11:10:00,2352,2357,2350.25,2353.7,22766
2023-07-14 11:15:00,2354,2360.6,2352.85,2358.9,27442
2023-07-14 11:20:00,2360,2364.55,2356.05,2363,21227
2023-07-14 11:25:00,2363,2363.95,2359.05,2361.05,18249
2023-07-14 11:30:00,2361.7,2367.6,2361.05,2362.7,20992
2023-07-14 11:35:00,2363.75,2364.95,2360.25,2360.4,9705
2023-07-14 11:40:00,2361,2363,2356.25,2357.65,13985
2023-07-14 11:45:00,2357.1,2359.65,2353.5,2359.65,17005
2023-07-14 11:50:00,2359.6,2362.75,2356.15,2358.5,8068
2023-07-14 11:55:00,2358.65,2367.75,2358.45,2367,19517
2023-07-14 12:00:00,2366.9,2367,2362.65,2367,19941
2023-07-14 12:05:00,2367,2370,2365.55,2365.55,31878
2023-07-14 12:10:00,2366.65,2370,2362.1,2366.45,16233
2023-07-14 12:15:00,2366,2368.15,2364.1,2366.95,10224
2023-07-14 12:20:00,2366.7,2369,2364,2366.05,12920
2023-07-14 12:25:00,2365.65,2366.45,2362.2,2362.6,6312
2023-07-14 12:30:00,2362.2,2366,2361.25,2364.8,13501
2023-07-14 12:35:00,2364.1,2366,2364.05,2365,4564
2023-07-14 12:40:00,2364.6,2364.95,2361.15,2362.45,10747
2023-07-14 12:45:00,2362.65,2364,2360.1,2360.1,6377
2023-07-14 12:50:00,2360.1,2362,2360,2361,3695
2023-07-14 12:55:00,2361,2361.8,2360,2361,5163
2023-07-14 13:00:00,2361,2362,2359,2360.8,7919
2023-07-14 13:05:00,2360.8,2363.5,2360,2363.5,8098
2023-07-14 13:10:00,2363,2365.9,2363,2365.9,5829
2023-07-14 13:15:00,2365.85,2367.65,2365,2365,8708
2023-07-14 13:20:00,2363.2,2365.25,2360.35,2360.35,12897
2023-07-14 13:25:00,2361.25,2364,2360.35,2363.3,2811
2023-07-14 13:30:00,2363.1,2363.1,2359,2359.45,8408
2023-07-14 13:35:00,2359,2360.95,2356.7,2360.95,13041
2023-07-14 13:40:00,2360.5,2362,2360.5,2362,2811
2023-07-14 13:45:00,2361.45,2362,2360,2360.15,4418
2023-07-14 13:50:00,2360.3,2364.9,2359.05,2363.55,8187
2023-07-14 13:55:00,2363.55,2366.65,2361.65,2365.15,9551
2023-07-14 14:00:00,2366,2370.65,2365,2370.2,20347
2023-07-14 14:05:00,2369.7,2373.45,2366.5,2371.5,16499
2023-07-14 14:10:00,2371.45,2371.7,2367.95,2368.85,9326
2023-07-14 14:15:00,2368,2369.55,2365.05,2369,10241
2023-07-14 14:20:00,2369,2369.6,2367.5,2367.75,6790
2023-07-14 14:25:00,2367.55,2374.5,2367.55,2372.5,21226
2023-07-14 14:30:00,2372.5,2374,2368.2,2369.6,12751
2023-07-14 14:35:00,2369,2371.75,2368.15,2368.65,7930
2023-07-14 14:40:00,2368.65,2370,2368.05,2368.6,3742
2023-07-14 14:45:00,2368.9,2370.55,2367,2369.55,8371
2023-07-14 14:50:00,2370.85,2371.6,2366.4,2367,8488
2023-07-14 14:55:00,2367,2369.25,2365,2366.15,9899
2023-07-14 15:00:00,2368,2375,2366,2372,45418
2023-07-14 15:05:00,2372.6,2373.1,2370,2372.6,19001
2023-07-14 15:10:00,2372.75,2372.75,2370,2372,20076
2023-07-14 15:15:00,2371.65,2376,2370,2376,39792
2023-07-14 15:20:00,2376,2382.25,2375.55,2381,72054
2023-07-14 15:25:00,2380.85,2385,2378.55,2381.95,39204
2023-07-17 09:15:00,2399.9,2424.45,2392.85,2423.25,255257
2023-07-17 09:20:00,2423.3,2456.3,2423.3,2438.95,369428
2023-07-17 09:25:00,2439.7,2453.05,2437.25,2446.6,192387
2023-07-17 09:30:00,2446.9,2459,2440.35,2443.3,249574
2023-07-17 09:35:00,2443.5,2449.85,2432,2435.7,135846
2023-07-17 09:40:00,2435.65,2443,2435.65,2439.5,60810
2023-07-17 09:45:00,2439.6,2440.9,2433,2440.05,59696
2023-07-17 09:50:00,2441.05,2448,2438.1,2439.55,66833
2023-07-17 09:55:00,2440.55,2443.1,2436.7,2442.2,29650
2023-07-17 10:00:00,2442.4,2442.4,2436.3,2436.4,25352
2023-07-17 10:05:00,2436.9,2437.5,2423.15,2424,97913
2023-07-17 10:10:00,2423.9,2431.15,2422.7,2426.35,45531
2023-07-17 10:15:00,2426.35,2428,2417.8,2423.9,62493
2023-07-17 10:20:00,2424.95,2429.7,2417.25,2421.4,44567
2023-07-17 10:25:00,2421.4,2422,2416.55,2421.85,30606
2023-07-17 10:30:00,2421.85,2424.75,2417.2,2419.8,26102
2023-07-17 10:35:00,2418.95,2423.1,2416.55,2420.85,21191
2023-07-17 10:40:00,2421.95,2422.1,2418,2419.15,11380
2023-07-17 10:45:00,2420,2421,2418,2418.2,9018
2023-07-17 10:50:00,2419.2,2422.4,2417,2419.7,16115
2023-07-17 10:55:00,2420.55,2420.55,2413,2415.65,35739
2023-07-17 11:00:00,2416.55,2419,2413,2418,24839
2023-07-17 11:05:00,2418.8,2418.8,2416,2416.5,6958
2023-07-17 11:10:00,2416.1,2416.1,2410,2410.45,33780
2023-07-17 11:15:00,2411.75,2413.7,2406.1,2409.45,40258
2023-07-17 11:20:00,2410.35,2413.15,2406.05,2410,17802
2023-07-17 11:25:00,2409.55,2412.75,2407,2412.75,15193
2023-07-17 11:30:00,2412.65,2412.85,2406,2406.6,17119
2023-07-17 11:35:00,2406.6,2408.25,2402.5,2407,33942
2023-07-17 11:40:00,2406.2,2408.1,2404,2407,21819
2023-07-17 11:45:00,2406.5,2407.35,2402.75,2405.25,17288
2023-07-17 11:50:00,2405.25,2409.75,2405.25,2407.75,20199
2023-07-17 11:55:00,2406.9,2407.8,2400,2407.7,58197
2023-07-17 12:00:00,2407.7,2409,2405.7,2408,15867
2023-07-17 12:05:00,2407.95,2413.45,2406.65,2408.9,26496
2023-07-17 12:10:00,2408.4,2409.4,2404,2405.85,10486
2023-07-17 12:15:00,2405.2,2407.55,2401.7,2403,23436
2023-07-17 12:20:00,2403,2406,2397.65,2405.65,50049
2023-07-17 12:25:00,2405.65,2405.65,2402.05,2404.8,8042
2023-07-17 12:30:00,2404.25,2410.45,2404.25,2410.45,27022
2023-07-17 12:35:00,2409.6,2412,2408.05,2409.35,16853
2023-07-17 12:40:00,2409,2410.6,2407.8,2408.3,11011
2023-07-17 12:45:00,2409.4,2411,2407,2407,7655
2023-07-17 12:50:00,2407.8,2407.8,2403.3,2403.8,5980
2023-07-17 12:55:00,2403.1,2409.5,2403,2408.9,14178
2023-07-17 13:00:00,2408.9,2413.45,2408.1,2413.45,14923
2023-07-17 13:05:00,2412.55,2419,2412.55,2418.9,29956
2023-07-17 13:10:00,2419,2420,2411.75,2415,25076
2023-07-17 13:15:00,2415,2415.9,2413,2413.7,10064
2023-07-17 13:20:00,2413.7,2417.2,2411.05,2415,23233
2023-07-17 13:25:00,2415.85,2417.7,2413.55,2415.6,10356
2023-07-17 13:30:00,2415.2,2416.9,2415,2416,4971
2023-07-17 13:35:00,2416,2420,2415.2,2419.95,15040
2023-07-17 13:40:00,2419.95,2421.7,2417,2418.8,22348
2023-07-17 13:45:00,2419.35,2425.9,2418.45,2422.9,33710
2023-07-17 13:50:00,2422.7,2424,2418.5,2419.95,17203
2023-07-17 13:55:00,2421.1,2422,2412.15,2412.15,30227
2023-07-17 14:00:00,2414,2418,2412,2417.2,8006
2023-07-17 14:05:00,2417.2,2419,2416.05,2417.15,8971
2023-07-17 14:10:00,2416.1,2420.15,2414.35,2420.15,13221
2023-07-17 14:15:00,2420.9,2422.85,2417.15,2418.3,12332
2023-07-17 14:20:00,2418,2419.45,2414,2414,8011
2023-07-17 14:25:00,2415,2419.45,2415,2418.6,8043
2023-07-17 14:30:00,2418,2418.6,2415,2416.4,9699
2023-07-17 14:35:00,2416.4,2418,2410,2411,30395
2023-07-17 14:40:00,2411.05,2412.65,2408.4,2410.9,26287
2023-07-17 14:45:00,2410.9,2414.7,2408.5,2412.85,16981
2023-07-17 14:50:00,2412.7,2413.5,2410.75,2411.6,8977
2023-07-17 14:55:00,2411,2413.95,2410,2413.5,17416
2023-07-17 15:00:00,2413.45,2417.05,2411.05,2412.1,23939
2023-07-17 15:05:00,2411.35,2411.4,2404.05,2405,32886
2023-07-17 15:10:00,2405.2,2410.4,2404.05,2409.75,36103
2023-07-17 15:15:00,2409.75,2409.9,2406.55,2408,55263
2023-07-17 15:20:00,2407.95,2410,2404,2408.15,95884
2023-07-17 15:25:00,2408.2,2412,2407,2410,56625
2023-07-18 09:15:00,2415,2425,2411.65,2415.85,98187
2023-07-18 09:20:00,2416,2423.5,2415,2415.05,49151
2023-07-18 09:25:00,2415.1,2416,2409.6,2412,41045
2023-07-18 09:30:00,2411.35,2417.5,2409.2,2414,33305
2023-07-18 09:35:00,2414,2422.25,2413,2419.55,59036
2023-07-18 09:40:00,2420.2,2432.8,2419.55,2426.85,95418
2023-07-18 09:45:00,2426.95,2429,2421.8,2422,28164
2023-07-18 09:50:00,2422,2429,2422,2427.35,21177
2023-07-18 09:55:00,2428,2438.65,2428,2436.05,79515
2023-07-18 10:00:00,2437.05,2443.05,2432.75,2437.45,84660
2023-07-18 10:05:00,2437.2,2441.6,2430,2434.8,177440
2023-07-18 10:10:00,2436,2439.7,2432.3,2434.95,72737
2023-07-18 10:15:00,2434.95,2437.9,2432.1,2433.5,42974
2023-07-18 10:20:00,2433.5,2438.85,2431.55,2437.15,171961
2023-07-18 10:25:00,2437.3,2450,2437,2449.25,191119
2023-07-18 10:30:00,2449.95,2466.5,2443.15,2463.9,328679
2023-07-18 10:35:00,2463.5,2485,2463.5,2483,343871
2023-07-18 10:40:00,2483.15,2497,2477.15,2493.45,340075
2023-07-18 10:45:00,2494,2510,2488.35,2506,376306
2023-07-18 10:50:00,2505.85,2508.45,2478.6,2478.6,317912
2023-07-18 10:55:00,2477.5,2485.75,2469.6,2475.2,192873
2023-07-18 11:00:00,2474.4,2475,2462.55,2467.4,144825
2023-07-18 11:05:00,2467.25,2474.95,2465.05,2466.75,95314
2023-07-18 11:10:00,2468,2468,2442.65,2444,201903
2023-07-18 11:15:00,2444.35,2452.5,2435.1,2438.45,188520
2023-07-18 11:20:00,2438.5,2440.4,2430,2431.25,164094
2023-07-18 11:25:00,2431.6,2437.65,2427,2435.75,104558
2023-07-18 11:30:00,2435.7,2435.7,2411.25,2414,199781
2023-07-18 11:35:00,2413.85,2426.8,2406,2426,210747
2023-07-18 11:40:00,2426.3,2426.3,2412,2418.05,81540
2023-07-18 11:45:00,2419.5,2425,2413.6,2420,55677
2023-07-18 11:50:00,2420.4,2426.9,2415.15,2424.85,36157
2023-07-18 11:55:00,2423.75,2426,2415.7,2424.3,46988
2023-07-18 12:00:00,2424.9,2424.9,2416.45,2417,31794
2023-07-18 12:05:00,2417,2423.85,2416.75,2422.45,22189
2023-07-18 12:10:00,2421.95,2423.35,2419.2,2422.1,18471
2023-07-18 12:15:00,2422.15,2428.8,2420.3,2425,46325
2023-07-18 12:20:00,2425,2425,2417.15,2418.35,29564
2023-07-18 12:25:00,2418.35,2422.1,2416,2420.6,19024
2023-07-18 12:30:00,2421.45,2423.9,2418.5,2420.9,19597
2023-07-18 12:35:00,2420,2422.5,2418,2420.5,16818
2023-07-18 12:40:00,2420.8,2421,2418,2419.7,12999
2023-07-18 12:45:00,2420.1,2420.35,2415.2,2418.7,28030
2023-07-18 12:50:00,2418.7,2423.3,2418.7,2421.6,21304
2023-07-18 12:55:00,2422.75,2426.5,2422.05,2424,34121
2023-07-18 13:00:00,2424,2424.05,2421,2421.8,23474
2023-07-18 13:05:00,2421.15,2425.75,2421.15,2423.1,11525
2023-07-18 13:10:00,2423.1,2431.2,2423.1,2427.5,36397
2023-07-18 13:15:00,2426.75,2427.3,2423.7,2424.8,13436
2023-07-18 13:20:00,2425,2428.8,2423.15,2424.05,34029
2023-07-18 13:25:00,2424.05,2424.05,2420.6,2423.6,10581
2023-07-18 13:30:00,2423.55,2429,2423.05,2427,10130
2023-07-18 13:35:00,2427.9,2428.5,2425.05,2427.85,7994
2023-07-18 13:40:00,2427.9,2429.65,2425.4,2429.5,14587
2023-07-18 13:45:00,2428.15,2429,2425.9,2427.4,10232
2023-07-18 13:50:00,2427.45,2428,2424.1,2424.45,11497
2023-07-18 13:55:00,2424.45,2427.95,2423.2,2426.35,16479
2023-07-18 14:00:00,2426.1,2430,2423.25,2429.9,32167
2023-07-18 14:05:00,2429.15,2432,2428.2,2428.55,20319
2023-07-18 14:10:00,2428.55,2429,2421.8,2422,22630
2023-07-18 14:15:00,2422,2422.5,2411.6,2411.6,84897
2023-07-18 14:20:00,2412,2414.5,2406.45,2407.1,80662
2023-07-18 14:25:00,2407.95,2414.85,2407.2,2413.7,40553
2023-07-18 14:30:00,2413,2415,2410.05,2414.95,25559
2023-07-18 14:35:00,2414.95,2419.45,2414.95,2419.4,22315
2023-07-18 14:40:00,2419,2419.3,2415.25,2417.5,14627
2023-07-18 14:45:00,2417.05,2425,2413.45,2417.25,70624
2023-07-18 14:50:00,2415.8,2417,2412,2414.05,26298
2023-07-18 14:55:00,2415.15,2418.6,2413.8,2416.85,34407
2023-07-18 15:00:00,2418.6,2422.5,2416.65,2419.9,42339
2023-07-18 15:05:00,2419.55,2420,2415.35,2416.5,24127
2023-07-18 15:10:00,2417,2417,2414.7,2415.7,36024
2023-07-18 15:15:00,2415.1,2419.95,2415.1,2416.7,90341
2023-07-18 15:20:00,2416.8,2418.7,2411.3,2415.25,91039
2023-07-18 15:25:00,2415,2416.8,2414,2416,35846
2023-07-19 09:15:00,2428.65,2434.95,2421.5,2426.4,123611
2023-07-19 09:20:00,2426.95,2437,2425.05,2432.1,72147
2023-07-19 09:25:00,2432,2433.85,2427.25,2427.25,50310
2023-07-19 09:30:00,2427.25,2434.45,2427.05,2429.8,119656
2023-07-19 09:35:00,2429.05,2431.9,2425.25,2428.7,35176
2023-07-19 09:40:00,2428.55,2428.55,2420.05,2424.8,36048
2023-07-19 09:45:00,2424,2424.85,2422.35,2423.45,17040
2023-07-19 09:50:00,2423.5,2432.5,2423.5,2430,44842
2023-07-19 09:55:00,2429.5,2430,2424.2,2426.5,16548
2023-07-19 10:00:00,2425.55,2430,2425.55,2428,18224
2023-07-19 10:05:00,2428,2430,2427.5,2429.8,9640
2023-07-19 10:10:00,2429.8,2432.5,2428.05,2428.65,20009
2023-07-19 10:15:00,2429.2,2430,2425.7,2425.7,15377
2023-07-19 10:20:00,2425.7,2431.7,2423.45,2430.55,29033
2023-07-19 10:25:00,2431.05,2431.05,2426.35,2430,15358
2023-07-19 10:30:00,2429.8,2431,2428.45,2429,8821
2023-07-19 10:35:00,2429,2429.4,2427.15,2428.75,11629
2023-07-19 10:40:00,2428.65,2430.6,2427.8,2427.8,15210
2023-07-19 10:45:00,2427.15,2427.15,2423.1,2425.5,13479
2023-07-19 10:50:00,2425.45,2426,2424,2424.55,10386
2023-07-19 10:55:00,2424.35,2424.55,2421.25,2421.8,14749
2023-07-19 11:00:00,2421.9,2424.1,2421.5,2422.7,12459
2023-07-19 11:05:00,2423,2423.6,2416.9,2423.6,30242
2023-07-19 11:10:00,2423.7,2426.9,2422.95,2423.5,14616
2023-07-19 11:15:00,2424,2424,2420,2422,10955
2023-07-19 11:20:00,2422.1,2424,2421.6,2423.9,7303
2023-07-19 11:25:00,2423.3,2424.2,2421,2422.2,7871
2023-07-19 11:30:00,2423.5,2432.45,2422.55,2428.85,32302
2023-07-19 11:35:00,2428,2439,2428,2438.25,61461
2023-07-19 11:40:00,2438,2439.6,2430,2430.3,38000
2023-07-19 11:45:00,2431,2434.5,2429.2,2432.75,16498
2023-07-19 11:50:00,2432.05,2434,2430.9,2433.85,22635
2023-07-19 11:55:00,2433.85,2438,2433.1,2434.6,23036
2023-07-19 12:00:00,2434.65,2443,2434.65,2438,51659
2023-07-19 12:05:00,2438.65,2438.65,2426.4,2427.2,55050
2023-07-19 12:10:00,2427.85,2429.15,2426.2,2428.6,15062
2023-07-19 12:15:00,2427.75,2431.2,2425.25,2428.75,14470
2023-07-19 12:20:00,2428.75,2429,2425,2426.8,21609
2023-07-19 12:25:00,2426.8,2427.15,2423.1,2424.55,17451
2023-07-19 12:30:00,2424.55,2427.65,2423.4,2427.65,7551
2023-07-19 12:35:00,2427.65,2428,2425.1,2427.2,12251
2023-07-19 12:40:00,2426.6,2427.65,2423,2423.55,12208
2023-07-19 12:45:00,2423.4,2425.85,2422,2424.9,10159
2023-07-19 12:50:00,2424.9,2427.1,2424.6,2426.55,7056
2023-07-19 12:55:00,2426.1,2426.45,2421.3,2422,19847
2023-07-19 13:00:00,2421.35,2424.8,2421.35,2423.15,10203
2023-07-19 13:05:00,2422.75,2424.5,2422,2423.75,10506
2023-07-19 13:10:00,2423.85,2425.75,2423,2424.2,8108
2023-07-19 13:15:00,2424.2,2425,2422.05,2423.25,12375
2023-07-19 13:20:00,2424.05,2424.3,2422,2424.25,7815
2023-07-19 13:25:00,2424.95,2425.85,2423.25,2424.05,7275
2023-07-19 13:30:00,2424.05,2427.6,2424,2427.5,10049
2023-07-19 13:35:00,2427.5,2429.35,2427,2427.4,12905
2023-07-19 13:40:00,2427.6,2429.9,2427.5,2428.5,10089
2023-07-19 13:45:00,2428.7,2429,2425.4,2428,10978
2023-07-19 13:50:00,2428,2428.6,2425.25,2428,7554
2023-07-19 13:55:00,2428.1,2428.6,2426.7,2427.75,6472
2023-07-19 14:00:00,2427.6,2431.6,2427.5,2427.75,22000
2023-07-19 14:05:00,2427.75,2429.7,2427.2,2429.15,6565
2023-07-19 14:10:00,2429.5,2430.85,2427.5,2428.25,11944
2023-07-19 14:15:00,2427.6,2429,2427.5,2429,5624
2023-07-19 14:20:00,2428.85,2430.3,2425.45,2425.45,14404
2023-07-19 14:25:00,2425.45,2427.95,2424,2425.15,11491
2023-07-19 14:30:00,2424.1,2425.25,2422.5,2424.05,6861
2023-07-19 14:35:00,2424.1,2425.9,2421.5,2421.5,14418
2023-07-19 14:40:00,2421.5,2424,2421.45,2423.75,7670
2023-07-19 14:45:00,2423.75,2424.7,2423.1,2424.5,5899
2023-07-19 14:50:00,2424.5,2425,2422.75,2422.75,6605
2023-07-19 14:55:00,2423,2424.5,2422.5,2424,6625
2023-07-19 15:00:00,2424,2426.95,2423.9,2424.65,14586
2023-07-19 15:05:00,2424.05,2428,2424,2426,24113
2023-07-19 15:10:00,2427.45,2427.45,2423,2424.1,23251
2023-07-19 15:15:00,2424.85,2426.6,2423,2423,40030
2023-07-19 15:20:00,2423,2423.95,2420.1,2421.9,49440
2023-07-19 15:25:00,2422,2423.95,2421.1,2422.4,26801
2023-07-20 09:15:00,2428.95,2429,2415.1,2424.4,80940
2023-07-20 09:20:00,2424.25,2426.9,2420,2426,62921
2023-07-20 09:25:00,2426.9,2426.9,2420.8,2426.5,33987
2023-07-20 09:30:00,2425.5,2426.55,2421.1,2422.1,19264
2023-07-20 09:35:00,2422,2423,2417,2419.5,32354
2023-07-20 09:40:00,2419.95,2420.45,2400,2406.1,106586
2023-07-20 09:45:00,2406.05,2411.35,2402,2404.1,51363
2023-07-20 09:50:00,2404.9,2406,2401.6,2404.9,33035
2023-07-20 09:55:00,2406.95,2413,2405,2405.95,35273
2023-07-20 10:00:00,2404.75,2416.6,2403.95,2408.3,44412
2023-07-20 10:05:00,2408.3,2410,2404,2409,24072
2023-07-20 10:10:00,2409,2411.55,2408.2,2409.2,9487
2023-07-20 10:15:00,2410,2413.45,2408.4,2413,12196
2023-07-20 10:20:00,2413,2414.8,2410,2414.3,13722
2023-07-20 10:25:00,2414,2414.4,2410.15,2410.4,14137
2023-07-20 10:30:00,2411,2415.8,2410.7,2415.6,24344
2023-07-20 10:35:00,2415.6,2421,2415.15,2416,23407
2023-07-20 10:40:00,2416,2416.95,2414,2416.35,10423
2023-07-20 10:45:00,2416.5,2416.5,2409.05,2412.3,14810
2023-07-20 10:50:00,2412.3,2413,2409,2412.45,10750
2023-07-20 10:55:00,2412.7,2416.9,2412.5,2415.25,12592
2023-07-20 11:00:00,2415.2,2416.1,2413.05,2414.25,8356
2023-07-20 11:05:00,2414.5,2415,2412.05,2414.75,6970
2023-07-20 11:10:00,2414.75,2414.75,2410,2413.65,6146
2023-07-20 11:15:00,2414.45,2414.55,2411.45,2413.75,6927
2023-07-20 11:20:00,2413.75,2417,2413.15,2416.75,12294
2023-07-20 11:25:00,2417,2423,2416,2422,33205
2023-07-20 11:30:00,2422.4,2426.5,2420,2425.7,42240
2023-07-20 11:35:00,2425.95,2426.5,2421.95,2422.35,15771
2023-07-20 11:40:00,2422.3,2426.5,2421,2424.55,20267
2023-07-20 11:45:00,2425.65,2428,2424.55,2426,20452
2023-07-20 11:50:00,2426,2427.15,2422.2,2426.4,25121
2023-07-20 11:55:00,2426.75,2427.25,2424.15,2424.2,15494
2023-07-20 12:00:00,2424.2,2426,2421.25,2424.55,21478
2023-07-20 12:05:00,2424.65,2427,2422.7,2424.95,15973
2023-07-20 12:10:00,2425.45,2429.5,2424.95,2429.5,19415
2023-07-20 12:15:00,2430,2431,2426.05,2427.35,23927
2023-07-20 12:20:00,2427.8,2428.4,2426.6,2427.8,8653
2023-07-20 12:25:00,2427.8,2428.05,2427,2427.65,8528
2023-07-20 12:30:00,2428,2429.05,2427.8,2429.05,7358
2023-07-20 12:35:00,2429.2,2433.9,2429.05,2431.05,35492
2023-07-20 12:40:00,2431.7,2431.95,2425.75,2427.55,34093
2023-07-20 12:45:00,2427.25,2429,2427.05,2428.2,9568
2023-07-20 12:50:00,2428.8,2429.25,2427.7,2428.1,9788
2023-07-20 12:55:00,2428.1,2429.95,2425.5,2425.65,15737
2023-07-20 13:00:00,2425.65,2427.3,2423.3,2426.7,15279
2023-07-20 13:05:00,2426.8,2429.7,2426.15,2429.1,11354
2023-07-20 13:10:00,2429.1,2430.85,2428.25,2428.5,11957
2023-07-20 13:15:00,2428.5,2429.5,2426.25,2426.6,6899
2023-07-20 13:20:00,2426.7,2428.45,2425.55,2426.35,14744
2023-07-20 13:25:00,2426.35,2429.4,2425.5,2429,8914
2023-07-20 13:30:00,2429.4,2430.1,2427.6,2429,11388
2023-07-20 13:35:00,2429,2429.45,2418.3,2418.3,26310
2023-07-20 13:40:00,2419.35,2421.75,2418,2421,21053
2023-07-20 13:45:00,2420.45,2422,2418.05,2418.7,15390
2023-07-20 13:50:00,2419.4,2420,2417,2417.25,15778
2023-07-20 13:55:00,2418,2418.95,2415.3,2418.9,12936
2023-07-20 14:00:00,2418.85,2422.6,2417.65,2421.6,13929
2023-07-20 14:05:00,2421.55,2426.05,2419,2424.5,15670
2023-07-20 14:10:00,2424.75,2428.55,2424.75,2426.45,13860
2023-07-20 14:15:00,2426.5,2427,2422.2,2425.6,11849
2023-07-20 14:20:00,2425.6,2427.1,2425,2425.75,6677
2023-07-20 14:25:00,2425.75,2430.8,2424,2424.45,27785
2023-07-20 14:30:00,2425.5,2427.3,2423.15,2423.5,9804
2023-07-20 14:35:00,2423.85,2427,2423.5,2424,6278
2023-07-20 14:40:00,2424,2424.9,2420.65,2421.6,14025
2023-07-20 14:45:00,2422,2424.55,2419.15,2420.95,12420
2023-07-20 14:50:00,2422,2424.1,2420.1,2422.85,8959
2023-07-20 14:55:00,2422,2424.25,2421.7,2422.6,9363
2023-07-20 15:00:00,2422.6,2424,2421,2421.5,8874
2023-07-20 15:05:00,2421.5,2421.65,2418,2419.6,23649
2023-07-20 15:10:00,2421.45,2421.45,2418.5,2420,14420
2023-07-20 15:15:00,2419.3,2422,2419,2419.5,34134
2023-07-20 15:20:00,2419,2420.95,2417.05,2419.05,42849
2023-07-20 15:25:00,2419.85,2420.5,2417.1,2418,21223
2023-07-21 09:15:00,2410,2418.3,2397.95,2411.65,72612
2023-07-21 09:20:00,2411.7,2418.8,2409.05,2417.35,40071
2023-07-21 09:25:00,2417.35,2422.95,2415.2,2421,51421
2023-07-21 09:30:00,2421,2429.9,2420.5,2427,51196
2023-07-21 09:35:00,2426.15,2429.45,2423.8,2424.6,37462
2023-07-21 09:40:00,2423.95,2429.2,2422.2,2428.45,31940
2023-07-21 09:45:00,2428.3,2440.95,2428.3,2438.4,85365
2023-07-21 09:50:00,2437.85,2439.25,2427.8,2430.75,70376
2023-07-21 09:55:00,2430.45,2435,2429.3,2434.25,74258
2023-07-21 10:00:00,2434.5,2435.15,2432.55,2432.85,12254
2023-07-21 10:05:00,2432.85,2434.6,2429.05,2431.4,15820
2023-07-21 10:10:00,2431.4,2432,2427,2427,15708
2023-07-21 10:15:00,2427,2434,2426,2434,31218
2023-07-21 10:20:00,2433.65,2434.5,2431.95,2434.5,14464
2023-07-21 10:25:00,2434.5,2438.65,2434.5,2438,42259
2023-07-21 10:30:00,2437.65,2440,2434,2435.5,26135
2023-07-21 10:35:00,2435.15,2438.5,2433.25,2436.45,15189
2023-07-21 10:40:00,2436.45,2444.9,2436.3,2444.15,58618
2023-07-21 10:45:00,2444.9,2456.45,2444.2,2445,138864
2023-07-21 10:50:00,2445.5,2450,2443,2445.45,55168
2023-07-21 10:55:00,2445,2445.3,2437.1,2442.05,116015
2023-07-21 11:00:00,2442.6,2447.3,2441.8,2443.25,24792
2023-07-21 11:05:00,2443.05,2444.4,2437.7,2439.3,15534
2023-07-21 11:10:00,2439.25,2447,2439,2447,23528
2023-07-21 11:15:00,2446.85,2450,2446.2,2446.95,46891
2023-07-21 11:20:00,2446.4,2449.8,2443.85,2447.4,20875
2023-07-21 11:25:00,2448,2449.25,2444.65,2446.95,22373
2023-07-21 11:30:00,2447.95,2448.4,2444.5,2448.15,23647
2023-07-21 11:35:00,2448.15,2450,2445.8,2447.9,20131
2023-07-21 11:40:00,2448,2449,2447.5,2448,11073
2023-07-21 11:45:00,2448.95,2448.95,2442.4,2447.6,18795
2023-07-21 11:50:00,2446.85,2452,2445.6,2445.8,54154
2023-07-21 11:55:00,2446,2447.2,2444.55,2447.2,14188
2023-07-21 12:00:00,2447,2447.35,2442.4,2444,13946
2023-07-21 12:05:00,2444.25,2447.2,2443.6,2446.05,11841
2023-07-21 12:10:00,2446,2449.45,2445,2446,13247
2023-07-21 12:15:00,2445.25,2448.45,2445,2448.45,8195
2023-07-21 12:20:00,2448,2448.45,2446.6,2447.15,7456
2023-07-21 12:25:00,2446.95,2447.05,2435,2436.2,44052
2023-07-21 12:30:00,2436.3,2442.55,2436,2442,15192
2023-07-21 12:35:00,2442.5,2442.55,2438.5,2438.65,16754
2023-07-21 12:40:00,2438.15,2439.65,2431.35,2432.6,30057
2023-07-21 12:45:00,2432.6,2433.2,2415.65,2425,137291
2023-07-21 12:50:00,2424.4,2430.45,2424.1,2429,26488
2023-07-21 12:55:00,2429,2431.6,2425,2427.5,23917
2023-07-21 13:00:00,2427.5,2431.7,2426.65,2431.15,13890
2023-07-21 13:05:00,2431.2,2432,2428,2430.55,13902
2023-07-21 13:10:00,2430.65,2433,2430,2431,13978
2023-07-21 13:15:00,2431.45,2435,2431.05,2434.9,14867
2023-07-21 13:20:00,2434.7,2437.45,2432.35,2437.15,17651
2023-07-21 13:25:00,2437.1,2437.7,2433.8,2435.95,14062
2023-07-21 13:30:00,2435.95,2437,2431.85,2434.15,9977
2023-07-21 13:35:00,2434.25,2435,2430.05,2431.35,12229
2023-07-21 13:40:00,2431.35,2433.55,2430.5,2430.9,9379
2023-07-21 13:45:00,2430.95,2437.05,2430.95,2436.95,13591
2023-07-21 13:50:00,2436.35,2439.85,2436.05,2438.9,14753
2023-07-21 13:55:00,2439.65,2441.65,2436,2436.55,22989
2023-07-21 14:00:00,2437.1,2437.55,2429,2430,29310
2023-07-21 14:05:00,2429.2,2430.5,2428.5,2429.5,13305
2023-07-21 14:10:00,2430,2430,2427,2428.6,9277
2023-07-21 14:15:00,2428.1,2428.75,2425,2426.25,14184
2023-07-21 14:20:00,2425.25,2426.25,2422,2422.1,28002
2023-07-21 14:25:00,2422.05,2425.4,2420.05,2424.75,20556
2023-07-21 14:30:00,2424,2425,2422.1,2424,10535
2023-07-21 14:35:00,2424,2427.65,2423,2426.4,11279
2023-07-21 14:40:00,2426.45,2427.35,2422.5,2423,17671
2023-07-21 14:45:00,2423.95,2424.75,2422,2423,12757
2023-07-21 14:50:00,2423,2423.15,2420,2420,15299
2023-07-21 14:55:00,2420,2422,2416,2416.75,27216
2023-07-21 15:00:00,2417,2420,2416.05,2418,21818
2023-07-21 15:05:00,2418,2418,2409,2414.95,61623
2023-07-21 15:10:00,2416.8,2417.35,2414.75,2416.5,15945
2023-07-21 15:15:00,2416.5,2419.7,2415.75,2418.55,30861
2023-07-21 15:20:00,2418.5,2420,2416.55,2418.95,40768
2023-07-21 15:25:00,2418.9,2420,2416,2420,25017
2023-07-24 09:15:00,2430,2430,2418.15,2425,64738
2023-07-24 09:20:00,2424.45,2427.05,2412.05,2422.2,54655
2023-07-24 09:25:00,2420.8,2424.7,2418.2,2420.35,28494
2023-07-24 09:30:00,2421,2422.35,2416.25,2419.4,16150
2023-07-24 09:35:00,2418.25,2419.5,2414,2418.1,22954
2023-07-24 09:40:00,2418.1,2421.95,2416.2,2417.85,16779
2023-07-24 09:45:00,2417.6,2419,2416,2418.9,8359
2023-07-24 09:50:00,2419,2422.8,2418.2,2420.9,10856
2023-07-24 09:55:00,2420.2,2424,2420.1,2424,10649
2023-07-24 10:00:00,2424,2433.5,2423.85,2430.2,48300
2023-07-24 10:05:00,2429.5,2435,2427.8,2428,27055
2023-07-24 10:10:00,2428.5,2430.2,2425,2429.1,17799
2023-07-24 10:15:00,2429.1,2429.65,2422.85,2423,12180
2023-07-24 10:20:00,2423.7,2424.9,2422.2,2424.5,5428
2023-07-24 10:25:00,2424.05,2424.75,2421.3,2421.7,8968
2023-07-24 10:30:00,2423,2425.2,2419,2419.1,16793
2023-07-24 10:35:00,2419.75,2421.3,2419.1,2420.25,6766
2023-07-24 10:40:00,2421.25,2424,2420.15,2422.75,6399
2023-07-24 10:45:00,2422.65,2422.65,2419,2419.4,8837
2023-07-24 10:50:00,2419.95,2428,2419.2,2427.95,13922
2023-07-24 10:55:00,2427.25,2428,2421.75,2424.15,7575
2023-07-24 11:00:00,2424.2,2426,2423,2425.75,4445
2023-07-24 11:05:00,2425,2427.25,2424,2426.4,3415
2023-07-24 11:10:00,2427.25,2431.1,2426.75,2428.2,17178
2023-07-24 11:15:00,2428.9,2431,2427.25,2428.9,12904
2023-07-24 11:20:00,2428.9,2431.9,2428.05,2430.35,8587
2023-07-24 11:25:00,2430.35,2432,2425.75,2427,13826
2023-07-24 11:30:00,2427,2429.35,2425.2,2427,7606
2023-07-24 11:35:00,2427.55,2429.95,2425.3,2425.3,5404
2023-07-24 11:40:00,2425.2,2428.25,2422.05,2425.05,9252
2023-07-24 11:45:00,2424.1,2425.65,2422.8,2423.5,4323
2023-07-24 11:50:00,2423.5,2425,2421,2421.05,7800
2023-07-24 11:55:00,2421.05,2423.5,2419,2419.85,20804
2023-07-24 12:00:00,2419.2,2423,2419.05,2422.95,5244
2023-07-24 12:05:00,2422.95,2423,2420,2422.75,5771
2023-07-24 12:10:00,2422.85,2427.3,2422,2426.4,8435
2023-07-24 12:15:00,2427,2427.65,2422.65,2423.8,4301
2023-07-24 12:20:00,2424.65,2426.4,2422.6,2423.3,5362
2023-07-24 12:25:00,2422.85,2424.5,2422.55,2424.1,2951
2023-07-24 12:30:00,2424.25,2425.8,2422.7,2425.25,3867
2023-07-24 12:35:00,2425.25,2428,2423.75,2425.6,7270
2023-07-24 12:40:00,2426.75,2429.7,2424.65,2426.85,8251
2023-07-24 12:45:00,2426.6,2431.3,2426.6,2429.1,31838
2023-07-24 12:50:00,2429.1,2431,2425.75,2427.7,7768
2023-07-24 12:55:00,2428.5,2430.9,2426.35,2430.9,7278
2023-07-24 13:00:00,2430.1,2430.1,2425.55,2425.9,5827
2023-07-24 13:05:00,2425.55,2426.55,2424,2425.7,5560
2023-07-24 13:10:00,2425.65,2427.55,2424.1,2425.35,6665
2023-07-24 13:15:00,2424.5,2427,2424.1,2425,5580
2023-07-24 13:20:00,2424.8,2426.5,2424.6,2425.65,5411
2023-07-24 13:25:00,2425.3,2426.75,2424.65,2424.65,3788
2023-07-24 13:30:00,2424.7,2425.95,2424,2425.85,6736
2023-07-24 13:35:00,2425.85,2427,2424.4,2426,6481
2023-07-24 13:40:00,2426,2426.9,2424.7,2425.8,2047
2023-07-24 13:45:00,2425.75,2426.5,2425,2425.45,3633
2023-07-24 13:50:00,2425.45,2430.65,2425.45,2428.85,21140
2023-07-24 13:55:00,2429.05,2435,2428.45,2434.8,50911
2023-07-24 14:00:00,2435,2439,2431,2431.5,38996
2023-07-24 14:05:00,2431.5,2433.05,2424.95,2424.95,19874
2023-07-24 14:10:00,2426.2,2431.85,2426.2,2427.95,7554
2023-07-24 14:15:00,2427.05,2431.7,2425.05,2428.85,12940
2023-07-24 14:20:00,2428.85,2430.75,2428.2,2429.55,5571
2023-07-24 14:25:00,2429,2430,2428,2429.35,5599
2023-07-24 14:30:00,2430,2432,2429.1,2429.6,11779
2023-07-24 14:35:00,2429.9,2430.95,2426.75,2428.85,9031
2023-07-24 14:40:00,2428.85,2431,2428.05,2429.3,11880
2023-07-24 14:45:00,2429.55,2429.9,2424.6,2425.35,16822
2023-07-24 14:50:00,2425.05,2427.85,2424,2426.05,10922
2023-07-24 14:55:00,2426.95,2427.85,2424.5,2424.5,13392
2023-07-24 15:00:00,2424.7,2426,2418.5,2418.8,43869
2023-07-24 15:05:00,2418.5,2421.75,2416.3,2420.85,36198
2023-07-24 15:10:00,2420.7,2420.7,2416,2416,34441
2023-07-24 15:15:00,2416,2418,2415.6,2416.6,26712
2023-07-24 15:20:00,2416.6,2418.25,2415,2417.9,33242
2023-07-24 15:25:00,2417.1,2419,2415.25,2416,18732
2023-07-25 09:15:00,2428,2429,2420.3,2426.9,44796
2023-07-25 09:20:00,2426.6,2430.5,2425.2,2429.15,28424
2023-07-25 09:25:00,2429.15,2430,2422.75,2424.2,17410
2023-07-25 09:30:00,2424.2,2428.6,2424,2425.9,21610
2023-07-25 09:35:00,2426,2428.55,2422.25,2426.3,15277
2023-07-25 09:40:00,2426.6,2435.95,2425.05,2431,50290
2023-07-25 09:45:00,2430.05,2433.65,2427.25,2429.2,38591
2023-07-25 09:50:00,2428.8,2431.35,2424.65,2429.55,22394
2023-07-25 09:55:00,2430.8,2434.3,2428.7,2428.7,27743
2023-07-25 10:00:00,2428.7,2433.95,2427.25,2432.45,60243
2023-07-25 10:05:00,2432.45,2434.8,2428.2,2430,23528
2023-07-25 10:10:00,2429.05,2437.15,2428.9,2431.9,84867
2023-07-25 10:15:00,2432.5,2441.95,2431.9,2437,69058
2023-07-25 10:20:00,2436.35,2439.5,2433.5,2434.9,53862
2023-07-25 10:25:00,2435.1,2435.1,2427.05,2430,29186
2023-07-25 10:30:00,2432,2432,2427.4,2429.1,14924
2023-07-25 10:35:00,2429.1,2431,2427.5,2428,9472
2023-07-25 10:40:00,2428,2429.05,2425,2428.75,17792
2023-07-25 10:45:00,2428.1,2428.95,2425.35,2427,11567
2023-07-25 10:50:00,2427.05,2428,2425.2,2426.65,6636
2023-07-25 10:55:00,2426,2427.4,2422,2422,21583
2023-07-25 11:00:00,2422.8,2424.7,2421.1,2422,16971
2023-07-25 11:05:00,2422.7,2424.85,2418,2424.5,40361
2023-07-25 11:10:00,2424,2425,2422.05,2423.05,7640
2023-07-25 11:15:00,2423.05,2426,2421.6,2425.3,8512
2023-07-25 11:20:00,2425,2427.5,2424.05,2427.35,8983
2023-07-25 11:25:00,2426.45,2427.5,2425.05,2425.65,3908
2023-07-25 11:30:00,2425.65,2426.9,2423.15,2425,5401
2023-07-25 11:35:00,2425.55,2426.8,2425,2425.05,2391
2023-07-25 11:40:00,2425.1,2426.15,2423.8,2424.75,4025
2023-07-25 11:45:00,2423.8,2425.65,2422.3,2423.9,5649
2023-07-25 11:50:00,2424.2,2427.25,2423.85,2425,6639
2023-07-25 11:55:00,2425.25,2427,2424.2,2425.55,3240
2023-07-25 12:00:00,2424.9,2426,2424,2424.8,3114
2023-07-25 12:05:00,2424.8,2424.8,2422.95,2424.8,7523
2023-07-25 12:10:00,2424,2426.8,2423.5,2426.1,4801
2023-07-25 12:15:00,2426,2427.9,2425,2426.5,5090
2023-07-25 12:20:00,2426,2427.25,2425.1,2426.95,2498
2023-07-25 12:25:00,2426.95,2427,2425.25,2427,4853
2023-07-25 12:30:00,2426.05,2429,2426.05,2428.25,8206
2023-07-25 12:35:00,2429,2429,2426.65,2428,5312
2023-07-25 12:40:00,2427.8,2428.8,2426.7,2427.8,5576
2023-07-25 12:45:00,2427.8,2429.45,2427.05,2429.4,7421
2023-07-25 12:50:00,2429.4,2429.85,2428.6,2429.85,4297
2023-07-25 12:55:00,2430,2431.9,2424.6,2426.15,24943
2023-07-25 13:00:00,2426.15,2429.2,2424.65,2427.55,8253
2023-07-25 13:05:00,2427.9,2430,2426.9,2428.55,7926
2023-07-25 13:10:00,2428.55,2429.5,2425,2425.5,3895
2023-07-25 13:15:00,2426.9,2427,2423.6,2426.2,7397
2023-07-25 13:20:00,2425,2426.8,2422.25,2422.65,7215
2023-07-25 13:25:00,2422.6,2422.6,2420,2420.8,22492
2023-07-25 13:30:00,2420.15,2421.55,2418,2419.6,29168
2023-07-25 13:35:00,2419.2,2422.2,2416.1,2420.95,24323
2023-07-25 13:40:00,2421.95,2422.85,2420,2422.85,6219
2023-07-25 13:45:00,2422.85,2424.05,2421.2,2423.2,6030
2023-07-25 13:50:00,2423.25,2424.85,2421,2423.4,28261
2023-07-25 13:55:00,2424.15,2426,2422.85,2423.75,8187
2023-07-25 14:00:00,2422.8,2425,2421.7,2423,14113
2023-07-25 14:05:00,2422.65,2424.05,2421,2422,6270
2023-07-25 14:10:00,2422,2426,2420.2,2425,18669
2023-07-25 14:15:00,2425,2425.95,2422.6,2423.55,18486
2023-07-25 14:20:00,2424.35,2425,2423.5,2423.55,4076
2023-07-25 14:25:00,2423.55,2424.9,2422,2422.15,6240
2023-07-25 14:30:00,2422.5,2424.95,2421.15,2424,9101
2023-07-25 14:35:00,2424,2430,2422.75,2429.85,28209
2023-07-25 14:40:00,2429.45,2441,2426.25,2440.9,180759
2023-07-25 14:45:00,2441.05,2442.95,2431.1,2440.75,118696
2023-07-25 14:50:00,2440.7,2459.75,2437.05,2457.5,374908
2023-07-25 14:55:00,2457,2458,2446.45,2451.5,196947
2023-07-25 15:00:00,2452.45,2460,2447.35,2459.4,124195
2023-07-25 15:05:00,2459.4,2478.95,2458.45,2467.7,338064
2023-07-25 15:10:00,2468.2,2476.55,2466.6,2472,172632
2023-07-25 15:15:00,2471.6,2472,2458,2464,133754
2023-07-25 15:20:00,2463,2469.6,2460.45,2468.95,115074
2023-07-25 15:25:00,2467.9,2469.05,2463,2465.1,124100
2023-07-26 09:15:00,2472.45,2472.45,2446.35,2457.35,176908
2023-07-26 09:20:00,2456.7,2465.45,2450.7,2465,70919
2023-07-26 09:25:00,2465,2487.85,2462.2,2487,172977
2023-07-26 09:30:00,2487,2487,2468.4,2472,117100
2023-07-26 09:35:00,2470.9,2476.35,2467.35,2474,61688
2023-07-26 09:40:00,2473,2481.05,2471.3,2480,107616
2023-07-26 09:45:00,2480,2496.75,2478,2490.15,141649
2023-07-26 09:50:00,2491.45,2500.65,2485.65,2496,237650
2023-07-26 09:55:00,2495.1,2500.75,2486.75,2491.95,84847
2023-07-26 10:00:00,2490.65,2500,2489,2489.1,126386
2023-07-26 10:05:00,2489.1,2493,2481.7,2484.9,52369
2023-07-26 10:10:00,2484.9,2490,2477.65,2487.55,56652
2023-07-26 10:15:00,2488,2488,2482.55,2483,16695
2023-07-26 10:20:00,2483.95,2485,2481.5,2484.55,12856
2023-07-26 10:25:00,2484.55,2485,2480.9,2481.95,17462
2023-07-26 10:30:00,2482.9,2484,2477,2477.5,87570
2023-07-26 10:35:00,2477.3,2482,2475,2479.25,31630
2023-07-26 10:40:00,2480,2488,2478,2483.15,48086
2023-07-26 10:45:00,2484,2485,2482.65,2483.5,25705
2023-07-26 10:50:00,2483.55,2487,2483.55,2486.95,37279
2023-07-26 10:55:00,2486.9,2494,2486.5,2491.2,75176
2023-07-26 11:00:00,2491,2494,2489,2493.85,58563
2023-07-26 11:05:00,2493.85,2497,2485.5,2492.85,61288
2023-07-26 11:10:00,2493.75,2502,2489,2498.05,111499
2023-07-26 11:15:00,2498.55,2500,2495,2498.1,88895
2023-07-26 11:20:00,2498,2504.5,2495,2503.45,97930
2023-07-26 11:25:00,2502.9,2505.95,2500.05,2501.7,61553
2023-07-26 11:30:00,2500.55,2500.55,2491.5,2492.3,39187
2023-07-26 11:35:00,2491.8,2494.25,2488.35,2493.7,32417
2023-07-26 11:40:00,2493,2493.9,2484,2485.4,33453
2023-07-26 11:45:00,2485.45,2488.6,2485,2487.4,15618
2023-07-26 11:50:00,2488,2490.85,2487.05,2487.15,10940
2023-07-26 11:55:00,2487.3,2491.7,2484.1,2491.4,26283
2023-07-26 12:00:00,2490.25,2493,2488,2492.75,16693
2023-07-26 12:05:00,2492.5,2493.05,2488.3,2488.3,8188
2023-07-26 12:10:00,2488.2,2493.8,2487.65,2491.55,7415
2023-07-26 12:15:00,2491.35,2493.35,2488.3,2489.9,9620
2023-07-26 12:20:00,2490,2491.2,2487.05,2487.7,7331
2023-07-26 12:25:00,2488.2,2492.45,2487.7,2491.35,7973
2023-07-26 12:30:00,2491.95,2493.75,2488.55,2493.1,9913
2023-07-26 12:35:00,2493.05,2493.05,2487.3,2488,14037
2023-07-26 12:40:00,2487.55,2489.35,2482.1,2482.95,25317
2023-07-26 12:45:00,2483.2,2483.55,2476.9,2479.35,38895
2023-07-26 12:50:00,2479.8,2479.8,2470.65,2472,53618
2023-07-26 12:55:00,2472.2,2477.55,2470.55,2477.35,31470
2023-07-26 13:00:00,2477.25,2480.05,2475.55,2479.5,22456
2023-07-26 13:05:00,2479.5,2483.15,2479.5,2481.5,12141
2023-07-26 13:10:00,2481.2,2482.6,2477.4,2479.85,12716
2023-07-26 13:15:00,2479.4,2483.55,2479.4,2482.6,6819
2023-07-26 13:20:00,2482.95,2483.25,2478.1,2479.3,11100
2023-07-26 13:25:00,2479.35,2482.5,2478,2482.2,4137
2023-07-26 13:30:00,2482.25,2482.45,2477.85,2479.7,7883
2023-07-26 13:35:00,2479.45,2481.55,2473.65,2475,10896
2023-07-26 13:40:00,2475,2475.95,2472.5,2472.95,12623
2023-07-26 13:45:00,2473,2475.35,2472.2,2474.65,15233
2023-07-26 13:50:00,2474.65,2475,2469.85,2471,31464
2023-07-26 13:55:00,2470.5,2471,2463.85,2464.5,39283
2023-07-26 14:00:00,2463.9,2469.5,2463.9,2469,18499
2023-07-26 14:05:00,2469,2471.8,2466,2467.35,24091
2023-07-26 14:10:00,2467.35,2467.45,2461,2461.7,18402
2023-07-26 14:15:00,2461.7,2462,2457,2459.5,36560
2023-07-26 14:20:00,2459.45,2467.6,2459.25,2464.6,76876
2023-07-26 14:25:00,2465,2469.85,2462.55,2469.85,25833
2023-07-26 14:30:00,2469.85,2472,2465.8,2468.55,85673
2023-07-26 14:35:00,2468.55,2469.8,2461.3,2462.65,20157
2023-07-26 14:40:00,2462.95,2464.75,2459.1,2463.85,29284
2023-07-26 14:45:00,2464.4,2467.5,2461,2461.1,14099
2023-07-26 14:50:00,2461.6,2461.9,2456.6,2457.05,23313
2023-07-26 14:55:00,2456.4,2459.65,2452.35,2459.35,49424
2023-07-26 15:00:00,2461.7,2462.75,2456,2459.8,58081
2023-07-26 15:05:00,2460,2464.8,2458.65,2463.7,52502
2023-07-26 15:10:00,2464.7,2476.25,2464.05,2474.05,106358
2023-07-26 15:15:00,2474,2474.5,2472,2473,306501
2023-07-26 15:20:00,2473,2478,2472,2474.5,82303
2023-07-26 15:25:00,2475,2475.65,2461.3,2467.05,38394
2023-07-27 09:15:00,2470.75,2485,2470.75,2479.95,94536
2023-07-27 09:20:00,2478.4,2480.2,2474.2,2479.9,37868
2023-07-27 09:25:00,2479.65,2479.8,2462.95,2466.1,61204
2023-07-27 09:30:00,2466,2469.9,2462,2464,45244
2023-07-27 09:35:00,2463.35,2465,2462,2463.9,102080
2023-07-27 09:40:00,2464,2467.2,2463,2467.2,29027
2023-07-27 09:45:00,2466.45,2470.6,2461,2462.4,42195
2023-07-27 09:50:00,2461.8,2462.6,2457,2461.75,36710
2023-07-27 09:55:00,2461,2463.65,2457.4,2458,20674
2023-07-27 10:00:00,2457.35,2462,2453,2461.05,44772
2023-07-27 10:05:00,2461.45,2462,2450.8,2452.35,44756
2023-07-27 10:10:00,2452.65,2454,2449,2450,35478
2023-07-27 10:15:00,2450,2454.9,2449,2450.15,27173
2023-07-27 10:20:00,2451,2453.45,2450.05,2451.85,21142
2023-07-27 10:25:00,2451.05,2458.3,2451.05,2454.25,29418
2023-07-27 10:30:00,2454.85,2460,2454.2,2459,22156
2023-07-27 10:35:00,2458.6,2462.05,2458.05,2461,45861
2023-07-27 10:40:00,2461,2461,2457,2458.15,8455
2023-07-27 10:45:00,2458.2,2460.55,2457.1,2458.45,14700
2023-07-27 10:50:00,2458.4,2460,2458.1,2459.75,10756
2023-07-27 10:55:00,2459,2462,2459,2460,12961
2023-07-27 11:00:00,2459.4,2464,2459,2461.15,12493
2023-07-27 11:05:00,2461.2,2463,2459,2460.9,11150
2023-07-27 11:10:00,2460.85,2466.9,2460.1,2465,21199
2023-07-27 11:15:00,2465.15,2465.35,2462.15,2464.95,12893
2023-07-27 11:20:00,2464.95,2465,2463.05,2463.95,15241
2023-07-27 11:25:00,2463.8,2464.75,2462.4,2463.5,23133
2023-07-27 11:30:00,2463.5,2464,2462.4,2462.6,14541
2023-07-27 11:35:00,2462.4,2463,2462.4,2462.5,6754
2023-07-27 11:40:00,2462.5,2462.8,2459,2460.7,23799
2023-07-27 11:45:00,2460,2464.9,2459.5,2462.45,14717
2023-07-27 11:50:00,2463.85,2463.85,2453,2454,27775
2023-07-27 11:55:00,2453.5,2454.75,2447.1,2449.5,40840
2023-07-27 12:00:00,2449.05,2454.95,2448.5,2453,18563
2023-07-27 12:05:00,2453.1,2454.95,2452,2452.7,8312
2023-07-27 12:10:00,2452.7,2453,2450.25,2450.25,12321
2023-07-27 12:15:00,2450.25,2453,2448.1,2452.95,10693
2023-07-27 12:20:00,2453,2453,2450.95,2452.25,5843
2023-07-27 12:25:00,2453,2453,2450,2450.6,6397
2023-07-27 12:30:00,2450.95,2452,2446.15,2447,14435
2023-07-27 12:35:00,2447.85,2450,2447,2448.55,14774
2023-07-27 12:40:00,2448.7,2450,2448.05,2450,13408
2023-07-27 12:45:00,2450,2450,2448.05,2449.65,6559
2023-07-27 12:50:00,2448.7,2450,2448.1,2448.5,6077
2023-07-27 12:55:00,2448.7,2449.75,2447.3,2449.15,5495
2023-07-27 13:00:00,2449.35,2450,2435.4,2436.65,50436
2023-07-27 13:05:00,2436.5,2437.8,2431,2435,45398
2023-07-27 13:10:00,2435,2442.65,2433.5,2441.9,19838
2023-07-27 13:15:00,2442.65,2445,2438.6,2441,16211
2023-07-27 13:20:00,2441,2441.5,2438,2439.4,9672
2023-07-27 13:25:00,2439.4,2440,2436.5,2436.5,6575
2023-07-27 13:30:00,2436.2,2441,2435.5,2437.15,13844
2023-07-27 13:35:00,2437.1,2438,2435.05,2437,6512
2023-07-27 13:40:00,2437,2437.55,2434.25,2435,8383
2023-07-27 13:45:00,2435,2438.25,2434.55,2437,6734
2023-07-27 13:50:00,2437.3,2437.85,2435.75,2436.7,7188
2023-07-27 13:55:00,2437.75,2437.95,2435.65,2436.3,9796
2023-07-27 14:00:00,2437,2438,2432.1,2433.05,79041
2023-07-27 14:05:00,2432.15,2434,2428.5,2431.05,32709
2023-07-27 14:10:00,2430.6,2432.25,2428.05,2432,11709
2023-07-27 14:15:00,2430.8,2435,2430.55,2434.05,12943
2023-07-27 14:20:00,2434.75,2436,2433,2434.75,12269
2023-07-27 14:25:00,2433.6,2434.65,2429.1,2430,20011
2023-07-27 14:30:00,2430.9,2431,2424,2425.8,34126
2023-07-27 14:35:00,2425.9,2426.7,2417,2420.35,54240
2023-07-27 14:40:00,2419.8,2425,2419.3,2421.2,25330
2023-07-27 14:45:00,2421.05,2422.15,2417.85,2420.3,79303
2023-07-27 14:50:00,2421,2423.9,2419.9,2422.45,45298
2023-07-27 14:55:00,2422.45,2422.85,2415.1,2415.1,35724
2023-07-27 15:00:00,2416,2421.75,2415.55,2420.05,52421
2023-07-27 15:05:00,2420.15,2427,2417,2424.8,59800
2023-07-27 15:10:00,2425.5,2432.35,2423.85,2431.3,70496
2023-07-27 15:15:00,2431.3,2432,2425.2,2429.95,72108
2023-07-27 15:20:00,2429.95,2439.85,2428.4,2439.2,96994
2023-07-27 15:25:00,2439.9,2440,2426.5,2433.6,63221
2023-07-28 09:15:00,2437,2452.7,2431.1,2451.3,100734
2023-07-28 09:20:00,2452,2452,2439.3,2446.35,62447
2023-07-28 09:25:00,2445.05,2446,2435.5,2437.15,46350
2023-07-28 09:30:00,2438.45,2443.95,2434.15,2435.45,36676
2023-07-28 09:35:00,2435.2,2447.45,2431.65,2445.75,32895
2023-07-28 09:40:00,2446,2449.95,2445.7,2448.8,34087
2023-07-28 09:45:00,2448.15,2454,2446,2448.6,28699
2023-07-28 09:50:00,2449.5,2459.3,2449.5,2456.75,61463
2023-07-28 09:55:00,2457.1,2464,2456.8,2461.8,116055
2023-07-28 10:00:00,2462,2470,2458.35,2466.1,89595
2023-07-28 10:05:00,2467.35,2471,2464,2467.45,48598
2023-07-28 10:10:00,2468.9,2470.75,2459.7,2467.7,51358
2023-07-28 10:15:00,2467.55,2481.65,2466.7,2475.2,132805
2023-07-28 10:20:00,2476.05,2476.55,2464.15,2465.8,52520
2023-07-28 10:25:00,2466.05,2471.75,2462.15,2463.5,36890
2023-07-28 10:30:00,2464,2464,2456.95,2460.3,52118
2023-07-28 10:35:00,2460,2463,2459.9,2461.3,17466
2023-07-28 10:40:00,2461.3,2472.75,2460,2469,40631
2023-07-28 10:45:00,2469.85,2473.95,2467.25,2471.1,21040
2023-07-28 10:50:00,2471.05,2472,2465.05,2466.2,13818
2023-07-28 10:55:00,2467.45,2473,2466,2466.05,21278
2023-07-28 11:00:00,2465.95,2475,2465.9,2472,27390
2023-07-28 11:05:00,2471.05,2476.75,2470.75,2473,47252
2023-07-28 11:10:00,2472.2,2474.45,2465.5,2466.2,23282
2023-07-28 11:15:00,2466.2,2467,2456.9,2458,44335
2023-07-28 11:20:00,2458.8,2463.9,2457.85,2462.85,18812
2023-07-28 11:25:00,2463,2463,2458,2459.05,10859
2023-07-28 11:30:00,2459.15,2459.85,2455,2456.1,19578
2023-07-28 11:35:00,2456.5,2458.45,2455,2455.2,9563
2023-07-28 11:40:00,2455.15,2458.5,2452.85,2453.75,14373
2023-07-28 11:45:00,2453.8,2457.2,2453.1,2457.2,6314
2023-07-28 11:50:00,2456.35,2456.9,2451,2452,14335
2023-07-28 11:55:00,2452.95,2457.65,2451.95,2456.85,13394
2023-07-28 12:00:00,2456.4,2456.55,2448,2449,27623
2023-07-28 12:05:00,2449,2449.65,2442.4,2446.8,31164
2023-07-28 12:10:00,2446.8,2448.95,2444.85,2446.5,9866
2023-07-28 12:15:00,2447.4,2448.8,2444,2447.95,8667
2023-07-28 12:20:00,2448,2451.95,2446.25,2446.8,12450
2023-07-28 12:25:00,2447,2453,2445.25,2449.55,9051
2023-07-28 12:30:00,2449.85,2450.6,2446.95,2448.7,9387
2023-07-28 12:35:00,2448.7,2452.05,2447.6,2450.9,5451
2023-07-28 12:40:00,2452,2455,2450.55,2451.9,9587
2023-07-28 12:45:00,2451.9,2454.55,2450.35,2453.5,7736
2023-07-28 12:50:00,2453.6,2454.75,2450,2450.1,7252
2023-07-28 12:55:00,2450.5,2451,2447.15,2449.5,6023
2023-07-28 13:00:00,2449,2459.9,2448.45,2457.65,21538
2023-07-28 13:05:00,2458,2459.05,2456.05,2458.8,9475
2023-07-28 13:10:00,2458.9,2464,2457.45,2462,20142
2023-07-28 13:15:00,2461.85,2464.75,2460,2463.7,9516
2023-07-28 13:20:00,2463,2467,2462.45,2464.65,18087
2023-07-28 13:25:00,2465.8,2475,2464.3,2474,44459
2023-07-28 13:30:00,2473.9,2480,2471.7,2472.7,92008
2023-07-28 13:35:00,2473,2473,2463.4,2465,32615
2023-07-28 13:40:00,2465,2466.95,2459,2462,24866
2023-07-28 13:45:00,2461,2462,2457,2459.2,11971
2023-07-28 13:50:00,2459.2,2463.25,2456,2461.35,14899
2023-07-28 13:55:00,2462.35,2462.4,2458,2459.9,6190
2023-07-28 14:00:00,2459.85,2462,2459.05,2461.75,4481
2023-07-28 14:05:00,2462,2465,2461,2464.9,10441
2023-07-28 14:10:00,2464.9,2466.9,2462.45,2466.15,10881
2023-07-28 14:15:00,2466.2,2466.8,2463.2,2463.75,5086
2023-07-28 14:20:00,2463.15,2469.25,2463.1,2468.25,13682
2023-07-28 14:25:00,2467.3,2475,2467.3,2470,26905
2023-07-28 14:30:00,2469.2,2471,2465,2465,19808
2023-07-28 14:35:00,2465,2468.15,2465,2465.05,7492
2023-07-28 14:40:00,2465.6,2468,2463.35,2464.8,19378
2023-07-28 14:45:00,2464.85,2469.8,2464,2467.7,68112
2023-07-28 14:50:00,2467.7,2468.4,2460.3,2462.2,23579
2023-07-28 14:55:00,2463.15,2467.05,2462,2463.4,29860
2023-07-28 15:00:00,2462.55,2469.6,2462.5,2462.5,55274
2023-07-28 15:05:00,2462.9,2463,2458,2459.05,41009
2023-07-28 15:10:00,2459.75,2463.7,2458.2,2462.75,31846
2023-07-28 15:15:00,2460.65,2468,2460.65,2465.85,63485
2023-07-28 15:20:00,2465.65,2466.25,2460,2461.15,65858
2023-07-28 15:25:00,2460,2461,2457,2459,42891
2023-07-31 09:15:00,2477,2484.9,2468,2479.1,92122
2023-07-31 09:20:00,2480,2482.7,2470.45,2472.6,66493
2023-07-31 09:25:00,2473.95,2483.8,2469.6,2471.95,121859
2023-07-31 09:30:00,2471.05,2474.85,2470.15,2472.1,23745
2023-07-31 09:35:00,2472.1,2478.3,2467,2476.15,102372
2023-07-31 09:40:00,2476,2488,2473.1,2481.35,105618
2023-07-31 09:45:00,2480.6,2481.85,2473.6,2478.7,43619
2023-07-31 09:50:00,2479.5,2487,2476.6,2479.1,159963
2023-07-31 09:55:00,2478,2482,2475,2479,19571
2023-07-31 10:00:00,2480.05,2487,2479.2,2485.35,69587
2023-07-31 10:05:00,2485.35,2490,2484.25,2486.5,72405
2023-07-31 10:10:00,2485.5,2488.05,2481,2488,138044
2023-07-31 10:15:00,2487.9,2496.4,2484,2493.95,85678
2023-07-31 10:20:00,2494,2497.95,2491,2497.5,71687
2023-07-31 10:25:00,2497.25,2500,2495,2499.25,162385
2023-07-31 10:30:00,2499.55,2500,2488.95,2490,50627
2023-07-31 10:35:00,2491.05,2492,2486.7,2488.6,30166
2023-07-31 10:40:00,2488.65,2488.9,2482,2483.9,37036
2023-07-31 10:45:00,2483,2485,2478.4,2484.45,40147
2023-07-31 10:50:00,2482.85,2484.7,2480,2484,19458
2023-07-31 10:55:00,2484,2491.15,2484,2490.05,29334
2023-07-31 11:00:00,2491.1,2492.8,2485.15,2486.6,20290
2023-07-31 11:05:00,2486,2486.95,2481.05,2482.1,14395
2023-07-31 11:10:00,2482.9,2484.7,2479.55,2479.6,29506
2023-07-31 11:15:00,2480,2482.45,2479.25,2480.55,15034
2023-07-31 11:20:00,2480.55,2482,2475.75,2482,22077
2023-07-31 11:25:00,2482,2482.5,2476.55,2478.95,13774
2023-07-31 11:30:00,2478.95,2479.95,2474,2479.3,31764
2023-07-31 11:35:00,2478.5,2479.7,2475,2475.95,8561
2023-07-31 11:40:00,2475.95,2480.1,2475.5,2479.15,6112
2023-07-31 11:45:00,2479.15,2487.1,2479.05,2484.5,29862
2023-07-31 11:50:00,2484.95,2484.95,2480.55,2483.4,5438
2023-07-31 11:55:00,2482.3,2487.6,2482.3,2485.6,11601
2023-07-31 12:00:00,2485.6,2490,2485,2489.3,15101
2023-07-31 12:05:00,2489.1,2489.75,2486,2486,8688
2023-07-31 12:10:00,2487.15,2509.55,2486,2504.6,261039
2023-07-31 12:15:00,2504.4,2517.85,2503.15,2508,169903
2023-07-31 12:20:00,2508,2510,2497.95,2499.95,56072
2023-07-31 12:25:00,2499,2499.3,2493,2496.5,29505
2023-07-31 12:30:00,2496.35,2498.4,2490.5,2495.5,29056
2023-07-31 12:35:00,2495.65,2496.7,2491.6,2493.5,12878
2023-07-31 12:40:00,2494.45,2495.2,2491.05,2494.85,14851
2023-07-31 12:45:00,2493.75,2497.9,2493,2497.2,15742
2023-07-31 12:50:00,2497.45,2498,2496.05,2496.5,7467
2023-07-31 12:55:00,2496.5,2500,2492.85,2496,18689
2023-07-31 13:00:00,2496.95,2497,2493.55,2495.65,8254
2023-07-31 13:05:00,2495.95,2497.25,2493.5,2496.1,9850
2023-07-31 13:10:00,2497,2500,2496,2498,10849
2023-07-31 13:15:00,2497.5,2498.4,2494.45,2494.6,8608
2023-07-31 13:20:00,2494,2500,2494,2496.8,35909
2023-07-31 13:25:00,2497.1,2498.4,2495.05,2495.3,6772
2023-07-31 13:30:00,2495.95,2496.85,2494.5,2496.1,7128
2023-07-31 13:35:00,2495.15,2498.3,2495,2497.45,9138
2023-07-31 13:40:00,2497.7,2502.95,2496.5,2501.5,72891
2023-07-31 13:45:00,2501.5,2507,2498.5,2500,39202
2023-07-31 13:50:00,2500,2500,2496.05,2496.55,11895
2023-07-31 13:55:00,2496.55,2498.45,2491.85,2493.5,28658
2023-07-31 14:00:00,2494.05,2498.7,2493.65,2498.35,12369
2023-07-31 14:05:00,2498.8,2498.85,2493.05,2494.1,6117
2023-07-31 14:10:00,2494.3,2495.95,2492.2,2493.1,9332
2023-07-31 14:15:00,2493.8,2496.15,2493.25,2494.15,8648
2023-07-31 14:20:00,2494.65,2494.65,2488,2491.8,27475
2023-07-31 14:25:00,2491,2496,2491,2496,14271
2023-07-31 14:30:00,2496,2496,2491.6,2492.1,5306
2023-07-31 14:35:00,2492.1,2494,2490,2492.55,6853
2023-07-31 14:40:00,2493.15,2495,2491.05,2494.95,5691
2023-07-31 14:45:00,2494.1,2494.95,2491,2491.5,13742
2023-07-31 14:50:00,2491.5,2494.45,2491.5,2492.55,6801
2023-07-31 14:55:00,2492.85,2494,2492,2493.5,7807
2023-07-31 15:00:00,2493.5,2497.5,2493.45,2496.85,39417
2023-07-31 15:05:00,2495.85,2500,2492.3,2499.9,128299
2023-07-31 15:10:00,2499,2501,2488.15,2489.8,84652
2023-07-31 15:15:00,2488.95,2492.1,2486.55,2489.15,99028
2023-07-31 15:20:00,2489.15,2490.5,2485.05,2488.3,146600
2023-07-31 15:25:00,2489,2493.25,2488,2490.05,84348
2023-08-01 09:15:00,2504.85,2508.35,2492.95,2504.5,91812
2023-08-01 09:20:00,2504.5,2514,2500.95,2507.1,85933
2023-08-01 09:25:00,2507.65,2507.65,2497.05,2498.2,57473
2023-08-01 09:30:00,2499,2503,2495.1,2499.7,33460
2023-08-01 09:35:00,2500.9,2501.65,2495.55,2496.05,19404
2023-08-01 09:40:00,2497.45,2497.95,2486.15,2492.95,68843
2023-08-01 09:45:00,2492.95,2494.05,2486.35,2487.5,46239
2023-08-01 09:50:00,2488,2491.35,2481.25,2484.5,38404
2023-08-01 09:55:00,2484.8,2487.55,2482,2483,18021
2023-08-01 10:00:00,2483.2,2488.55,2481.2,2482.75,24049
2023-08-01 10:05:00,2482.1,2489.65,2482.1,2485.5,17906
2023-08-01 10:10:00,2485.55,2485.75,2478.15,2483,33897
2023-08-01 10:15:00,2483,2484,2479,2482.65,19904
2023-08-01 10:20:00,2483,2483.5,2475,2476.45,19971
2023-08-01 10:25:00,2476.45,2479.1,2474.25,2474.25,28147
2023-08-01 10:30:00,2474,2474.25,2469.35,2471,38342
2023-08-01 10:35:00,2471,2472.5,2468,2469.9,20294
2023-08-01 10:40:00,2470.2,2470.85,2465,2465.2,25990
2023-08-01 10:45:00,2465.15,2466.3,2455.4,2461.65,58145
2023-08-01 10:50:00,2461.05,2464.5,2457,2462,23876
2023-08-01 10:55:00,2462.4,2467.95,2460.35,2467.95,33854
2023-08-01 11:00:00,2467.85,2469.15,2460.25,2462,34361
2023-08-01 11:05:00,2462,2464,2461,2462.25,9747
2023-08-01 11:10:00,2462,2467.6,2458.95,2464.75,21404
2023-08-01 11:15:00,2464.75,2465.5,2462.7,2464.95,5475
2023-08-01 11:20:00,2464.95,2464.95,2461.15,2464,8706
2023-08-01 11:25:00,2464,2466.1,2462.9,2465.15,7899
2023-08-01 11:30:00,2465.95,2467.9,2462,2462.5,14079
2023-08-01 11:35:00,2463,2464.45,2460.4,2464.45,8946
2023-08-01 11:40:00,2464.05,2467,2462.3,2465.15,4377
2023-08-01 11:45:00,2465,2472,2465,2470,14473
2023-08-01 11:50:00,2470.25,2471,2468,2470,9089
2023-08-01 11:55:00,2470,2473,2469.4,2471.25,9096
2023-08-01 12:00:00,2471.75,2471.75,2469,2469,4184
2023-08-01 12:05:00,2469,2469.5,2465.05,2466.55,8237
2023-08-01 12:10:00,2466.55,2470.6,2466.55,2470.4,10553
2023-08-01 12:15:00,2470.5,2470.5,2465.55,2468,5339
2023-08-01 12:20:00,2468.1,2469.45,2466.8,2468.95,4846
2023-08-01 12:25:00,2468.95,2469,2466,2467.25,5407
2023-08-01 12:30:00,2467.25,2467.95,2466,2466.4,5907
2023-08-01 12:35:00,2467,2468.95,2461.25,2461.45,28984
2023-08-01 12:40:00,2461.75,2464.7,2460,2462.95,17899
2023-08-01 12:45:00,2462.5,2464.5,2461.7,2463,6082
2023-08-01 12:50:00,2463,2467.1,2461.95,2463.45,7294
2023-08-01 12:55:00,2462,2465.1,2461.5,2465,6304
2023-08-01 13:00:00,2465,2465.8,2464.05,2465.25,1953
2023-08-01 13:05:00,2464.25,2469.35,2464.15,2469,8127
2023-08-01 13:10:00,2469,2471.7,2466.5,2469.45,8896
2023-08-01 13:15:00,2469.55,2470.95,2468.45,2469.5,6057
2023-08-01 13:20:00,2469.5,2470.95,2468.65,2470.8,7888
2023-08-01 13:25:00,2470.4,2470.8,2468.2,2468.95,4012
2023-08-01 13:30:00,2468.95,2472.95,2468.5,2471.9,18292
2023-08-01 13:35:00,2471.5,2472.5,2470.4,2471.4,11047
2023-08-01 13:40:00,2471,2471,2468.55,2470,4998
2023-08-01 13:45:00,2470.3,2474.85,2468.8,2474,11384
2023-08-01 13:50:00,2474,2476,2473.25,2474.7,19587
2023-08-01 13:55:00,2473.65,2474,2471.3,2472,3742
2023-08-01 14:00:00,2471.9,2473.8,2471.2,2473.2,5980
2023-08-01 14:05:00,2473.2,2477.95,2472.9,2476,12057
2023-08-01 14:10:00,2476,2479,2475.2,2477,10576
2023-08-01 14:15:00,2476.8,2478,2475.6,2475.8,4773
2023-08-01 14:20:00,2475.9,2480.45,2475.55,2480.45,19959
2023-08-01 14:25:00,2481.35,2484,2480,2482.05,19088
2023-08-01 14:30:00,2482.6,2485,2481.25,2482.45,23537
2023-08-01 14:35:00,2482.5,2486,2481.3,2485.75,25375
2023-08-01 14:40:00,2485,2486,2483.3,2483.3,12505
2023-08-01 14:45:00,2483.65,2485.85,2482,2483.7,17033
2023-08-01 14:50:00,2484.05,2485.45,2481.4,2483.2,15244
2023-08-01 14:55:00,2481.8,2484.55,2481.3,2483.7,13686
2023-08-01 15:00:00,2484.95,2488.45,2484,2485.95,24970
2023-08-01 15:05:00,2485.95,2486.05,2478.1,2478.2,31557
2023-08-01 15:10:00,2479.55,2485.75,2478.3,2483,28110
2023-08-01 15:15:00,2482.95,2483.6,2478,2479,46640
2023-08-01 15:20:00,2478.95,2483.3,2476.6,2481.3,55285
2023-08-01 15:25:00,2482,2482,2479.2,2481.9,31008
2023-08-02 09:15:00,2493,2493,2461.2,2479.1,85879
2023-08-02 09:20:00,2480.35,2494.7,2475,2490.75,76702
2023-08-02 09:25:00,2490.05,2500.4,2490.05,2493.5,76497
2023-08-02 09:30:00,2493,2497,2485.05,2491,48176
2023-08-02 09:35:00,2491.85,2504.5,2491.8,2501,107965
2023-08-02 09:40:00,2501,2503,2496,2501,53684
2023-08-02 09:45:00,2501.45,2509.4,2497.3,2508.35,93960
2023-08-02 09:50:00,2508.35,2510,2501,2505,51302
2023-08-02 09:55:00,2504,2504.9,2494.4,2495.25,46297
2023-08-02 10:00:00,2495.25,2497,2490,2490.55,42822
2023-08-02 10:05:00,2490.05,2492,2486.7,2490.85,31418
2023-08-02 10:10:00,2490.8,2491.45,2485.05,2486.9,17271
2023-08-02 10:15:00,2486.85,2490,2485.6,2489,10430
2023-08-02 10:20:00,2489,2494,2487.35,2492.95,19867
2023-08-02 10:25:00,2492.95,2498.8,2490,2495,20316
2023-08-02 10:30:00,2495,2495,2487,2487,17179
2023-08-02 10:35:00,2487.2,2494.45,2486.65,2493.3,12188
2023-08-02 10:40:00,2493.3,2494.8,2488.35,2493.05,27909
2023-08-02 10:45:00,2493,2495.8,2489.8,2495.6,16161
2023-08-02 10:50:00,2495.95,2508,2492.8,2508,63380
2023-08-02 10:55:00,2508.7,2512.7,2500.45,2511.05,133423
2023-08-02 11:00:00,2512,2514,2501,2502.55,124207
2023-08-02 11:05:00,2502.55,2503.75,2492.4,2496,72362
2023-08-02 11:10:00,2495.6,2496,2491,2493.6,39058
2023-08-02 11:15:00,2494,2494,2490.5,2493.8,30318
2023-08-02 11:20:00,2495.25,2503.15,2491.35,2503.15,29393
2023-08-02 11:25:00,2503,2505,2494.85,2495,26007
2023-08-02 11:30:00,2495,2495.8,2486.05,2488.25,43904
2023-08-02 11:35:00,2488,2489,2481,2481,53723
2023-08-02 11:40:00,2481.15,2485,2477,2483.8,41461
2023-08-02 11:45:00,2483.8,2486,2479.5,2486,22813
2023-08-02 11:50:00,2486,2486.9,2483.15,2485.5,8715
2023-08-02 11:55:00,2485,2485.5,2483.5,2484.8,5123
2023-08-02 12:00:00,2484.9,2485,2475.05,2478.95,28021
2023-08-02 12:05:00,2479.35,2485.45,2478,2483.95,15999
2023-08-02 12:10:00,2483.25,2484.8,2481,2481.9,5255
2023-08-02 12:15:00,2481.8,2481.8,2475,2477.1,20118
2023-08-02 12:20:00,2477.1,2481.55,2476,2481.55,10672
2023-08-02 12:25:00,2481.4,2481.95,2476,2476,8471
2023-08-02 12:30:00,2476.25,2481.9,2476.05,2478.25,34791
2023-08-02 12:35:00,2478,2489.25,2478,2486,21494
2023-08-02 12:40:00,2486.1,2489,2486.05,2488.5,19573
2023-08-02 12:45:00,2488,2491.45,2488,2490,15383
2023-08-02 12:50:00,2490,2490.4,2482.85,2484.3,12708
2023-08-02 12:55:00,2484,2485.8,2482.1,2482.1,5507
2023-08-02 13:00:00,2482.1,2484,2478,2478.95,11788
2023-08-02 13:05:00,2478,2482.95,2476.65,2481.7,10785
2023-08-02 13:10:00,2481.7,2486,2481.25,2482,10168
2023-08-02 13:15:00,2482.45,2482.45,2477,2478.95,11180
2023-08-02 13:20:00,2478,2479.95,2472.55,2475.45,29162
2023-08-02 13:25:00,2475,2477.35,2470,2472,37404
2023-08-02 13:30:00,2472,2478,2470.3,2475,20997
2023-08-02 13:35:00,2475.25,2476.8,2471,2473.05,16844
2023-08-02 13:40:00,2473,2473.95,2466.3,2467.75,41878
2023-08-02 13:45:00,2467.15,2473.65,2467,2468.95,15728
2023-08-02 13:50:00,2469,2472.85,2468.8,2472.5,15420
2023-08-02 13:55:00,2472.5,2477.15,2463.4,2465.95,31603
2023-08-02 14:00:00,2465.95,2468.45,2462,2463.3,15206
2023-08-02 14:05:00,2463.25,2466.35,2459,2464,32341
2023-08-02 14:10:00,2464.85,2465.05,2456.3,2458.65,27763
2023-08-02 14:15:00,2458.85,2458.85,2451.1,2451.9,39431
2023-08-02 14:20:00,2451.9,2458.45,2451,2452,28156
2023-08-02 14:25:00,2452.5,2456.95,2452,2456.2,19299
2023-08-02 14:30:00,2456.3,2458,2453,2455.55,15975
2023-08-02 14:35:00,2455.05,2460,2453,2460,19129
2023-08-02 14:40:00,2460,2464.65,2458.25,2462,16272
2023-08-02 14:45:00,2462.45,2463.55,2460,2461.9,8257
2023-08-02 14:50:00,2462.55,2467.85,2462.55,2467.8,14029
2023-08-02 14:55:00,2467.8,2472.9,2467.6,2471.85,28888
2023-08-02 15:00:00,2471,2479,2470,2472.85,40739
2023-08-02 15:05:00,2472.85,2475.9,2470.15,2471,41144
2023-08-02 15:10:00,2473.55,2475,2471.85,2474,21124
2023-08-02 15:15:00,2473.85,2476.6,2472,2473.8,52576
2023-08-02 15:20:00,2473.75,2475,2470,2472.45,46552
2023-08-02 15:25:00,2472.75,2474.35,2469.3,2473.2,30847
2023-08-03 09:15:00,2469.9,2495.75,2462.25,2492.05,125469
2023-08-03 09:20:00,2493,2499,2485.3,2495.75,80986
2023-08-03 09:25:00,2496.65,2502.75,2491.45,2496.35,101920
2023-08-03 09:30:00,2496.05,2502,2484.6,2487.95,77682
2023-08-03 09:35:00,2487.6,2488,2475.2,2476.3,64223
2023-08-03 09:40:00,2476.2,2481.9,2473,2476.9,41821
2023-08-03 09:45:00,2477.5,2483.9,2473,2479.8,30355
2023-08-03 09:50:00,2477.95,2483.95,2477.6,2482.05,21130
2023-08-03 09:55:00,2482,2489.1,2480,2481.6,22889
2023-08-03 10:00:00,2481,2482.7,2477,2482.7,18657
2023-08-03 10:05:00,2483.35,2487,2480.9,2482.6,17964
2023-08-03 10:10:00,2482.6,2495,2482.25,2494.75,34214
2023-08-03 10:15:00,2494.45,2499,2491.75,2492.4,46288
2023-08-03 10:20:00,2493,2496.8,2489,2493.1,27068
2023-08-03 10:25:00,2493.1,2496.1,2488.85,2496.1,16737
2023-08-03 10:30:00,2495.7,2509.55,2495,2505.6,125703
2023-08-03 10:35:00,2506.4,2510,2500,2504.7,82616
2023-08-03 10:40:00,2504.65,2522,2502,2521.45,210402
2023-08-03 10:45:00,2521.6,2543.75,2521.6,2534.35,312976
2023-08-03 10:50:00,2535.05,2539.55,2531.45,2533,201392
2023-08-03 10:55:00,2533.05,2538.25,2526.15,2528.25,97831
2023-08-03 11:00:00,2528.35,2538.35,2528.25,2535.3,131299
2023-08-03 11:05:00,2535.1,2537,2528.5,2529,75880
2023-08-03 11:10:00,2529,2529.8,2516.1,2524.5,80557
2023-08-03 11:15:00,2524,2525.85,2517.1,2519.9,31814
2023-08-03 11:20:00,2519.9,2521.9,2515,2515.6,48092
2023-08-03 11:25:00,2515.6,2528,2511.7,2524.5,72027
2023-08-03 11:30:00,2525,2527.55,2521,2521.15,23285
2023-08-03 11:35:00,2522,2522.95,2520,2520,13988
2023-08-03 11:40:00,2520,2528,2516.75,2526,33759
2023-08-03 11:45:00,2526,2530,2524.05,2524.65,73921
2023-08-03 11:50:00,2525.55,2532,2520.8,2524.55,61135
2023-08-03 11:55:00,2524.55,2524.55,2519.95,2519.95,11240
2023-08-03 12:00:00,2520,2521,2512.45,2514,32824
2023-08-03 12:05:00,2513.1,2521.75,2513.1,2519.1,20423
2023-08-03 12:10:00,2518.1,2519.9,2515.6,2519.8,11633
2023-08-03 12:15:00,2517.75,2519.55,2513,2514.1,28779
2023-08-03 12:20:00,2515,2516,2502.05,2509.4,68320
2023-08-03 12:25:00,2508,2512.45,2505.7,2509.1,24439
2023-08-03 12:30:00,2509.15,2510.8,2506,2507.2,17396
2023-08-03 12:35:00,2507.2,2511,2503,2503,18236
2023-08-03 12:40:00,2503.5,2507,2503.5,2505.9,11893
2023-08-03 12:45:00,2504.55,2505.85,2498.15,2501.5,43328
2023-08-03 12:50:00,2501.5,2504,2500,2500.55,11827
2023-08-03 12:55:00,2500.1,2501,2494.15,2499.2,26666
2023-08-03 13:00:00,2499.3,2499.6,2491.05,2491.05,30211
2023-08-03 13:05:00,2490.95,2500,2490.1,2494.4,26624
2023-08-03 13:10:00,2493.2,2502.5,2491,2499.8,19521
2023-08-03 13:15:00,2500.65,2501.95,2491.6,2493.05,31271
2023-08-03 13:20:00,2493.1,2497.25,2489,2490.6,40901
2023-08-03 13:25:00,2490.1,2493.65,2490,2492.5,13123
2023-08-03 13:30:00,2492.5,2500,2491.55,2497.1,17730
2023-08-03 13:35:00,2497.55,2499.9,2492.8,2497.85,10310
2023-08-03 13:40:00,2497.25,2499.4,2493,2493.95,10636
2023-08-03 13:45:00,2493.4,2494,2486.2,2492.65,34165
2023-08-03 13:50:00,2492.25,2494.25,2491,2493.6,11879
2023-08-03 13:55:00,2493.6,2493.9,2485.85,2485.9,17071
2023-08-03 14:00:00,2485.9,2491.3,2485.25,2488.8,13171
2023-08-03 14:05:00,2489.6,2492.2,2488.2,2489.45,11133
2023-08-03 14:10:00,2489.3,2493.8,2486.3,2492.55,12716
2023-08-03 14:15:00,2492.6,2493.05,2487.6,2490.05,10033
2023-08-03 14:20:00,2490.4,2497.95,2490.3,2494.35,20031
2023-08-03 14:25:00,2494.55,2505.75,2494.1,2505.4,38919
2023-08-03 14:30:00,2504.95,2510,2503.6,2505.8,44799
2023-08-03 14:35:00,2505.8,2514.65,2504.1,2511.2,46178
2023-08-03 14:40:00,2511.25,2511.65,2506,2506,58658
2023-08-03 14:45:00,2506.4,2510,2505.85,2508.65,34758
2023-08-03 14:50:00,2508.75,2509.6,2505.25,2507.45,41851
2023-08-03 14:55:00,2507.45,2521,2498.05,2505.65,182334
2023-08-03 15:00:00,2503.45,2516.45,2502.3,2515.85,120236
2023-08-03 15:05:00,2516.85,2531.15,2514,2529.4,305912
2023-08-03 15:10:00,2529.65,2540,2518.6,2540,182733
2023-08-03 15:15:00,2540,2550,2537,2546,387112
2023-08-03 15:20:00,2545.15,2546.85,2528.8,2535.15,119243
2023-08-03 15:25:00,2535,2535.7,2527.5,2534.5,90836
2023-08-04 09:15:00,2545.3,2555.5,2525.6,2550,372230
2023-08-04 09:20:00,2548.9,2551.85,2538.2,2541,243511
2023-08-04 09:25:00,2540.65,2557.5,2540,2541.9,133057
2023-08-04 09:30:00,2540.55,2550.9,2531.65,2550.05,179823
2023-08-04 09:35:00,2550,2550,2518.95,2520.5,145334
2023-08-04 09:40:00,2518.9,2522.4,2502.05,2507.7,125189
2023-08-04 09:45:00,2508,2513.4,2504.4,2507.6,57438
2023-08-04 09:50:00,2508.3,2531,2506,2530.85,166239
2023-08-04 09:55:00,2531,2539.3,2527.45,2535.35,99676
2023-08-04 10:00:00,2535.25,2545,2535.25,2544.05,84858
2023-08-04 10:05:00,2544,2550,2538.1,2543.35,90328
2023-08-04 10:10:00,2543.5,2548,2539,2546,68981
2023-08-04 10:15:00,2547,2548,2539,2540.7,51071
2023-08-04 10:20:00,2540.7,2542.85,2536,2536.1,15515
2023-08-04 10:25:00,2536,2539.95,2534,2538.7,19750
2023-08-04 10:30:00,2538.7,2542.4,2532.5,2534.9,28947
2023-08-04 10:35:00,2534.6,2535.6,2530.35,2533.95,20618
2023-08-04 10:40:00,2533.35,2534.8,2528,2531,23009
2023-08-04 10:45:00,2531,2531,2526,2527.45,20871
2023-08-04 10:50:00,2528.3,2532,2526.95,2529.05,13543
2023-08-04 10:55:00,2528,2530.8,2524,2526,14660
2023-08-04 11:00:00,2527,2531.7,2523,2531,16224
2023-08-04 11:05:00,2531.75,2534.5,2528.4,2530,11719
2023-08-04 11:10:00,2530,2531.55,2526,2526,7499
2023-08-04 11:15:00,2526.7,2529,2525,2527.5,43768
2023-08-04 11:20:00,2527.5,2527.5,2521,2521.05,20101
2023-08-04 11:25:00,2521.6,2522.65,2516.55,2519.2,76061
2023-08-04 11:30:00,2519.75,2523.95,2518.3,2522.1,12184
2023-08-04 11:35:00,2523.25,2523.25,2521.2,2522,20257
2023-08-04 11:40:00,2521.3,2529.85,2520.8,2528.8,7531
2023-08-04 11:45:00,2529.7,2532.5,2529,2529.15,14886
2023-08-04 11:50:00,2530,2530.95,2527.5,2528,7681
2023-08-04 11:55:00,2528.1,2530.95,2526.6,2529.2,7921
2023-08-04 12:00:00,2530.5,2530.75,2527,2527.5,6678
2023-08-04 12:05:00,2527.7,2529.75,2525,2528.55,7857
2023-08-04 12:10:00,2530.95,2535,2530.85,2532,18219
2023-08-04 12:15:00,2532.5,2535,2531.4,2534.95,9778
2023-08-04 12:20:00,2535,2539.9,2533.1,2538,36324
2023-08-04 12:25:00,2538.2,2538.2,2535.05,2536.6,9547
2023-08-04 12:30:00,2536.6,2542.5,2535.45,2536.85,34858
2023-08-04 12:35:00,2538,2538.25,2533,2533.1,10004
2023-08-04 12:40:00,2533.95,2535.8,2530.15,2530.55,9293
2023-08-04 12:45:00,2531.05,2538.6,2530.2,2533.45,11287
2023-08-04 12:50:00,2533.5,2537.35,2531.25,2533.45,6516
2023-08-04 12:55:00,2533.45,2536,2531.75,2536,8184
2023-08-04 13:00:00,2535.5,2539.9,2535.05,2536.65,16542
2023-08-04 13:05:00,2537.4,2538,2534,2534.75,6857
2023-08-04 13:10:00,2534.75,2535,2532.5,2533.05,3912
2023-08-04 13:15:00,2532.5,2536,2531.1,2531.2,7994
2023-08-04 13:20:00,2531.2,2532.95,2530.15,2530.15,5699
2023-08-04 13:25:00,2528.1,2531.5,2528.1,2529.55,13744
2023-08-04 13:30:00,2528.45,2529.55,2524,2524,18802
2023-08-04 13:35:00,2524,2528,2522,2527,17816
2023-08-04 13:40:00,2528.35,2529.1,2525,2528,9766
2023-08-04 13:45:00,2527.35,2528.25,2524,2527.9,8155
2023-08-04 13:50:00,2527.85,2527.95,2525,2526.55,55889
2023-08-04 13:55:00,2527.4,2531.95,2525,2525,13716
2023-08-04 14:00:00,2525,2525.45,2521,2523.25,16043
2023-08-04 14:05:00,2523.55,2524.65,2522.1,2523.6,4404
2023-08-04 14:10:00,2523,2528.3,2522.5,2528.1,17004
2023-08-04 14:15:00,2528.3,2530,2524.9,2529.8,16452
2023-08-04 14:20:00,2528.95,2531,2526.7,2527.65,12238
2023-08-04 14:25:00,2527.6,2528.9,2525,2525.7,5764
2023-08-04 14:30:00,2526.3,2536.4,2526.3,2536.05,52682
2023-08-04 14:35:00,2536.05,2542,2534.75,2539.75,90776
2023-08-04 14:40:00,2539.75,2540,2536,2536.6,17954
2023-08-04 14:45:00,2537.55,2541,2534,2534,29924
2023-08-04 14:50:00,2536.25,2540.5,2533.1,2533.55,22719
2023-08-04 14:55:00,2533.5,2537,2532.25,2535,13024
2023-08-04 15:00:00,2535.6,2540.9,2535.6,2537,24399
2023-08-04 15:05:00,2537,2542.55,2536.75,2542,77647
2023-08-04 15:10:00,2541.3,2545.5,2540.05,2543.1,91753
2023-08-04 15:15:00,2543.95,2545,2540,2540.9,99335
2023-08-04 15:20:00,2540.9,2542.6,2538.15,2540,66648
2023-08-04 15:25:00,2541.8,2542,2536.15,2536.15,60145
2023-08-07 09:15:00,2550.95,2555,2530,2532.9,128473
2023-08-07 09:20:00,2532.95,2535,2523.2,2531.9,65951
2023-08-07 09:25:00,2530.85,2537,2526,2533.5,55922
2023-08-07 09:30:00,2532.55,2534.35,2523.25,2525.05,34475
2023-08-07 09:35:00,2526.5,2530.65,2523,2530,34465
2023-08-07 09:40:00,2529.15,2530.3,2525,2527.85,13201
2023-08-07 09:45:00,2527,2529.5,2523,2524.55,21420
2023-08-07 09:50:00,2525,2527,2520.5,2523,21240
2023-08-07 09:55:00,2522.75,2522.9,2516.4,2519,37206
2023-08-07 10:00:00,2519.9,2527.5,2519,2527,27577
2023-08-07 10:05:00,2527,2531,2526.1,2530,23279
2023-08-07 10:10:00,2530,2536,2528,2529.5,43021
2023-08-07 10:15:00,2529.5,2529.75,2523.05,2523.05,28122
2023-08-07 10:20:00,2524.6,2530,2522.45,2529.9,36678
2023-08-07 10:25:00,2530,2533.9,2528.65,2532.75,38615
2023-08-07 10:30:00,2533.85,2543,2531,2536,91362
2023-08-07 10:35:00,2535.95,2536,2532,2534.85,39960
2023-08-07 10:40:00,2534,2535,2531.85,2532.45,34127
2023-08-07 10:45:00,2535,2536,2532.55,2534.8,34263
2023-08-07 10:50:00,2533.45,2543.7,2531.2,2540.45,58613
2023-08-07 10:55:00,2540.25,2548,2536.35,2542.55,102932
2023-08-07 11:00:00,2542.5,2545,2540,2545,48807
2023-08-07 11:05:00,2543.75,2545,2540,2541.95,57888
2023-08-07 11:10:00,2540,2542,2539.15,2541.15,36487
2023-08-07 11:15:00,2541.1,2545,2537.35,2537.95,72702
2023-08-07 11:20:00,2537.95,2544,2537.1,2543.85,34320
2023-08-07 11:25:00,2543.05,2548.95,2540.05,2548.95,91117
2023-08-07 11:30:00,2547.6,2549,2537.35,2538.6,82691
2023-08-07 11:35:00,2538,2540,2537.1,2540,31027
2023-08-07 11:40:00,2538.8,2542,2538.35,2542,33351
2023-08-07 11:45:00,2541.95,2545.55,2540.35,2542.95,46670
2023-08-07 11:50:00,2542.9,2545,2540.65,2544.65,51759
2023-08-07 11:55:00,2543.5,2545,2538.6,2538.85,116374
2023-08-07 12:00:00,2538.6,2541.95,2538,2541.15,31236
2023-08-07 12:05:00,2540.1,2544.75,2539.9,2543.1,28723
2023-08-07 12:10:00,2543.1,2546,2541.2,2542,58129
2023-08-07 12:15:00,2541.2,2544,2538.95,2540,60932
2023-08-07 12:20:00,2540,2543,2538.25,2540,34942
2023-08-07 12:25:00,2540,2542.95,2538.55,2540.9,32124
2023-08-07 12:30:00,2540.75,2543,2540.25,2542,30712
2023-08-07 12:35:00,2541.95,2546,2541.8,2545.05,38181
2023-08-07 12:40:00,2545,2550,2545,2550,120952
2023-08-07 12:45:00,2549.95,2550,2543.2,2545.45,79530
2023-08-07 12:50:00,2545,2547,2543,2545,32587
2023-08-07 12:55:00,2544.75,2547,2542.8,2546,34885
2023-08-07 13:00:00,2545.95,2549,2545,2547.6,43064
2023-08-07 13:05:00,2548.4,2550,2546.15,2550,58560
2023-08-07 13:10:00,2550,2550,2543.45,2543.75,89490
2023-08-07 13:15:00,2543.7,2545,2541,2542.8,37783
2023-08-07 13:20:00,2542.75,2545,2540.2,2541.7,47207
2023-08-07 13:25:00,2542.65,2547,2541.7,2547,40325
2023-08-07 13:30:00,2547,2547,2542,2546.25,120725
2023-08-07 13:35:00,2545.25,2547,2542,2545,105046
2023-08-07 13:40:00,2545,2550,2543.5,2549.25,102223
2023-08-07 13:45:00,2548.25,2557.9,2543.65,2548,230244
2023-08-07 13:50:00,2547.95,2550,2545.2,2548.6,40601
2023-08-07 13:55:00,2550,2550,2544,2544.6,47255
2023-08-07 14:00:00,2544.6,2548.95,2544.2,2548.4,39525
2023-08-07 14:05:00,2547.75,2550,2544.55,2546.45,40663
2023-08-07 14:10:00,2545.65,2550,2544,2548.95,43583
2023-08-07 14:15:00,2549.35,2552,2547.6,2550,65736
2023-08-07 14:20:00,2551.7,2564.6,2549.9,2553,200972
2023-08-07 14:25:00,2553,2554.95,2548.05,2553.45,63114
2023-08-07 14:30:00,2552.25,2554,2545.7,2550.65,55250
2023-08-07 14:35:00,2550.65,2552,2544,2545.75,60678
2023-08-07 14:40:00,2546.6,2559.8,2545.2,2558.25,131741
2023-08-07 14:45:00,2557.7,2563,2556.15,2562.45,116443
2023-08-07 14:50:00,2562.05,2569,2560.05,2565.7,168884
2023-08-07 14:55:00,2565.65,2565.65,2555.1,2556.55,127449
2023-08-07 15:00:00,2556.1,2557.3,2550.05,2553,51398
2023-08-07 15:05:00,2553.8,2556,2552.1,2555.9,23325
2023-08-07 15:10:00,2555.95,2556,2547.6,2548.2,55929
2023-08-07 15:15:00,2548.5,2550,2544.2,2548,74011
2023-08-07 15:20:00,2548,2552.8,2546.8,2551,97293
2023-08-07 15:25:00,2551.3,2552.4,2548.5,2552,42855
2023-08-08 09:15:00,2563.25,2563.25,2532.05,2541.6,116520
2023-08-08 09:20:00,2540.05,2541.6,2533,2536.2,84117
2023-08-08 09:25:00,2536.55,2537.3,2523,2525.6,111382
2023-08-08 09:30:00,2522.85,2528.7,2513.85,2522.8,107695
2023-08-08 09:35:00,2522.8,2537,2517.3,2532.75,100911
2023-08-08 09:40:00,2532.65,2544.3,2530,2540.95,62650
2023-08-08 09:45:00,2540.8,2542.7,2536,2536,20941
2023-08-08 09:50:00,2536.2,2539.5,2535,2535.9,11434
2023-08-08 09:55:00,2536,2537.55,2532.75,2536,12901
2023-08-08 10:00:00,2535.9,2535.9,2528.7,2529.55,22527
2023-08-08 10:05:00,2530,2538.85,2529.2,2534.25,41510
2023-08-08 10:10:00,2534.1,2539,2532.75,2537.4,46224
2023-08-08 10:15:00,2537.45,2545,2535.15,2543.55,47877
2023-08-08 10:20:00,2542.85,2546.9,2542.35,2542.4,51119
2023-08-08 10:25:00,2542.85,2546.7,2540,2541.95,47825
2023-08-08 10:30:00,2541.95,2543.9,2532.3,2536.05,79725
2023-08-08 10:35:00,2536,2540,2536,2538,41329
2023-08-08 10:40:00,2540,2540,2535.35,2537.25,60696
2023-08-08 10:45:00,2537.3,2539.1,2530.4,2532.35,61957
2023-08-08 10:50:00,2532.8,2534.1,2526,2528.95,78053
2023-08-08 10:55:00,2529,2530,2527,2529.35,51970
2023-08-08 11:00:00,2530,2535.9,2521.65,2523.3,73431
2023-08-08 11:05:00,2522.8,2526.9,2520,2523.95,65509
2023-08-08 11:10:00,2523.25,2523.25,2501,2501.15,177298
2023-08-08 11:15:00,2501.6,2508.3,2490,2505.4,120790
2023-08-08 11:20:00,2505.4,2509.9,2496.95,2500.6,77347
2023-08-08 11:25:00,2500.5,2505,2499.2,2503.85,71964
2023-08-08 11:30:00,2503.45,2504.05,2494.55,2497.95,65135
2023-08-08 11:35:00,2496.4,2497.2,2477.9,2490.5,135695
2023-08-08 11:40:00,2490,2497.15,2489.05,2497.15,59343
2023-08-08 11:45:00,2495.05,2496.8,2488.3,2491.9,52603
2023-08-08 11:50:00,2490.75,2499.3,2490.5,2498.05,51906
2023-08-08 11:55:00,2498.05,2498.5,2490.75,2496.05,81835
2023-08-08 12:00:00,2492.9,2496.95,2492,2492.65,56488
2023-08-08 12:05:00,2492.6,2493.9,2488,2490.45,65505
2023-08-08 12:10:00,2490.45,2495,2487.6,2490.8,75812
2023-08-08 12:15:00,2489.65,2491,2485.45,2486.05,66575
2023-08-08 12:20:00,2486.3,2491,2481,2489.8,81679
2023-08-08 12:25:00,2489.75,2492.45,2479,2480.8,125313
2023-08-08 12:30:00,2480.75,2483.7,2470.35,2476,132151
2023-08-08 12:35:00,2476,2480,2468.85,2468.9,81589
2023-08-08 12:40:00,2468.95,2479.75,2468.9,2479.6,71948
2023-08-08 12:45:00,2480,2480.05,2473.1,2474.25,62696
2023-08-08 12:50:00,2474.25,2476.95,2472.65,2474.2,60440
2023-08-08 12:55:00,2473.6,2476,2470.45,2476,60775
2023-08-08 13:00:00,2475.95,2481.05,2474.5,2479.05,67690
2023-08-08 13:05:00,2479,2481.25,2478,2480.2,61064
2023-08-08 13:10:00,2480.15,2481.8,2474.5,2477.1,63721
2023-08-08 13:15:00,2477,2479,2470.55,2471.75,78428
2023-08-08 13:20:00,2471.85,2474.5,2470.5,2472.05,81237
2023-08-08 13:25:00,2472.05,2473.4,2468.1,2469.75,78380
2023-08-08 13:30:00,2469,2469.65,2461.35,2469.6,79591
2023-08-08 13:35:00,2469.25,2472.6,2468.05,2469.65,56331
2023-08-08 13:40:00,2468.95,2472.1,2467.6,2470.15,54104
2023-08-08 13:45:00,2470.15,2472.55,2462.95,2466,70823
2023-08-08 13:50:00,2465.3,2470.5,2465.05,2469.5,47194
2023-08-08 13:55:00,2469.5,2473.5,2468,2471,64671
2023-08-08 14:00:00,2470.7,2480.7,2470,2475.1,120402
2023-08-08 14:05:00,2475.65,2477.3,2471.35,2475,78681
2023-08-08 14:10:00,2474.95,2489.3,2474.45,2488.05,105310
2023-08-08 14:15:00,2488,2495,2485.2,2486.7,199865
2023-08-08 14:20:00,2485.4,2492.4,2476.1,2488.7,119853
2023-08-08 14:25:00,2488.7,2494.45,2483,2493,114669
2023-08-08 14:30:00,2492.95,2499,2490.4,2497.1,166809
2023-08-08 14:35:00,2497.1,2505,2495.85,2497.95,191156
2023-08-08 14:40:00,2497.7,2504.85,2490,2493,136114
2023-08-08 14:45:00,2491,2496.85,2484.45,2495.25,105028
2023-08-08 14:50:00,2494.55,2499.9,2487.25,2490.3,179072
2023-08-08 14:55:00,2490.3,2492,2485,2485,36165
2023-08-08 15:00:00,2486.65,2494.95,2482.75,2483,47387
2023-08-08 15:05:00,2483.05,2483.05,2475,2480,57940
2023-08-08 15:10:00,2480.7,2481.5,2476.5,2478.05,45774
2023-08-08 15:15:00,2478.15,2478.15,2468,2468.15,103423
2023-08-08 15:20:00,2468.95,2476.6,2463.35,2476.6,195049
2023-08-08 15:25:00,2476.6,2480.85,2469.35,2477.05,81778
2023-08-09 09:15:00,2488.35,2490,2472,2475.8,120411
2023-08-09 09:20:00,2475.9,2497.25,2475.3,2491.25,84974
2023-08-09 09:25:00,2491.25,2495,2489.5,2492.7,40313
2023-08-09 09:30:00,2493.55,2497,2481.2,2485.8,80883
2023-08-09 09:35:00,2487.6,2488.4,2480,2482.25,35338
2023-08-09 09:40:00,2482.25,2485,2480,2481,16741
2023-08-09 09:45:00,2480.6,2490,2480.5,2490,47522
2023-08-09 09:50:00,2489.25,2495,2487.2,2487.25,83435
2023-08-09 09:55:00,2487,2491.35,2482,2485.85,79176
2023-08-09 10:00:00,2485.8,2490,2482.6,2486.75,68257
2023-08-09 10:05:00,2486.5,2490,2484.5,2485.2,70926
2023-08-09 10:10:00,2485.2,2490,2484,2487.55,79530
2023-08-09 10:15:00,2487.3,2493.35,2486.55,2490.95,75789
2023-08-09 10:20:00,2491.5,2495,2488.1,2494.35,66503
2023-08-09 10:25:00,2493.65,2500,2486.7,2488.05,164619
2023-08-09 10:30:00,2488.7,2490,2483.15,2486.6,65031
2023-08-09 10:35:00,2486.6,2494.95,2485.25,2489.95,58062
2023-08-09 10:40:00,2488.85,2492,2486.6,2490.3,68745
2023-08-09 10:45:00,2489.1,2494.4,2486.25,2488.1,67825
2023-08-09 10:50:00,2487.95,2494.95,2484.95,2487.35,75157
2023-08-09 10:55:00,2487.15,2493,2484,2484.25,71940
2023-08-09 11:00:00,2484.25,2490,2483.35,2486.35,70352
2023-08-09 11:05:00,2486.35,2490,2484.35,2488.75,70468
2023-08-09 11:10:00,2488.7,2498.8,2488.15,2496.95,101102
2023-08-09 11:15:00,2495.95,2498.6,2491.4,2494.5,62009
2023-08-09 11:20:00,2494.4,2497.4,2494.05,2496.65,69641
2023-08-09 11:25:00,2496.65,2499,2490,2491,82314
2023-08-09 11:30:00,2490.7,2493,2490.05,2491.2,74566
2023-08-09 11:35:00,2491.25,2493,2488.65,2491.4,86545
2023-08-09 11:40:00,2492.25,2498.1,2490.1,2496.95,82117
2023-08-09 11:45:00,2496.9,2505.55,2495.25,2499.6,133459
2023-08-09 11:50:00,2499.6,2501,2496,2500,57012
2023-08-09 11:55:00,2499.2,2507.3,2498.05,2505.2,92903
2023-08-09 12:00:00,2505.45,2508,2500.1,2504.75,120815
2023-08-09 12:05:00,2504.3,2508,2502.6,2505.75,94047
2023-08-09 12:10:00,2506,2509,2498,2500.55,81710
2023-08-09 12:15:00,2502.05,2504.9,2496.35,2497.35,84827
2023-08-09 12:20:00,2498.2,2502.85,2497,2500.55,69410
2023-08-09 12:25:00,2500.7,2501.95,2497,2497.5,72094
2023-08-09 12:30:00,2497.45,2500,2497.15,2499.05,62719
2023-08-09 12:35:00,2499,2500,2497.3,2498.2,57287
2023-08-09 12:40:00,2500,2500,2497.1,2498.55,56215
2023-08-09 12:45:00,2498.5,2509.3,2498.5,2502.05,77049
2023-08-09 12:50:00,2503.35,2505,2501.6,2503.7,58435
2023-08-09 12:55:00,2503.65,2505.95,2501.2,2503.05,64200
2023-08-09 13:00:00,2503,2506.95,2502.1,2505.8,70031
2023-08-09 13:05:00,2505.1,2507.8,2502.25,2506,81729
2023-08-09 13:10:00,2505.05,2510,2504.6,2508.45,123689
2023-08-09 13:15:00,2508.55,2510,2505.3,2509.75,73271
2023-08-09 13:20:00,2509.75,2511.95,2505.1,2507.6,120754
2023-08-09 13:25:00,2507.6,2512,2504,2510.3,58978
2023-08-09 13:30:00,2511.3,2511.8,2500.6,2503,118932
2023-08-09 13:35:00,2502.95,2505,2502.1,2503.55,52220
2023-08-09 13:40:00,2503.55,2509.9,2502.8,2508.1,52172
2023-08-09 13:45:00,2508.15,2510,2507,2508.6,54951
2023-08-09 13:50:00,2508.7,2512,2507.9,2510.2,69663
2023-08-09 13:55:00,2510.15,2511.75,2507.55,2510.65,65708
2023-08-09 14:00:00,2508.25,2514.9,2507,2508,142106
2023-08-09 14:05:00,2508,2509.95,2504,2506.1,95845
2023-08-09 14:10:00,2506.3,2509.95,2505.95,2508.8,70385
2023-08-09 14:15:00,2508.3,2510,2505.95,2507.8,82819
2023-08-09 14:20:00,2507.65,2510,2505,2506.4,77510
2023-08-09 14:25:00,2506.5,2510,2506.05,2507.65,70591
2023-08-09 14:30:00,2508,2510,2503.5,2509.1,87802
2023-08-09 14:35:00,2509,2512,2507,2510.2,178713
2023-08-09 14:40:00,2510.05,2514.9,2508.15,2511.55,180281
2023-08-09 14:45:00,2512.15,2516.35,2511.05,2516,122686
2023-08-09 14:50:00,2515,2516.25,2508.5,2510,28653
2023-08-09 14:55:00,2510,2512.65,2505.5,2506.85,28539
2023-08-09 15:00:00,2505.85,2510.6,2505,2506.05,22855
2023-08-09 15:05:00,2506.05,2509,2505.45,2508.05,18576
2023-08-09 15:10:00,2508.6,2509.4,2506.85,2508.1,17758
2023-08-09 15:15:00,2508.05,2510,2507,2509,43780
2023-08-09 15:20:00,2508.5,2509,2505.1,2507.2,53532
2023-08-09 15:25:00,2507.05,2509.5,2504.25,2506,106592
2023-08-10 09:15:00,2510,2535.8,2510,2526.65,258887
2023-08-10 09:20:00,2526.15,2533.95,2523.75,2533,145578
2023-08-10 09:25:00,2533,2542,2530.1,2535.6,176509
2023-08-10 09:30:00,2536,2548,2534.05,2542.9,159613
2023-08-10 09:35:00,2541.2,2541.2,2532.2,2532.2,51108
2023-08-10 09:40:00,2532.2,2542,2532.2,2536,72765
2023-08-10 09:45:00,2536,2538.9,2533.1,2535.1,20700
2023-08-10 09:50:00,2535.6,2546,2534,2541.9,105594
2023-08-10 09:55:00,2543,2548,2531.9,2533.65,180242
2023-08-10 10:00:00,2532.55,2541,2529.45,2539.95,78572
2023-08-10 10:05:00,2539.6,2545,2535.55,2545,64754
2023-08-10 10:10:00,2543.8,2544.7,2538.1,2541.95,64373
2023-08-10 10:15:00,2541.95,2545.35,2539.55,2545,61808
2023-08-10 10:20:00,2545,2546,2536.95,2538.1,78846
2023-08-10 10:25:00,2537.9,2542,2535,2538.65,74007
2023-08-10 10:30:00,2538.65,2542,2528.3,2532,113577
2023-08-10 10:35:00,2530.65,2533.35,2525.45,2529.95,92209
2023-08-10 10:40:00,2530.15,2533.25,2528,2529,78727
2023-08-10 10:45:00,2528.1,2535,2528.1,2533.15,71028
2023-08-10 10:50:00,2533.15,2544,2531.25,2543.3,131074
2023-08-10 10:55:00,2543.4,2545,2538.5,2543.05,187014
2023-08-10 11:00:00,2544.8,2549.9,2542.2,2545,196743
2023-08-10 11:05:00,2545,2547,2538.95,2539.35,88322
2023-08-10 11:10:00,2540,2543.95,2538.95,2542.15,73637
2023-08-10 11:15:00,2542.1,2548,2541.1,2547.05,82325
2023-08-10 11:20:00,2547.15,2550,2546.65,2549.4,252174
2023-08-10 11:25:00,2550,2550,2546.25,2548.1,89581
2023-08-10 11:30:00,2547.75,2550,2546,2549.55,61894
2023-08-10 11:35:00,2548.7,2561.75,2548.1,2560.3,161625
2023-08-10 11:40:00,2552,2554.85,2542.3,2542.8,175325
2023-08-10 11:45:00,2542.45,2544.1,2539.15,2540.5,100383
2023-08-10 11:50:00,2541,2546.7,2540.95,2543.45,75577
2023-08-10 11:55:00,2543.15,2546.95,2541,2541,74215
2023-08-10 12:00:00,2541,2543.9,2536.65,2542.5,87008
2023-08-10 12:05:00,2542.7,2547.9,2541.15,2545.4,75043
2023-08-10 12:10:00,2545.2,2548.8,2542.6,2544.1,81738
2023-08-10 12:15:00,2544.15,2555,2544.05,2548.85,109175
2023-08-10 12:20:00,2549.75,2550,2547,2548.55,93418
2023-08-10 12:25:00,2548.55,2553.95,2547.25,2552.1,56805
2023-08-10 12:30:00,2552,2560,2551.85,2553.7,121686
2023-08-10 12:35:00,2556,2558,2552.1,2558,109503
2023-08-10 12:40:00,2558,2567.55,2557.15,2562.55,288405
2023-08-10 12:45:00,2561.8,2563.6,2557.4,2559,168976
2023-08-10 12:50:00,2559.65,2568,2559,2560.85,108461
2023-08-10 12:55:00,2560.85,2564,2558,2562.65,71402
2023-08-10 13:00:00,2562.8,2574.9,2562.25,2567.65,244245
2023-08-10 13:05:00,2567.55,2569.8,2562.7,2566.05,82860
2023-08-10 13:10:00,2566,2571,2564.5,2568.65,112379
2023-08-10 13:15:00,2568.85,2571,2566,2566.45,69205
2023-08-10 13:20:00,2567.1,2569.55,2566,2566.9,58911
2023-08-10 13:25:00,2567.05,2567.1,2558.1,2563.3,94244
2023-08-10 13:30:00,2563.3,2570,2559.95,2568.45,93548
2023-08-10 13:35:00,2568.7,2577.5,2567.7,2571.8,168218
2023-08-10 13:40:00,2570.35,2571.1,2558.45,2560,132999
2023-08-10 13:45:00,2560,2565,2557,2561,100222
2023-08-10 13:50:00,2560.7,2562.15,2545.2,2548.85,162949
2023-08-10 13:55:00,2549,2552.8,2536.95,2540.5,142968
2023-08-10 14:00:00,2537.55,2547.6,2537.4,2546.25,95896
2023-08-10 14:05:00,2545.7,2547.4,2540.15,2543.75,114915
2023-08-10 14:10:00,2543.75,2546.2,2540.15,2545.5,62373
2023-08-10 14:15:00,2547,2551.1,2544,2549.95,158421
2023-08-10 14:20:00,2550,2556,2547.65,2555,90010
2023-08-10 14:25:00,2554.65,2555,2552.55,2554.9,60460
2023-08-10 14:30:00,2554,2555,2548.05,2549.75,90328
2023-08-10 14:35:00,2549.75,2553.75,2548,2551.55,56110
2023-08-10 14:40:00,2551.85,2561.25,2549.25,2559.3,100250
2023-08-10 14:45:00,2560,2561.8,2557,2558.6,102465
2023-08-10 14:50:00,2558.6,2561,2557.1,2559.7,79876
2023-08-10 14:55:00,2559,2565,2558.4,2559.8,156509
2023-08-10 15:00:00,2559.75,2560,2552,2554.25,44117
2023-08-10 15:05:00,2553.1,2559,2553.1,2557.75,33796
2023-08-10 15:10:00,2557.9,2558.65,2550.55,2551.5,94068
2023-08-10 15:15:00,2551.45,2552.25,2547,2551.9,61616
2023-08-10 15:20:00,2551.9,2557.05,2548.9,2554.05,90382
2023-08-10 15:25:00,2555,2556.5,2548.7,2549,109068
2023-08-11 09:15:00,2550.05,2553.8,2531.15,2538,143690
2023-08-11 09:20:00,2538.45,2538.7,2521.6,2522.75,103308
2023-08-11 09:25:00,2522.85,2531,2518.2,2528.3,60474
2023-08-11 09:30:00,2528.15,2533.45,2527,2530,36688
2023-08-11 09:35:00,2530,2537,2529.3,2533.4,29648
2023-08-11 09:40:00,2533.4,2533.95,2529.4,2530.75,15534
2023-08-11 09:45:00,2531.45,2540.35,2530.75,2538.95,89077
2023-08-11 09:50:00,2538.2,2543.05,2534.65,2540.8,95931
2023-08-11 09:55:00,2540.25,2540.4,2536.1,2538.5,88966
2023-08-11 10:00:00,2538.4,2545,2538,2544,80987
2023-08-11 10:05:00,2543.4,2548.85,2542,2544,108508
2023-08-11 10:10:00,2544.45,2550,2542.35,2546.25,151799
2023-08-11 10:15:00,2546.05,2550,2542.3,2548.95,85468
2023-08-11 10:20:00,2549.5,2558.55,2549,2550,189431
2023-08-11 10:25:00,2550,2550,2544.15,2548.4,80576
2023-08-11 10:30:00,2549.35,2559.95,2548.65,2555.5,84223
2023-08-11 10:35:00,2555.1,2560,2552.65,2558.85,86911
2023-08-11 10:40:00,2558.85,2562.5,2557.4,2559.1,101716
2023-08-11 10:45:00,2559.1,2560,2556.2,2557.25,72858
2023-08-11 10:50:00,2557.3,2559.95,2549,2549,129396
2023-08-11 10:55:00,2549.05,2549.5,2544,2547.2,124671
2023-08-11 11:00:00,2547.6,2550,2538.55,2543.05,122791
2023-08-11 11:05:00,2543.5,2550,2542.35,2549.95,89840
2023-08-11 11:10:00,2549.95,2560,2549.95,2557.75,114600
2023-08-11 11:15:00,2558.45,2562,2553,2553.1,115804
2023-08-11 11:20:00,2553.2,2560,2553,2556.5,89674
2023-08-11 11:25:00,2556.5,2558,2554,2556,93814
2023-08-11 11:30:00,2556,2558,2554,2556.15,88678
2023-08-11 11:35:00,2556.25,2558,2545,2547.65,173516
2023-08-11 11:40:00,2547.65,2550,2544,2548.1,107371
2023-08-11 11:45:00,2548.3,2550,2545.3,2546.9,97136
2023-08-11 11:50:00,2546.55,2548.8,2544.15,2546.85,102950
2023-08-11 11:55:00,2546.85,2556.05,2546.25,2554.95,81816
2023-08-11 12:00:00,2554.95,2558,2554.5,2556.5,81099
2023-08-11 12:05:00,2557,2562,2556.35,2560.15,111718
2023-08-11 12:10:00,2559.85,2565,2559,2563.25,126349
2023-08-11 12:15:00,2563.1,2566.55,2558.35,2563.25,91754
2023-08-11 12:20:00,2563.15,2566.65,2562.15,2564.65,81635
2023-08-11 12:25:00,2565,2568,2558,2558.8,136091
2023-08-11 12:30:00,2558.2,2560,2555.25,2556,82567
2023-08-11 12:35:00,2557.1,2563,2556.05,2558.85,75112
2023-08-11 12:40:00,2559.8,2563,2558.1,2561.5,69711
2023-08-11 12:45:00,2561.6,2563.9,2559.95,2562.85,70802
2023-08-11 12:50:00,2564.55,2564.55,2553.7,2553.9,112884
2023-08-11 12:55:00,2553.7,2558.45,2552.2,2554.7,98387
2023-08-11 13:00:00,2554.15,2562.05,2554.05,2559.15,94395
2023-08-11 13:05:00,2561.8,2561.8,2553.35,2555,112704
2023-08-11 13:10:00,2555.15,2558,2554.05,2555.7,83475
2023-08-11 13:15:00,2555.9,2558,2552.35,2556,96135
2023-08-11 13:20:00,2556,2558,2555.05,2556.35,90195
2023-08-11 13:25:00,2556.25,2560.8,2555.5,2558,77666
2023-08-11 13:30:00,2557.9,2562,2557.3,2562,118451
2023-08-11 13:35:00,2561.25,2561.45,2557.95,2559.7,60669
2023-08-11 13:40:00,2558.9,2562,2558.1,2561.05,72506
2023-08-11 13:45:00,2560.75,2562,2558,2560,85241
2023-08-11 13:50:00,2560,2562.75,2548.15,2549.95,158497
2023-08-11 13:55:00,2550,2554.95,2549.75,2553.05,105257
2023-08-11 14:00:00,2551.35,2554.45,2550,2551,91805
2023-08-11 14:05:00,2551,2553,2547,2549.9,91996
2023-08-11 14:10:00,2549.35,2553.6,2549.3,2551.55,81634
2023-08-11 14:15:00,2551.8,2555,2551,2552.65,88741
2023-08-11 14:20:00,2552.65,2557.8,2551.35,2556.75,126165
2023-08-11 14:25:00,2554,2557.9,2552.95,2554.25,97977
2023-08-11 14:30:00,2553.55,2556.4,2549.05,2550,103276
2023-08-11 14:35:00,2549.9,2557,2549.9,2553.45,138141
2023-08-11 14:40:00,2554.7,2556.9,2550.1,2552.5,139148
2023-08-11 14:45:00,2552.35,2562,2552.35,2560.5,149627
2023-08-11 14:50:00,2560.5,2566,2554.45,2555.95,168633
2023-08-11 14:55:00,2556,2556,2550,2550.95,43451
2023-08-11 15:00:00,2550.8,2551.15,2543.05,2545,46940
2023-08-11 15:05:00,2545.05,2547.45,2535.8,2540,64923
2023-08-11 15:10:00,2539.65,2541.5,2537.05,2539,25034
2023-08-11 15:15:00,2538.8,2541.5,2538,2539.05,42635
2023-08-11 15:20:00,2540,2541.8,2532.1,2533.45,65436
2023-08-11 15:25:00,2533.4,2538.55,2528.35,2538,50629
2023-08-14 09:15:00,2480,2480,2422.75,2474.15,605588
2023-08-14 09:20:00,2473.55,2483.65,2443.4,2446.95,269711
2023-08-14 09:25:00,2447.75,2455.05,2440.7,2446.85,142582
2023-08-14 09:30:00,2446,2446.35,2400.25,2402.3,395848
2023-08-14 09:35:00,2403,2426,2402.2,2426,240541
2023-08-14 09:40:00,2426.1,2432,2417.9,2426.95,188048
2023-08-14 09:45:00,2426.4,2440.55,2425,2437.1,188346
2023-08-14 09:50:00,2438,2439.55,2430,2431.7,123827
2023-08-14 09:55:00,2430.45,2438,2428.05,2431.35,113908
2023-08-14 10:00:00,2431.25,2440,2425.35,2436.05,159920
2023-08-14 10:05:00,2436.9,2440,2427.5,2437.95,133339
2023-08-14 10:10:00,2437,2438.4,2430.75,2431.55,93418
2023-08-14 10:15:00,2433.85,2433.85,2425,2430,141180
2023-08-14 10:20:00,2429.45,2432,2427.1,2428.05,81209
2023-08-14 10:25:00,2428.15,2432,2423.8,2431,105621
2023-08-14 10:30:00,2430.95,2435,2427.2,2428.2,103512
2023-08-14 10:35:00,2428.25,2429.25,2421,2423.3,135944
2023-08-14 10:40:00,2423.85,2432,2422.05,2430,99290
2023-08-14 10:45:00,2430,2438.6,2429.6,2438.6,186058
2023-08-14 10:50:00,2437.15,2439.05,2430.9,2433.1,121295
2023-08-14 10:55:00,2433.1,2440,2432.5,2438.5,107878
2023-08-14 11:00:00,2438.6,2446.9,2433.35,2436.2,201424
2023-08-14 11:05:00,2437.1,2443.95,2435,2442,135264
2023-08-14 11:10:00,2441.55,2445,2441,2443.9,160018
2023-08-14 11:15:00,2443.9,2445,2432.6,2435.8,124870
2023-08-14 11:20:00,2435,2442.6,2434.1,2442.6,167353
2023-08-14 11:25:00,2442.6,2468.35,2440.55,2465,314616
2023-08-14 11:30:00,2466,2472.95,2448,2449.95,233704
2023-08-14 11:35:00,2449.4,2458.7,2448.35,2449.85,119997
2023-08-14 11:40:00,2449,2451.95,2445,2449.95,92829
2023-08-14 11:45:00,2451.55,2455.95,2446.35,2448.5,115152
2023-08-14 11:50:00,2448.1,2453.95,2446.45,2452.05,91777
2023-08-14 11:55:00,2452.45,2460,2451.35,2458.3,110117
2023-08-14 12:00:00,2458.6,2458.9,2446,2453.7,121289
2023-08-14 12:05:00,2453.7,2460,2452.2,2458.3,122022
2023-08-14 12:10:00,2459.45,2460,2455.8,2457.6,121894
2023-08-14 12:15:00,2459.2,2465,2457.55,2460,146497
2023-08-14 12:20:00,2459.95,2468,2459.1,2466.5,100445
2023-08-14 12:25:00,2466.6,2468,2459,2461.6,117003
2023-08-14 12:30:00,2463,2463,2455,2455.55,78362
2023-08-14 12:35:00,2455.5,2461,2452.35,2459.95,87710
2023-08-14 12:40:00,2459.95,2463,2458.6,2462,65258
2023-08-14 12:45:00,2462,2464.75,2460.15,2464.7,58859
2023-08-14 12:50:00,2464,2468,2463.55,2466.2,77432
2023-08-14 12:55:00,2467.45,2468,2460.05,2460.7,99888
2023-08-14 13:00:00,2460.5,2465,2460.5,2463.4,83969
2023-08-14 13:05:00,2463.9,2465,2462,2463.55,82672
2023-08-14 13:10:00,2463.6,2465,2461.6,2462.7,86060
2023-08-14 13:15:00,2463.3,2467.95,2462.5,2466.35,94410
2023-08-14 13:20:00,2466.5,2467.05,2461.15,2465.5,84164
2023-08-14 13:25:00,2465.3,2472,2463.95,2465.1,148911
2023-08-14 13:30:00,2465,2472,2464,2469.4,138515
2023-08-14 13:35:00,2469.85,2471.6,2456,2457.35,143026
2023-08-14 13:40:00,2457.25,2459.35,2454.1,2456.1,112540
2023-08-14 13:45:00,2456.45,2463.9,2455.4,2461.95,97504
2023-08-14 13:50:00,2461.9,2470,2461.8,2468.35,75986
2023-08-14 13:55:00,2468.35,2471,2467.5,2467.55,77647
2023-08-14 14:00:00,2467.95,2471,2467,2469,78090
2023-08-14 14:05:00,2469.05,2471.8,2469,2469.6,66937
2023-08-14 14:10:00,2471.4,2475,2469.25,2472.7,166398
2023-08-14 14:15:00,2473.8,2478,2472.3,2475.5,87520
2023-08-14 14:20:00,2475.55,2478,2467.85,2474.25,129189
2023-08-14 14:25:00,2475.65,2478,2473.1,2473.1,90325
2023-08-14 14:30:00,2474.2,2477.85,2473,2474.6,85251
2023-08-14 14:35:00,2474.45,2475,2468.85,2469,101346
2023-08-14 14:40:00,2469.15,2476.2,2468.05,2473.65,98121
2023-08-14 14:45:00,2474.2,2477.9,2473,2474.6,95879
2023-08-14 14:50:00,2474.95,2478,2469,2470,133915
2023-08-14 14:55:00,2470,2471.7,2466,2469.9,96183
2023-08-14 15:00:00,2469.3,2471.6,2462,2462.15,59407
2023-08-14 15:05:00,2462,2467.05,2457,2458,61133
2023-08-14 15:10:00,2458,2460,2455,2457,56088
2023-08-14 15:15:00,2457.45,2462,2456.2,2460,77538
2023-08-14 15:20:00,2459.9,2460,2444.1,2444.5,154536
2023-08-14 15:25:00,2444.7,2448.85,2442.25,2446.95,100321
2023-08-16 09:15:00,2450,2450,2425.6,2436.15,135998
2023-08-16 09:20:00,2436.15,2448,2435.5,2444.5,75933
2023-08-16 09:25:00,2444.55,2445.3,2432.35,2433.5,73296
2023-08-16 09:30:00,2432.8,2433.3,2422,2424.4,107528
2023-08-16 09:35:00,2422.75,2432.75,2420,2431,66280
2023-08-16 09:40:00,2430.5,2439.3,2428,2437.8,99423
2023-08-16 09:45:00,2436.2,2450,2435,2447.85,117440
2023-08-16 09:50:00,2447.8,2457.5,2445.25,2452.8,108012
2023-08-16 09:55:00,2452.75,2452.9,2440,2446.15,112579
2023-08-16 10:00:00,2447.8,2450.25,2445.5,2448.4,79876
2023-08-16 10:05:00,2449,2449.95,2445.85,2447.95,79608
2023-08-16 10:10:00,2448.05,2449.8,2444.3,2447.35,92439
2023-08-16 10:15:00,2446.75,2446.9,2441.1,2443.6,94478
2023-08-16 10:20:00,2443.6,2446,2438.1,2444,97475
2023-08-16 10:25:00,2446.8,2448,2443,2448,92029
2023-08-16 10:30:00,2446.85,2448,2443.15,2445.7,80930
2023-08-16 10:35:00,2445.7,2449.5,2440,2446.9,88927
2023-08-16 10:40:00,2447,2455,2446.95,2454.35,99779
2023-08-16 10:45:00,2456,2460,2449.2,2457.75,160160
2023-08-16 10:50:00,2457,2459,2448.15,2450,90455
2023-08-16 10:55:00,2450,2454,2445.05,2446.2,91887
2023-08-16 11:00:00,2445.85,2455,2445.85,2453.5,87836
2023-08-16 11:05:00,2453.3,2455,2449.2,2450.7,92479
2023-08-16 11:10:00,2450,2452,2447.95,2448.9,93553
2023-08-16 11:15:00,2448.65,2452,2448.15,2450.7,89526
2023-08-16 11:20:00,2450.55,2455,2449.15,2452.4,94567
2023-08-16 11:25:00,2452.4,2455,2452,2453.3,111557
2023-08-16 11:30:00,2453.3,2459,2452.3,2455.1,123266
2023-08-16 11:35:00,2455.15,2457,2452.35,2453.5,90805
2023-08-16 11:40:00,2455,2455,2449.3,2450.25,97780
2023-08-16 11:45:00,2450.4,2455,2450.2,2453.4,97762
2023-08-16 11:50:00,2453.15,2456.9,2452.1,2455,96184
2023-08-16 11:55:00,2455,2459.95,2453.25,2453.35,107398
2023-08-16 12:00:00,2453.3,2458.35,2449.05,2450.05,133308
2023-08-16 12:05:00,2449.1,2452,2448.65,2449.45,92292
2023-08-16 12:10:00,2449.45,2450,2448.2,2450,71599
2023-08-16 12:15:00,2449,2452,2449,2450.6,87390
2023-08-16 12:20:00,2450.5,2454,2450.5,2452.1,94584
2023-08-16 12:25:00,2452.35,2456,2446.05,2450,164837
2023-08-16 12:30:00,2449.6,2456.25,2448.45,2450.55,91814
2023-08-16 12:35:00,2450.55,2456,2450,2450.55,90274
2023-08-16 12:40:00,2449.45,2449.45,2444,2446.35,116981
2023-08-16 12:45:00,2446.35,2449.7,2443.25,2444,99307
2023-08-16 12:50:00,2444,2452,2443.3,2449.6,94841
2023-08-16 12:55:00,2449.45,2451.85,2447.05,2448.8,97106
2023-08-16 13:00:00,2450.95,2452,2449.15,2449.25,89182
2023-08-16 13:05:00,2449.25,2451,2447.45,2449.65,71629
2023-08-16 13:10:00,2449.55,2451,2448,2449.25,86271
2023-08-16 13:15:00,2451,2452,2449.2,2450.8,87369
2023-08-16 13:20:00,2450.55,2453.35,2449.7,2451.75,82951
2023-08-16 13:25:00,2451.65,2452.2,2446.25,2448.1,100340
2023-08-16 13:30:00,2448.1,2450,2448,2448.3,84520
2023-08-16 13:35:00,2448.5,2450,2447.3,2448.05,97626
2023-08-16 13:40:00,2448.05,2450,2448,2449.5,80877
2023-08-16 13:45:00,2448.6,2463.3,2448.5,2457.9,205372
2023-08-16 13:50:00,2457.9,2465,2457,2461.65,124988
2023-08-16 13:55:00,2461.6,2464.05,2459.1,2461.4,83672
2023-08-16 14:00:00,2460.25,2461.7,2458.55,2458.85,75002
2023-08-16 14:05:00,2459,2461,2457.1,2459.3,83825
2023-08-16 14:10:00,2460,2461.25,2458,2458.4,76933
2023-08-16 14:15:00,2460,2460,2456.3,2458.3,119271
2023-08-16 14:20:00,2458.5,2460,2457.05,2460,81796
2023-08-16 14:25:00,2458.6,2460,2452,2454.15,99456
2023-08-16 14:30:00,2455.05,2458,2452.85,2455.75,93927
2023-08-16 14:35:00,2456.9,2458,2455.05,2456.4,91950
2023-08-16 14:40:00,2456.4,2460,2455.2,2458.6,143350
2023-08-16 14:45:00,2458.6,2465,2456.4,2463.45,248662
2023-08-16 14:50:00,2463.45,2465,2454.1,2454.2,78565
2023-08-16 14:55:00,2454,2454.45,2447,2447.25,39460
2023-08-16 15:00:00,2448.4,2451.95,2447,2451.2,20446
2023-08-16 15:05:00,2451.8,2453,2446.2,2446.2,23741
2023-08-16 15:10:00,2446.15,2449.45,2444.05,2444.05,25296
2023-08-16 15:15:00,2444.85,2446.75,2441.35,2445.95,37255
2023-08-16 15:20:00,2445.95,2447.9,2441.65,2442.7,47613
2023-08-16 15:25:00,2443,2444,2438.05,2442,34089
2023-08-17 09:15:00,2454.95,2460.45,2445.5,2455.2,105563
2023-08-17 09:20:00,2454.05,2459.85,2452.3,2456.85,32816
2023-08-17 09:25:00,2456.85,2457.65,2449,2455,44425
2023-08-17 09:30:00,2454.8,2459.5,2452.7,2455,37885
2023-08-17 09:35:00,2455,2455.35,2450.5,2454.65,41489
2023-08-17 09:40:00,2453.55,2464.5,2452,2464.35,92158
2023-08-17 09:45:00,2464.05,2465,2459.25,2460,78423
2023-08-17 09:50:00,2458.8,2464.95,2458.8,2462.3,96026
2023-08-17 09:55:00,2463,2468.9,2462.05,2465,106380
2023-08-17 10:00:00,2465.65,2465.7,2456,2458.9,98746
2023-08-17 10:05:00,2458.75,2461,2458.4,2461,68034
2023-08-17 10:10:00,2460.7,2466,2458.7,2464.55,91161
2023-08-17 10:15:00,2464.55,2466,2463,2464,84278
2023-08-17 10:20:00,2464,2467.2,2463.35,2465.85,79858
2023-08-17 10:25:00,2465.55,2467.75,2453.15,2454.05,133408
2023-08-17 10:30:00,2455,2459.95,2454.05,2457,102952
2023-08-17 10:35:00,2459.8,2460.5,2455.15,2458.8,94911
2023-08-17 10:40:00,2458.75,2460,2455.55,2457.15,98392
2023-08-17 10:45:00,2458,2460,2457.15,2458.5,96972
2023-08-17 10:50:00,2458.45,2460.85,2453,2453,99725
2023-08-17 10:55:00,2453,2457,2451.2,2453.1,104506
2023-08-17 11:00:00,2452.5,2457,2452.4,2456,84902
2023-08-17 11:05:00,2456.1,2459,2454,2454,100288
2023-08-17 11:10:00,2454.75,2459,2453.2,2457.75,68538
2023-08-17 11:15:00,2457.85,2459,2455.1,2457.4,75050
2023-08-17 11:20:00,2457.4,2460,2456,2459.15,70516
2023-08-17 11:25:00,2459,2463,2458.4,2460,103664
2023-08-17 11:30:00,2460,2460,2454,2457.85,98887
2023-08-17 11:35:00,2458,2460,2457.1,2458.35,91233
2023-08-17 11:40:00,2459.4,2460,2456.25,2458.9,103562
2023-08-17 11:45:00,2457.75,2459.9,2456,2459.75,96914
2023-08-17 11:50:00,2458.8,2460,2457.6,2458.65,92902
2023-08-17 11:55:00,2459.8,2460,2456.15,2459.4,96081
2023-08-17 12:00:00,2458.55,2460,2454,2454.9,112014
2023-08-17 12:05:00,2456,2457,2447.4,2450.5,138637
2023-08-17 12:10:00,2450,2455,2449.7,2453.25,74652
2023-08-17 12:15:00,2453.25,2459.8,2453,2458.55,154609
2023-08-17 12:20:00,2458.55,2459.75,2454.1,2459.75,149313
2023-08-17 12:25:00,2458.2,2460,2456.05,2459.6,103148
2023-08-17 12:30:00,2460,2463,2458.25,2462.75,124223
2023-08-17 12:35:00,2462.75,2463,2459.35,2459.35,81900
2023-08-17 12:40:00,2459.65,2462,2457,2459.1,83166
2023-08-17 12:45:00,2459.1,2461.95,2457.1,2459.35,107013
2023-08-17 12:50:00,2460,2462,2457.35,2458.45,98091
2023-08-17 12:55:00,2459.1,2460.9,2455.75,2456.1,98462
2023-08-17 13:00:00,2456.7,2460,2455.1,2458.4,95649
2023-08-17 13:05:00,2459.4,2460,2453.1,2453.9,158366
2023-08-17 13:10:00,2453.5,2456.35,2453.3,2455,63176
2023-08-17 13:15:00,2455,2457.3,2453.5,2454.7,98580
2023-08-17 13:20:00,2454.7,2455.85,2453.1,2454.75,71737
2023-08-17 13:25:00,2454.9,2458,2453,2457.3,80769
2023-08-17 13:30:00,2458,2460.15,2457.15,2459.9,109591
2023-08-17 13:35:00,2458.8,2460,2457.55,2458.65,94832
2023-08-17 13:40:00,2458.85,2460,2456.5,2459.9,103338
2023-08-17 13:45:00,2459.15,2462,2458.55,2460,83177
2023-08-17 13:50:00,2460,2463,2459.2,2462.45,73440
2023-08-17 13:55:00,2462,2465,2461.05,2464.15,80853
2023-08-17 14:00:00,2464.1,2465,2461.8,2463,97308
2023-08-17 14:05:00,2463.3,2469,2463.1,2466.55,201984
2023-08-17 14:10:00,2467,2479.25,2463,2463.7,386424
2023-08-17 14:15:00,2463.9,2465.95,2458,2458.8,162615
2023-08-17 14:20:00,2459,2460,2455.7,2457,94741
2023-08-17 14:25:00,2457.25,2465,2455.1,2463.5,117266
2023-08-17 14:30:00,2465,2469.85,2462.15,2465.6,121242
2023-08-17 14:35:00,2465.35,2475,2465.25,2473.1,164142
2023-08-17 14:40:00,2473.1,2475,2471.9,2473.85,149355
2023-08-17 14:45:00,2473.2,2482.4,2472,2476.6,174969
2023-08-17 14:50:00,2476.35,2482,2475.5,2480.3,128406
2023-08-17 14:55:00,2480.6,2482,2477.7,2480.7,86420
2023-08-17 15:00:00,2481.1,2485.7,2478,2481.1,96211
2023-08-17 15:05:00,2480.9,2483.5,2478,2479,119354
2023-08-17 15:10:00,2479.1,2480,2476.2,2478.5,58312
2023-08-17 15:15:00,2479,2480,2477.45,2479.8,124757
2023-08-17 15:20:00,2479.8,2482,2477.25,2479,131492
2023-08-17 15:25:00,2477.5,2479,2473,2477.5,41634
2023-08-18 09:15:00,2477.5,2489,2470.55,2479.95,118930
