Timestamp,Symbol,Open,High,Low,Close,Volume,atr,sma,top2,top1,bott1,bott2,sell_arrow,buy_arrow
2023-07-11 11:25:00,ADANIENT,2440.95,2440.95,2436.05,2437.15,9869,4.899999999999636,,,,,,,
2023-07-11 11:30:00,ADANIENT,2438.0,2438.0,2435.35,2437.0,11868,4.4499999999997275,,,,,,,
2023-07-11 11:35:00,ADANIENT,2436.35,2439.8,2436.1,2438.2,13995,4.299999999999836,,,,,,,
2023-07-11 11:40:00,ADANIENT,2438.45,2444.4,2436.25,2443.75,26742,5.0699999999998875,,,,,,,
2023-07-11 11:45:00,ADANIENT,2442.55,2444.95,2440.05,2440.9,30148,5.035999999999838,,,,,,,
2023-07-11 11:50:00,ADANIENT,2440.1,2440.9,2436.5,2438.1,16747,4.908799999999889,,,,,,,
2023-07-11 11:55:00,ADANIENT,2438.0,2438.5,2436.0,2436.0,13774,4.427039999999911,,,,,,,
2023-07-11 12:00:00,ADANIENT,2436.0,2436.95,2431.65,2433.7,19553,4.601631999999874,,,,,,,
2023-07-11 12:05:00,ADANIENT,2433.55,2434.0,2433.0,2433.2,4654,3.8813055999998998,,,,,,,
2023-07-11 12:10:00,ADANIENT,2432.8,2434.0,2432.0,2433.8,8920,3.50504447999992,,,,,,,
2023-07-11 12:15:00,ADANIENT,2433.8,2433.8,2425.55,2430.95,33452,4.454035583999937,,,,,,,
2023-07-11 12:20:00,ADANIENT,2430.95,2431.05,2429.0,2430.1,8519,3.973228467199986,,,,,,,
2023-07-11 12:25:00,ADANIENT,2430.1,2430.7,2427.1,2427.45,7657,3.898582773759971,,,,,,,
2023-07-11 12:30:00,ADANIENT,2427.45,2430.4,2422.0,2423.0,108645,4.798866219007995,,,,,,,
2023-07-11 12:35:00,ADANIENT,2422.8,2424.0,2420.2,2421.8,23619,4.599092975206433,,,,,,,
2023-07-11 12:40:00,ADANIENT,2421.8,2421.85,2414.4,2418.0,42531,5.16927438016511,,,,,,,
2023-07-11 12:45:00,ADANIENT,2418.0,2420.85,2416.2,2417.85,22633,5.065419504132106,,,,,,,
2023-07-11 12:50:00,ADANIENT,2417.85,2422.95,2417.85,2419.7,14830,5.072335603305667,,,,,,,
2023-07-11 12:55:00,ADANIENT,2419.7,2421.9,2416.45,2421.5,13883,5.147868482644588,,,,,,,
2023-07-11 13:00:00,ADANIENT,2421.5,2424.35,2418.0,2421.3,20751,5.388294786115653,2430.1724999999997,2444.2790557500502,2438.890760963935,2421.4542390360643,2416.065944249949,,
2023-07-11 13:05:00,ADANIENT,2421.35,2424.55,2420.05,2421.75,10916,5.2106358288925225,2429.4024999999997,2443.0439446000405,2437.8333087711476,2420.971691228852,2415.761055399959,,
2023-07-11 13:10:00,ADANIENT,2421.95,2424.35,2419.6,2420.0,9588,5.118508663114018,2428.5525,2441.952755680032,2436.834247016918,2420.2707529830814,2415.1522443199674,,
2023-07-11 13:15:00,ADANIENT,2420.0,2424.25,2418.8,2423.95,6084,5.184806930491178,2427.84,2441.413824544026,2436.229017613535,2419.4509823864655,2414.2661754559745,,
2023-07-11 13:20:00,ADANIENT,2423.55,2425.0,2423.0,2424.5,6538,4.547845544392943,2426.8775,2438.7837596352206,2434.235914090828,2419.519085909172,2414.9712403647795,,
2023-07-11 13:25:00,ADANIENT,2424.75,2424.75,2421.0,2422.0,8010,4.388276435514355,2425.9325,2437.4210077081766,2433.032731272662,2418.8322687273376,2414.443992291823,,
2023-07-11 13:30:00,ADANIENT,2422.0,2427.5,2421.0,2426.8,8995,4.810621148411484,2425.3675,2437.9617061665413,2433.15108501813,2417.58391498187,2412.7732938334584,,
2023-07-11 13:35:00,ADANIENT,2426.8,2428.0,2423.5,2426.0,16927,4.748496918729188,2424.8675,2437.299064933233,2432.550568014504,2417.184431985496,2412.435935066767,,
2023-07-11 13:40:00,ADANIENT,2426.5,2427.1,2425.0,2425.7,9873,4.218797534983333,2424.4674999999997,2435.512311946586,2431.2935144116027,2417.641485588397,2413.4226880534134,,
2023-07-11 13:45:00,ADANIENT,2425.7,2425.85,2422.05,2425.0,11867,4.135038027986612,2424.0575,2434.883029557269,2430.7479915292824,2417.3670084707173,2413.231970442731,,
2023-07-11 13:50:00,ADANIENT,2424.9,2424.9,2415.9,2416.6,21748,5.10803042238929,2423.1974999999998,2436.570323645815,2431.4622932234256,2414.932706776574,2409.8246763541847,,
2023-07-11 13:55:00,ADANIENT,2417.05,2422.0,2416.4,2421.05,6571,5.206424337911415,2422.7025000000003,2436.3329189166525,2431.126494578741,2414.2785054212595,2409.072081083348,,
2023-07-11 14:00:00,ADANIENT,2421.05,2423.0,2418.8,2421.0,22489,5.0051394703290955,2422.2475,2435.3509551333213,2430.345815662992,2414.1491843370077,2409.1440448666785,,
2023-07-11 14:05:00,ADANIENT,2421.0,2421.0,2418.1,2418.75,4993,4.584111576263294,2421.8125,2433.8137041066575,2429.229592530394,2414.395407469606,2409.8112958933425,,
2023-07-11 14:10:00,ADANIENT,2418.8,2419.9,2416.0,2419.55,11980,4.447289261010654,2421.6400000000003,2433.2830032853262,2428.8357140243156,2414.444285975685,2409.9969967146744,,
2023-07-11 14:15:00,ADANIENT,2419.5,2419.65,2415.05,2417.15,10141,4.477831408808505,2421.4075000000003,2433.130462628261,2428.6526312194524,2414.162368780548,2409.6845373717397,,
2023-07-11 14:20:00,ADANIENT,2417.0,2419.0,2415.05,2415.4,8775,4.372265127046768,2421.2775,2432.7240901026084,2428.3518249755616,2414.2031750244387,2409.830909897392,,
2023-07-11 14:25:00,ADANIENT,2415.3,2418.5,2412.55,2418.3,22203,4.687812101637379,2421.3,2433.5726920820866,2428.8848799804496,2413.715120019551,2409.0273079179137,,
2023-07-11 14:30:00,ADANIENT,2418.3,2421.0,2417.0,2419.3,11004,4.550249681309903,2421.2799999999997,2433.192553665669,2428.6423039843594,2413.91769601564,2409.3674463343305,,
2023-07-11 14:35:00,ADANIENT,2418.3,2422.0,2411.2,2420.65,29819,5.8001997450479585,2421.2375,2436.422422932536,2430.6222231874876,2411.8527768125127,2406.0525770674644,,
2023-07-11 14:40:00,ADANIENT,2420.65,2428.0,2418.05,2422.6,65016,6.630159796038331,2421.3025000000002,2438.6602583460285,2432.0300985499903,2410.57490145001,2403.944741653972,,
2023-07-11 14:45:00,ADANIENT,2422.2,2426.0,2420.5,2424.4,22307,6.404127836830666,2421.4350000000004,2438.201006676823,2431.7968788399926,2411.073121160008,2404.668993323178,,
2023-07-11 14:50:00,ADANIENT,2425.55,2428.0,2425.1,2427.5,26072,5.843302269464515,2421.8100000000004,2437.1077653414586,2431.264463071994,2412.3555369280066,2406.512234658542,,
2023-07-11 14:55:00,ADANIENT,2426.55,2434.4,2425.5,2428.15,59670,6.45464181557163,2422.02,2438.9182522731667,2432.4636104575948,2411.576389542405,2405.1217477268333,,
2023-07-11 15:00:00,ADANIENT,2428.35,2431.9,2425.25,2425.25,26747,6.493713452457323,2422.0575,2439.058041818533,2432.5643283660756,2411.550671633924,2405.0569581814666,,
2023-07-11 15:05:00,ADANIENT,2423.55,2425.95,2418.15,2420.0,40817,6.754970761965804,2421.9575,2439.6420134548266,2432.8870426928606,2411.0279573071393,2404.2729865451734,,
2023-07-11 15:10:00,ADANIENT,2421.0,2423.0,2420.05,2421.45,16538,6.003976609572645,2421.69,2437.4084107638614,2431.4044341542885,2411.9755658457116,2405.9715892361387,,
2023-07-11 15:15:00,ADANIENT,2421.5,2424.65,2421.45,2424.35,38937,5.443181287658171,2421.6075,2435.857748611089,2430.414567323431,2412.800432676569,2407.357251388911,,
2023-07-11 15:20:00,ADANIENT,2424.6,2425.0,2418.75,2419.7,55520,5.604545030126537,2421.3075,2435.980198888871,2430.3756538587445,2412.2393461412553,2406.6348011111286,,
2023-07-11 15:25:00,ADANIENT,2419.7,2419.75,2416.0,2418.0,28333,5.233636024101229,2420.9575,2434.659159111097,2429.425523086996,2412.489476913004,2407.255840888903,,
2023-07-12 09:15:00,ADANIENT,2429.9,2432.0,2420.4,2428.0,74463,6.986908819280984,2421.5275,2439.8192272888778,2432.832318469597,2410.2226815304034,2403.2357727111225,,
2023-07-12 09:20:00,ADANIENT,2428.05,2429.9,2412.3,2415.2,56644,9.10952705542477,2421.2349999999997,2445.0837418311016,2435.974214775677,2406.4957852243224,2397.3862581688977,,
2023-07-12 09:25:00,ADANIENT,2416.0,2418.0,2405.35,2407.2,66005,9.817621644339836,2420.5449999999996,2446.247533464881,2436.4299118205413,2404.660088179458,2394.842466535118,,
2023-07-12 09:30:00,ADANIENT,2407.35,2418.05,2406.0,2416.5,43553,10.264097315471904,2420.4325,2447.3039067719055,2437.0398094564334,2403.8251905435664,2393.5610932280943,,
2023-07-12 09:35:00,ADANIENT,2416.05,2416.15,2410.0,2410.45,25274,9.441277852377542,2419.9775,2444.694765417524,2435.2534875651468,2404.701512434853,2395.2602345824757,,
2023-07-12 09:40:00,ADANIENT,2410.9,2412.65,2407.1,2410.0,26196,8.663022281902071,2419.62,2442.2997923340195,2433.6367700521173,2405.6032299478825,2396.9402076659803,,
2023-07-12 09:45:00,ADANIENT,2409.7,2410.0,2403.0,2407.9,33923,8.330417825521657,2419.245,2441.0540338672154,2432.7236160416937,2405.766383958306,2397.4359661327844,,
2023-07-12 09:50:00,ADANIENT,2406.9,2408.0,2396.6,2397.85,73002,8.944334260417344,2418.2225000000003,2441.638767093773,2432.6944328333557,2403.750567166645,2394.8062329062277,,
2023-07-12 09:55:00,ADANIENT,2397.85,2408.0,2397.85,2407.75,26961,9.185467408333894,2417.645,2441.692553675018,2432.5070862666844,2402.7829137333156,2393.597446324982,,
2023-07-12 10:00:00,ADANIENT,2408.0,2409.85,2403.0,2404.65,21801,8.718373926667097,2416.845,2439.6697029400143,2430.9513290133473,2402.7386709866523,2394.0202970599853,,
2023-07-12 10:05:00,ADANIENT,2404.0,2406.5,2400.0,2401.75,16741,8.274699141333677,2415.8025000000002,2437.465662352012,2429.190963210678,2402.4140367893224,2394.1393376479887,,
2023-07-12 10:10:00,ADANIENT,2402.0,2402.0,2397.7,2399.05,22827,7.479759313066979,2414.535,2434.117009881609,2426.637250568542,2402.4327494314575,2394.9529901183905,,
2023-07-12 10:15:00,ADANIENT,2400.0,2402.45,2399.0,2400.95,9986,6.673807450453547,2413.2074999999995,2430.6795279052867,2424.0057204548334,2402.4092795451656,2395.7354720947123,,
2023-07-12 10:20:00,ADANIENT,2400.75,2401.05,2392.0,2394.4,41761,7.149045960362875,2411.5199999999995,2430.2362023242295,2423.0871563638666,2399.9528436361325,2392.8037976757696,,
2023-07-12 10:25:00,ADANIENT,2394.35,2399.7,2393.0,2396.95,15298,7.059236768290264,2410.105,2428.5860818593837,2421.5268450910935,2398.6831549089065,2391.6239181406163,,
2023-07-12 10:30:00,ADANIENT,2396.95,2399.0,2394.0,2398.35,11819,6.647389414632212,2409.0225,2426.425365487507,2419.777976072875,2398.267023927125,2391.619634512493,,2394.0
2023-07-12 10:35:00,ADANIENT,2398.2,2400.0,2396.9,2398.0,15878,5.937911531705751,2407.85,2423.3954523900056,2417.4575408583,2398.2424591417,2392.304547609994,,
2023-07-12 10:40:00,ADANIENT,2398.0,2400.65,2396.0,2400.65,15274,5.68032922536462,2406.665,2421.5361019120046,2415.8557726866397,2397.47422731336,2391.7938980879953,,
2023-07-12 10:45:00,ADANIENT,2400.05,2405.0,2400.05,2404.5,16246,5.53426338029166,2405.9049999999997,2420.3937015296033,2414.8594381493117,2396.950561850688,2391.416298470396,,
2023-07-12 10:50:00,ADANIENT,2404.25,2404.5,2402.3,2404.0,6271,4.867410704233292,2405.205,2417.9478812236825,2413.0804705194496,2397.3295294805503,2392.4621187763173,,
2023-07-12 10:55:00,ADANIENT,2403.1,2408.2,2403.1,2406.3,23831,4.913928563386616,2404.12,2416.984664978946,2412.0707364155596,2396.16926358444,2391.2553350210537,,
2023-07-12 11:00:00,ADANIENT,2406.3,2409.55,2405.3,2407.1,19184,4.781142850709292,2403.715,2416.232031983157,2411.4508891324476,2395.9791108675527,2391.1979680168433,,
2023-07-12 11:05:00,ADANIENT,2407.05,2408.0,2407.0,2407.0,6888,4.024914280567434,2403.7050000000004,2414.242225586526,2410.2173113059584,2397.1926886940423,2393.167774413475,,
2023-07-12 11:10:00,ADANIENT,2406.15,2406.5,2401.0,2401.5,9929,4.319931424453948,2402.9550000000004,2414.2645804692206,2409.9446490447667,2395.965350955234,2391.64541953078,,
2023-07-12 11:15:00,ADANIENT,2401.55,2403.0,2398.05,2401.7,18021,4.445945139563122,2402.5175,2414.1569843753764,2409.711039235813,2395.3239607641867,2390.8780156246235,,
2023-07-12 11:20:00,ADANIENT,2401.6,2402.95,2401.5,2402.0,3882,3.8467561116504614,2402.1175,2412.1883075003007,2408.3415513886503,2395.8934486113494,2392.046692499699,,
2023-07-12 11:25:00,ADANIENT,2402.0,2402.5,2399.5,2399.7,7416,3.6774048893203695,2401.7074999999995,2411.33494600024,2407.6575411109197,2395.7574588890793,2392.080053999759,,
2023-07-12 11:30:00,ADANIENT,2399.9,2400.0,2398.0,2399.2,5104,3.3419239114562957,2401.775,2410.5241568001925,2407.1822328887365,2396.3677671112637,2393.0258431998077,,
2023-07-12 11:35:00,ADANIENT,2399.2,2399.85,2396.0,2396.05,12555,3.4435391291650186,2401.1899999999996,2410.2051854401534,2406.7616463109885,2395.6183536890107,2392.174814559846,,
2023-07-12 11:40:00,ADANIENT,2396.05,2397.05,2394.0,2394.7,20825,3.364831303332051,2400.6925,2409.5016283521236,2406.1367970487913,2395.248202951209,2391.8833716478766,,
2023-07-12 11:45:00,ADANIENT,2394.8,2397.0,2394.0,2395.45,11165,3.2918650426656413,2400.3775,2408.9956026816985,2405.703737639033,2395.051262360967,2391.7593973183016,,
2023-07-12 11:50:00,ADANIENT,2396.05,2397.0,2395.05,2396.45,5140,3.023492034132477,2400.2475,2408.163002145359,2405.139510111226,2395.3554898887737,2392.331997854641,,
2023-07-12 11:55:00,ADANIENT,2396.0,2398.2,2392.35,2393.0,18849,3.5887936273059635,2399.85,2409.245461716287,2405.656668088981,2394.043331911019,2390.4545382837127,,
2023-07-12 12:00:00,ADANIENT,2393.85,2395.0,2392.25,2395.0,7124,3.421034901844771,2399.88,2408.8362693730296,2405.415234471185,2394.344765528815,2390.9237306269706,,
2023-07-12 12:05:00,ADANIENT,2395.0,2398.0,2394.7,2397.35,6449,3.3968279214758534,2399.9,2408.792895498424,2405.396067576948,2394.403932423052,2391.007104501576,,
2023-07-12 12:10:00,ADANIENT,2397.35,2397.9,2395.0,2397.9,4895,3.297462337180701,2399.8774999999996,2408.510256398739,2405.212794061558,2394.5422059384414,2391.2447436012603,,
2023-07-12 12:15:00,ADANIENT,2397.85,2400.0,2397.0,2397.95,7182,3.237969869744561,2399.875,2408.352005118991,2405.1140352492466,2394.6359647507534,2391.397994881009,,
2023-07-12 12:20:00,ADANIENT,2398.05,2400.0,2397.75,2399.0,4471,3.0403758957956493,2399.7925,2407.752204095193,2404.7118281993976,2394.8731718006024,2391.832795904807,,
2023-07-12 12:25:00,ADANIENT,2399.9,2399.9,2397.4,2399.65,3304,2.9323007166365196,2399.55,2407.2267632761545,2404.2944625595183,2394.805537440482,2391.873236723846,,
2023-07-12 12:30:00,ADANIENT,2399.25,2402.45,2398.55,2402.0,27530,3.125840573309143,2399.45,2407.633450620923,2404.507610047614,2394.3923899523857,2391.2665493790764,,
2023-07-12 12:35:00,ADANIENT,2401.35,2406.6,2401.1,2404.35,16995,3.6006724586473147,2399.3525,2408.7790604967386,2405.1783880380913,2393.5266119619087,2389.9259395032614,,
2023-07-12 12:40:00,ADANIENT,2404.15,2404.4,2400.45,2401.45,9607,3.6705379669179066,2399.0699999999997,2408.679468397391,2405.008930430473,2393.1310695695265,2389.4605316026086,,
2023-07-12 12:45:00,ADANIENT,2401.8,2402.2,2399.3,2399.5,6673,3.5164303735342526,2398.6949999999997,2407.9010147179124,2404.3845843443783,2393.005415655621,2389.488985282087,,
2023-07-12 12:50:00,ADANIENT,2400.55,2400.7,2398.5,2398.8,3764,3.2531442988273658,2398.56,2407.07673177433,2403.823587475503,2393.296412524497,2390.04326822567,,
2023-07-12 12:55:00,ADANIENT,2399.25,2402.75,2399.0,2402.0,6395,3.3925154390618566,2398.575,2407.456605419464,2404.064089980402,2393.0859100195976,2389.693394580536,,
2023-07-12 13:00:00,ADANIENT,2401.6,2403.65,2401.55,2403.0,6196,3.134012351249467,2398.625,2406.829844335571,2403.6958319843216,2393.5541680156784,2390.420155664429,,
2023-07-12 13:05:00,ADANIENT,2403.2,2404.35,2401.1,2402.9,10365,3.1572098809995737,2398.7850000000003,2407.0505754684573,2403.8933655874575,2393.676634412543,2390.5194245315433,,
2023-07-12 13:10:00,ADANIENT,2403.75,2406.0,2402.8,2404.45,10682,3.165767904799623,2399.0474999999997,2407.335480374765,2404.1697124699654,2393.925287530034,2390.759519625234,2406.0,
2023-07-12 13:15:00,ADANIENT,2404.95,2405.0,2401.85,2401.85,4627,3.162614323839717,2399.3375,2407.6172242998123,2404.4546099759727,2394.2203900240274,2391.057775700188,,
2023-07-12 13:20:00,ADANIENT,2402.55,2404.5,2401.1,2403.7,7904,3.210091459071792,2399.7875,2408.19151943985,2404.981427980778,2394.593572019222,2391.38348056015,,
2023-07-12 13:25:00,ADANIENT,2403.85,2405.0,2402.55,2403.5,4425,3.0580731672573975,2400.19,2408.19603555188,2405.1379623846224,2395.2420376153777,2392.18396444812,,
2023-07-12 13:30:00,ADANIENT,2403.05,2403.7,2401.1,2401.5,2889,2.9664585338059,2400.4425,2408.208688441504,2405.242229907698,2395.6427700923023,2392.6763115584963,,
2023-07-12 13:35:00,ADANIENT,2399.15,2399.4,2395.05,2396.1,20876,3.243166827044702,2400.5975000000003,2409.088110753203,2405.8449439261585,2395.350056073842,2392.1068892467974,,
2023-07-12 13:40:00,ADANIENT,2397.05,2397.9,2396.0,2397.9,4725,2.97453346163578,2400.7425000000003,2408.5298286025627,2405.555295140927,2395.929704859074,2392.955171397438,,
2023-07-12 13:45:00,ADANIENT,2397.9,2399.5,2396.0,2397.5,7341,3.079626769308624,2400.75,2408.81246288205,2405.7328361127416,2395.7671638872584,2392.68753711795,,
2023-07-12 13:50:00,ADANIENT,2397.8,2399.3,2396.05,2396.3,6113,3.1137014154468994,2400.67,2408.82167030564,2405.707968890193,2395.632031109807,2392.51832969436,,
2023-07-12 13:55:00,ADANIENT,2397.2,2397.2,2393.0,2394.0,22017,3.3309611323574835,2400.4725,2409.1929562445116,2405.861995112154,2395.0830048878456,2391.752043755488,,
2023-07-12 14:00:00,ADANIENT,2394.0,2398.5,2392.0,2395.75,21204,3.964768905885987,2400.31,2410.6897649956095,2406.7249960897234,2393.8950039102765,2389.9302350043904,,
2023-07-12 14:05:00,ADANIENT,2395.75,2397.0,2394.4,2394.95,16477,3.6918151247087714,2400.075,2409.7401719964873,2406.0483568717787,2394.101643128221,2390.4098280035123,,
2023-07-12 14:10:00,ADANIENT,2395.25,2396.4,2392.25,2393.0,13703,3.7834520997670356,2399.625,2409.53007759719,2405.746625497423,2393.503374502577,2389.71992240281,,
2023-07-12 14:15:00,ADANIENT,2392.25,2396.0,2392.0,2394.35,10613,3.826761679813629,2399.125,2409.1434620777522,2405.3167003979383,2392.9332996020617,2389.1065379222478,,
2023-07-12 14:20:00,ADANIENT,2395.65,2397.25,2393.6,2395.85,6440,3.7914093438509213,2398.8450000000003,2408.770909662202,2404.9795003183513,2392.7104996816493,2388.9190903377985,,
2023-07-12 14:25:00,ADANIENT,2395.65,2398.95,2395.65,2396.45,10191,3.693127475080683,2398.6925,2408.3611077297614,2404.6679802546805,2392.7170197453197,2389.023892270239,,
2023-07-12 14:30:00,ADANIENT,2396.05,2398.0,2396.0,2396.3,3511,3.3545019800645464,2398.5675,2407.349586183809,2403.9950842037447,2393.1399157962555,2389.785413816191,,
2023-07-12 14:35:00,ADANIENT,2396.4,2398.0,2395.2,2397.1,7691,3.2436015840516736,2398.3224999999998,2406.814248947047,2403.5706473629953,2393.0743526370043,2389.8307510529526,,
2023-07-12 14:40:00,ADANIENT,2398.0,2399.0,2396.95,2397.65,10400,3.004881267241376,2398.055,2405.921779157638,2402.9168978903963,2393.1931021096034,2390.1882208423617,,
2023-07-12 14:45:00,ADANIENT,2396.95,2398.45,2396.0,2397.9,8048,2.8939050137930646,2397.805,2405.38124332611,2402.487338312317,2393.1226616876825,2390.2287566738896,,
2023-07-12 14:50:00,ADANIENT,2397.6,2397.9,2396.1,2396.75,4017,2.6751240110344883,2397.42,2404.4234746608886,2401.748350649854,2393.0916493501463,2390.4165253391116,,
2023-07-12 14:55:00,ADANIENT,2396.5,2397.0,2394.0,2394.0,11366,2.7400992088275906,2397.0275,2404.2010797287107,2401.4609805198834,2392.594019480117,2389.8539202712896,,
2023-07-12 15:00:00,ADANIENT,2394.0,2395.0,2388.05,2389.1,51136,3.582079367062036,2396.2975,2405.6753837829683,2402.0933044159065,2390.501695584094,2386.919616217032,,
2023-07-12 15:05:00,ADANIENT,2389.05,2391.5,2386.95,2391.2,43903,3.775663493649666,2395.6825,2405.5671870263745,2401.791523532725,2389.5734764672748,2385.7978129736252,,
2023-07-12 15:10:00,ADANIENT,2393.6,2393.6,2390.0,2390.2,33284,3.7405307949197146,2395.1175,2404.9102096210995,2401.1696788261797,2389.06532117382,2385.3247903789,,
2023-07-12 15:15:00,ADANIENT,2391.0,2392.4,2387.0,2387.9,58440,4.07242463593579,2394.7074999999995,2405.3691076968794,2401.2966830609435,2388.1183169390556,2384.0458923031197,,
2023-07-12 15:20:00,ADANIENT,2387.7,2390.0,2380.45,2383.7,98412,5.167939708748669,2393.9975000000004,2407.5271661575043,2402.3592264487556,2385.635773551245,2380.4678338424965,,
2023-07-12 15:25:00,ADANIENT,2383.55,2390.0,2382.1,2390.0,38344,5.714351766998954,2393.6225,2408.5826729260034,2402.868321159004,2384.3766788409957,2378.6623270739965,,
2023-07-13 09:15:00,ADANIENT,2397.0,2402.3,2381.8,2397.9,86862,8.671481413599164,2393.7025000000003,2416.404438340803,2407.7329569272038,2379.672043072797,2371.0005616591975,,
2023-07-13 09:20:00,ADANIENT,2399.0,2403.6,2397.4,2399.05,40148,8.177185130879295,2393.955,2415.3628706726417,2407.1856855417627,2380.724314458237,2372.547129327358,,
2023-07-13 09:25:00,ADANIENT,2399.05,2402.0,2395.0,2401.75,27414,7.941748104703437,2394.255,2415.046496538114,2407.1047484334104,2381.40525156659,2373.4635034618864,,
2023-07-13 09:30:00,ADANIENT,2401.7,2405.65,2401.0,2402.85,40820,7.283398483762768,2394.6499999999996,2413.7179372304904,2406.434538746728,2382.8654612532714,2375.582062769509,,
2023-07-13 09:35:00,ADANIENT,2402.0,2402.7,2397.3,2397.65,20508,6.906718787010142,2394.8825,2412.964289784393,2406.0575709973828,2383.7074290026176,2376.8007102156075,,
2023-07-13 09:40:00,ADANIENT,2398.9,2401.0,2395.0,2400.25,10874,6.725375029608114,2395.1775,2412.784531827514,2406.059156797906,2384.2958432020937,2377.5704681724856,,
2023-07-13 09:45:00,ADANIENT,2401.0,2401.2,2398.0,2400.0,10547,6.020300023686454,2395.3849999999998,2411.1461454620107,2405.1258454383246,2385.644154561675,2379.623854537989,,
2023-07-13 09:50:00,ADANIENT,2401.0,2402.0,2398.8,2400.0,11590,5.456240018949128,2395.5625,2409.846936369609,2404.3906963506597,2386.7343036493403,2381.278063630391,,
2023-07-13 09:55:00,ADANIENT,2400.0,2405.7,2399.25,2404.0,20306,5.654992015159266,2395.9474999999998,2410.7522690956866,2405.0972770805274,2386.797722919472,2381.142730904313,,
2023-07-13 10:00:00,ADANIENT,2404.0,2404.8,2401.35,2402.0,9008,5.213993612127467,2396.1925,2409.84273527655,2404.6287416644223,2387.756258335578,2382.5422647234504,,
2023-07-13 10:05:00,ADANIENT,2401.45,2403.0,2400.0,2402.05,6256,4.771194889701974,2396.4125,2408.9034882212395,2404.1322933315378,2388.692706668462,2383.9215117787603,,
2023-07-13 10:10:00,ADANIENT,2402.05,2404.5,2401.15,2401.15,7892,4.486955911761561,2396.575,2408.3218505769914,2403.83489466523,2389.3151053347697,2384.828149423008,,
2023-07-13 10:15:00,ADANIENT,2402.0,2402.05,2395.05,2395.05,18823,4.989564729409249,2396.49,2409.5526804615934,2404.563115732184,2388.4168842678155,2383.427319538406,,
2023-07-13 10:20:00,ADANIENT,2396.0,2398.35,2395.0,2395.2,9808,4.661651783527382,2396.55,2408.7542043692747,2404.0925525857474,2389.007447414253,2384.3457956307257,,
2023-07-13 10:25:00,ADANIENT,2395.2,2395.35,2390.2,2393.95,28809,4.7593214268219235,2396.7925,2409.25240349542,2404.4930820685977,2389.0919179314023,2384.33259650458,,
2023-07-13 10:30:00,ADANIENT,2393.95,2394.3,2392.0,2392.9,7337,4.267457141457575,2396.8775,2408.049702796336,2403.7822456548784,2389.9727543451218,2385.705297203664,,
2023-07-13 10:35:00,ADANIENT,2392.1,2394.0,2392.0,2392.5,4959,3.81396571316606,2396.9925,2406.9774622370687,2403.1634965239027,2390.821503476097,2387.007537762931,,
2023-07-13 10:40:00,ADANIENT,2393.65,2394.0,2388.05,2390.5,24873,4.241172570532812,2397.1225000000004,2408.2258897896554,2403.9847172191226,2390.2602827808782,2386.0191102103454,,
2023-07-13 10:45:00,ADANIENT,2390.65,2393.4,2388.0,2388.5,20866,4.472938056426267,2397.3625,2409.072651831724,2404.599713775298,2390.1252862247024,2385.652348168276,,
2023-07-13 10:50:00,ADANIENT,2388.5,2391.85,2388.3,2391.25,8992,4.28835044514096,2397.425,2408.651901465379,2404.3635510202384,2390.486448979762,2386.1980985346213,,
2023-07-13 10:55:00,ADANIENT,2391.25,2391.55,2386.0,2387.55,14560,4.540680356112805,2396.9075,2408.7950011723033,2404.25432081619,2389.5606791838095,2385.0199988276963,,
2023-07-13 11:00:00,ADANIENT,2388.0,2390.1,2386.55,2389.85,8545,4.34254428489019,2396.4475,2407.8162809378427,2403.4737366529525,2389.421263347048,2385.0787190621577,,
2023-07-13 11:05:00,ADANIENT,2388.85,2393.95,2388.8,2393.95,5274,4.504035427912079,2396.0575,2407.8490647502736,2403.345029322362,2388.769970677638,2384.265935249726,,
2023-07-13 11:10:00,ADANIENT,2393.0,2396.95,2392.0,2392.0,12481,4.593228342329627,2395.5150000000003,2407.5400718002193,2402.94684345789,2388.083156542111,2383.4899281997814,,
2023-07-13 11:15:00,ADANIENT,2393.0,2394.25,2390.2,2390.65,4842,4.484582673863738,2395.165,2406.9056374401753,2402.4210547663115,2387.9089452336884,2383.4243625598247,,
2023-07-13 11:20:00,ADANIENT,2391.0,2393.55,2390.2,2392.8,3700,4.257666139091063,2394.7925000000005,2405.939069952141,2401.6814038130497,2387.9035961869513,2383.64593004786,,
2023-07-13 11:25:00,ADANIENT,2392.0,2393.0,2388.55,2390.2,4953,4.296132911272814,2394.3025000000002,2405.5497759617124,2401.2536430504397,2387.351356949561,2383.055224038288,,
2023-07-13 11:30:00,ADANIENT,2390.9,2391.25,2388.0,2389.1,6444,4.086906329018252,2393.7575,2404.45702076937,2400.3701144403517,2387.1448855596486,2383.0579792306303,,
2023-07-13 11:35:00,ADANIENT,2389.1,2389.1,2385.0,2387.0,15038,4.089525063214583,2392.9075000000003,2403.613876615496,2399.5243515522816,2386.290648447719,2382.2011233845046,,
2023-07-13 11:40:00,ADANIENT,2387.0,2387.8,2382.6,2386.0,21764,4.311620050571721,2392.1075,2403.395321292397,2399.083701241825,2385.131298758175,2380.819678707603,,
2023-07-13 11:45:00,ADANIENT,2386.0,2386.25,2383.0,2383.45,5785,4.099296040457377,2391.1775,2401.909457033917,2397.8101609934597,2384.54483900654,2380.4455429660825,,
2023-07-13 11:50:00,ADANIENT,2383.0,2385.0,2382.0,2384.85,9775,3.8794368323659016,2390.3625,2400.518865627134,2396.6394287947683,2384.085571205232,2380.2061343728665,,
2023-07-13 11:55:00,ADANIENT,2384.4,2388.0,2384.0,2385.6,9937,3.9035494658927217,2389.8900000000003,2400.1094925017073,2396.205943035815,2383.5740569641857,2379.6705074982933,,
2023-07-13 12:00:00,ADANIENT,2386.15,2387.0,2383.0,2385.0,6398,3.922839572714177,2389.38,2399.649994001366,2395.727154428652,2383.0328455713484,2379.1100059986343,,
2023-07-13 12:05:00,ADANIENT,2384.05,2384.85,2382.0,2384.5,6596,3.7082716581713235,2388.9075000000003,2398.6157552010927,2394.9074835429215,2382.907516457079,2379.199244798908,,
2023-07-13 12:10:00,ADANIENT,2384.6,2384.95,2383.0,2384.55,5699,3.3566173265370227,2388.49,2397.2776241608735,2393.921006834337,2383.0589931656627,2379.702375839126,,
2023-07-13 12:15:00,ADANIENT,2384.55,2385.5,2382.0,2385.5,13136,3.3852938612296186,2388.14,2397.0026993286992,2393.6174054674693,2382.6625945325304,2379.2773006713005,,
2023-07-13 12:20:00,ADANIENT,2385.05,2388.4,2384.95,2386.2,8041,3.39823508898375,2387.925,2396.8215794629596,2393.423344373976,2382.4266556260245,2379.028420537041,,
2023-07-13 12:25:00,ADANIENT,2386.2,2387.25,2383.1,2384.2,5269,3.548588071187018,2387.71,2397.000203570368,2393.4516154991807,2381.9683845008194,2378.4197964296322,,
2023-07-13 12:30:00,ADANIENT,2384.15,2385.8,2382.5,2385.0,3923,3.498870456949651,2387.3975,2396.5575428562943,2393.0586723993447,2381.7363276006554,2378.237457143706,,
2023-07-13 12:35:00,ADANIENT,2385.65,2387.75,2383.0,2387.75,7322,3.7490963655597214,2387.4075,2397.222634285035,2393.4735379194753,2381.3414620805243,2377.5923657149647,,
2023-07-13 12:40:00,ADANIENT,2387.0,2389.0,2386.0,2389.0,7532,3.5992770924477773,2387.365,2396.787907428028,2393.1886303355805,2381.541369664419,2377.9420925719714,,
2023-07-13 12:45:00,ADANIENT,2389.0,2390.8,2388.0,2389.1,7721,3.4394216739582584,2387.1225,2396.1269059424226,2392.6874842684642,2381.5575157315357,2378.1180940575773,,
2023-07-13 12:50:00,ADANIENT,2389.1,2391.0,2387.6,2390.65,5504,3.431537339166625,2387.055,2396.0387647539383,2392.6072274147714,2381.5027725852283,2378.0712352460614,,
2023-07-13 12:55:00,ADANIENT,2390.65,2390.9,2388.1,2389.9,3968,3.305229871333337,2387.0175,2395.6705918031507,2392.3653619318175,2381.6696380681824,2378.364408196849,,
2023-07-13 13:00:00,ADANIENT,2389.9,2390.0,2387.2,2389.5,3786,3.2041838970667063,2386.8525,2395.2410534425208,2392.036869545454,2381.668130454546,2378.463946557479,,
2023-07-13 13:05:00,ADANIENT,2389.55,2389.55,2384.3,2385.9,5872,3.6133471176533654,2386.6375,2396.0972427540164,2392.483895636363,2380.791104363637,2377.1777572459832,,
2023-07-13 13:10:00,ADANIENT,2386.0,2386.6,2384.1,2386.6,3528,3.3906776941226924,2386.5125,2395.389294203213,2391.9986165090904,2381.026383490909,2377.6357057967866,,
2023-07-13 13:15:00,ADANIENT,2386.7,2389.3,2386.65,2388.75,1951,3.2525421552982086,2386.6,2395.1151553625705,2391.8626132072723,2381.3373867927276,2378.0848446374293,,
2023-07-13 13:20:00,ADANIENT,2388.6,2388.6,2386.05,2386.55,3101,3.1120337242385125,2386.6275,2394.7748042900566,2391.662770565818,2381.592229434182,2378.4801957099435,,
2023-07-13 13:25:00,ADANIENT,2387.0,2387.0,2382.0,2382.7,13445,3.48962697939081,2386.59,2395.725843432045,2392.2362164526544,2380.943783547346,2377.454156567955,,
2023-07-13 13:30:00,ADANIENT,2382.55,2384.35,2380.0,2383.95,26252,3.66170158351263,2386.5449999999996,2396.1313347456357,2392.469633162123,2380.620366837876,2376.9586652543635,,
2023-07-13 13:35:00,ADANIENT,2383.95,2384.2,2382.25,2383.45,6408,3.319361266810068,2386.4375,2395.1275877965086,2391.808226529699,2381.066773470301,2377.7474122034914,,
2023-07-13 13:40:00,ADANIENT,2383.4,2384.15,2380.0,2381.25,15133,3.4854890134480727,2386.25,2395.375010237207,2391.889521223759,2380.610478776241,2377.124989762793,,
2023-07-13 13:45:00,ADANIENT,2382.4,2382.5,2380.1,2381.4,6841,3.2683912107584767,2386.0950000000003,2394.651648189766,2391.3832569790075,2380.806743020993,2377.5383518102344,,
2023-07-13 13:50:00,ADANIENT,2380.8,2381.4,2372.0,2372.05,39029,4.4947129686068,2385.4700000000003,2397.237158551813,2392.742445583206,2378.1975544167944,2373.7028414481874,,
2023-07-13 13:55:00,ADANIENT,2372.0,2374.75,2370.1,2372.5,20493,4.525770374885458,2384.82,2396.6684668414505,2392.1426964665648,2377.4973035334356,2372.97153315855,,
2023-07-13 14:00:00,ADANIENT,2372.1,2372.9,2366.85,2371.35,34865,4.830616299908403,2384.0775,2396.72405347316,2391.8934371732516,2376.261562826748,2371.4309465268398,,
2023-07-13 14:05:00,ADANIENT,2371.55,2374.0,2362.0,2363.2,28697,6.264493039926723,2383.0275,2399.427942778528,2393.1634497386017,2372.8915502613986,2366.627057221472,,
2023-07-13 14:10:00,ADANIENT,2362.0,2366.95,2358.6,2366.3,41791,6.681594431941361,2382.0924999999997,2399.584914222822,2392.9033197908807,2371.281680209119,2364.6000857771774,,
2023-07-13 14:15:00,ADANIENT,2366.75,2370.0,2360.4,2368.05,19655,7.265275545553072,2381.1075,2400.1279913782582,2392.862715832705,2369.3522841672952,2362.087008621742,,
2023-07-13 14:20:00,ADANIENT,2367.9,2372.9,2367.05,2370.05,17230,6.98222043644244,2380.1600000000003,2398.4394531026064,2391.457232666164,2368.8627673338365,2361.880546897394,,
2023-07-13 14:25:00,ADANIENT,2370.0,2373.7,2369.0,2373.3,10382,6.525776349153917,2379.37,2396.454482482085,2389.928706132931,2368.811293867069,2362.2855175179147,,
2023-07-13 14:30:00,ADANIENT,2373.3,2376.4,2370.1,2371.5,15242,6.48062107932317,2378.4125,2395.378765985668,2388.898144906345,2367.926855093655,2361.446234014332,,
2023-07-13 14:35:00,ADANIENT,2372.5,2373.35,2365.05,2369.15,13105,6.844496863458483,2377.375,2395.2938927885343,2388.449395925076,2366.300604074924,2359.4561072114657,,
2023-07-13 14:40:00,ADANIENT,2368.0,2369.8,2363.0,2363.9,14691,6.8355974907668235,2376.0950000000003,2393.990594230828,2387.154996740061,2365.0350032599395,2358.1994057691727,,
2023-07-13 14:45:00,ADANIENT,2363.5,2368.9,2362.0,2367.05,21441,6.848477992613478,2375.1525,2393.081815384662,2386.2333373920487,2364.0716626079516,2357.223184615338,,
2023-07-13 14:50:00,ADANIENT,2367.45,2368.2,2362.15,2363.0,10585,6.688782394090728,2373.9725,2391.4837323077295,2384.7949499136384,2363.1500500863613,2356.46126769227,,
2023-07-13 14:55:00,ADANIENT,2362.75,2365.3,2358.1,2363.0,26700,6.7910259152726375,2372.685,2390.463905846184,2383.672879930911,2361.6971200690887,2354.906094153816,,
2023-07-13 15:00:00,ADANIENT,2363.0,2367.0,2363.0,2365.95,14961,6.23282073221811,2371.6549999999997,2387.9725246769467,2381.7397039447287,2361.570296055271,2355.337475323053,,
2023-07-13 15:05:00,ADANIENT,2366.05,2366.05,2363.55,2363.6,21557,5.4862565857744885,2370.7,2385.0630197415576,2379.576763155783,2361.823236844217,2356.336980258442,,
2023-07-13 15:10:00,ADANIENT,2364.0,2365.0,2362.55,2364.9,30748,4.879005268619554,2369.7475000000004,2382.5207357932463,2377.641730524627,2361.853269475374,2356.9742642067545,,
2023-07-13 15:15:00,ADANIENT,2364.3,2366.0,2360.0,2360.45,58912,5.103204214895644,2368.5975,2381.9576886345967,2376.854484419701,2360.340515580299,2355.237311365403,,
2023-07-13 15:20:00,ADANIENT,2360.05,2362.0,2355.65,2361.65,58729,5.352563371916498,2367.6175,2381.630510907677,2376.2779475357606,2358.957052464239,2353.6044890923226,,
2023-07-13 15:25:00,ADANIENT,2361.55,2365.0,2359.5,2364.0,38883,5.382050697533199,2366.7475,2380.837708726142,2375.4556580286085,2358.0393419713914,2352.657291273858,,
2023-07-14 09:15:00,ADANIENT,2375.0,2379.0,2363.5,2369.05,87598,7.40564055802656,2366.5975000000003,2385.9854669809138,2378.5798264228874,2354.615173577113,2347.209533019087,,
2023-07-14 09:20:00,ADANIENT,2369.05,2370.0,2356.25,2360.9,51911,8.674512446421248,2366.0175000000004,2388.727373584731,2380.05286113831,2351.9821388616906,2343.3076264152696,,
2023-07-14 09:25:00,ADANIENT,2360.85,2367.25,2356.0,2366.0,29694,9.189609957136998,2365.75,2389.8083988677845,2380.6187889106477,2350.8812110893523,2341.6916011322155,,
2023-07-14 09:30:00,ADANIENT,2366.05,2373.0,2365.25,2369.0,29146,8.901687965709598,2366.04,2389.3446190942277,2380.442931128518,2351.637068871482,2342.735380905772,,
2023-07-14 09:35:00,ADANIENT,2366.95,2368.0,2358.0,2360.95,29039,9.12135037256768,2365.7725,2389.6521952753824,2380.5308449028144,2351.0141550971857,2341.8928047246177,,
2023-07-14 09:40:00,ADANIENT,2361.3,2364.55,2358.2,2362.5,17895,8.567080298054217,2365.495,2387.923616220306,2379.3565359222516,2351.633464077748,2343.0663837796938,,
2023-07-14 09:45:00,ADANIENT,2362.45,2367.0,2360.0,2365.7,14628,8.253664238443374,2365.2774999999997,2386.8855929762444,2378.631928737801,2351.9230712621984,2343.669407023755,,
2023-07-14 09:50:00,ADANIENT,2364.6,2366.0,2361.8,2366.0,7812,7.442931390754663,2364.9125,2384.3980943809956,2376.9551629902408,2352.869837009759,2345.426905619004,,
2023-07-14 09:55:00,ADANIENT,2366.4,2366.65,2356.35,2357.05,17938,8.014345112603767,2364.19,2385.1715555047967,2377.157210392193,2351.222789607807,2343.2084444952034,,
2023-07-14 10:00:00,ADANIENT,2357.4,2359.9,2355.0,2356.8,20672,7.391476090083032,2363.5724999999998,2382.923384403837,2375.5319083137542,2351.6130916862453,2344.2216155961623,,
2023-07-14 10:05:00,ADANIENT,2356.0,2356.95,2353.0,2354.0,19078,6.7031808720663895,2363.0775000000003,2380.62642752307,2373.923246651004,2352.231753348997,2345.5285724769305,,
2023-07-14 10:10:00,ADANIENT,2353.15,2358.35,2352.0,2355.0,17965,6.632544697653094,2362.475,2379.8390020184556,2373.2064573208027,2351.743542679197,2345.110997981544,,
2023-07-14 10:15:00,ADANIENT,2354.6,2356.9,2351.05,2353.05,14495,6.476035758122458,2361.9775,2378.9317616147646,2372.455725856642,2351.499274143358,2345.0232383852353,,
2023-07-14 10:20:00,ADANIENT,2352.0,2352.0,2340.5,2341.5,58508,7.480828606497967,2360.9025,2380.487309291812,2373.006480685314,2348.7985193146865,2341.3176907081884,,
2023-07-14 10:25:00,ADANIENT,2341.6,2351.05,2340.05,2349.4,39041,8.184662885198374,2360.075,2381.502447433449,2373.317784548251,2346.8322154517487,2338.6475525665505,,2340.05
2023-07-14 10:30:00,ADANIENT,2350.45,2351.95,2346.5,2348.0,11343,7.637730308158663,2359.295,2379.2905779467596,2371.6528476386006,2346.9371523613995,2339.2994220532405,,
2023-07-14 10:35:00,ADANIENT,2348.0,2352.0,2347.5,2348.85,13412,7.010184246526931,2358.4925,2376.8451623574074,2369.8349781108805,2347.150021889119,2340.1398376425923,,
2023-07-14 10:40:00,ADANIENT,2348.5,2352.9,2348.0,2348.45,10940,6.588147397221563,2357.8925000000004,2375.1402698859265,2368.5521224887048,2347.232877511296,2340.6447301140743,,
2023-07-14 10:45:00,ADANIENT,2348.45,2348.5,2342.0,2342.95,19953,6.570517917777251,2356.9575,2374.1591159087407,2367.5885979909635,2346.3264020090364,2339.7558840912593,,
2023-07-14 10:50:00,ADANIENT,2342.9,2343.9,2340.0,2343.5,15184,6.03641433422182,2355.9325,2371.7358327269926,2365.699418392771,2346.165581607229,2340.129167273007,,
2023-07-14 10:55:00,ADANIENT,2343.0,2347.5,2341.5,2344.05,12549,6.029131467377456,2354.6825,2370.4667661815943,2364.4376347142165,2344.9273652857833,2338.8982338184055,,
2023-07-14 11:00:00,ADANIENT,2344.75,2349.0,2341.6,2348.5,13756,6.303305173901983,2354.0625,2370.5645529452754,2364.2612477713733,2343.8637522286267,2337.5604470547246,,
2023-07-14 11:05:00,ADANIENT,2348.0,2352.0,2347.25,2352.0,13256,5.992644139121587,2353.3625,2369.0512423562204,2363.0585982170987,2343.6664017829016,2337.67375764378,,
2023-07-14 11:10:00,ADANIENT,2352.0,2357.0,2350.25,2353.7,22766,6.14411531129727,2352.5975000000003,2368.6827938849765,2362.538678573679,2342.6563214263215,2336.512206115024,,
2023-07-14 11:15:00,ADANIENT,2354.0,2360.6,2352.85,2358.9,27442,6.465292249037816,2352.495,2369.4211351079807,2362.955842858943,2342.0341571410568,2335.568864892019,,
2023-07-14 11:20:00,ADANIENT,2360.0,2364.55,2356.05,2363.0,21227,6.872233799230253,2352.52,2370.5115080863848,2363.6392742871544,2341.4007257128455,2334.528491913615,,
2023-07-14 11:25:00,ADANIENT,2363.0,2363.95,2359.05,2361.05,18249,6.477787039384131,2352.2875,2369.2463464691077,2362.7685594297236,2341.806440570276,2335.328653530892,,
2023-07-14 11:30:00,ADANIENT,2361.7,2367.6,2361.05,2362.7,20992,6.49222963150725,2352.1225000000004,2369.1191571752865,2362.626927543779,2341.618072456222,2335.1258428247143,2367.6,
2023-07-14 11:35:00,ADANIENT,2363.75,2364.95,2360.25,2360.4,9705,6.133783705205764,2352.29,2368.348245740229,2362.2144620350227,2342.365537964977,2336.231754259771,,
2023-07-14 11:40:00,ADANIENT,2361.0,2363.0,2356.25,2357.65,13985,6.257026964164611,2352.3324999999995,2368.7133965921826,2362.456369628018,2342.208630371981,2335.9516034078165,,
2023-07-14 11:45:00,ADANIENT,2357.1,2359.65,2353.5,2359.65,17005,6.235621571331707,2352.615,2368.9398572737464,2362.7042357024143,2342.5257642975853,2336.290142726253,,
2023-07-14 11:50:00,ADANIENT,2359.6,2362.75,2356.15,2358.5,8068,6.308497257065348,2352.79,2369.305645818997,2362.9971485619317,2342.5828514380682,2336.2743541810028,,
2023-07-14 11:55:00,ADANIENT,2358.65,2367.75,2358.45,2367.0,19517,6.906797805652316,2353.4875,2371.569496655198,2364.6626988495454,2342.312301150455,2335.4055033448026,,
2023-07-14 12:00:00,ADANIENT,2366.9,2367.0,2362.65,2367.0,19941,6.395438244521834,2354.7625,2371.505757324158,2365.110319079636,2344.4146809203635,2338.0192426758417,,
2023-07-14 12:05:00,ADANIENT,2367.0,2370.0,2365.55,2365.55,31878,6.006350595617432,2355.57,2371.2946258593265,2365.2882752637092,2345.851724736291,2339.845374140674,,
2023-07-14 12:10:00,ADANIENT,2366.65,2370.0,2362.1,2366.45,16233,6.385080476493965,2356.4925,2373.208640687461,2366.823560210967,2346.1614397890326,2339.7763593125387,,
2023-07-14 12:15:00,ADANIENT,2366.0,2368.15,2364.1,2366.95,10224,5.918064381195208,2357.3975,2372.8909925499693,2366.9729281687737,2347.8220718312264,2341.904007450031,,
2023-07-14 12:20:00,ADANIENT,2366.7,2369.0,2364.0,2366.05,12920,5.734451504956167,2358.2775,2373.2902940399754,2367.555842535019,2348.999157464981,2343.264705960025,,
2023-07-14 12:25:00,ADANIENT,2365.65,2366.45,2362.2,2362.6,6312,5.437561203964934,2359.2599999999998,2373.49553523198,2368.057974028015,2350.4620259719845,2345.0244647680197,,
2023-07-14 12:30:00,ADANIENT,2362.2,2366.0,2361.25,2364.8,13501,5.300048963171948,2360.325,2374.200528185584,2368.900479222412,2351.749520777588,2346.4494718144156,,
2023-07-14 12:35:00,ADANIENT,2364.1,2366.0,2364.05,2365.0,4564,4.630039170537522,2361.3725,2373.493942548467,2368.8639033779295,2353.8810966220703,2349.2510574515327,,
2023-07-14 12:40:00,ADANIENT,2364.6,2364.95,2361.15,2362.45,10747,4.464031336429963,2362.0699999999997,2373.7568340387734,2369.2928027023436,2354.847197297656,2350.383165961226,,
2023-07-14 12:45:00,ADANIENT,2362.65,2364.0,2360.1,2360.1,6377,4.351225069143989,2362.475,2373.8665072310187,2369.515282161875,2355.434717838125,2351.083492768981,,
2023-07-14 12:50:00,ADANIENT,2360.1,2362.0,2360.0,2361.0,3695,3.880980055315191,2362.84,2373.0004057848155,2369.1194257295,2356.5605742705,2352.679594215185,,
2023-07-14 12:55:00,ADANIENT,2361.0,2361.8,2360.0,2361.0,5163,3.4647840442521893,2362.9449999999997,2372.015804627852,2368.5510205836,2357.3389794163995,2353.8741953721474,,
2023-07-14 13:00:00,ADANIENT,2361.0,2362.0,2359.0,2360.8,7919,3.3718272354017516,2362.835,2371.662443702282,2368.2906164668802,2357.37938353312,2354.007556297718,,
2023-07-14 13:05:00,ADANIENT,2360.8,2363.5,2360.0,2363.5,8098,3.3974617883214018,2362.9575,2371.8520549618256,2368.4545931735042,2357.4604068264957,2354.0629450381743,,
2023-07-14 13:10:00,ADANIENT,2363.0,2365.9,2363.0,2365.9,5829,3.29796943065714,2363.1175,2371.75158396946,2368.453614538803,2357.781385461197,2354.4834160305395,,
2023-07-14 13:15:00,ADANIENT,2365.85,2367.65,2365.0,2365.0,8708,3.1683755445257304,2363.3475,2371.642307175568,2368.4739316310424,2358.2210683689573,2355.0526928244317,,
2023-07-14 13:20:00,ADANIENT,2363.2,2365.25,2360.35,2360.35,12897,3.5147004356206026,2363.4825,2372.683985740455,2369.1692853048344,2357.7957146951658,2354.2810142595454,,
2023-07-14 13:25:00,ADANIENT,2361.25,2364.0,2360.35,2363.3,2811,3.5417603484965006,2363.665,2372.937328592364,2369.3955682438673,2357.9344317561327,2354.392671407636,,
2023-07-14 13:30:00,ADANIENT,2363.1,2363.1,2359.0,2359.45,8408,3.6534082787971824,2363.7125,2373.277122873891,2369.623714595094,2357.801285404906,2354.147877126109,,
2023-07-14 13:35:00,ADANIENT,2359.0,2360.95,2356.7,2360.95,13041,3.7727266230377463,2363.41,2373.286998299113,2369.5142716760747,2357.305728323925,2353.533001700887,,
2023-07-14 13:40:00,ADANIENT,2360.5,2362.0,2360.5,2362.0,2811,3.318181298430197,2363.16,2371.84699863929,2368.52881734086,2357.79118265914,2354.4730013607095,,
2023-07-14 13:45:00,ADANIENT,2361.45,2362.0,2360.0,2360.15,4418,3.0545450387441577,2362.89,2370.886798911432,2367.832253872688,2357.947746127312,2354.893201088568,,
2023-07-14 13:50:00,ADANIENT,2360.3,2364.9,2359.05,2363.55,8187,3.613636030995308,2362.745,2372.2054991291457,2368.5918630981505,2356.8981369018493,2353.284500870854,,
2023-07-14 13:55:00,ADANIENT,2363.55,2366.65,2361.65,2365.15,9551,3.890908824796247,2362.6549999999997,2372.8413993033164,2368.95049047852,2356.3595095214796,2352.468600696683,,
2023-07-14 14:00:00,ADANIENT,2366.0,2370.65,2365.0,2370.2,20347,4.242727059837016,2362.8625,2373.9699594426534,2369.7272323828165,2355.997767617184,2351.755040557347,,
2023-07-14 14:05:00,ADANIENT,2369.7,2373.45,2366.5,2371.5,16499,4.784181647869577,2363.3075,2375.8324875541225,2371.048305906253,2355.5666940937467,2350.7825124458773,,
2023-07-14 14:10:00,ADANIENT,2371.45,2371.7,2367.95,2368.85,9326,4.577345318295661,2363.5099999999998,2375.4934900432977,2370.916144725002,2356.1038552749974,2351.526509956702,,
2023-07-14 14:15:00,ADANIENT,2368.0,2369.55,2365.05,2369.0,10241,4.5618762546365295,2363.71,2375.6529920346384,2371.091115780002,2356.328884219998,2351.7670079653617,,
2023-07-14 14:20:00,ADANIENT,2369.0,2369.6,2367.5,2367.75,6790,4.069501003709206,2363.975,2374.6289536277104,2370.5594526240016,2357.3905473759983,2353.3210463722894,,
2023-07-14 14:25:00,ADANIENT,2367.55,2374.5,2367.55,2372.5,21226,4.645600802967328,2364.595,2376.757182902168,2372.111582099201,2357.0784179007987,2352.4328170978315,,
2023-07-14 14:30:00,ADANIENT,2372.5,2374.0,2368.2,2369.6,12751,4.876480642373899,2365.025,2377.791626321735,2372.915145679361,2357.134854320639,2352.2583736782653,,
2023-07-14 14:35:00,ADANIENT,2369.0,2371.75,2368.15,2368.65,7930,4.6211845138991015,2365.4075,2377.5057610573876,2372.8845765434885,2357.930423456511,2353.309238942612,,
2023-07-14 14:40:00,ADANIENT,2368.65,2370.0,2368.05,2368.6,3742,4.086947611119244,2365.7974999999997,2376.4971288459096,2372.410181234791,2359.1848187652085,2355.0978711540897,,
2023-07-14 14:45:00,ADANIENT,2368.9,2370.55,2367.0,2369.55,8371,3.9795580888954323,2366.1,2376.518483076728,2372.5389249878326,2359.661075012167,2355.681516923272,,
2023-07-14 14:50:00,ADANIENT,2370.85,2371.6,2366.4,2367.0,8488,4.223646471116309,2366.1549999999997,2377.2125064613824,2372.988859990266,2359.3211400097334,2355.097493538617,,
2023-07-14 14:55:00,ADANIENT,2367.0,2369.25,2365.0,2366.15,9899,4.228917176893047,2366.2125,2377.283805169106,2373.054887992213,2359.370112007787,2355.141194830894,,
2023-07-14 15:00:00,ADANIENT,2368.0,2375.0,2366.0,2372.0,45418,5.183133741514438,2366.795,2380.364444135285,2375.18131039377,2358.40868960623,2353.2255558647153,,
2023-07-14 15:05:00,ADANIENT,2372.6,2373.1,2370.0,2372.6,19001,4.766506993211532,2367.2599999999998,2379.7387153082277,2374.972208315016,2359.5477916849836,2354.781284691772,,
2023-07-14 15:10:00,ADANIENT,2372.75,2372.75,2370.0,2372.0,20076,4.363205594569226,2367.8875,2379.310372246582,2374.947166652013,2360.8278333479866,2356.4646277534175,,
2023-07-14 15:15:00,ADANIENT,2371.65,2376.0,2370.0,2376.0,39792,4.690564475655381,2368.6400000000003,2380.919897797266,2376.2293333216107,2361.05066667839,2356.3601022027347,,
2023-07-14 15:20:00,ADANIENT,2376.0,2382.25,2375.55,2381.0,72054,5.092451580524268,2369.59,2382.9220382378126,2377.8295866572885,2361.350413342712,2356.2579617621877,,
2023-07-14 15:25:00,ADANIENT,2380.85,2385.0,2378.55,2381.95,39204,5.363961264419379,2370.6800000000003,2384.7228505902503,2379.3588893258307,2362.00111067417,2356.6371494097502,,
2023-07-17 09:15:00,ADANIENT,2399.9,2424.45,2392.85,2423.25,255257,12.791169011535503,2373.665,2407.1522804722,2394.3611114606642,2352.9688885393357,2340.1777195278,,
2023-07-17 09:20:00,ADANIENT,2423.3,2456.3,2423.3,2438.95,369428,16.84293520922844,2377.355,2421.4498043777603,2404.606869168532,2350.103130831468,2333.2601956222397,,
2023-07-17 09:25:00,ADANIENT,2439.7,2453.05,2437.25,2446.6,192387,16.63434816738279,2381.175,2424.7237235022085,2408.0893753348255,2354.260624665175,2337.626276497792,,
2023-07-17 09:30:00,ADANIENT,2446.9,2459.0,2440.35,2443.3,249574,17.037478533906253,2384.7650000000003,2429.369118801767,2412.3316402678606,2357.19835973214,2340.1608811982337,,
2023-07-17 09:35:00,ADANIENT,2443.5,2449.85,2432.0,2435.7,135846,17.199982827124984,2388.1075,2433.137055041413,2415.9370722142885,2360.2779277857117,2343.077944958587,,
2023-07-17 09:40:00,ADANIENT,2435.65,2443.0,2435.65,2439.5,60810,15.22998626169997,2391.6325,2431.504604033131,2416.2746177714307,2366.9903822285696,2351.7603959668695,,
2023-07-17 09:45:00,ADANIENT,2439.6,2440.9,2433.0,2440.05,59696,13.763989009359994,2395.2475000000004,2431.281623226505,2417.517634217145,2372.977365782856,2359.213376773496,,
2023-07-17 09:50:00,ADANIENT,2441.05,2448.0,2438.1,2439.55,66833,12.991191207488015,2398.6,2432.6109385812033,2419.6197473737157,2377.580252626284,2364.5890614187965,,
2023-07-17 09:55:00,ADANIENT,2440.55,2443.1,2436.7,2442.2,29650,11.672952965990431,2402.23,2432.789790864963,2421.1168378989723,2383.3431621010277,2371.670209135037,,
2023-07-17 10:00:00,ADANIENT,2442.4,2442.4,2436.3,2436.4,25352,10.558362372792327,2405.6175000000003,2433.2592926919706,2422.7009303191785,2388.534069680822,2377.97570730803,,
2023-07-17 10:05:00,ADANIENT,2436.9,2437.5,2423.15,2424.0,97913,11.316689898233843,2408.3875,2438.014594153576,2426.697904255342,2390.0770957446575,2378.7604058464235,2437.5,
2023-07-17 10:10:00,ADANIENT,2423.9,2431.15,2422.7,2426.35,45531,10.743351918587129,2411.2275,2439.353595322861,2428.610243404274,2393.844756595726,2383.101404677139,,
2023-07-17 10:15:00,ADANIENT,2426.35,2428.0,2417.8,2423.9,62493,10.634681534869667,2414.0724999999998,2441.9140962582887,2431.279414723419,2396.8655852765805,2386.230903741711,,
2023-07-17 10:20:00,ADANIENT,2424.95,2429.7,2417.25,2421.4,44567,10.997745227895699,2416.835,2445.627097006631,2434.6293517787353,2399.0406482212647,2388.042902993369,,
2023-07-17 10:25:00,ADANIENT,2421.4,2422.0,2416.55,2421.85,30606,9.888196182316523,2419.3275000000003,2445.214797605305,2435.3266014229885,2403.328398577012,2393.4402023946955,,
2023-07-17 10:30:00,ADANIENT,2421.85,2424.75,2417.2,2419.8,26102,9.420556945853257,2421.6875,2446.350518084244,2436.9299611383904,2406.4450388616096,2397.024481915756,,
2023-07-17 10:35:00,ADANIENT,2418.95,2423.1,2416.55,2420.85,21191,8.84644555668255,2424.13,2447.289994467395,2438.4435489107123,2409.816451089288,2400.9700055326052,,
2023-07-17 10:40:00,ADANIENT,2421.95,2422.1,2418.0,2419.15,11380,7.897156445346022,2426.2875,2446.9622555739156,2439.0650991285697,2413.50990087143,2405.612744426084,,
2023-07-17 10:45:00,ADANIENT,2420.0,2421.0,2418.0,2418.2,9018,6.917725156276818,2428.1475,2446.258104459133,2439.340379302856,2416.954620697144,2410.036895540867,,
2023-07-17 10:50:00,ADANIENT,2419.2,2422.4,2417.0,2419.7,16115,6.614180125021473,2430.0350000000003,2447.3509235673064,2440.736743442285,2419.3332565577157,2412.7190764326942,,
2023-07-17 10:55:00,ADANIENT,2420.55,2420.55,2413.0,2415.65,35739,6.801344100017215,2429.6549999999997,2447.4609188538448,2440.6595747538277,2418.650425246172,2411.8490811461547,,2413.0
2023-07-17 11:00:00,ADANIENT,2416.55,2419.0,2413.0,2418.0,24839,6.641075280013773,2428.6075,2445.993835083076,2439.3527598030623,2417.862240196938,2411.221164916924,,
2023-07-17 11:05:00,ADANIENT,2418.8,2418.8,2416.0,2416.5,6958,5.872860224011054,2427.1025,2442.477648066461,2436.6047878424497,2417.6002121575502,2411.727351933539,,
2023-07-17 11:10:00,ADANIENT,2416.1,2416.1,2410.0,2410.45,33780,5.918288179208826,2425.46,2440.9540784531687,2435.0357902739597,2415.8842097260404,2409.9659215468314,,
2023-07-17 11:15:00,ADANIENT,2411.75,2413.7,2406.1,2409.45,40258,6.254630543367043,2424.1475,2440.5221227625348,2434.2674922191677,2414.0275077808324,2407.7728772374653,,
2023-07-17 11:20:00,ADANIENT,2410.35,2413.15,2406.05,2410.0,17802,6.423704434693617,2422.6724999999997,2439.4897582100275,2433.066053775334,2412.2789462246656,2405.855241789972,,
2023-07-17 11:25:00,ADANIENT,2409.55,2412.75,2407.0,2412.75,15193,6.288963547754895,2421.3075,2437.7720065680223,2431.4830430202674,2411.1319569797324,2404.8429934319774,,2407.0
2023-07-17 11:30:00,ADANIENT,2412.65,2412.85,2406.0,2406.6,17119,6.401170838203898,2419.6600000000003,2436.418265254418,2430.017094416214,2409.3029055837865,2402.9017347455824,,
2023-07-17 11:35:00,ADANIENT,2406.6,2408.25,2402.5,2407.0,33942,6.270936670563119,2417.9,2434.317312203534,2428.046375532971,2407.753624467029,2401.482687796466,,
2023-07-17 11:40:00,ADANIENT,2406.2,2408.1,2404.0,2407.0,21819,5.8367493364504766,2416.4300000000003,2431.7106097628275,2425.873860426377,2406.9861395736234,2401.149390237173,,
2023-07-17 11:45:00,ADANIENT,2406.5,2407.35,2402.75,2405.25,17288,5.589399469160363,2415.4925000000003,2430.125547810262,2424.5361483411016,2406.448851658899,2400.8594521897385,,
2023-07-17 11:50:00,ADANIENT,2405.25,2409.75,2405.25,2407.75,20199,5.371519575328291,2414.5625,2428.6251382482096,2423.253618672881,2405.871381327119,2400.4998617517904,,
2023-07-17 11:55:00,ADANIENT,2406.9,2407.8,2400.0,2407.7,58197,5.8572156602626695,2413.7525,2429.0866905985677,2423.229474938305,2404.275525061695,2398.4183094014325,,
2023-07-17 12:00:00,ADANIENT,2407.7,2409.0,2405.7,2408.0,15867,5.345772528210173,2413.0825,2427.077732478854,2421.731959950644,2404.433040049356,2399.087267521146,,
2023-07-17 12:05:00,ADANIENT,2407.95,2413.45,2406.65,2408.9,26496,5.636618022568084,2412.4350000000004,2427.1916659830836,2421.5550479605154,2403.3149520394854,2397.6783340169172,,
2023-07-17 12:10:00,ADANIENT,2408.4,2409.4,2404.0,2405.85,10486,5.589294418054486,2411.7375,2426.370272786467,2420.7809783684124,2402.694021631588,2397.1047272135334,,
2023-07-17 12:15:00,ADANIENT,2405.2,2407.55,2401.7,2403.0,23436,5.641435534443661,2410.8450000000003,2425.6142782291736,2419.97284269473,2401.7171573052706,2396.075721770827,,
2023-07-17 12:20:00,ADANIENT,2403.0,2406.0,2397.65,2405.65,50049,6.183148427554912,2410.17,2426.357482583339,2420.174334155784,2400.165665844216,2393.9825174166613,,
2023-07-17 12:25:00,ADANIENT,2405.65,2405.65,2402.05,2404.8,8042,5.666518742043912,2409.4999999999995,2424.3349460666705,2418.6684273246265,2400.3315726753726,2394.6650539333286,,
2023-07-17 12:30:00,ADANIENT,2404.25,2410.45,2404.25,2410.45,27022,5.773214993635094,2409.0375,2424.1517768533367,2418.3785618597017,2399.696438140298,2393.923223146663,,
2023-07-17 12:35:00,ADANIENT,2409.6,2412.0,2408.05,2409.35,16853,5.408571994908039,2408.7225,2422.882141482669,2417.473569487761,2399.971430512239,2394.562858517331,,
2023-07-17 12:40:00,ADANIENT,2409.0,2410.6,2407.8,2408.3,11011,4.886857595926377,2408.2375,2421.0312931861354,2416.144435590209,2400.3305644097914,2395.443706813865,,
2023-07-17 12:45:00,ADANIENT,2409.4,2411.0,2407.0,2407.0,7655,4.7094860767411015,2407.7625,2420.091934548908,2415.3824484721667,2400.142551527833,2395.433065451092,,
2023-07-17 12:50:00,ADANIENT,2407.8,2407.8,2403.3,2403.8,5980,4.667588861392882,2407.43,2419.6497476391264,2414.9821587777337,2399.877841222266,2395.2102523608733,,
2023-07-17 12:55:00,ADANIENT,2403.1,2409.5,2403.0,2408.9,14178,5.034071089114305,2407.4025,2420.581698111301,2415.547627022187,2399.2573729778132,2394.223301888699,,
2023-07-17 13:00:00,ADANIENT,2408.9,2413.45,2408.1,2413.45,14923,5.097256871291426,2407.575,2420.9196184890407,2415.8223616177493,2399.3276383822504,2394.230381510959,,
2023-07-17 13:05:00,ADANIENT,2412.55,2419.0,2412.55,2418.9,29956,5.367805497033105,2407.8825,2421.9354147912327,2416.5676092942,2399.1973907058004,2393.8295852087676,2419.0,
2023-07-17 13:10:00,ADANIENT,2419.0,2420.0,2411.75,2415.0,25076,5.944244397626485,2408.3025,2423.864531832986,2417.9202874353596,2398.68471256464,2392.7404681670137,,
2023-07-17 13:15:00,ADANIENT,2415.0,2415.9,2413.0,2413.7,10064,5.335395518101206,2408.6375,2422.6055654663887,2417.2701699482877,2400.004830051712,2394.669434533611,,
2023-07-17 13:20:00,ADANIENT,2413.7,2417.2,2411.05,2415.0,23233,5.498316414480892,2409.0375,2423.4320923731107,2417.93377595863,2400.1412240413697,2394.642907626889,,
2023-07-17 13:25:00,ADANIENT,2415.85,2417.7,2413.55,2415.6,10356,5.228653131584641,2409.555,2423.2436138984885,2418.0149607669036,2401.095039233096,2395.866386101511,,
2023-07-17 13:30:00,ADANIENT,2415.2,2416.9,2415.0,2416.0,4971,4.562922505267732,2409.9674999999997,2421.9132311187905,2417.350308613523,2402.5846913864766,2398.021768881209,,
2023-07-17 13:35:00,ADANIENT,2416.0,2420.0,2415.2,2419.95,15040,4.610338004214222,2410.58,2422.649864895033,2418.0395268908187,2403.120473109181,2398.510135104967,,
2023-07-17 13:40:00,ADANIENT,2419.95,2421.7,2417.0,2418.8,22348,4.628270403371342,2411.12,2423.236811916026,2418.608541512655,2403.631458487345,2399.003188083974,,
2023-07-17 13:45:00,ADANIENT,2419.35,2425.9,2418.45,2422.9,33710,5.192616322697129,2411.82,2425.4142695328214,2420.2216532101243,2403.418346789876,2398.225730467179,,
2023-07-17 13:50:00,ADANIENT,2422.7,2424.0,2418.5,2419.95,17203,5.254093058157704,2412.525,2426.280215626257,2421.0261225680993,2404.023877431901,2398.7697843737433,2424.0,
2023-07-17 13:55:00,ADANIENT,2421.1,2422.0,2412.15,2412.15,30227,6.173274446526145,2412.9825,2429.1441325010055,2422.9708580544793,2402.994141945521,2396.8208674989946,,
2023-07-17 14:00:00,ADANIENT,2414.0,2418.0,2412.0,2417.2,8006,6.138619557220917,2413.56,2429.6309060008043,2423.4922864435835,2403.6277135564164,2397.4890939991956,,
2023-07-17 14:05:00,ADANIENT,2417.2,2419.0,2416.05,2417.15,8971,5.500895645776697,2414.1775000000002,2428.5788448006438,2423.077949154867,2405.2770508451335,2399.7761551993567,,
2023-07-17 14:10:00,ADANIENT,2416.1,2420.15,2414.35,2420.15,13221,5.560716516621394,2414.6625,2429.2204558405147,2423.6597393238935,2405.6652606761063,2400.104544159485,,
2023-07-17 14:15:00,ADANIENT,2420.9,2422.85,2417.15,2418.3,12332,5.58857321329708,2415.1099999999997,2429.7408846724115,2424.1523114591146,2406.067688540885,2400.479115327588,,
2023-07-17 14:20:00,ADANIENT,2418.0,2419.45,2414.0,2414.0,8011,5.5608585706376275,2415.3949999999995,2429.9533277379287,2424.392469167291,2406.397530832708,2400.8366722620704,,
2023-07-17 14:25:00,ADANIENT,2415.0,2419.45,2415.0,2418.6,8043,5.538686856510066,2415.975,2430.4752821903435,2424.9365953338333,2407.0134046661665,2401.4747178096563,,
2023-07-17 14:30:00,ADANIENT,2418.0,2418.6,2415.0,2416.4,9699,5.150949485208034,2416.605,2430.0901857522745,2424.9392362670665,2408.2707637329336,2403.1198142477256,,
2023-07-17 14:35:00,ADANIENT,2416.4,2418.0,2410.0,2411.0,30395,5.720759588166429,2416.71,2431.68694860182,2425.966189013653,2407.453810986347,2401.73305139818,,
2023-07-17 14:40:00,ADANIENT,2411.05,2412.65,2408.4,2410.9,26287,5.4266076705331425,2416.5825,2430.789358881456,2425.3627512109224,2407.8022487890776,2402.375641118544,,
2023-07-17 14:45:00,ADANIENT,2410.9,2414.7,2408.5,2412.85,16981,5.581286136426478,2416.2799999999997,2430.8918071051644,2425.310520968738,2407.2494790312617,2401.668192894835,,
2023-07-17 14:50:00,ADANIENT,2412.7,2413.5,2410.75,2411.6,8977,5.015028909141182,2416.11,2429.239345684132,2424.2243167749907,2407.9956832250095,2402.9806543158684,,
2023-07-17 14:55:00,ADANIENT,2411.0,2413.95,2410.0,2413.5,17416,4.80202312731291,2416.1,2428.671696547305,2423.869673419992,2408.3303265800077,2403.5283034526947,,
2023-07-17 15:00:00,ADANIENT,2413.45,2417.05,2411.05,2412.1,23939,5.041618501850328,2415.955,2429.153957237844,2424.112338735994,2407.797661264006,2402.7560427621556,,
2023-07-17 15:05:00,ADANIENT,2411.35,2411.4,2404.05,2405.0,32886,5.503294801480244,2415.425,2429.8326257902754,2424.3293309887954,2406.520669011205,2401.017374209725,,2404.05
2023-07-17 15:10:00,ADANIENT,2405.2,2410.4,2404.05,2409.75,36103,5.672635841184177,2415.1125,2429.96346063222,2424.2908247910364,2405.934175208964,2400.26153936778,,
2023-07-17 15:15:00,ADANIENT,2409.75,2409.9,2406.55,2408.0,55263,5.208108672947324,2414.5150000000003,2428.1498285057764,2422.941719832829,2406.0882801671714,2400.880171494224,,
2023-07-17 15:20:00,ADANIENT,2407.95,2410.0,2404.0,2408.15,95884,5.366486938357859,2413.9825,2428.031962804621,2422.665475866263,2405.299524133737,2399.9330371953793,,
2023-07-17 15:25:00,ADANIENT,2408.2,2412.0,2407.0,2410.0,56625,5.293189550686288,2413.3375,2427.1950702436966,2421.9018806930103,2404.77311930699,2399.4799297563036,,
2023-07-18 09:15:00,ADANIENT,2415.0,2425.0,2411.65,2415.85,98187,7.23455164054903,2413.1325,2432.0725561949575,2424.8380045544086,2401.4269954455917,2394.192443805043,,
2023-07-18 09:20:00,ADANIENT,2416.0,2423.5,2415.0,2415.05,49151,7.487641312439225,2413.2774999999997,2432.8801449559655,2425.392503643526,2401.162496356473,2393.674855044034,,
2023-07-18 09:25:00,ADANIENT,2415.1,2416.0,2409.6,2412.0,41045,7.270113049951398,2413.0175,2432.050655964773,2424.780542914821,2401.2544570851787,2393.984344035227,,
2023-07-18 09:30:00,ADANIENT,2411.35,2417.5,2409.2,2414.0,33305,7.476090439961156,2412.8599999999997,2432.432404771818,2424.956314331857,2400.7636856681424,2393.2875952281815,,
2023-07-18 09:35:00,ADANIENT,2414.0,2422.25,2413.0,2419.55,59036,7.8308723519689245,2412.83,2433.3312238174544,2425.5003514654854,2400.1596485345144,2392.3287761825454,,
2023-07-18 09:40:00,ADANIENT,2420.2,2432.8,2419.55,2426.85,95418,8.91469788157514,2413.2575,2436.596179053964,2427.681481172389,2398.8335188276114,2389.9188209460362,,
2023-07-18 09:45:00,ADANIENT,2426.95,2429.0,2421.8,2422.0,28164,8.571758305260076,2413.6575000000003,2436.098363243171,2427.526604937911,2399.7883950620894,2391.2166367568293,,
2023-07-18 09:50:00,ADANIENT,2422.0,2429.0,2422.0,2427.35,21177,8.25740664420806,2414.095,2435.7128905945365,2427.4554839503285,2400.734516049671,2392.477109405463,,
2023-07-18 09:55:00,ADANIENT,2428.0,2438.65,2428.0,2436.05,79515,8.865925315366486,2415.0775000000003,2438.28849247563,2429.4225671602635,2400.732432839737,2391.8665075243707,,
2023-07-18 10:00:00,ADANIENT,2437.05,2443.05,2432.75,2437.45,84660,9.152740252293226,2416.4,2440.361873980504,2431.2091337282104,2401.5908662717898,2392.4381260194964,,
2023-07-18 10:05:00,ADANIENT,2437.2,2441.6,2430.0,2434.8,177440,9.642192201834563,2417.5950000000003,2442.8382591844033,2433.1960669825685,2401.993933017432,2392.351740815597,,
2023-07-18 10:10:00,ADANIENT,2436.0,2439.7,2432.3,2434.95,72737,9.193753761467578,2418.7,2442.7692473475217,2433.5754935860546,2403.824506413945,2394.630752652478,,
2023-07-18 10:15:00,ADANIENT,2434.95,2437.9,2432.1,2433.5,42974,8.515003009174098,2419.7949999999996,2442.0872778780176,2433.572274868843,2406.017725131156,2397.5027221219816,2437.9,
2023-07-18 10:20:00,ADANIENT,2433.5,2438.85,2431.55,2437.15,171961,8.272002407339224,2420.9775,2442.633602302414,2434.361599895075,2407.593400104925,2399.321397697586,,
2023-07-18 10:25:00,ADANIENT,2437.3,2450.0,2437.0,2449.25,191119,9.21760192587138,2422.835,2446.9666818419314,2437.74907991606,2407.92092008394,2398.7033181580687,,2437.0
2023-07-18 10:30:00,ADANIENT,2449.95,2466.5,2443.15,2463.9,328679,12.044081540697086,2425.7799999999997,2457.3114054735447,2445.267323932848,2406.2926760671517,2394.248594526455,,
2023-07-18 10:35:00,ADANIENT,2463.5,2485.0,2463.5,2483.0,343871,13.935265232557668,2429.4425,2465.925024378836,2451.9897591462786,2406.8952408537216,2392.959975621164,,
2023-07-18 10:40:00,ADANIENT,2483.15,2497.0,2477.15,2493.45,340075,15.118212186046119,2433.7149999999997,2473.2944795030685,2458.1762673170224,2409.253732682977,2394.135520496931,,
2023-07-18 10:45:00,ADANIENT,2494.0,2510.0,2488.35,2506.0,376306,16.424569748836916,2438.6074999999996,2481.607023602455,2465.182453853618,2412.0325461463813,2395.6079763975445,,
2023-07-18 10:50:00,ADANIENT,2505.85,2508.45,2478.6,2478.6,317912,19.109655799069515,2442.0375,2492.066578881964,2472.9569230828943,2411.1180769171056,2392.008421118036,,
2023-07-18 10:55:00,ADANIENT,2477.5,2485.75,2469.6,2475.2,192873,18.517724639255633,2445.005,2493.4844031055713,2474.966678466316,2415.0433215336843,2396.525596894429,,
2023-07-18 11:00:00,ADANIENT,2474.4,2475.0,2462.55,2467.4,144825,17.30417971140447,2447.6225000000004,2492.9248424844573,2475.620662773053,2419.624337226948,2402.3201575155435,,
2023-07-18 11:05:00,ADANIENT,2467.25,2474.95,2465.05,2466.75,95314,15.823343769123504,2450.36,2491.7855139875655,2475.9621702184418,2424.7578297815585,2408.9344860124347,,
2023-07-18 11:10:00,ADANIENT,2468.0,2468.0,2442.65,2444.0,201903,17.728675015298787,2451.86,2498.2736711900525,2480.5449961747536,2423.1750038252467,2405.4463288099478,,
2023-07-18 11:15:00,ADANIENT,2444.35,2452.5,2435.1,2438.45,188520,17.662940012239048,2452.805,2499.0465769520415,2481.3836369398027,2424.226363060197,2406.563423047958,,
2023-07-18 11:20:00,ADANIENT,2438.5,2440.4,2430.0,2431.25,164094,16.210352009791258,2453.025,2495.4637015616336,2479.2533495518423,2426.796650448158,2410.5862984383666,,
2023-07-18 11:25:00,ADANIENT,2431.6,2437.65,2427.0,2435.75,104558,15.098281607833025,2453.7125,2493.2398012493068,2478.141519641474,2429.283480358526,2414.1851987506934,,
2023-07-18 11:30:00,ADANIENT,2435.7,2435.7,2411.25,2414.0,199781,16.968625286266384,2453.045,2497.4688609994455,2480.500235713179,2425.5897642868213,2408.6211390005546,,
2023-07-18 11:35:00,ADANIENT,2413.85,2426.8,2406.0,2426.0,210747,17.734900229013146,2452.5425,2498.9724687995563,2481.2375685705433,2423.8474314294567,2406.1125312004438,,2406.0
2023-07-18 11:40:00,ADANIENT,2426.3,2426.3,2412.0,2418.05,81540,17.047920183210554,2451.5725,2496.2039550396453,2479.156034856435,2423.9889651435656,2406.941044960355,,
2023-07-18 11:45:00,ADANIENT,2419.5,2425.0,2413.6,2420.0,55677,15.918336146568462,2450.8325,2492.5067040317163,2476.588367885148,2425.076632114852,2409.1582959682837,,
2023-07-18 11:50:00,ADANIENT,2420.4,2426.9,2415.15,2424.85,36157,15.08466891725477,2450.3275000000003,2489.8191632253734,2474.7344943081184,2425.920505691882,2410.8358367746273,,
2023-07-18 11:55:00,ADANIENT,2423.75,2426.0,2415.7,2424.3,46988,14.127735133803853,2449.8675000000003,2486.853910580299,2472.726175446495,2427.0088245535057,2412.8810894197018,,
2023-07-18 12:00:00,ADANIENT,2424.9,2424.9,2416.45,2417.0,31794,12.992188107043138,2448.86,2482.873548464239,2469.8813603571957,2427.8386396428045,2414.8464515357614,,
2023-07-18 12:05:00,ADANIENT,2417.0,2423.85,2416.75,2422.45,22189,11.813750485634493,2447.52,2478.448398771391,2466.6346482857566,2428.4053517142434,2416.591601228609,,
2023-07-18 12:10:00,ADANIENT,2421.95,2423.35,2419.2,2422.1,18471,10.281000388507612,2445.43,2472.3456590171127,2462.0646586286052,2428.7953413713944,2418.514340982887,,
2023-07-18 12:15:00,ADANIENT,2422.15,2428.8,2420.3,2425.0,46325,9.924800310806091,2442.5299999999997,2468.51312721369,2458.588326902884,2426.4716730971154,2416.5468727863095,,
2023-07-18 12:20:00,ADANIENT,2425.0,2425.0,2417.15,2418.35,29564,9.509840248644856,2438.775,2463.6717617709523,2454.1619215223077,2423.3880784776925,2413.878238229048,,
2023-07-18 12:25:00,ADANIENT,2418.35,2422.1,2416.0,2420.6,19024,8.827872198915866,2434.505,2457.6163694167617,2448.788497217846,2420.2215027821544,2411.3936305832385,,
2023-07-18 12:30:00,ADANIENT,2421.45,2423.9,2418.5,2420.9,19597,8.142297759132711,2431.62,2452.9365355334094,2444.7942377742766,2418.4457622257232,2410.3034644665904,,
2023-07-18 12:35:00,ADANIENT,2420.0,2422.5,2418.0,2420.5,16818,7.41383820730617,2428.8849999999998,2448.2944284267273,2440.8805902194213,2416.8894097805783,2409.475571573272,,
2023-07-18 12:40:00,ADANIENT,2420.8,2421.0,2418.0,2419.7,12999,6.531070565844937,2426.5,2443.598342741382,2437.0672721755373,2415.9327278244627,2409.401657258618,,
2023-07-18 12:45:00,ADANIENT,2420.1,2420.35,2415.2,2418.7,28030,6.254856452675968,2424.0975,2440.4727141931057,2434.2178577404297,2413.97714225957,2407.722285806894,,
2023-07-18 12:50:00,ADANIENT,2418.7,2423.3,2418.7,2421.6,21304,5.923885162140848,2422.9775,2438.4862313544845,2432.5623461923437,2413.392653807656,2407.4687686455154,,
2023-07-18 12:55:00,ADANIENT,2422.75,2426.5,2422.05,2424.0,34121,5.719108129712697,2422.255,2437.227625083588,2431.508516953875,2413.001483046125,2407.282374916412,,
2023-07-18 13:00:00,ADANIENT,2424.0,2424.05,2421.0,2421.8,23474,5.185286503770194,2421.7825000000003,2435.3575800668705,2430.1722935631005,2413.3927064369,2408.20741993313,,
2023-07-18 13:05:00,ADANIENT,2421.15,2425.75,2421.15,2423.1,11525,5.068229203016138,2421.15,2434.4186240534964,2429.3503948504804,2412.94960514952,2407.881375946504,,
2023-07-18 13:10:00,ADANIENT,2423.1,2431.2,2423.1,2427.5,36397,5.674583362412893,2421.825,2436.681059242797,2431.0064758803837,2412.643524119616,2406.9689407572027,,
2023-07-18 13:15:00,ADANIENT,2426.75,2427.3,2423.7,2424.8,13436,5.259666689930387,2421.7650000000003,2435.534807394238,2430.275140704308,2413.2548592956928,2407.9951926057624,,
2023-07-18 13:20:00,ADANIENT,2425.0,2428.8,2423.15,2424.05,34029,5.337733351944328,2422.0649999999996,2436.0391859153897,2430.7014525634454,2413.428547436554,2408.0908140846095,,
2023-07-18 13:25:00,ADANIENT,2424.05,2424.05,2420.6,2423.6,10581,4.960186681555517,2422.245,2435.2307687323123,2430.2705820507567,2414.219417949243,2409.2592312676875,,
2023-07-18 13:30:00,ADANIENT,2423.55,2429.0,2423.05,2427.0,10130,5.158149345244378,2422.3525,2435.8565349858495,2430.6983856406055,2414.0066143593945,2408.8484650141504,,
2023-07-18 13:35:00,ADANIENT,2427.9,2428.5,2425.05,2427.85,7994,4.816519476195467,2422.5299999999997,2435.1396479886794,2430.323128512484,2414.7368714875156,2409.92035201132,,
2023-07-18 13:40:00,ADANIENT,2427.9,2429.65,2425.4,2429.5,14587,4.703215580956373,2423.1549999999997,2435.4680183909436,2430.764802809987,2415.5451971900125,2410.841981609056,,
2023-07-18 13:45:00,ADANIENT,2428.15,2429.0,2425.9,2427.4,10232,4.38257246476508,2423.4025,2434.8760747127553,2430.49350224799,2416.3114977520104,2411.928925287245,,
2023-07-18 13:50:00,ADANIENT,2427.45,2428.0,2424.1,2424.45,11497,4.286057971812083,2423.52,2434.740899770204,2430.454841798392,2416.585158201608,2412.299100229796,,
2023-07-18 13:55:00,ADANIENT,2424.45,2427.95,2423.2,2426.35,16479,4.378846377449666,2423.5875,2435.0513198161634,2430.6724734387135,2416.5025265612867,2412.1236801838368,,
2023-07-18 14:00:00,ADANIENT,2426.1,2430.0,2423.25,2429.9,32167,4.853077101959734,2424.165,2436.8703558529305,2432.017278750971,2416.312721249029,2411.4596441470694,,
2023-07-18 14:05:00,ADANIENT,2429.15,2432.0,2428.2,2428.55,20319,4.6424616815678235,2424.5625,2436.7164646823444,2432.074003000777,2417.050996999223,2412.4085353176556,,
2023-07-18 14:10:00,ADANIENT,2428.55,2429.0,2421.8,2422.0,22630,5.153969345254223,2424.6175000000003,2438.110591745876,2432.9566224006217,2416.278377599379,2411.124408254125,,
2023-07-18 14:15:00,ADANIENT,2422.0,2422.5,2411.6,2411.6,84897,6.303175476203396,2424.1725,2440.6742133967005,2434.371037920497,2413.973962079503,2407.6707866033,,
2023-07-18 14:20:00,ADANIENT,2412.0,2414.5,2406.45,2407.1,80662,6.652540380962754,2423.5425,2440.9588507173603,2434.306310336398,2412.778689663602,2406.1261492826397,,
2023-07-18 14:25:00,ADANIENT,2407.95,2414.85,2407.2,2413.7,40553,6.872032304770204,2423.2925,2441.2834805738885,2434.4114482691184,2412.1735517308816,2405.3015194261116,,
2023-07-18 14:30:00,ADANIENT,2413.0,2415.0,2410.05,2414.95,25559,6.487625843816127,2422.96,2439.9446044591105,2433.4569786152947,2412.4630213847054,2405.9753955408896,,
2023-07-18 14:35:00,ADANIENT,2414.95,2419.45,2414.95,2419.4,22315,6.090100675052902,2422.7300000000005,2438.673883567289,2432.5837828922363,2412.8762171077647,2406.786116432712,,
2023-07-18 14:40:00,ADANIENT,2419.0,2419.3,2415.25,2417.5,14627,5.682080540042358,2422.5150000000003,2437.390686853831,2431.708606313789,2413.3213936862116,2407.6393131461696,,
2023-07-18 14:45:00,ADANIENT,2417.05,2425.0,2413.45,2417.25,70624,6.855664432033924,2422.2225,2440.1706294830647,2433.314965051031,2411.130034948969,2404.274370516935,,
2023-07-18 14:50:00,ADANIENT,2415.8,2417.0,2412.0,2414.05,26298,6.4845315456271395,2421.55,2438.5265035864522,2432.041972040825,2411.0580279591754,2404.573496413548,,
2023-07-18 14:55:00,ADANIENT,2415.15,2418.6,2413.8,2416.85,34407,6.147625236501658,2421.1524999999997,2437.246982869161,2431.0993576326596,2411.20564236734,2405.0580171308384,,
2023-07-18 15:00:00,ADANIENT,2418.6,2422.5,2416.65,2419.9,42339,6.088100189201309,2420.945,2436.883646295329,2430.795546106128,2411.0944538938725,2405.0063537046713,,
2023-07-18 15:05:00,ADANIENT,2419.55,2420.0,2415.35,2416.5,24127,5.800480151361065,2420.5899999999997,2435.775657036263,2429.975176884902,2411.2048231150975,2405.4043429637363,,
2023-07-18 15:10:00,ADANIENT,2417.0,2417.0,2414.7,2415.7,36024,5.100384121088889,2420.025,2433.3778056290107,2428.277421507922,2411.772578492078,2406.6721943709895,,
2023-07-18 15:15:00,ADANIENT,2415.1,2419.95,2415.1,2416.7,90341,5.050307296871093,2419.4674999999997,2432.689204503208,2427.6388972063373,2411.296102793662,2406.2457954967913,,
2023-07-18 15:20:00,ADANIENT,2416.8,2418.7,2411.3,2415.25,91039,5.520245837496803,2418.755,2433.2070036025666,2427.68675776507,2409.82324223493,2404.3029963974336,,
2023-07-18 15:25:00,ADANIENT,2415.0,2416.8,2414.0,2416.0,35846,4.976196669997479,2418.185,2431.2126828820533,2426.2364862120558,2410.133513787944,2405.1573171179466,2416.8,
2023-07-19 09:15:00,ADANIENT,2428.65,2434.95,2421.5,2426.4,123611,7.770957335997947,2418.2825000000003,2438.626866305643,2430.855908969645,2405.7090910303555,2397.9381336943575,,
2023-07-19 09:20:00,ADANIENT,2426.95,2437.0,2425.05,2432.1,72147,8.606765868798322,2418.57,2441.102513044514,2432.4957471757157,2404.6442528242846,2396.037486955486,,
2023-07-19 09:25:00,ADANIENT,2432.0,2433.85,2427.25,2427.25,50310,8.205412695038639,2418.4375,2439.919270435611,2431.7138577405726,2405.1611422594274,2396.955729564389,2433.85,
2023-07-19 09:30:00,ADANIENT,2427.25,2434.45,2427.05,2429.8,119656,8.044330156030838,2418.5,2439.5600563484886,2431.515726192458,2405.484273807542,2397.4399436515114,,
2023-07-19 09:35:00,ADANIENT,2429.05,2431.9,2425.25,2428.7,35176,7.765464124824689,2418.835,2439.1649850787912,2431.399520953966,2406.270479046034,2398.505014921209,,
2023-07-19 09:40:00,ADANIENT,2428.55,2428.55,2420.05,2424.8,36048,7.9123712998597515,2419.495,2440.2095880630327,2432.297216763173,2406.692783236827,2398.780411936967,,
2023-07-19 09:45:00,ADANIENT,2424.0,2424.85,2422.35,2423.45,17040,6.829897039887801,2420.3125,2438.1931704504264,2431.3632734105386,2409.2617265894614,2402.4318295495736,,
2023-07-19 09:50:00,ADANIENT,2423.5,2432.5,2423.5,2430.0,44842,7.273917631910278,2421.1275,2440.1706163603412,2432.8966987284307,2409.3583012715694,2402.084383639659,,
2023-07-19 09:55:00,ADANIENT,2429.5,2430.0,2424.2,2426.5,16548,6.979134105528259,2421.705,2439.976373088273,2432.997238982745,2410.412761017255,2403.433626911727,,
2023-07-19 10:00:00,ADANIENT,2425.55,2430.0,2425.55,2428.0,18224,6.473307284422571,2422.1349999999998,2439.082118470618,2432.6088111861955,2411.661188813804,2405.1878815293817,,
2023-07-19 10:05:00,ADANIENT,2428.0,2430.0,2427.5,2429.8,9640,5.678645827538057,2422.75,2437.6166947764946,2431.9380489489567,2413.5619510510433,2407.8833052235054,,
2023-07-19 10:10:00,ADANIENT,2429.8,2432.5,2428.05,2428.65,20009,5.43291666203041,2423.3199999999997,2437.5433758211952,2432.1104591591647,2414.5295408408347,2409.096624178804,,
2023-07-19 10:15:00,ADANIENT,2429.2,2430.0,2425.7,2425.7,15377,5.206333329624365,2423.9025,2437.532680656957,2432.3263473273323,2415.478652672668,2410.2723193430434,,
2023-07-19 10:20:00,ADANIENT,2425.7,2431.7,2423.45,2430.55,29033,5.8150666636994925,2424.5875,2439.8113445255653,2433.996277861866,2415.178722138134,2409.363655474435,,
2023-07-19 10:25:00,ADANIENT,2431.05,2431.05,2426.35,2430.0,15358,5.592053330959649,2425.0924999999997,2439.732495620452,2434.1404422894925,2416.044557710507,2410.4525043795475,,
2023-07-19 10:30:00,ADANIENT,2429.8,2431.0,2428.45,2429.0,8821,4.983642664767755,2425.7174999999997,2438.7646764963615,2433.781033831594,2417.6539661684055,2412.670323503638,,
2023-07-19 10:35:00,ADANIENT,2429.0,2429.4,2427.15,2428.75,11629,4.436914131814205,2426.37,2437.9858411970895,2433.548927065275,2419.1910729347246,2414.7541588029103,,
2023-07-19 10:40:00,ADANIENT,2428.65,2430.6,2427.8,2427.8,15210,4.109531305451309,2426.925,2437.683752957672,2433.5742216522203,2420.27577834778,2416.1662470423285,,
2023-07-19 10:45:00,ADANIENT,2427.15,2427.15,2423.1,2425.5,13479,4.097625044361084,2427.4375,2438.1650823661375,2434.067457321776,2420.807542678224,2416.7099176338625,,
2023-07-19 10:50:00,ADANIENT,2425.45,2426.0,2424.0,2424.55,10386,3.6781000354888675,2427.8650000000002,2437.49426589291,2433.8161658574213,2421.913834142579,2418.2357341070906,,
2023-07-19 10:55:00,ADANIENT,2424.35,2424.55,2421.25,2421.8,14749,3.6024800283911307,2427.6349999999998,2437.0662927143276,2433.463812685937,2421.8061873140628,2418.203707285672,,2421.25
2023-07-19 11:00:00,ADANIENT,2421.9,2424.1,2421.5,2422.7,12459,3.4019840227128864,2427.165,2436.071394171462,2432.669410148749,2421.6605898512507,2418.258605828538,,
2023-07-19 11:05:00,ADANIENT,2423.0,2423.6,2416.9,2423.6,30242,4.061587218170273,2426.9825,2437.61573533717,2433.5541481189994,2420.410851881001,2416.34926466283,,
2023-07-19 11:10:00,ADANIENT,2423.7,2426.9,2422.95,2423.5,14616,4.039269774536273,2426.6675000000005,2437.2423082697364,2433.2030384952,2420.131961504801,2416.0926917302645,,
2023-07-19 11:15:00,ADANIENT,2424.0,2424.0,2420.0,2422.0,10955,4.031415819629019,2426.3325,2436.886746615789,2432.8553307961597,2419.8096692038403,2415.778253384211,,
2023-07-19 11:20:00,ADANIENT,2422.1,2424.0,2421.6,2423.9,7303,3.7051326557032334,2426.2875000000004,2435.9875372926313,2432.2824046369283,2420.2925953630725,2416.5874627073695,,
2023-07-19 11:25:00,ADANIENT,2423.3,2424.2,2421.0,2422.2,7871,3.6041061245625508,2426.225,2435.6605498341046,2432.0564437095422,2420.3935562904576,2416.7894501658952,,
2023-07-19 11:30:00,ADANIENT,2423.5,2432.45,2422.55,2428.85,32302,4.933284899650041,2426.1675,2439.082839867284,2434.149554967634,2418.1854450323663,2413.252160132716,,
2023-07-19 11:35:00,ADANIENT,2428.0,2439.0,2428.0,2438.25,61461,6.146627919720033,2426.755,2442.846871893827,2436.7002439741073,2416.809756025893,2410.663128106173,,
2023-07-19 11:40:00,ADANIENT,2438.0,2439.6,2430.0,2430.3,38000,6.837302335776009,2426.87,2444.7700575150616,2437.9327551792853,2415.8072448207145,2408.969942484938,,
2023-07-19 11:45:00,ADANIENT,2431.0,2434.5,2429.2,2432.75,16498,6.529841868620844,2427.0175000000004,2444.1126260120495,2437.582784143429,2416.452215856572,2409.9223739879512,,
2023-07-19 11:50:00,ADANIENT,2432.05,2434.0,2430.9,2433.85,22635,5.843873494896657,2427.2775,2442.5767608096394,2436.732887314743,2417.8221126852573,2411.978239190361,,
2023-07-19 11:55:00,ADANIENT,2433.85,2438.0,2433.1,2434.6,23036,5.655098795917344,2427.7225,2442.5275486477117,2436.872449851794,2418.5725501482057,2412.917451352288,,
2023-07-19 12:00:00,ADANIENT,2434.65,2443.0,2434.65,2438.0,51659,6.204079036733894,2428.0950000000003,2444.3372789181694,2438.1331998814358,2418.0568001185648,2411.852721081831,,
2023-07-19 12:05:00,ADANIENT,2438.65,2438.65,2426.4,2427.2,55050,7.413263229387116,2427.9550000000004,2447.362923134536,2439.9496599051486,2415.960340094852,2408.547076865465,,
2023-07-19 12:10:00,ADANIENT,2427.85,2429.15,2426.2,2428.6,15062,6.5206105835097485,2427.9350000000004,2445.0059585076287,2438.485347924119,2417.3846520758816,2410.864041492372,,
2023-07-19 12:15:00,ADANIENT,2427.75,2431.2,2425.25,2428.75,14470,6.4064884668077635,2427.9350000000004,2444.707186806103,2438.300698339295,2417.5693016607056,2411.162813193898,,
2023-07-19 12:20:00,ADANIENT,2428.75,2429.0,2425.0,2426.8,21609,5.925190773446211,2427.8849999999998,2443.397149444882,2437.471958671436,2418.2980413285636,2412.3728505551176,,
2023-07-19 12:25:00,ADANIENT,2426.8,2427.15,2423.1,2424.55,17451,5.550152618757005,2427.8375,2442.367799555906,2436.8176469371488,2418.8573530628514,2413.307200444094,,
2023-07-19 12:30:00,ADANIENT,2424.55,2427.65,2423.4,2427.65,7551,5.290122095005605,2427.9925,2441.8420396447245,2436.551917549719,2419.433082450281,2414.142960355275,,
2023-07-19 12:35:00,ADANIENT,2427.65,2428.0,2425.1,2427.2,12251,4.812097676004503,2428.2625,2440.8605717157798,2436.048474039775,2420.4765259602245,2415.66442828422,,
2023-07-19 12:40:00,ADANIENT,2426.6,2427.65,2423.0,2423.55,12208,4.779678140803621,2428.305,2440.8181973726237,2436.03851923182,2420.5714807681798,2415.791802627376,,
2023-07-19 12:45:00,ADANIENT,2423.4,2425.85,2422.0,2424.9,10159,4.593742512642878,2428.37,2440.396417898099,2435.802675385456,2420.9373246145437,2416.3435821019007,,
2023-07-19 12:50:00,ADANIENT,2424.9,2427.1,2424.6,2426.55,7056,4.174994010114302,2428.5225,2439.4526343184793,2435.277640308365,2421.767359691635,2417.5923656815207,,
2023-07-19 12:55:00,ADANIENT,2426.1,2426.45,2421.3,2422.0,19847,4.369995208091369,2428.5225,2439.963147454783,2435.5931522466917,2421.4518477533084,2417.081852545217,,
2023-07-19 13:00:00,ADANIENT,2421.35,2424.8,2421.35,2423.15,10203,4.18599616647315,2428.4849999999997,2439.4439379638266,2435.2579417973534,2421.712058202646,2417.526062036173,,
2023-07-19 13:05:00,ADANIENT,2422.75,2424.5,2422.0,2423.75,10506,3.8487969331785203,2428.5625,2438.6386503710614,2434.789853437883,2422.335146562117,2418.4863496289386,,
2023-07-19 13:10:00,ADANIENT,2423.85,2425.75,2423.0,2424.2,8108,3.6290375465428166,2428.33,2437.830820296849,2434.2017827503064,2422.4582172496935,2418.8291797031507,,
2023-07-19 13:15:00,ADANIENT,2424.2,2425.0,2422.05,2423.25,12375,3.493230037234217,2427.58,2436.725276237479,2433.232046200245,2421.927953799755,2418.4347237625207,,
2023-07-19 13:20:00,ADANIENT,2424.05,2424.3,2422.0,2424.25,7815,3.2545840297874102,2427.2774999999997,2435.798000989983,2432.543416960196,2422.0115830398036,2418.7569990100164,,
2023-07-19 13:25:00,ADANIENT,2424.95,2425.85,2423.25,2424.05,7275,3.1236672238299104,2426.8424999999997,2435.0202607919864,2431.8965935681567,2421.7884064318428,2418.664739208013,,
2023-07-19 13:30:00,ADANIENT,2424.05,2427.6,2424.0,2427.5,10049,3.2189337790639105,2426.525,2434.9521686335893,2431.7332348545256,2421.3167651454746,2418.097831366411,,
2023-07-19 13:35:00,ADANIENT,2427.5,2429.35,2427.0,2427.4,12905,3.0451470232511104,2426.165,2434.137194906871,2431.09204788362,2421.23795211638,2418.1928050931288,,
2023-07-19 13:40:00,ADANIENT,2427.6,2429.9,2427.5,2428.5,10089,2.9361176186008886,2425.69,2433.376755925497,2430.4406383068963,2420.939361693104,2418.003244074503,,
2023-07-19 13:45:00,ADANIENT,2428.7,2429.0,2425.4,2428.0,10978,3.068894094880693,2425.7300000000005,2433.764364740398,2430.6954706455176,2420.7645293544833,2417.695635259603,,
2023-07-19 13:50:00,ADANIENT,2428.0,2428.6,2425.25,2428.0,7554,3.125115275904536,2425.7,2433.881551792318,2430.7564365164135,2420.643563483586,2417.5184482076816,,
2023-07-19 13:55:00,ADANIENT,2428.1,2428.6,2426.7,2427.75,6472,2.8800922207236472,2425.65,2433.1900814338546,2430.309989213131,2420.9900107868693,2418.1099185661456,,
2023-07-19 14:00:00,ADANIENT,2427.6,2431.6,2427.5,2427.75,22000,3.1240737765789,2425.6975,2433.8763251470837,2430.752251370505,2420.6427486294956,2417.518674852917,,
2023-07-19 14:05:00,ADANIENT,2427.75,2429.7,2427.2,2429.15,6565,2.99925902126312,2425.9275000000002,2433.779560117667,2430.780301096404,2421.0746989035965,2418.0754398823333,,
2023-07-19 14:10:00,ADANIENT,2429.5,2430.85,2427.5,2428.25,11944,3.069407217010478,2425.9575,2433.9932080941335,2430.923800877123,2420.991199122877,2417.9217919058665,,
2023-07-19 14:15:00,ADANIENT,2427.6,2429.0,2427.5,2429.0,5624,2.7555257736083822,2426.0475,2433.261466475307,2430.5059407016984,2421.589059298302,2418.8335335246934,,
2023-07-19 14:20:00,ADANIENT,2428.85,2430.3,2425.45,2425.45,14404,3.1744206188867787,2426.1425,2434.4531331802455,2431.2787125613586,2421.0062874386413,2417.8318668197544,,
2023-07-19 14:25:00,ADANIENT,2425.45,2427.95,2424.0,2425.15,11491,3.329536495109387,2426.1549999999997,2434.871726544196,2431.542190049087,2420.7678099509126,2417.4382734558035,,
2023-07-19 14:30:00,ADANIENT,2424.1,2425.25,2422.5,2424.05,6861,3.21362919608751,2426.0299999999997,2434.443281235357,2431.2296520392692,2420.8303479607303,2417.6167187646424,,
2023-07-19 14:35:00,ADANIENT,2424.1,2425.9,2421.5,2421.5,14418,3.4509033568700263,2426.005,2435.039464988286,2431.588561631416,2420.4214383685844,2416.970535011714,,
2023-07-19 14:40:00,ADANIENT,2421.5,2424.0,2421.45,2423.75,7670,3.2707226854960574,2426.035,2434.5977519906287,2431.3270293051323,2420.7429706948674,2417.472248009371,,
2023-07-19 14:45:00,ADANIENT,2423.75,2424.7,2423.1,2424.5,5899,2.936578148396828,2426.0724999999998,2433.7604615925025,2430.823883444106,2421.3211165558937,2418.384538407497,,
2023-07-19 14:50:00,ADANIENT,2424.5,2425.0,2422.75,2422.75,6605,2.799262518717463,2426.0,2433.328469274002,2430.529206755285,2421.470793244715,2418.671530725998,,
2023-07-19 14:55:00,ADANIENT,2423.0,2424.5,2422.5,2424.0,6625,2.6394100149739703,2426.0375,2432.947475419202,2430.308065404228,2421.766934595772,2419.127524580798,,
2023-07-19 15:00:00,ADANIENT,2424.0,2426.95,2423.9,2424.65,14586,2.721528011979122,2426.0575,2433.182460335361,2430.460932323382,2421.6540676766176,2418.9325396646386,,
2023-07-19 15:05:00,ADANIENT,2424.05,2428.0,2424.0,2426.0,24113,2.9772224095832973,2426.1549999999997,2433.9493682682887,2430.9721458587055,2421.337854141294,2418.360631731711,,
2023-07-19 15:10:00,ADANIENT,2427.45,2427.45,2423.0,2424.1,23251,3.2717779276666015,2425.9849999999997,2434.5505146146306,2431.2787366869643,2420.691263313035,2417.4194853853687,,
2023-07-19 15:15:00,ADANIENT,2424.85,2426.6,2423.0,2423.0,40030,3.337422342133263,2425.765,2434.502371691705,2431.1649493495715,2420.365050650428,2417.027628308295,,
2023-07-19 15:20:00,ADANIENT,2423.0,2423.95,2420.1,2421.9,49440,3.4399378737065924,2425.435,2434.440757353364,2431.0008194796574,2419.8691805203425,2416.429242646636,,
2023-07-19 15:25:00,ADANIENT,2422.0,2423.95,2421.1,2422.4,26801,3.3219502989652563,2425.1549999999997,2433.8518658826906,2430.5299155837256,2419.780084416274,2416.458134117309,,
2023-07-20 09:15:00,ADANIENT,2428.95,2429.0,2415.1,2424.4,80940,5.437560239172224,2424.975,2439.2105327061527,2433.7729724669807,2416.177027533019,2410.739467293847,,
2023-07-20 09:20:00,ADANIENT,2424.25,2426.9,2420.0,2426.0,62921,5.730048191337798,2424.8875,2439.8887661649223,2434.1587179735843,2415.6162820264153,2409.8862338350773,,
2023-07-20 09:25:00,ADANIENT,2426.9,2426.9,2420.8,2426.5,33987,5.804038553070221,2424.825,2440.0199729319374,2434.2159343788676,2415.434065621132,2409.630027068062,,
2023-07-20 09:30:00,ADANIENT,2425.5,2426.55,2421.1,2422.1,19264,5.733230842456232,2424.4725,2439.48209834555,2433.748867503094,2415.1961324969056,2409.4629016544495,,
2023-07-20 09:35:00,ADANIENT,2422.0,2423.0,2417.0,2419.5,32354,5.7865846739649855,2424.035,2439.18427867644,2433.3976940024754,2414.6723059975243,2408.8857213235597,,
2023-07-20 09:40:00,ADANIENT,2419.95,2420.45,2400.0,2406.1,106586,8.719267739171952,2422.89,2445.717042941152,2436.99777520198,2408.78222479802,2400.0629570588476,,
2023-07-20 09:45:00,ADANIENT,2406.05,2411.35,2402.0,2404.1,51363,8.845414191337545,2421.8224999999998,2444.9797943529215,2436.134380161584,2407.5106198384156,2398.665205647078,,
2023-07-20 09:50:00,ADANIENT,2404.9,2406.0,2401.6,2404.9,33035,7.956331353070055,2420.81,2441.639675482337,2433.6833441292674,2407.9366558707325,2399.9803245176627,,
2023-07-20 09:55:00,ADANIENT,2406.95,2413.0,2405.0,2405.95,35273,7.9850650824560265,2419.905,2440.80990038587,2432.824835303414,2406.9851646965863,2399.0000996141302,,
2023-07-20 10:00:00,ADANIENT,2404.75,2416.6,2403.95,2408.3,44412,8.91805206596484,2419.245,2442.592460308696,2433.674408242731,2404.815591757269,2395.897539691304,,2403.95
2023-07-20 10:05:00,ADANIENT,2408.3,2410.0,2404.0,2409.0,24072,8.334441652771872,2418.5075,2440.327068246957,2431.992626594185,2405.0223734058154,2396.6879317530434,,
2023-07-20 10:10:00,ADANIENT,2409.0,2411.55,2408.2,2409.2,9487,7.337553322217571,2417.7425000000003,2436.9522145975657,2429.614661275348,2405.8703387246524,2398.532785402435,,
2023-07-20 10:15:00,ADANIENT,2410.0,2413.45,2408.4,2413.0,12196,6.880042657774003,2417.255,2435.2669516780525,2428.3869090202784,2406.123090979722,2399.2430483219478,,
2023-07-20 10:20:00,ADANIENT,2413.0,2414.8,2410.0,2414.3,13722,6.464034126219239,2416.77,2433.692841342442,2427.228807216223,2406.311192783777,2399.847158657558,,
2023-07-20 10:25:00,ADANIENT,2414.0,2414.4,2410.15,2410.4,14137,6.021227300975392,2416.0575,2431.8210730739534,2425.799845772978,2406.3151542270216,2400.2939269260464,,
2023-07-20 10:30:00,ADANIENT,2411.0,2415.8,2410.7,2415.6,24344,5.896981840780333,2415.5375,2430.975798459163,2425.0788166183825,2405.9961833816174,2400.099201540837,,
2023-07-20 10:35:00,ADANIENT,2415.6,2421.0,2415.15,2416.0,23407,5.887585472624249,2415.1325,2430.54619876733,2424.6586132947064,2405.606386705294,2399.71880123267,,
2023-07-20 10:40:00,ADANIENT,2416.0,2416.95,2414.0,2416.35,10423,5.300068378099363,2414.8,2428.6755790138645,2423.375510635765,2406.2244893642355,2400.924420986136,,
2023-07-20 10:45:00,ADANIENT,2416.5,2416.5,2409.05,2412.3,14810,5.730054702479454,2414.32,2429.321283211091,2423.591228508612,2405.0487714913884,2399.318716788909,,
2023-07-20 10:50:00,ADANIENT,2412.3,2413.0,2409.0,2412.45,10750,5.3840437619835635,2413.8224999999998,2427.9179265688726,2422.5338828068893,2405.11111719311,2399.727073431127,,
2023-07-20 10:55:00,ADANIENT,2412.7,2416.9,2412.5,2415.25,12592,5.1972350095869055,2413.365,2426.971361255098,2421.7741262455115,2404.955873754488,2399.7586387449014,,
2023-07-20 11:00:00,ADANIENT,2415.2,2416.1,2413.05,2414.25,8356,4.76778800766947,2412.7774999999997,2425.2595690040785,2420.491780996409,2405.0632190035903,2400.295430995921,,
2023-07-20 11:05:00,ADANIENT,2414.5,2415.0,2412.05,2414.75,6970,4.4042304061355395,2412.1899999999996,2423.7202752032626,2419.316044797127,2405.0639552028724,2400.6597247967366,,
2023-07-20 11:10:00,ADANIENT,2414.75,2414.75,2410.0,2413.65,6146,4.473384324908432,2411.7675,2423.47882016261,2419.005435837702,2404.529564162298,2400.0561798373897,,
2023-07-20 11:15:00,ADANIENT,2414.45,2414.55,2411.45,2413.75,6927,4.198707459926818,2411.48,2422.4722161300883,2418.2735086701614,2404.6864913298386,2400.4877838699117,,
2023-07-20 11:20:00,ADANIENT,2413.75,2417.0,2413.15,2416.75,12294,4.128965967941436,2412.0125,2422.8221329040707,2418.6931669361293,2405.3318330638704,2401.202867095929,,
2023-07-20 11:25:00,ADANIENT,2417.0,2423.0,2416.0,2422.0,33205,4.703172774353149,2412.9075000000003,2425.2204063232566,2420.5172335489037,2405.297766451097,2400.594593676744,2423.0,
2023-07-20 11:30:00,ADANIENT,2422.4,2426.5,2420.0,2425.7,42240,5.062538219482519,2413.9475,2427.2012250586054,2422.138686839123,2405.7563131608777,2400.693774941395,,
2023-07-20 11:35:00,ADANIENT,2425.95,2426.5,2421.95,2422.35,15771,4.960030575586052,2414.7675,2427.752860046884,2422.7928294712983,2406.7421705287015,2401.782139953116,,
2023-07-20 11:40:00,ADANIENT,2422.3,2426.5,2421.0,2424.55,20267,5.068024460468842,2415.58,2428.8480880375073,2423.7800635770386,2407.3799364229612,2402.3119119624926,,
2023-07-20 11:45:00,ADANIENT,2425.65,2428.0,2424.55,2426.0,20452,4.744419568375037,2416.43,2428.8508904300056,2424.1064708616304,2408.7535291383692,2404.009109569994,,
2023-07-20 11:50:00,ADANIENT,2426.0,2427.15,2422.2,2426.4,25121,4.785535654700085,2417.29,2429.818532344005,2425.0329966893046,2409.5470033106953,2404.761467655995,,
2023-07-20 11:55:00,ADANIENT,2426.75,2427.25,2424.15,2424.2,15494,4.44842852376005,2417.85,2429.4959858752036,2425.0475573514436,2410.652442648556,2406.2040141247962,,
2023-07-20 12:00:00,ADANIENT,2424.2,2426.0,2421.25,2424.55,21478,4.508742819008041,2418.3625,2430.166388700163,2425.657645881155,2411.0673541188453,2406.558611299837,,
2023-07-20 12:05:00,ADANIENT,2424.65,2427.0,2422.7,2424.95,15973,4.466994255206469,2419.09,2430.7845909601306,2426.317596704924,2411.862403295076,2407.3954090398697,,
2023-07-20 12:10:00,ADANIENT,2425.45,2429.5,2424.95,2429.5,19415,4.483595404165212,2419.7850000000003,2431.5230527681047,2427.0394573639396,2412.530542636061,2408.046947231896,,
2023-07-20 12:15:00,ADANIENT,2430.0,2431.0,2426.05,2427.35,23927,4.576876323332133,2420.3525,2432.3347622144834,2427.7578858911515,2412.9471141088484,2408.3702377855166,,
2023-07-20 12:20:00,ADANIENT,2427.8,2428.4,2426.6,2427.8,8653,4.021501058665743,2420.925,2431.453289771587,2427.4317887129214,2414.418211287079,2410.396710228413,,
2023-07-20 12:25:00,ADANIENT,2427.8,2428.05,2427.0,2427.65,8528,3.427200846932631,2421.6925,2430.6649118172695,2427.237710970337,2416.147289029663,2412.7200881827307,,
2023-07-20 12:30:00,ADANIENT,2428.0,2429.05,2427.8,2429.05,7358,3.021760677546123,2422.5225,2430.4334694538156,2427.4117087762697,2417.6332912237303,2414.6115305461844,,
2023-07-20 12:35:00,ADANIENT,2429.2,2433.9,2429.05,2431.05,35492,3.387408542036881,2423.3125,2432.1807355630526,2428.7933270210156,2417.8316729789844,2414.4442644369474,,
2023-07-20 12:40:00,ADANIENT,2431.7,2431.95,2425.75,2427.55,34093,3.9499268336294686,2423.9775,2434.318408450442,2430.3684816168125,2417.5865183831875,2413.636591549558,2431.95,
2023-07-20 12:45:00,ADANIENT,2427.25,2429.0,2427.05,2428.2,9568,3.549941466903539,2424.65,2433.9437467603534,2430.39380529345,2418.90619470655,2415.356253239647,,
2023-07-20 12:50:00,ADANIENT,2428.8,2429.25,2427.7,2428.1,9788,3.1499531735228676,2425.3725000000004,2433.6190774082834,2430.4691242347603,2420.2758757652405,2417.1259225917174,,
2023-07-20 12:55:00,ADANIENT,2428.1,2429.95,2425.5,2425.65,15737,3.409962538818258,2425.9675,2434.8947819266264,2431.4848193878083,2420.450180612192,2417.040218073374,,
2023-07-20 13:00:00,ADANIENT,2425.65,2427.3,2423.3,2426.7,15279,3.5279700310546067,2426.465,2435.701225541301,2432.1732555102467,2420.7567444897536,2417.2287744586993,,
2023-07-20 13:05:00,ADANIENT,2426.8,2429.7,2426.15,2429.1,11354,3.532376024843631,2426.82,2436.067760433041,2432.535384408197,2421.1046155918034,2417.5722395669595,,
2023-07-20 13:10:00,ADANIENT,2429.1,2430.85,2428.25,2428.5,11957,3.3459008198748865,2426.96,2435.7195683464324,2432.3736675265577,2421.5463324734424,2418.2004316535676,,
2023-07-20 13:15:00,ADANIENT,2428.5,2429.5,2426.25,2426.6,6899,3.3267206558999094,2427.1724999999997,2435.881854677146,2432.5551340212455,2421.789865978754,2418.4631453228535,,
2023-07-20 13:20:00,ADANIENT,2426.7,2428.45,2425.55,2426.35,14744,3.241376524719855,2427.2625,2435.7484237417166,2432.5070472169964,2422.0179527830032,2418.776576258283,,
2023-07-20 13:25:00,ADANIENT,2426.35,2429.4,2425.5,2429.0,8914,3.3731012197759025,2427.4125,2436.243278993373,2432.8701777735973,2421.9548222264025,2418.5817210066266,,
2023-07-20 13:30:00,ADANIENT,2429.4,2430.1,2427.6,2429.0,11388,3.198480975820722,2427.5425,2435.9161231946987,2432.717642218878,2422.367357781122,2419.1688768053014,,
2023-07-20 13:35:00,ADANIENT,2429.0,2429.45,2418.3,2418.3,26310,4.7887847806565045,2427.2475,2439.784538555759,2434.995753775102,2419.499246224898,2414.710461444241,,2418.3
2023-07-20 13:40:00,ADANIENT,2419.35,2421.75,2418.0,2421.0,21053,4.581027824525204,2427.07,2439.0631308446073,2434.482103020082,2419.6578969799184,2415.076869155393,,
2023-07-20 13:45:00,ADANIENT,2420.45,2422.0,2418.05,2418.7,15390,4.454822259620127,2426.7574999999997,2438.4202246756854,2433.965402416065,2419.5495975839344,2415.094775324314,,
2023-07-20 13:50:00,ADANIENT,2419.4,2420.0,2417.0,2417.25,15778,4.163857807696102,2426.1449999999995,2437.045979740548,2432.882121932852,2419.407878067147,2415.244020259451,,
2023-07-20 13:55:00,ADANIENT,2418.0,2418.95,2415.3,2418.9,12936,4.061086246156809,2425.7225,2436.3544237924384,2432.2933375462817,2419.151662453718,2415.0905762075613,,
2023-07-20 14:00:00,ADANIENT,2418.85,2422.6,2417.65,2421.6,13929,4.238868996925411,2425.4125,2436.5098590339508,2432.270990037025,2418.5540099629748,2414.315140966049,,
2023-07-20 14:05:00,ADANIENT,2421.55,2426.05,2419.0,2424.5,15670,4.8010951975403655,2425.255,2437.824267227161,2433.0231720296206,2417.4868279703796,2412.6857327728394,,
2023-07-20 14:10:00,ADANIENT,2424.75,2428.55,2424.75,2426.45,13860,4.650876158032329,2425.125,2437.3009937817287,2432.650117623696,2417.599882376304,2412.9490062182713,,
2023-07-20 14:15:00,ADANIENT,2426.5,2427.0,2422.2,2425.6,11849,4.680700926425899,2424.8525,2437.106575025383,2432.425874098957,2417.279125901043,2412.598424974617,,
2023-07-20 14:20:00,ADANIENT,2425.6,2427.1,2425.0,2425.75,6677,4.1645607411407015,2424.7625,2435.6653200203064,2431.5007592791653,2418.0242407208343,2413.8596799796933,,
2023-07-20 14:25:00,ADANIENT,2425.75,2430.8,2424.0,2424.45,27785,4.691648592912598,2424.575,2436.857736016245,2432.1660874233326,2416.983912576667,2412.2922639837548,,
2023-07-20 14:30:00,ADANIENT,2425.5,2427.3,2423.15,2423.5,9804,4.5833188743300965,2424.345,2436.344128812996,2431.7608099386657,2416.929190061334,2412.3458711870035,,
2023-07-20 14:35:00,ADANIENT,2423.85,2427.0,2423.5,2424.0,6278,4.366655099464078,2424.2625,2435.694403050397,2431.327747950933,2417.1972520490667,2412.8305969496028,,
2023-07-20 14:40:00,ADANIENT,2424.0,2424.9,2420.65,2421.6,14025,4.343324079571262,2424.0075,2435.378322440318,2431.0349983607466,2416.9800016392537,2412.6366775596825,,
2023-07-20 14:45:00,ADANIENT,2422.0,2424.55,2419.15,2420.95,12420,4.554659263657028,2423.6,2435.524097952254,2430.969438688597,2416.2305613114027,2411.6759020477457,,
2023-07-20 14:50:00,ADANIENT,2422.0,2424.1,2420.1,2422.85,8959,4.443727410925622,2423.3175,2434.9511783618036,2430.5074509508777,2416.1275490491225,2411.6838216381966,,
2023-07-20 14:55:00,ADANIENT,2422.0,2424.25,2421.7,2422.6,9363,4.064981928740535,2423.1175,2433.7596226894425,2429.694640760702,2416.5403592392977,2412.475377310557,,
2023-07-20 15:00:00,ADANIENT,2422.6,2424.0,2421.0,2421.5,8874,3.851985542992428,2422.875,2432.9594981515543,2429.1075126085616,2416.6424873914384,2412.7905018484457,,
2023-07-20 15:05:00,ADANIENT,2421.5,2421.65,2418.0,2419.6,23649,3.811588434393961,2422.405,2432.3837385212437,2428.5721500868494,2416.237849913151,2412.4262614787567,,
2023-07-20 15:10:00,ADANIENT,2421.45,2421.45,2418.5,2420.0,14420,3.6392707475151322,2421.9550000000004,2431.482610816995,2427.84334006948,2416.066659930521,2412.4273891830057,,
2023-07-20 15:15:00,ADANIENT,2419.3,2422.0,2419.0,2419.5,34134,3.511416598012106,2422.0150000000003,2431.207888653596,2427.696472055584,2416.333527944417,2412.8221113464047,,
2023-07-20 15:20:00,ADANIENT,2419.0,2420.95,2417.05,2419.05,42849,3.5891332784096126,2421.9175,2431.3138509228766,2427.7247176444666,2416.1102823555334,2412.5211490771235,,
2023-07-20 15:25:00,ADANIENT,2419.85,2420.5,2417.1,2418.0,21223,3.551306622727709,2421.8825,2431.1798207383013,2427.6285141155736,2416.1364858844267,2412.585179261699,,
2023-07-21 09:15:00,ADANIENT,2410.0,2418.3,2397.95,2411.65,72612,6.91104529818224,2421.6025,2439.6956165906413,2432.7845712924586,2410.4204287075413,2403.5093834093586,,2397.95
2023-07-21 09:20:00,ADANIENT,2411.7,2418.8,2409.05,2417.35,40071,7.478836238545793,2421.525,2441.104593272513,2433.625757033967,2409.424242966033,2401.9454067274874,,
2023-07-21 09:25:00,ADANIENT,2417.35,2422.95,2415.2,2421.0,51421,7.533068990836635,2421.495,2441.2165746180103,2433.6835056271734,2409.3064943728264,2401.7734253819895,,
2023-07-21 09:30:00,ADANIENT,2421.0,2429.9,2420.5,2427.0,51196,7.906455192669327,2421.62,2442.319099694408,2434.4126445017387,2408.827355498261,2400.9209003055917,,
2023-07-21 09:35:00,ADANIENT,2426.15,2429.45,2423.8,2424.6,37462,7.455164154135389,2421.5274999999997,2441.0451197555262,2433.5899556013906,2409.465044398609,2402.009880244473,,
2023-07-21 09:40:00,ADANIENT,2423.95,2429.2,2422.2,2428.45,31940,7.364131323308312,2421.67,2440.949295804421,2433.5851644811128,2409.7548355188874,2402.390704195579,,
2023-07-21 09:45:00,ADANIENT,2428.3,2440.95,2428.3,2438.4,85365,8.421305058646578,2422.3025000000002,2444.349476643537,2435.9281715848906,2408.67682841511,2400.2555233564635,2440.95,
2023-07-21 09:50:00,ADANIENT,2437.85,2439.25,2427.8,2430.75,70376,9.027044046917226,2422.6175000000003,2446.25030131483,2437.2232572679122,2408.0117427320884,2398.9846986851708,,
2023-07-21 09:55:00,ADANIENT,2430.45,2435.0,2429.3,2434.25,74258,8.361635237533745,2423.155,2445.0457610518633,2436.68412581433,2409.6258741856705,2401.264238948137,,
2023-07-21 10:00:00,ADANIENT,2434.5,2435.15,2432.55,2432.85,12254,7.209308190026978,2423.5975000000003,2442.471468841491,2435.262160651464,2411.9328393485366,2404.7235311585096,,
2023-07-21 10:05:00,ADANIENT,2432.85,2434.6,2429.05,2431.4,15820,6.877446552021528,2424.0875,2442.0926550731924,2435.215208521171,2412.959791478829,2406.0823449268078,,
2023-07-21 10:10:00,ADANIENT,2431.4,2432.0,2427.0,2427.0,15708,6.501957241617223,2424.3900000000003,2441.412124058554,2434.910166816937,2413.8698331830637,2407.3678759414465,,
2023-07-21 10:15:00,ADANIENT,2427.0,2434.0,2426.0,2434.0,31218,6.801565793293779,2424.9474999999998,2442.753999246843,2435.952433453549,2413.9425665464505,2407.1410007531567,,
2023-07-21 10:20:00,ADANIENT,2433.65,2434.5,2431.95,2434.5,14464,5.95125263463506,2425.5425000000005,2441.122879397475,2435.17162676284,2415.913373237161,2409.962120602526,,
2023-07-21 10:25:00,ADANIENT,2434.5,2438.65,2434.5,2438.0,42259,5.591002107708066,2426.3675000000003,2441.00474351798,2435.413741410272,2417.3212585897286,2411.7302564820206,,
2023-07-21 10:30:00,ADANIENT,2437.65,2440.0,2434.0,2435.5,26135,5.672801686166453,2427.1625,2442.0138948143835,2436.3410931282174,2417.9839068717824,2412.3111051856163,,
2023-07-21 10:35:00,ADANIENT,2435.15,2438.5,2433.25,2436.45,15189,5.588241348933162,2427.9849999999997,2442.6150158515065,2437.0267745025735,2418.943225497426,2413.354984148493,,
2023-07-21 10:40:00,ADANIENT,2436.45,2444.9,2436.3,2444.15,58618,6.190593079146512,2429.2174999999997,2445.4244726812053,2439.233879602059,2419.2011203979405,2413.010527318794,,
2023-07-21 10:45:00,ADANIENT,2444.9,2456.45,2444.2,2445.0,138864,7.412474463317156,2430.5150000000003,2449.9208581449648,2442.5083836816475,2418.521616318353,2411.109141855036,,
2023-07-21 10:50:00,ADANIENT,2445.5,2450.0,2443.0,2445.45,55168,7.329979570653725,2431.8875,2451.0773865159713,2443.7474069453174,2420.0275930546823,2412.6976134840284,,
2023-07-21 10:55:00,ADANIENT,2445.0,2445.3,2437.1,2442.05,116015,7.503983656523035,2433.4075000000003,2453.0529292127776,2445.5489455562547,2421.266054443746,2413.762070787223,,
2023-07-21 11:00:00,ADANIENT,2442.6,2447.3,2441.8,2443.25,24792,7.103186925218429,2434.7025000000003,2453.298643370222,2446.195456445004,2423.209543554997,2416.1063566297785,,
2023-07-21 11:05:00,ADANIENT,2443.05,2444.4,2437.7,2439.3,15534,7.022549540174799,2435.6175,2454.0025346961775,2446.979985156003,2424.255014843997,2417.232465303822,,
2023-07-21 11:10:00,ADANIENT,2439.25,2447.0,2439.0,2447.0,23528,7.21803963213984,2436.6175,2455.514327756942,2448.2962881248022,2424.9387118751974,2417.720672243058,,
2023-07-21 11:15:00,ADANIENT,2446.85,2450.0,2446.2,2446.95,46891,6.534431705711909,2437.735,2454.842142205554,2448.307710499842,2427.1622895001583,2420.6278577944463,,
2023-07-21 11:20:00,ADANIENT,2446.4,2449.8,2443.85,2447.4,20875,6.417545364569582,2438.6825,2455.483633764443,2449.0660883998735,2428.2989116001263,2421.881366235557,,
2023-07-21 11:25:00,ADANIENT,2448.0,2449.25,2444.65,2446.95,22373,6.054036291655648,2439.11,2454.959467011555,2448.905430719899,2429.3145692801013,2423.2605329884454,,
2023-07-21 11:30:00,ADANIENT,2447.95,2448.4,2444.5,2448.15,23647,5.623229033324537,2439.98,2454.701613609244,2449.0783845759192,2430.881615424081,2425.258386390756,,
2023-07-21 11:35:00,ADANIENT,2448.15,2450.0,2445.8,2447.9,20131,5.338583226659593,2440.6625,2454.6389108873946,2449.300327660735,2432.0246723392647,2426.6860891126053,,
2023-07-21 11:40:00,ADANIENT,2448.0,2449.0,2447.5,2448.0,11073,4.5708665813276745,2441.4199999999996,2453.3865287099156,2448.815662128588,2434.0243378714113,2429.4534712900836,,
2023-07-21 11:45:00,ADANIENT,2448.95,2448.95,2442.4,2447.6,18795,4.966693265062085,2442.2300000000005,2455.232802967933,2450.266109702871,2434.19389029713,2429.227197032068,,
2023-07-21 11:50:00,ADANIENT,2446.85,2452.0,2445.6,2445.8,54154,5.253354612049686,2443.17,2456.923282374346,2451.6699277622965,2434.6700722377036,2429.416717625654,,
2023-07-21 11:55:00,ADANIENT,2446.0,2447.2,2444.55,2447.2,14188,4.732683689639677,2443.83,2456.220165899477,2451.487482209837,2436.172517790163,2431.439834100523,,
2023-07-21 12:00:00,ADANIENT,2447.0,2447.35,2442.4,2444.0,13946,4.776146951711705,2444.3050000000003,2456.8089527195816,2452.03280576787,2436.5771942321308,2431.801047280419,,
2023-07-21 12:05:00,ADANIENT,2444.25,2447.2,2443.6,2446.05,11841,4.540917561369346,2444.7075,2456.595622175665,2452.0547046142956,2437.3602953857044,2432.819377824335,,
2023-07-21 12:10:00,ADANIENT,2446.0,2449.45,2445.0,2446.0,13247,4.52273404909544,2445.2324999999996,2457.0730177405317,2452.550283691436,2437.914716308563,2433.3919822594676,,
2023-07-21 12:15:00,ADANIENT,2445.25,2448.45,2445.0,2448.45,8195,4.308187239276316,2445.8325,2457.1113341924256,2452.8031469531493,2438.8618530468507,2434.5536658075744,,
2023-07-21 12:20:00,ADANIENT,2448.0,2448.45,2446.6,2447.15,7456,3.816549791421035,2445.9824999999996,2455.97422735394,2452.157677562519,2439.8073224374803,2435.990772646059,,
2023-07-21 12:25:00,ADANIENT,2446.95,2447.05,2435.0,2436.2,44052,5.463239833136865,2445.5425,2459.8452618831525,2454.3820220500156,2436.7029779499844,2431.2397381168475,,
2023-07-21 12:30:00,ADANIENT,2436.3,2442.55,2436.0,2442.0,15192,5.680591866509529,2445.37,2460.241789506522,2454.5611976400123,2436.1788023599875,2430.498210493478,,
2023-07-21 12:35:00,ADANIENT,2442.5,2442.55,2438.5,2438.65,16754,5.35447349320766,2445.2,2459.2180116052173,2453.86353811201,2436.53646188799,2431.1819883947824,,
2023-07-21 12:40:00,ADANIENT,2438.15,2439.65,2431.35,2432.6,30057,5.9435787945661644,2444.6675,2460.2277892841744,2454.284210489608,2435.050789510392,2429.1072107158257,,
2023-07-21 12:45:00,ADANIENT,2432.6,2433.2,2415.65,2425.0,137291,8.264863035652876,2443.9525000000003,2465.5899114273398,2457.325048391687,2430.579951608314,2422.315088572661,,
2023-07-21 12:50:00,ADANIENT,2424.4,2430.45,2424.1,2429.0,26488,7.881890428522283,2443.0525000000002,2463.6872891418716,2455.8053987133494,2430.299601286651,2422.417710858129,,
2023-07-21 12:55:00,ADANIENT,2429.0,2431.6,2425.0,2427.5,23917,7.625512342817808,2442.08,2462.043591313497,2454.4180789706793,2429.7419210293206,2422.116408686503,,
2023-07-21 13:00:00,ADANIENT,2427.5,2431.7,2426.65,2431.15,13890,7.110409874254192,2441.2675,2459.8825530507975,2452.772143176543,2429.762856823457,2422.6524469492024,,2426.65
2023-07-21 13:05:00,ADANIENT,2431.2,2432.0,2428.0,2430.55,13902,6.488327899403354,2440.4474999999998,2457.4339424406376,2450.9456145412346,2429.949385458765,2423.461057559362,,
2023-07-21 13:10:00,ADANIENT,2430.65,2433.0,2430.0,2431.0,13978,5.790662319522683,2439.5899999999997,2454.74995395251,2448.9592916329875,2430.220708367012,2424.430046047489,,
2023-07-21 13:15:00,ADANIENT,2431.45,2435.0,2431.05,2434.9,14867,5.432529855618147,2438.9399999999996,2453.1623631620078,2447.7298333063895,2430.1501666936097,2424.7176368379914,,
2023-07-21 13:20:00,ADANIENT,2434.7,2437.45,2432.35,2437.15,17651,5.366023884494499,2438.3975,2452.445750529607,2447.0797266451123,2429.715273354888,2424.3492494703933,,
2023-07-21 13:25:00,ADANIENT,2437.1,2437.7,2433.8,2435.95,14062,5.072819107595527,2437.8149999999996,2451.0956404236845,2446.022821316089,2429.60717868391,2424.5343595763147,,
2023-07-21 13:30:00,ADANIENT,2435.95,2437.0,2431.85,2434.15,9977,5.08825528607644,2437.2325,2450.553552338948,2445.465297052872,2428.9997029471283,2423.911447661052,,
2023-07-21 13:35:00,ADANIENT,2434.25,2435.0,2430.05,2431.35,12229,5.060604228861116,2436.4399999999996,2449.688661871158,2444.628057642297,2428.2519423577023,2423.1913381288414,,
2023-07-21 13:40:00,ADANIENT,2431.35,2433.55,2430.5,2430.9,9379,4.65848338308893,2435.785,2447.980909496927,2443.3224261138375,2428.247573886162,2423.589090503073,,
2023-07-21 13:45:00,ADANIENT,2430.95,2437.05,2430.95,2436.95,13591,4.956786706471162,2435.3300000000004,2448.306867597542,2443.350080891071,2427.30991910893,2422.353132402459,,
2023-07-21 13:50:00,ADANIENT,2436.35,2439.85,2436.05,2438.9,14753,4.725429365176875,2434.975,2447.346174078033,2442.620744712856,2427.329255287144,2422.6038259219667,,
2023-07-21 13:55:00,ADANIENT,2439.65,2441.65,2436.0,2436.55,22989,4.910343492141518,2434.38,2447.2352792624265,2442.3249357702853,2426.435064229715,2421.5247207375737,,
2023-07-21 14:00:00,ADANIENT,2437.1,2437.55,2429.0,2430.0,29310,5.638274793713251,2433.5225,2448.283503409941,2442.645228616228,2424.399771383772,2418.761496590059,,
2023-07-21 14:05:00,ADANIENT,2429.2,2430.5,2428.5,2429.5,13305,4.910619834970601,2433.1875,2446.043502727953,2441.1328828929823,2425.2421171070177,2420.331497272047,,
2023-07-21 14:10:00,ADANIENT,2430.0,2430.0,2427.0,2428.6,9277,4.528495867976481,2432.5175,2444.3731021823623,2439.844606314386,2425.190393685614,2420.6618978176375,,
2023-07-21 14:15:00,ADANIENT,2428.1,2428.75,2425.0,2426.25,14184,4.372796694381185,2431.8975,2443.34548174589,2438.972685051509,2424.822314948491,2420.44951825411,,
2023-07-21 14:20:00,ADANIENT,2425.25,2426.25,2422.0,2422.1,28002,4.348237355504947,2431.3725,2442.7561853967118,2438.407948041207,2424.337051958793,2419.988814603288,,
2023-07-21 14:25:00,ADANIENT,2422.05,2425.4,2420.05,2424.75,20556,4.54858988440394,2431.3599999999997,2443.268208317369,2438.719618432965,2424.0003815670343,2419.4517916826303,,
2023-07-21 14:30:00,ADANIENT,2424.0,2425.0,2422.1,2424.0,10535,4.21887190752317,2431.1099999999997,2442.1550066538953,2437.9361347463723,2424.283865253627,2420.064993346104,,
2023-07-21 14:35:00,ADANIENT,2424.0,2427.65,2423.0,2426.4,11279,4.305097526018555,2431.055,2442.3257453231163,2438.020647797098,2424.089352202902,2419.7842546768834,,
2023-07-21 14:40:00,ADANIENT,2426.45,2427.35,2422.5,2423.0,17671,4.414078020814826,2430.6475,2442.2035562584933,2437.7894782376784,2423.5055217623217,2419.0914437415067,,
2023-07-21 14:45:00,ADANIENT,2423.95,2424.75,2422.0,2423.0,12757,4.081262416651861,2430.27,2440.9547450067944,2436.873482590143,2423.666517409857,2419.5852549932056,,
2023-07-21 14:50:00,ADANIENT,2423.0,2423.15,2420.0,2420.0,15299,3.895009933321507,2429.7200000000003,2439.917136005436,2436.0221260721146,2423.417873927886,2419.5228639945644,,
2023-07-21 14:55:00,ADANIENT,2420.0,2422.0,2416.0,2416.75,27216,4.316007946657206,2428.8125,2440.1118088043486,2435.7958008576916,2421.8291991423084,2417.5131911956514,2422.0,
2023-07-21 15:00:00,ADANIENT,2417.0,2420.0,2416.05,2418.0,21818,4.242806357325728,2427.855,2438.9626670434786,2434.719860686153,2420.990139313847,2416.7473329565214,,
2023-07-21 15:05:00,ADANIENT,2418.0,2418.0,2409.0,2414.95,61623,5.194245085860582,2426.8050000000003,2440.4035336347833,2435.209288548923,2418.4007114510778,2413.2064663652172,,
2023-07-21 15:10:00,ADANIENT,2416.8,2417.35,2414.75,2416.5,15945,4.675396068688448,2425.9224999999997,2438.162686907826,2433.4872908391376,2418.3577091608618,2413.6823130921734,,
2023-07-21 15:15:00,ADANIENT,2416.5,2419.7,2415.75,2418.55,30861,4.530316854950723,2425.2825000000003,2437.142869526261,2432.6125526713104,2417.95244732869,2413.4221304737393,,
2023-07-21 15:20:00,ADANIENT,2418.5,2420.0,2416.55,2418.95,40768,4.314253483960542,2424.685,2435.979715621009,2431.665462137048,2417.704537862952,2413.390284378991,,
2023-07-21 15:25:00,ADANIENT,2418.9,2420.0,2416.0,2420.0,25017,4.251402787168433,2423.8375,2434.967672496807,2430.7162697096387,2416.9587302903615,2412.707327503193,,
2023-07-24 09:15:00,ADANIENT,2430.0,2430.0,2418.15,2425.0,64738,5.771122229734729,2423.1425000000004,2438.251297997446,2432.480175767711,2413.80482423229,2408.033702002555,,
2023-07-24 09:20:00,ADANIENT,2424.45,2427.05,2412.05,2422.2,54655,7.616897783787784,2422.425,2442.366038397957,2434.749140614169,2410.1008593858314,2402.4839616020436,,
2023-07-24 09:25:00,ADANIENT,2420.8,2424.7,2418.2,2420.35,28494,7.393518227030227,2421.9425,2441.2987307183653,2433.905212491335,2409.979787508665,2402.586269281635,,
2023-07-24 09:30:00,ADANIENT,2421.0,2422.35,2416.25,2419.4,16150,7.1348145816241635,2421.4375,2440.116444574692,2432.981629993068,2409.893370006932,2402.758555425308,,
2023-07-24 09:35:00,ADANIENT,2418.25,2419.5,2414.0,2418.1,22954,6.8078516652993315,2420.9125,2438.7354556597534,2431.9276039944543,2409.8973960055455,2403.0895443402464,,
2023-07-24 09:40:00,ADANIENT,2418.1,2421.95,2416.2,2417.85,16779,6.5962813322394656,2420.4925,2437.761564527803,2431.1652831955635,2409.819716804436,2403.223435472197,,
2023-07-24 09:45:00,ADANIENT,2417.6,2419.0,2416.0,2418.9,8359,5.877025065791573,2420.3325,2435.718551622242,2429.841526556451,2410.823473443549,2404.946448377758,,
2023-07-24 09:50:00,ADANIENT,2419.0,2422.8,2418.2,2420.9,10856,5.6216200526333315,2420.1400000000003,2434.8574012977942,2429.235781245161,2411.0442187548397,2405.4225987022064,,
2023-07-24 09:55:00,ADANIENT,2420.2,2424.0,2420.1,2424.0,10649,5.277296042106683,2420.1400000000003,2433.9559610382357,2428.678664996129,2411.6013350038716,2406.324038961765,,
2023-07-24 10:00:00,ADANIENT,2424.0,2433.5,2423.85,2430.2,48300,6.1518368336853655,2420.33,2436.4355088305883,2430.2836719969027,2410.376328003097,2404.2244911694115,,
2023-07-24 10:05:00,ADANIENT,2429.5,2435.0,2427.8,2428.0,27055,6.3614694669482565,2420.58,2437.2343270644706,2430.8728575975224,2410.2871424024775,2403.9256729355293,,
2023-07-24 10:10:00,ADANIENT,2428.5,2430.2,2425.0,2429.1,17799,6.12917557355857,2420.8849999999998,2436.931181651576,2430.8020060780177,2410.967993921982,2404.8388183484235,,
2023-07-24 10:15:00,ADANIENT,2429.1,2429.65,2422.85,2423.0,12180,6.263340458846892,2421.035,2437.4324253212612,2431.169084862414,2410.900915137586,2404.6375746787385,,
2023-07-24 10:20:00,ADANIENT,2423.7,2424.9,2422.2,2424.5,5428,5.550672367077569,2421.4224999999997,2435.954160257009,2430.403487889931,2412.4415121100683,2406.8908397429905,,
2023-07-24 10:25:00,ADANIENT,2424.05,2424.75,2421.3,2421.7,8968,5.130537893662019,2421.6075,2435.0392482056072,2429.908710311945,2413.306289688055,2408.175751794393,,
2023-07-24 10:30:00,ADANIENT,2423.0,2425.2,2419.0,2419.1,16793,5.344430314929579,2421.8149999999996,2435.8067185644854,2430.4622882495555,2413.1677117504437,2407.8232814355138,,
2023-07-24 10:35:00,ADANIENT,2419.75,2421.3,2419.1,2420.25,6766,4.715544251943718,2422.0025,2434.347794851589,2429.632250599645,2414.372749400355,2409.6572051484113,,
2023-07-24 10:40:00,ADANIENT,2421.25,2424.0,2420.15,2422.75,6399,4.542435401554956,2422.2125,2434.104595881271,2429.562160479716,2414.862839520284,2410.320404118729,,
2023-07-24 10:45:00,ADANIENT,2422.65,2422.65,2419.0,2419.4,8837,4.363948321243983,2422.235,2433.659816705017,2429.295868383773,2415.1741316162274,2410.8101832949833,,
2023-07-24 10:50:00,ADANIENT,2419.95,2428.0,2419.2,2427.95,13922,5.251158656995223,2422.6324999999997,2436.3800333640133,2431.128874707018,2414.1361252929814,2408.884966635986,,
2023-07-24 10:55:00,ADANIENT,2427.25,2428.0,2421.75,2424.15,7575,5.450926925596178,2422.5899999999997,2436.8605266912105,2431.4095997656145,2413.770400234385,2408.319473308789,,
2023-07-24 11:00:00,ADANIENT,2424.2,2426.0,2423.0,2425.75,4445,4.960741540476944,2422.7675,2435.7547213529688,2430.7939798124917,2414.741020187508,2409.780278647031,,
2023-07-24 11:05:00,ADANIENT,2425.0,2427.25,2424.0,2426.4,3415,4.6185932323815555,2423.07,2435.161477082375,2430.5428838499934,2415.597116150007,2410.9785229176255,,
2023-07-24 11:10:00,ADANIENT,2427.25,2431.1,2426.75,2428.2,17178,4.634874585905209,2423.5099999999998,2435.6441016658996,2431.0092270799946,2416.010772920005,2411.3758983341,,
2023-07-24 11:15:00,ADANIENT,2428.9,2431.0,2427.25,2428.9,12904,4.457899668724167,2424.05,2435.72078133272,2431.262881663996,2416.8371183360046,2412.3792186672804,,
2023-07-24 11:20:00,ADANIENT,2428.9,2431.9,2428.05,2430.35,8587,4.336319734979316,2424.675,2436.027485066176,2431.6911653311968,2417.6588346688036,2413.3225149338246,,
2023-07-24 11:25:00,ADANIENT,2430.35,2432.0,2425.75,2427.0,13826,4.719055787983454,2425.08,2437.4344880529407,2432.715432264957,2417.4445677350427,2412.725511947059,,
2023-07-24 11:30:00,ADANIENT,2427.0,2429.35,2425.2,2427.0,7606,4.605244630386782,2425.3849999999998,2437.4415304423524,2432.8362858119654,2417.933714188034,2413.328469557647,,
2023-07-24 11:35:00,ADANIENT,2427.55,2429.95,2425.3,2425.3,5404,4.614195704309353,2425.45,2437.5299643538815,2432.9157686495723,2417.9842313504273,2413.370035646118,,
2023-07-24 11:40:00,ADANIENT,2425.2,2428.25,2422.05,2425.05,9252,4.931356563447446,2425.1925,2438.1027914831056,2433.171434919658,2417.213565080342,2412.2822085168946,,
2023-07-24 11:45:00,ADANIENT,2424.1,2425.65,2422.8,2423.5,4323,4.515085250757939,2424.9674999999997,2436.787993186484,2432.272907935726,2417.6620920642736,2413.1470068135154,,
2023-07-24 11:50:00,ADANIENT,2423.5,2425.0,2421.0,2421.05,7800,4.412068200606352,2424.565,2436.1157945491873,2431.7037263485813,2417.426273651419,2413.014205450813,,
2023-07-24 11:55:00,ADANIENT,2421.05,2423.5,2419.0,2419.85,20804,4.429654560485082,2424.4075000000003,2436.0043356393503,2431.574681078865,2417.2403189211354,2412.81066436065,,
2023-07-24 12:00:00,ADANIENT,2419.2,2423.0,2419.05,2422.95,5244,4.333723648388029,2424.3300000000004,2435.67568851148,2431.341964863092,2417.3180351369087,2412.9843114885207,,
2023-07-24 12:05:00,ADANIENT,2422.95,2423.0,2420.0,2422.75,5771,4.066978918710423,2424.3825,2435.029850809184,2430.9628718904737,2417.8021281095266,2413.735149190816,,
2023-07-24 12:10:00,ADANIENT,2422.85,2427.3,2422.0,2426.4,8435,4.3135831349683755,2424.7475,2436.040460647347,2431.726877512379,2417.768122487621,2413.454539352653,,
2023-07-24 12:15:00,ADANIENT,2427.0,2427.65,2422.65,2423.8,4301,4.4508665079747,2424.925,2436.577368517878,2432.126502009903,2417.7234979900973,2413.2726314821225,,
2023-07-24 12:20:00,ADANIENT,2424.65,2426.4,2422.6,2423.3,5362,4.320693206379796,2424.9525000000003,2436.2640748143026,2431.9433816079227,2417.961618392078,2413.640925185698,,
2023-07-24 12:25:00,ADANIENT,2422.85,2424.5,2422.55,2424.1,2951,3.846554565103801,2425.1875,2435.2577798514417,2431.411225286338,2418.963774713662,2415.1172201485583,,
2023-07-24 12:30:00,ADANIENT,2424.25,2425.8,2422.7,2425.25,3867,3.697243652083114,2425.0525000000002,2434.731883881154,2431.0346402290706,2419.07035977093,2415.3731161188466,,
2023-07-24 12:35:00,ADANIENT,2425.25,2428.0,2423.75,2425.6,7270,3.8077949216664915,2425.125,2435.0938071049227,2431.2860121832564,2418.9639878167436,2415.1561928950773,,
2023-07-24 12:40:00,ADANIENT,2426.75,2429.7,2424.65,2426.85,8251,4.056235937333139,2425.18,2435.799225683938,2431.742989746605,2418.6170102533947,2414.5607743160617,,
2023-07-24 12:45:00,ADANIENT,2426.6,2431.3,2426.6,2429.1,31838,4.184988749866566,2425.3149999999996,2436.27130054715,2432.0863117972835,2418.5436882027157,2414.358699452849,,
2023-07-24 12:50:00,ADANIENT,2429.1,2431.0,2425.75,2427.7,7768,4.397990999893253,2425.29,2436.8039404377205,2432.405949437827,2418.174050562173,2413.7760595622794,,
2023-07-24 12:55:00,ADANIENT,2428.5,2430.9,2426.35,2430.9,7278,4.428392799914639,2425.3900000000003,2436.983532350177,2432.555139550262,2418.2248604497386,2413.7964676498236,,
2023-07-24 13:00:00,ADANIENT,2430.1,2430.1,2425.55,2425.9,5827,4.452714239931657,2425.1675,2436.824705880141,2432.371991640209,2417.963008359791,2413.510294119859,,
2023-07-24 13:05:00,ADANIENT,2425.55,2426.55,2424.0,2425.7,5560,4.072171391945362,2425.1025,2435.7634447041128,2431.6912733121676,2418.5137266878323,2414.441555295887,,
2023-07-24 13:10:00,ADANIENT,2425.65,2427.55,2424.1,2425.35,6665,3.947737113556345,2425.02,2435.3551757632904,2431.407438649734,2418.632561350266,2414.6848242367096,,
2023-07-24 13:15:00,ADANIENT,2424.5,2427.0,2424.1,2425.0,5580,3.7381896908450942,2425.005,2434.7915806106325,2431.0533909197875,2418.9566090802127,2415.2184193893677,,
2023-07-24 13:20:00,ADANIENT,2424.8,2426.5,2424.6,2425.65,5411,3.3705517526760937,2425.0350000000003,2433.8591044885065,2430.48855273583,2419.5814472641705,2416.210895511494,,
2023-07-24 13:25:00,ADANIENT,2425.3,2426.75,2424.65,2424.65,3788,3.116441402140857,2425.0925,2433.251343590805,2430.134902188664,2420.0500978113364,2416.9336564091955,,
2023-07-24 13:30:00,ADANIENT,2424.7,2425.95,2424.0,2425.85,6736,2.8831531217126494,2425.3325,2432.8805948726435,2429.997441750931,2420.667558249069,2417.7844051273564,,
2023-07-24 13:35:00,ADANIENT,2425.85,2427.0,2424.4,2426.0,6481,2.8265224973701013,2425.6400000000003,2433.039835898115,2430.213313400745,2421.0666865992557,2418.2401641018855,,
2023-07-24 13:40:00,ADANIENT,2426.0,2426.9,2424.7,2425.8,2047,2.7012179978961357,2425.7825,2432.8542887184917,2430.1530707205957,2421.411929279404,2418.710711281508,,
2023-07-24 13:45:00,ADANIENT,2425.75,2426.5,2425.0,2425.45,3633,2.4609743983169086,2425.9175,2432.3603309747937,2429.8993565764767,2421.9356434235233,2419.4746690252064,,
2023-07-24 13:50:00,ADANIENT,2425.45,2430.65,2425.45,2428.85,21140,3.0087795186535815,2426.04,2433.916984779835,2430.9082052611816,2421.1717947388183,2418.163015220165,,
2023-07-24 13:55:00,ADANIENT,2429.05,2435.0,2428.45,2434.8,50911,3.7170236149229017,2426.59,2436.321167823868,2432.6041442089454,2420.575855791055,2416.858832176132,,
2023-07-24 14:00:00,ADANIENT,2435.0,2439.0,2431.0,2431.5,38996,4.573618891938322,2427.0,2438.9737342590947,2434.400115367156,2419.599884632844,2415.0262657409053,2439.0,
2023-07-24 14:05:00,ADANIENT,2431.5,2433.05,2424.95,2424.95,19874,5.278895113550731,2427.0425,2440.8626474072757,2435.583752293725,2418.501247706275,2413.2223525927243,,
2023-07-24 14:10:00,ADANIENT,2426.2,2431.85,2426.2,2427.95,7554,5.6031160908406035,2427.1775,2441.8464579258207,2436.2433418349797,2418.11165816502,2412.508542074179,,
2023-07-24 14:15:00,ADANIENT,2427.05,2431.7,2425.05,2428.85,12940,5.8124928726724105,2427.34,2442.5571063406564,2436.744613467984,2417.9353865320163,2412.122893659344,,
2023-07-24 14:20:00,ADANIENT,2428.85,2430.75,2428.2,2429.55,5571,5.159994298137965,2427.475,2440.983865072525,2435.823870774387,2419.1261292256127,2413.9661349274747,,
2023-07-24 14:25:00,ADANIENT,2429.0,2430.0,2428.0,2429.35,5599,4.527995438510373,2427.4875,2439.3417920580205,2434.81379661951,2420.1612033804904,2415.63320794198,,
2023-07-24 14:30:00,ADANIENT,2430.0,2432.0,2429.1,2429.6,11779,4.202396350808316,2427.5825,2438.584373646416,2434.3819772956076,2420.7830227043924,2416.5806263535837,,
2023-07-24 14:35:00,ADANIENT,2429.9,2430.95,2426.75,2428.85,9031,4.201917080646616,2427.48,2438.4806189171327,2434.278701836486,2420.681298163514,2416.4793810828673,,
2023-07-24 14:40:00,ADANIENT,2428.85,2431.0,2428.05,2429.3,11880,3.9515336645172567,2427.65,2437.9951151337063,2434.043581469189,2421.256418530811,2417.304884866294,,
2023-07-24 14:45:00,ADANIENT,2429.55,2429.9,2424.6,2425.35,16822,4.221226931613842,2427.6325,2438.6836721069653,2434.462445175351,2420.802554824649,2416.581327893035,,
2023-07-24 14:50:00,ADANIENT,2425.05,2427.85,2424.0,2426.05,10922,4.146981545291055,2427.6675,2438.524297685572,2434.377316140281,2420.957683859719,2416.810702314428,,
2023-07-24 14:55:00,ADANIENT,2426.95,2427.85,2424.5,2424.5,13392,3.987585236232826,2427.6425,2438.0819981484574,2434.0944129122245,2421.1905870877754,2417.2030018515425,,
2023-07-24 15:00:00,ADANIENT,2424.7,2426.0,2418.5,2418.8,43869,4.690068188986261,2427.3,2439.5785985187663,2434.8885303297798,2419.7114696702206,2415.021401481234,,2418.5
2023-07-24 15:05:00,ADANIENT,2418.5,2421.75,2416.3,2420.85,36198,4.842054551188973,2427.1099999999997,2439.7864988150122,2434.9444442638232,2419.275555736176,2414.433501184987,,
2023-07-24 15:10:00,ADANIENT,2420.7,2420.7,2416.0,2416.0,34441,4.813643640951142,2426.6175,2439.21961905201,2434.405975411059,2418.8290245889407,2414.01538094799,,
2023-07-24 15:15:00,ADANIENT,2416.0,2418.0,2415.6,2416.6,26712,4.330914912760932,2426.1475,2437.485835241608,2433.1549203288473,2419.1400796711528,2414.809164758392,,
2023-07-24 15:20:00,ADANIENT,2416.6,2418.25,2415.0,2417.9,33242,4.1147319302087455,2425.7525,2436.5248681932867,2432.4101362630777,2419.0948637369224,2414.9801318067134,,
2023-07-24 15:25:00,ADANIENT,2417.1,2419.0,2415.25,2416.0,18732,4.041785544166997,2425.2799999999997,2435.861394554629,2431.819609010462,2418.7403909895374,2414.6986054453705,,
2023-07-25 09:15:00,ADANIENT,2428.0,2429.0,2420.3,2426.9,44796,5.833428435333598,2425.1825,2440.454415643703,2434.6209872083696,2415.74401279163,2409.9105843562966,,
2023-07-25 09:20:00,ADANIENT,2426.6,2430.5,2425.2,2429.15,28424,5.726742748266915,2424.9,2439.892612514963,2434.165869766696,2415.6341302333044,2409.9073874850374,,
2023-07-25 09:25:00,ADANIENT,2429.15,2430.0,2422.75,2424.2,17410,6.031394198613532,2424.535,2440.32519001197,2434.2937958133566,2414.776204186643,2408.74480998803,,
2023-07-25 09:30:00,ADANIENT,2424.2,2428.6,2424.0,2425.9,21610,5.745115358890809,2424.5825,2439.623212009576,2433.878096650685,2415.286903349315,2409.541787990424,,
2023-07-25 09:35:00,ADANIENT,2426.0,2428.55,2422.25,2426.3,15277,5.856092287112683,2424.5,2439.831249607661,2433.9751573205485,2415.0248426794515,2409.168750392339,,
2023-07-25 09:40:00,ADANIENT,2426.6,2435.95,2425.05,2431.0,50290,6.864873829690074,2424.6074999999996,2442.579739686128,2435.7148658564383,2413.500134143561,2406.635260313871,,
2023-07-25 09:45:00,ADANIENT,2430.05,2433.65,2427.25,2429.2,38591,6.771899063752078,2424.59,2442.318831748903,2435.546932685151,2413.633067314849,2406.8611682510973,,
2023-07-25 09:50:00,ADANIENT,2428.8,2431.35,2424.65,2429.55,22394,6.757519251001626,2424.6,2442.2911853991222,2435.5336661481206,2413.6663338518792,2406.9088146008776,,
2023-07-25 09:55:00,ADANIENT,2430.8,2434.3,2428.7,2428.7,27743,6.526015400801374,2424.555,2441.6401083192977,2435.1140929184967,2413.995907081503,2407.469891680702,,
2023-07-25 10:00:00,ADANIENT,2428.7,2433.95,2427.25,2432.45,60243,6.560812320641063,2424.7349999999997,2441.911206655438,2435.350394334797,2414.1196056652025,2407.5587933445613,,
2023-07-25 10:05:00,ADANIENT,2432.45,2434.8,2428.2,2430.0,23528,6.568649856512924,2424.77,2441.9667253243506,2435.3980754678378,2414.141924532162,2407.5732746756494,,
2023-07-25 10:10:00,ADANIENT,2429.05,2437.15,2428.9,2431.9,84867,6.90491988521034,2425.0975,2443.1745802594805,2436.26966037427,2413.9253396257295,2407.020419740519,,
2023-07-25 10:15:00,ADANIENT,2432.5,2441.95,2431.9,2437.0,69058,7.5339359081682185,2425.645,2445.3688442075845,2437.8349082994164,2413.4550917005836,2405.9211557924154,,
2023-07-25 10:20:00,ADANIENT,2436.35,2439.5,2433.5,2434.9,53862,7.227148726534575,2426.165,2445.0856753660673,2437.858526639533,2414.471473360467,2407.2443246339326,,
2023-07-25 10:25:00,ADANIENT,2435.1,2435.1,2427.05,2430.0,29186,7.391718981227606,2426.725,2446.0765202928537,2438.684801311626,2414.765198688374,2407.373479707146,,
2023-07-25 10:30:00,ADANIENT,2432.0,2432.0,2427.4,2429.1,14924,6.833375184982067,2427.1375,2445.027276234283,2438.1939010493006,2416.081098950699,2409.2477237657167,,
2023-07-25 10:35:00,ADANIENT,2429.1,2431.0,2427.5,2428.0,9472,6.1667001479856545,2427.7375,2443.881920987427,2437.715220839441,2417.7597791605594,2411.5930790125735,,
2023-07-25 10:40:00,ADANIENT,2428.0,2429.05,2425.0,2428.75,17792,5.74336011838856,2428.3450000000003,2443.3811167899416,2437.637756671553,2419.0522433284477,2413.308883210059,,
2023-07-25 10:45:00,ADANIENT,2428.1,2428.95,2425.35,2427.0,11567,5.314688094710831,2428.8,2442.7138534319533,2437.3991653372423,2420.200834662758,2414.886146568047,,
2023-07-25 10:50:00,ADANIENT,2427.05,2428.0,2425.2,2426.65,6636,4.811750475768701,2429.3325,2441.9296627455624,2437.1179122697936,2421.5470877302064,2416.7353372544376,,
2023-07-25 10:55:00,ADANIENT,2426.0,2427.4,2422.0,2422.0,21583,4.929400380614979,2429.0875,2441.99267019645,2437.063269815835,2421.111730184165,2416.18232980355,,
2023-07-25 11:00:00,ADANIENT,2422.8,2424.7,2421.1,2422.0,16971,4.663520304491965,2428.73,2440.93909615716,2436.275575852668,2421.184424147332,2416.52090384284,,
2023-07-25 11:05:00,ADANIENT,2422.7,2424.85,2418.0,2424.5,40361,5.100816243593554,2428.745,2442.0989369257277,2436.9981206821344,2420.4918793178654,2415.391063074272,,
2023-07-25 11:10:00,ADANIENT,2424.0,2425.0,2422.05,2423.05,7640,4.670652994874807,2428.6025,2440.8302695405823,2436.159616545707,2421.0453834542927,2416.3747304594176,,
2023-07-25 11:15:00,ADANIENT,2423.05,2426.0,2421.6,2425.3,8512,4.616522395899864,2428.5525000000002,2440.6385556324663,2436.022033236566,2421.0829667634343,2416.466444367534,,
2023-07-25 11:20:00,ADANIENT,2425.0,2427.5,2424.05,2427.35,8983,4.383217916719855,2428.37,2439.8452645059724,2435.4620465892526,2421.277953410747,2416.8947354940274,,
2023-07-25 11:25:00,ADANIENT,2426.45,2427.5,2425.05,2425.65,3908,3.9965743333758477,2428.1925,2438.655531604778,2434.6589572714024,2421.726042728598,2417.7294683952223,,
2023-07-25 11:30:00,ADANIENT,2425.65,2426.9,2423.15,2425.0,5401,3.9472594667006784,2427.965,2438.2989252838224,2434.351665817122,2421.5783341828783,2417.631074716178,,
2023-07-25 11:35:00,ADANIENT,2425.55,2426.8,2425.0,2425.05,2391,3.5178075733605794,2427.7825000000003,2436.9921202270584,2433.474312653698,2422.0906873463027,2418.572879772942,,
2023-07-25 11:40:00,ADANIENT,2425.1,2426.15,2423.8,2424.75,4025,3.2842460586884457,2427.3975,2435.9956561816466,2432.711410122958,2422.083589877042,2418.7993438183535,,
2023-07-25 11:45:00,ADANIENT,2423.8,2425.65,2422.3,2423.9,5649,3.2973968469507384,2427.0925,2435.725084945317,2432.4276880983666,2421.757311901634,2418.4599150546833,,
2023-07-25 11:50:00,ADANIENT,2424.2,2427.25,2423.85,2425.0,6639,3.3179174775606093,2426.7475,2435.4338079562535,2432.115890478693,2421.379109521307,2418.0611920437464,,
2023-07-25 11:55:00,ADANIENT,2425.25,2427.0,2424.2,2425.55,3240,3.214333982048524,2426.175,2434.590126365003,2431.375792382955,2420.9742076170455,2417.7598736349973,,
2023-07-25 12:00:00,ADANIENT,2424.9,2426.0,2424.0,2424.8,3114,2.9714671856388195,2425.67,2433.4493010920023,2430.4778339063637,2420.8621660936365,2417.890698907998,,
2023-07-25 12:05:00,ADANIENT,2424.8,2424.8,2422.95,2424.8,7523,2.7471737485111287,2425.41,2432.602100873602,2429.854927125091,2420.965072874909,2418.2178991263977,,
2023-07-25 12:10:00,ADANIENT,2424.0,2426.8,2423.5,2426.1,4801,2.8577389988089394,2425.26,2432.741560698882,2429.883821700073,2420.6361782999275,2417.7784393011184,,
2023-07-25 12:15:00,ADANIENT,2426.0,2427.9,2425.0,2426.5,5090,2.86619119904717,2425.1850000000004,2432.6886885591057,2429.8224973600586,2420.547502639942,2417.681311440895,,
2023-07-25 12:20:00,ADANIENT,2426.0,2427.25,2425.1,2426.95,2498,2.7229529592377544,2425.0950000000003,2432.2236908472846,2429.500737888047,2420.6892621119537,2417.966309152716,,
2023-07-25 12:25:00,ADANIENT,2426.95,2427.0,2425.25,2427.0,4853,2.5283623673902036,2425.0950000000003,2431.714252677828,2429.1858903104376,2421.004109689563,2418.4757473221725,,
2023-07-25 12:30:00,ADANIENT,2426.05,2429.0,2426.05,2428.25,8206,2.612689893912127,2425.175,2432.0150221422623,2429.40233224835,2420.9476677516504,2418.334977857738,,
2023-07-25 12:35:00,ADANIENT,2429.0,2429.0,2426.65,2428.0,5312,2.560151915129684,2425.475,2432.1774777138094,2429.6173257986798,2421.33267420132,2418.7725222861905,,
2023-07-25 12:40:00,ADANIENT,2427.8,2428.8,2426.7,2427.8,5576,2.46812153210382,2425.7650000000003,2432.226542171048,2429.7584206389442,2421.7715793610564,2419.3034578289526,,
2023-07-25 12:45:00,ADANIENT,2427.8,2429.45,2427.05,2429.4,7421,2.4544972256829833,2426.0099999999998,2432.435873736838,2429.981376511155,2422.0386234888447,2419.5841262631616,,
2023-07-25 12:50:00,ADANIENT,2429.4,2429.85,2428.6,2429.85,4297,2.2135977805463867,2426.3500000000004,2432.145198989471,2429.9316012089243,2422.7683987910764,2420.55480101053,,
2023-07-25 12:55:00,ADANIENT,2430.0,2431.9,2424.6,2426.15,24943,3.230878224437146,2426.3925,2434.8509391915763,2431.620060967139,2421.1649390328607,2417.9340608084235,,
2023-07-25 13:00:00,ADANIENT,2426.15,2429.2,2424.65,2427.55,8253,3.4947025795496622,2426.4025,2435.551631353261,2432.0569287737117,2420.7480712262886,2417.253368646739,,
2023-07-25 13:05:00,ADANIENT,2427.9,2430.0,2426.9,2428.55,7926,3.4157620636397117,2426.5475,2435.4899650826087,2432.074203018969,2421.0207969810313,2417.6050349173915,,
2023-07-25 13:10:00,ADANIENT,2428.55,2429.5,2425.0,2425.5,3895,3.6326096509117694,2426.5725,2436.082672066087,2432.4500624151756,2420.694937584825,2417.0623279339134,,
2023-07-25 13:15:00,ADANIENT,2426.9,2427.0,2423.6,2426.2,7397,3.586087720729434,2426.63,2436.0183776528697,2432.4322899321405,2420.8277100678597,2417.2416223471305,,
2023-07-25 13:20:00,ADANIENT,2425.0,2426.8,2422.25,2422.65,7215,3.7788701765835837,2426.525,2436.418082122296,2432.6392119457123,2420.410788054288,2416.6319178777044,,
2023-07-25 13:25:00,ADANIENT,2422.6,2422.6,2420.0,2420.8,22492,3.543096141266849,2426.37,2435.6458256978367,2432.1027295565696,2420.63727044343,2417.094174302163,,
2023-07-25 13:30:00,ADANIENT,2420.15,2421.55,2418.0,2419.6,29168,3.544476913013516,2426.1,2435.3794405582694,2431.834963645256,2420.365036354744,2416.8205594417304,,
2023-07-25 13:35:00,ADANIENT,2419.2,2422.2,2416.1,2420.95,24323,4.0555815304107945,2425.87,2436.4875124466153,2432.4319309162047,2419.308069083795,2415.2524875533845,,
2023-07-25 13:40:00,ADANIENT,2421.95,2422.85,2420.0,2422.85,6219,3.8144652243286172,2425.7725,2435.7587699572923,2431.9443047329637,2419.6006952670364,2415.7862300427078,,
2023-07-25 13:45:00,ADANIENT,2422.85,2424.05,2421.2,2423.2,6030,3.6215721794629667,2425.6925,2435.173775965834,2431.552203786371,2419.832796213629,2416.211224034166,,
2023-07-25 13:50:00,ADANIENT,2423.25,2424.85,2421.0,2423.4,28261,3.6672577435703553,2425.5575,2435.158380772667,2431.491123029097,2419.623876970903,2415.956619227333,,
2023-07-25 13:55:00,ADANIENT,2424.15,2426.0,2422.85,2423.75,8187,3.5638061948563027,2425.4199999999996,2434.7500446181334,2431.1862384232772,2419.653761576722,2416.089955381866,,
2023-07-25 14:00:00,ADANIENT,2422.8,2425.0,2421.7,2423.0,14113,3.5110449558850787,2425.2225,2434.414415694507,2430.903370738622,2419.5416292613777,2416.0305843054925,,
2023-07-25 14:05:00,ADANIENT,2422.65,2424.05,2421.0,2422.0,6270,3.4188359647080993,2424.9725,2433.9230125556055,2430.5041765908977,2419.440823409102,2416.021987444394,,
2023-07-25 14:10:00,ADANIENT,2422.0,2426.0,2420.2,2425.0,18669,3.895068771766516,2424.81,2435.0072900444848,2431.112221272718,2418.5077787272817,2414.612709955515,,
2023-07-25 14:15:00,ADANIENT,2425.0,2425.95,2422.6,2423.55,18486,3.7860550174131946,2424.5875,2434.499392035588,2430.7133370181746,2418.4616629818256,2414.6756079644124,,
2023-07-25 14:20:00,ADANIENT,2424.35,2425.0,2423.5,2423.55,4076,3.3288440139305555,2424.375,2433.08991362847,2429.76106961454,2418.98893038546,2415.66008637153,,
2023-07-25 14:25:00,ADANIENT,2423.55,2424.9,2422.0,2422.15,6240,3.243075211144463,2424.0125,2432.502870902776,2429.2597956916316,2418.765204308368,2415.5221290972236,,
2023-07-25 14:30:00,ADANIENT,2422.5,2424.95,2421.15,2424.0,9101,3.3544601689155162,2423.72,2432.5019767222207,2429.147516553305,2418.2924834466944,2414.938023277779,,
2023-07-25 14:35:00,ADANIENT,2424.0,2430.0,2422.75,2429.85,28209,4.133568135132413,2423.905,2434.726681377777,2430.5931132426444,2417.216886757356,2413.0833186222235,,
2023-07-25 14:40:00,ADANIENT,2429.45,2441.0,2426.25,2440.9,180759,6.256854508105931,2424.5724999999998,2440.9529451022213,2434.696090594115,2414.4489094058845,2408.1920548977782,,
2023-07-25 14:45:00,ADANIENT,2441.05,2442.95,2431.1,2440.75,118696,7.3754836064847265,2425.1825,2444.491516081777,2437.1160324752923,2413.2489675247075,2405.873483918223,,
2023-07-25 14:50:00,ADANIENT,2440.7,2459.75,2437.05,2457.5,374908,10.440386885187745,2426.7825,2454.115432865421,2443.675045980234,2409.889954019766,2399.4495671345785,,
2023-07-25 14:55:00,ADANIENT,2457.0,2458.0,2446.45,2451.5,196947,10.662309508150233,2428.0474999999997,2455.961426292337,2445.299116784187,2410.7958832158124,2400.1335737076624,,
2023-07-25 15:00:00,ADANIENT,2452.45,2460.0,2447.35,2459.4,124195,11.059847606520206,2429.8849999999998,2458.8396810338695,2447.7798334273493,2411.99016657265,2400.93031896613,,
2023-07-25 15:05:00,ADANIENT,2459.4,2478.95,2458.45,2467.7,338064,12.947878085216164,2432.2300000000005,2466.1275448270962,2453.1796667418803,2411.2803332581207,2398.3324551729047,,
2023-07-25 15:10:00,ADANIENT,2468.2,2476.55,2466.6,2472.0,172632,12.348302468172987,2434.85,2467.177855861677,2454.829553393504,2414.870446606496,2402.522144138323,,
2023-07-25 15:15:00,ADANIENT,2471.6,2472.0,2458.0,2464.0,133754,12.67864197453839,2437.0025,2470.1951846893417,2457.516542714803,2416.488457285197,2403.8098153106585,,
2023-07-25 15:20:00,ADANIENT,2463.0,2469.6,2460.45,2468.95,115074,11.972913579630731,2439.3075,2470.652587751473,2458.6796741718426,2419.935325828157,2407.9624122485266,,
2023-07-25 15:25:00,ADANIENT,2467.9,2469.05,2463.0,2465.1,124100,10.788330863704621,2441.4024999999997,2469.6463502011784,2458.8580193374737,2423.9469806625257,2413.158649798821,,
2023-07-26 09:15:00,ADANIENT,2472.45,2472.45,2446.35,2457.35,176908,13.85066469096368,2443.1,2479.361040160943,2465.510375469979,2420.689624530021,2406.8389598390568,,
2023-07-26 09:20:00,ADANIENT,2456.7,2465.45,2450.7,2465.0,70919,14.030531752770944,2445.1625,2481.894432128754,2467.863900375983,2422.4610996240167,2408.430567871246,,
2023-07-26 09:25:00,ADANIENT,2465.0,2487.85,2462.2,2487.0,172977,16.354425402216776,2448.3625,2491.1783857030036,2474.823960300787,2421.9010396992135,2405.5466142969967,,
2023-07-26 09:30:00,ADANIENT,2487.0,2487.0,2468.4,2472.0,117100,16.803540321773404,2450.8625,2494.854168562403,2478.0506282406295,2423.674371759371,2406.870831437597,,
2023-07-26 09:35:00,ADANIENT,2470.9,2476.35,2467.35,2474.0,61688,15.242832257418724,2453.3125,2493.2182348499223,2477.9754025925035,2428.6495974074965,2413.4067651500777,,
2023-07-26 09:40:00,ADANIENT,2473.0,2481.05,2471.3,2480.0,107616,14.144265805934982,2456.1349999999998,2493.1646878799374,2479.0204220740025,2433.249577925997,2419.105312120062,,
2023-07-26 09:45:00,ADANIENT,2480.0,2496.75,2478.0,2490.15,141649,15.065412644747987,2459.4649999999997,2498.90625030395,2483.840837659202,2435.0891623407974,2420.0237496960494,,
2023-07-26 09:50:00,ADANIENT,2491.45,2500.65,2485.65,2496.0,237650,15.05233011579839,2463.1575000000003,2502.5645002431606,2487.512170127362,2438.8028298726385,2423.75049975684,,
2023-07-26 09:55:00,ADANIENT,2495.1,2500.75,2486.75,2491.95,84847,14.841864092638714,2466.5550000000003,2505.4110001945282,2490.56913610189,2442.5408638981107,2427.6989998054723,,
2023-07-26 10:00:00,ADANIENT,2490.65,2500.0,2489.0,2489.1,126386,14.073491274110971,2469.5175,2506.3619001556226,2492.2884088815113,2446.7465911184886,2432.6730998443772,,
2023-07-26 10:05:00,ADANIENT,2489.1,2493.0,2481.7,2484.9,52369,13.518793019288815,2471.7175,2507.1097001244984,2493.5909071052097,2449.8440928947907,2436.325299875502,,
2023-07-26 10:10:00,ADANIENT,2484.9,2490.0,2477.65,2487.55,56652,13.285034415431035,2474.0575,2508.8377200995983,2495.5526856841675,2452.5623143158323,2439.2772799004015,,
2023-07-26 10:15:00,ADANIENT,2488.0,2488.0,2482.55,2483.0,16695,11.718027532344793,2475.3325,2506.0102960796785,2494.292268547334,2456.372731452666,2444.6547039203215,,
2023-07-26 10:20:00,ADANIENT,2483.95,2485.0,2481.5,2484.55,12856,10.074422025875835,2476.985,2503.359836863743,2493.2854148378674,2460.684585162133,2450.610163136257,,
2023-07-26 10:25:00,ADANIENT,2484.55,2485.0,2480.9,2481.95,17462,8.879537620700651,2478.1125,2501.3591294909943,2492.479591870294,2463.7454081297064,2454.865870509006,,
2023-07-26 10:30:00,ADANIENT,2482.9,2484.0,2477.0,2477.5,87570,8.50363009656052,2478.6025,2500.8650035927953,2492.361373496235,2464.843626503765,2456.3399964072046,,
2023-07-26 10:35:00,ADANIENT,2477.3,2482.0,2475.0,2479.25,31630,8.202904077248418,2478.9649999999997,2500.440202874236,2492.2372987969875,2465.692701203012,2457.4897971257633,,
2023-07-26 10:40:00,ADANIENT,2480.0,2488.0,2478.0,2483.15,48086,8.562323261798735,2479.9224999999997,2502.338662299389,2493.77633903759,2466.0686609624095,2457.5063377006104,,
2023-07-26 10:45:00,ADANIENT,2484.0,2485.0,2482.65,2483.5,25705,7.31985860943897,2480.65,2499.8133898395113,2492.493531230072,2468.806468769928,2461.486610160489,,
2023-07-26 10:50:00,ADANIENT,2483.55,2487.0,2483.55,2486.95,37279,6.555886887551177,2481.7425,2498.905811871609,2492.3499249840575,2471.135075015942,2464.579188128391,,
2023-07-26 10:55:00,ADANIENT,2486.9,2494.0,2486.5,2491.2,75176,6.744709510040941,2483.4350000000004,2501.0926494972878,2494.3479399872467,2472.522060012754,2465.777350502713,,
2023-07-26 11:00:00,ADANIENT,2491.0,2494.0,2489.0,2493.85,58563,6.395767608032753,2484.8775,2501.62161959783,2495.225851989797,2474.5291480102032,2468.13338040217,,
2023-07-26 11:05:00,ADANIENT,2493.85,2497.0,2485.5,2492.85,61288,7.416614086426204,2485.17,2504.586695678264,2497.1700815918375,2473.1699184081626,2465.7533043217363,,
2023-07-26 11:10:00,ADANIENT,2493.75,2502.0,2489.0,2498.05,111499,8.533291269140964,2486.4725000000003,2508.8126565426114,2500.2793652734704,2472.6656347265302,2464.132343457389,,
2023-07-26 11:15:00,ADANIENT,2498.55,2500.0,2495.0,2498.1,88895,7.826633015312772,2487.6775000000002,2508.167625234089,2500.340992218776,2475.0140077812243,2467.1873747659115,,
2023-07-26 11:20:00,ADANIENT,2498.0,2504.5,2495.0,2503.45,97930,8.161306412250218,2488.85,2510.216300187271,2502.0549937750206,2475.645006224979,2467.483699812729,,
2023-07-26 11:25:00,ADANIENT,2502.9,2505.95,2500.05,2501.7,61553,7.709045129800101,2489.4275000000002,2509.6097801498167,2501.900735020017,2476.9542649799837,2469.2452198501837,,
2023-07-26 11:30:00,ADANIENT,2500.55,2500.55,2491.5,2492.3,39187,7.977236103840118,2489.2425,2510.1269041198534,2502.149668016013,2476.3353319839866,2468.3580958801463,,
2023-07-26 11:35:00,ADANIENT,2491.8,2494.25,2488.35,2493.7,32417,7.561788883072113,2489.33,2509.126763295883,2501.5649744128104,2477.0950255871894,2469.533236704117,,
2023-07-26 11:40:00,ADANIENT,2493.0,2493.9,2484.0,2485.4,33453,8.029431106457709,2489.1449999999995,2510.1660506367057,2502.136619530248,2476.153380469751,2468.1239493632934,,
2023-07-26 11:45:00,ADANIENT,2485.45,2488.6,2485.0,2487.4,15618,7.14354488516615,2489.2699999999995,2507.9718005093646,2500.8282556241984,2477.7117443758007,2470.5681994906345,,
2023-07-26 11:50:00,ADANIENT,2488.0,2490.85,2487.05,2487.15,10940,6.4748359081328655,2489.25,2506.201120407492,2499.726284499359,2478.773715500641,2472.298879592508,,
2023-07-26 11:55:00,ADANIENT,2487.3,2491.7,2484.1,2491.4,26283,6.699868726506274,2489.67,2507.2102563259937,2500.5103875994873,2478.829612400513,2472.1297436740065,,
2023-07-26 12:00:00,ADANIENT,2490.25,2493.0,2488.0,2492.75,16693,6.35989498120502,2490.08,2506.7302050607946,2500.3703100795897,2479.78968992041,2473.4297949392053,,
2023-07-26 12:05:00,ADANIENT,2492.5,2493.05,2488.3,2488.3,8188,6.037915984964017,2490.3975,2506.2047640486358,2500.1668480636718,2480.6281519363283,2474.5902359513643,,
2023-07-26 12:10:00,ADANIENT,2488.2,2493.8,2487.65,2491.55,7415,6.060332787971232,2491.1,2506.9659512389085,2500.9056184509373,2481.2943815490626,2475.2340487610913,,
2023-07-26 12:15:00,ADANIENT,2491.35,2493.35,2488.3,2489.9,9620,5.858266230376931,2491.6325,2506.969440991127,2501.11117476075,2482.15382523925,2476.295559008873,,
2023-07-26 12:20:00,ADANIENT,2490.0,2491.2,2487.05,2487.7,7331,5.516612984301473,2491.8599999999997,2506.302492792901,2500.7858798085995,2482.9341201914,2477.4175072070984,,
2023-07-26 12:25:00,ADANIENT,2488.2,2492.45,2487.7,2491.35,7973,5.363290387441179,2492.2525,2506.293594234321,2500.9303038468797,2483.5746961531204,2478.211405765679,,
2023-07-26 12:30:00,ADANIENT,2491.95,2493.75,2488.55,2493.1,9913,5.3306323099529065,2492.5600000000004,2506.5155953874573,2501.184963077504,2483.9350369224967,2478.6044046125435,,
2023-07-26 12:35:00,ADANIENT,2493.05,2493.05,2487.3,2488.0,14037,5.414505847962325,2492.4,2506.5751763099656,2501.160670462003,2483.639329537997,2478.2248236900346,,
2023-07-26 12:40:00,ADANIENT,2487.55,2489.35,2482.1,2482.95,25317,5.7816046783698605,2491.855,2506.9912410479724,2501.2096363696023,2482.5003636303977,2476.7187589520277,,
2023-07-26 12:45:00,ADANIENT,2483.2,2483.55,2476.9,2479.35,38895,5.955283742695906,2491.18,2506.7709328383776,2500.8156490956817,2481.544350904318,2475.589067161622,,
2023-07-26 12:50:00,ADANIENT,2479.8,2479.8,2470.65,2472.0,53618,6.5942269941567435,2489.8774999999996,2507.141186270702,2500.5469592765453,2479.208040723454,2472.6138137292974,,
2023-07-26 12:55:00,ADANIENT,2472.2,2477.55,2470.55,2477.35,31470,6.675381595325396,2488.84,2506.316149016562,2499.6407674212364,2478.039232578764,2471.363850983438,,
2023-07-26 13:00:00,ADANIENT,2477.25,2480.05,2475.55,2479.5,22456,6.240305276260317,2487.6425000000004,2503.97961921325,2497.7393139369897,2477.545686063011,2471.305380786751,,2475.55
2023-07-26 13:05:00,ADANIENT,2479.5,2483.15,2479.5,2481.5,12141,5.722244221008272,2486.6324999999997,2501.6133353705995,2495.891091149591,2477.3739088504085,2471.6516646294,,
2023-07-26 13:10:00,ADANIENT,2481.2,2482.6,2477.4,2479.85,12716,5.617795376806582,2486.01,2500.71738829648,2495.0995929196733,2476.920407080327,2471.3026117035206,,
2023-07-26 13:15:00,ADANIENT,2479.4,2483.55,2479.4,2482.6,6819,5.324236301445284,2485.455,2499.3938506371837,2494.0696143357386,2476.8403856642612,2471.516149362816,,
2023-07-26 13:20:00,ADANIENT,2482.95,2483.25,2478.1,2479.3,11100,5.289389041156245,2485.15,2498.9976205097473,2493.708231468591,2476.5917685314093,2471.302379490253,,
2023-07-26 13:25:00,ADANIENT,2479.35,2482.5,2478.0,2482.2,4137,5.131511232924997,2484.8900000000003,2498.324296407798,2493.192785174873,2476.587214825128,2471.4557035922026,,
2023-07-26 13:30:00,ADANIENT,2482.25,2482.45,2477.85,2479.7,7883,5.0252089863399805,2484.5175,2497.673497126238,2492.648288139898,2476.386711860102,2471.3615028737618,,
2023-07-26 13:35:00,ADANIENT,2479.45,2481.55,2473.65,2475.0,10896,5.600167189072003,2483.6974999999998,2498.3587377009903,2492.758570511918,2474.6364294880814,2469.036262299009,,
2023-07-26 13:40:00,ADANIENT,2475.0,2475.95,2472.5,2472.95,12623,5.170133751257567,2482.7075,2496.2429101607922,2491.0727764095345,2474.3422235904654,2469.1720898392077,,
2023-07-26 13:45:00,ADANIENT,2473.0,2475.35,2472.2,2474.65,15233,4.766107001006072,2482.0249999999996,2494.5026681286336,2489.7365611276273,2474.313438872372,2469.5473318713657,,
2023-07-26 13:50:00,ADANIENT,2474.65,2475.0,2469.85,2471.0,31464,4.842885600804876,2480.9975,2493.676174502907,2488.833288902102,2473.1617110978978,2468.318825497093,,
2023-07-26 13:55:00,ADANIENT,2470.5,2471.0,2463.85,2464.5,39283,5.304308480643919,2479.7275,2493.6141796023257,2488.3098711216817,2471.1451288783182,2465.840820397674,2471.0,
2023-07-26 14:00:00,ADANIENT,2463.9,2469.5,2463.9,2469.0,18499,5.3634467845151175,2478.7925,2492.8340036818604,2487.4705568973454,2470.1144431026546,2464.7509963181396,,
2023-07-26 14:05:00,ADANIENT,2469.0,2471.8,2466.0,2467.35,24091,5.450757427612131,2477.5924999999997,2491.862582945488,2486.411825517876,2468.7731744821235,2463.3224170545113,,
2023-07-26 14:10:00,ADANIENT,2467.35,2467.45,2461.0,2461.7,18402,5.650605942089668,2476.0225,2490.8157863563906,2485.165180414301,2466.879819585699,2461.2292136436095,,
2023-07-26 14:15:00,ADANIENT,2461.7,2462.0,2457.0,2459.5,36560,5.5204847536717345,2474.5975,2489.0501290851125,2483.5296443314405,2465.665355668559,2460.144870914887,,
2023-07-26 14:20:00,ADANIENT,2459.45,2467.6,2459.25,2464.6,76876,6.08638780293737,2473.68,2489.6141632680897,2483.5277754651524,2463.8322245348472,2457.74583673191,,
2023-07-26 14:25:00,ADANIENT,2465.0,2469.85,2462.55,2469.85,25833,6.329110242349842,2473.205,2489.774610614472,2483.445500372122,2462.964499627878,2456.635389385528,,
2023-07-26 14:30:00,ADANIENT,2469.85,2472.0,2465.8,2468.55,85673,6.303288193879838,2473.0325000000003,2489.5345084915775,2483.2312202976977,2462.8337797023028,2456.530491508423,,
2023-07-26 14:35:00,ADANIENT,2468.55,2469.8,2461.3,2462.65,20157,6.7426305551038705,2472.2975,2489.949706793262,2483.207076238158,2461.387923761842,2454.645293206738,,
2023-07-26 14:40:00,ADANIENT,2462.95,2464.75,2459.1,2463.85,29284,6.5241044440831155,2471.515,2488.5951054346096,2482.0710009905265,2460.9589990094732,2454.43489456539,,
2023-07-26 14:45:00,ADANIENT,2464.4,2467.5,2461.0,2461.1,14099,6.519283555266493,2470.495,2487.5624843476876,2481.043200792421,2459.946799207579,2453.427515652312,,
2023-07-26 14:50:00,ADANIENT,2461.6,2461.9,2456.6,2457.05,23313,6.27542684421323,2469.355,2485.78406747815,2479.508640633937,2459.201359366063,2452.92593252185,,
2023-07-26 14:55:00,ADANIENT,2456.4,2459.65,2452.35,2459.35,49424,6.480341475370621,2468.1925,2485.1580339825205,2478.67769250715,2457.7073074928503,2451.2269660174798,,
2023-07-26 15:00:00,ADANIENT,2461.7,2462.75,2456.0,2459.8,58081,6.534273180296497,2467.2175,2484.3242271860163,2477.78995400572,2456.6450459942803,2450.110772813984,,
2023-07-26 15:05:00,ADANIENT,2460.0,2464.8,2458.65,2463.7,52502,6.457418544237216,2466.2925,2483.198021748813,2476.740603204576,2455.844396795424,2449.386978251187,,
2023-07-26 15:10:00,ADANIENT,2464.7,2476.25,2464.05,2474.05,106358,7.6759348353898105,2466.01,2486.1055973990506,2478.4296625636607,2453.5903374363397,2445.91440260095,,
2023-07-26 15:15:00,ADANIENT,2474.0,2474.5,2472.0,2473.0,306501,6.640747868311848,2465.9100000000003,2483.2954779192405,2476.6547300509287,2455.165269949072,2448.52452208076,,
2023-07-26 15:20:00,ADANIENT,2473.0,2478.0,2472.0,2474.5,82303,6.51259829464948,2465.9875,2483.0374823353927,2476.524884040743,2455.4501159592573,2448.9375176646076,,
2023-07-26 15:25:00,ADANIENT,2475.0,2475.65,2461.3,2467.05,38394,8.080078635719566,2465.6075,2486.761145868314,2478.681067232594,2452.533932767406,2444.453854131686,,
2023-07-27 09:15:00,ADANIENT,2470.75,2485.0,2470.75,2479.95,94536,10.054062908575617,2466.0550000000003,2492.3765366946513,2482.3224737860755,2449.787526213925,2439.7334633053492,,
2023-07-27 09:20:00,ADANIENT,2478.4,2480.2,2474.2,2479.9,37868,9.243250326860494,2466.825,2491.0238293557204,2481.7805790288603,2451.8694209711393,2442.6261706442792,,
2023-07-27 09:25:00,ADANIENT,2479.65,2479.8,2462.95,2466.1,61204,10.764600261488468,2466.6800000000003,2494.861723484577,2484.0971232230886,2449.262876776912,2438.4982765154236,,
2023-07-27 09:30:00,ADANIENT,2466.0,2469.9,2462.0,2464.0,45244,10.191680209190793,2466.5125,2493.1943187876614,2483.0026385784704,2450.0223614215292,2439.8306812123383,,
2023-07-27 09:35:00,ADANIENT,2463.35,2465.0,2462.0,2463.9,102080,8.753344167352633,2466.6225,2489.5387550301293,2480.7854108627766,2452.4595891372232,2443.7062449698706,,
2023-07-27 09:40:00,ADANIENT,2464.0,2467.2,2463.0,2467.2,29027,7.84267533388207,2467.0075,2487.5396240241034,2479.6969486902212,2454.318051309779,2446.475375975897,,
2023-07-27 09:45:00,ADANIENT,2466.45,2470.6,2461.0,2462.4,42195,8.194140267105638,2466.8975,2488.3497592192825,2480.155618952177,2453.639381047823,2445.4452407807175,,
2023-07-27 09:50:00,ADANIENT,2461.8,2462.6,2457.0,2461.75,36710,7.675312213684492,2466.4925000000003,2486.5864673754263,2478.9111551617416,2454.073844838259,2446.3985326245743,,
2023-07-27 09:55:00,ADANIENT,2461.0,2463.65,2457.4,2458.0,20674,7.3902497709475945,2465.965,2485.312673900341,2477.922424129393,2454.007575870607,2446.6173260996593,,
2023-07-27 10:00:00,ADANIENT,2457.35,2462.0,2453.0,2461.05,44772,7.712199816758075,2465.8849999999998,2486.0755391202724,2478.3633393035143,2453.4066606964852,2445.694460879727,,
2023-07-27 10:05:00,ADANIENT,2461.45,2462.0,2450.8,2452.35,44756,8.409759853406424,2465.31,2487.326751296218,2478.9169914428116,2451.7030085571882,2443.293248703782,,
2023-07-27 10:10:00,ADANIENT,2452.65,2454.0,2449.0,2450.0,35478,7.7278078827251395,2464.755,2484.9864010369747,2477.2585931542494,2452.251406845751,2444.5235989630255,,
2023-07-27 10:15:00,ADANIENT,2450.0,2454.9,2449.0,2450.15,27173,7.36224630618013,2464.41,2483.6843608295794,2476.3221145233993,2452.4978854766005,2445.1356391704203,,
2023-07-27 10:20:00,ADANIENT,2451.0,2453.45,2450.05,2451.85,21142,6.569797044944032,2464.035,2481.234728663663,2474.6649316187195,2453.40506838128,2446.8352713363365,,
2023-07-27 10:25:00,ADANIENT,2451.05,2458.3,2451.05,2454.25,29418,6.705837635955226,2463.7574999999997,2481.3133829309304,2474.6075452949754,2452.907454705024,2446.201617069069,,2451.05
2023-07-27 10:30:00,ADANIENT,2454.85,2460.0,2454.2,2459.0,22156,6.524670108764218,2463.5225,2480.6040863447447,2474.0794162359807,2452.9655837640194,2446.4409136552554,,
2023-07-27 10:35:00,ADANIENT,2458.6,2462.05,2458.05,2461.0,45861,6.019736087011374,2462.87,2478.629669075796,2472.6099329887843,2453.1300670112155,2447.110330924204,,
2023-07-27 10:40:00,ADANIENT,2461.0,2461.0,2457.0,2458.15,8455,5.6157888696091,2462.1274999999996,2476.829635260636,2471.2138463910273,2453.041153608972,2447.425364739363,,
2023-07-27 10:45:00,ADANIENT,2458.2,2460.55,2457.1,2458.45,14700,5.182631095687334,2461.325,2474.893128208509,2469.710497112822,2452.9395028871777,2447.7568717914905,,
2023-07-27 10:50:00,ADANIENT,2458.4,2460.0,2458.1,2459.75,10756,4.526104876549886,2460.96,2472.8093425668076,2468.283237690258,2453.636762309742,2449.1106574331925,,
2023-07-27 10:55:00,ADANIENT,2459.0,2462.0,2459.0,2460.0,12961,4.220883901239909,2459.9625,2471.0127740534463,2466.791890152206,2453.133109847794,2448.912225946554,,
2023-07-27 11:00:00,ADANIENT,2459.4,2464.0,2459.0,2461.15,12493,4.376707120991927,2459.025,2470.483219242757,2466.106512121765,2451.9434878782354,2447.566780757243,,
2023-07-27 11:05:00,ADANIENT,2461.2,2463.0,2459.0,2460.9,11150,4.301365696793542,2458.765,2470.0259753942055,2465.724609697412,2451.805390302588,2447.5040246057943,,
2023-07-27 11:10:00,ADANIENT,2460.85,2466.9,2460.1,2465.0,21199,4.80109255743487,2458.8149999999996,2471.384260315364,2466.583167757929,2451.04683224207,2446.2457396846353,,
2023-07-27 11:15:00,ADANIENT,2465.15,2465.35,2462.15,2464.95,12893,4.480874045947861,2458.8675000000003,2470.598428252292,2466.117554206344,2451.6174457936568,2447.136571747709,,
2023-07-27 11:20:00,ADANIENT,2464.95,2465.0,2463.05,2463.95,15241,3.9746992367582523,2458.705,2469.110762601833,2465.1360633650747,2452.273936634925,2448.299237398167,,
2023-07-27 11:25:00,ADANIENT,2463.8,2464.75,2462.4,2463.5,23133,3.649759389406584,2458.7599999999998,2468.3150700814663,2464.6653106920594,2452.85468930794,2449.2049299185333,,
2023-07-27 11:30:00,ADANIENT,2463.5,2464.0,2462.4,2462.6,14541,3.2398075115252487,2458.8025,2467.284316065173,2464.0445085536476,2453.560491446352,2450.320683934827,,
2023-07-27 11:35:00,ADANIENT,2462.4,2463.0,2462.4,2462.5,6754,2.711846009220181,2459.0274999999997,2466.127112852138,2463.415266842918,2454.6397331570815,2451.9278871478614,,
2023-07-27 11:40:00,ADANIENT,2462.5,2462.8,2459.0,2460.7,23799,2.929476807376181,2459.01,2466.6793702817113,2463.749893474335,2454.2701065256656,2451.340629718289,,
2023-07-27 11:45:00,ADANIENT,2460.0,2464.9,2459.5,2462.45,14717,3.4235814459009632,2459.5150000000003,2468.477936225369,2465.054354779468,2453.9756452205324,2450.5520637746317,,
2023-07-27 11:50:00,ADANIENT,2463.85,2463.85,2453.0,2454.0,27775,4.908865156720752,2459.715,2472.566408980295,2467.6575438235745,2451.7724561764257,2446.8635910197054,,
2023-07-27 11:55:00,ADANIENT,2453.5,2454.75,2447.1,2449.5,40840,5.4570921253766205,2459.6825,2473.969167184236,2468.5120750588594,2450.8529249411404,2445.3958328157637,,
2023-07-27 12:00:00,ADANIENT,2449.05,2454.95,2448.5,2453.0,18563,5.65567370030126,2459.7400000000002,2474.5465537473888,2468.8908800470876,2450.589119952913,2444.9334462526117,,
2023-07-27 12:05:00,ADANIENT,2453.1,2454.95,2452.0,2452.7,8312,5.114538960240972,2459.6625,2473.0523629979107,2467.93782403767,2451.38717596233,2446.272637002089,,
2023-07-27 12:10:00,ADANIENT,2452.7,2453.0,2450.25,2450.25,12321,4.641631168192777,2459.225,2471.3767903983285,2466.7351592301357,2451.714840769864,2447.0732096016714,,
2023-07-27 12:15:00,ADANIENT,2450.25,2453.0,2448.1,2452.95,10693,4.69330493455424,2458.8225,2471.109572318663,2466.416267384109,2451.2287326158917,2446.5354276813373,,
2023-07-27 12:20:00,ADANIENT,2453.0,2453.0,2450.95,2452.25,5843,4.1646439476434285,2458.5275,2469.4305378549307,2465.265893907287,2451.789106092713,2447.6244621450696,,
2023-07-27 12:25:00,ADANIENT,2453.0,2453.0,2450.0,2450.6,6397,3.931715158114743,2458.1349999999998,2468.4282302839442,2464.4965151258293,2451.77348487417,2447.8417697160553,,
2023-07-27 12:30:00,ADANIENT,2450.95,2452.0,2446.15,2447.0,14435,4.315372126491777,2457.4975,2468.7951442271556,2464.4797721006635,2450.5152278993364,2446.1998557728443,,
2023-07-27 12:35:00,ADANIENT,2447.85,2450.0,2447.0,2448.55,14774,4.052297701193422,2456.925,2467.5339153817245,2463.481617680531,2450.368382319469,2446.316084618276,,
2023-07-27 12:40:00,ADANIENT,2448.7,2450.0,2448.05,2450.0,13408,3.6318381609547012,2456.3675000000003,2465.87565230538,2462.243814144425,2450.4911858555756,2446.8593476946207,,
2023-07-27 12:45:00,ADANIENT,2450.0,2450.0,2448.05,2449.65,6559,3.2954705287637247,2455.805,2464.432541844303,2461.1370713155397,2450.47292868446,2447.1774581556965,,
2023-07-27 12:50:00,ADANIENT,2448.7,2450.0,2448.1,2448.5,6077,3.016376423010998,2454.98,2462.8768734754426,2459.860497052432,2450.099502947568,2447.0831265245574,,
2023-07-27 12:55:00,ADANIENT,2448.7,2449.75,2447.3,2449.15,5495,2.903101138408762,2454.1899999999996,2461.7903187803536,2458.887217641945,2449.4927823580542,2446.5896812196456,,
2023-07-27 13:00:00,ADANIENT,2449.35,2450.0,2435.4,2436.65,50436,5.242480910726992,2452.825,2466.549815024283,2461.307334113556,2444.3426658864437,2439.1001849757167,2450.0,
2023-07-27 13:05:00,ADANIENT,2436.5,2437.8,2431.0,2435.0,45398,5.55398472858163,2451.4,2465.940332019427,2460.386347290845,2442.413652709155,2436.8596679805732,,
2023-07-27 13:10:00,ADANIENT,2435.0,2442.65,2433.5,2441.9,19838,6.273187782865323,2450.3650000000002,2466.7882056155418,2460.515017832676,2440.2149821673243,2433.9417943844587,,2433.5
2023-07-27 13:15:00,ADANIENT,2442.65,2445.0,2438.6,2441.0,16211,6.298550226292277,2449.29,2465.779604492433,2459.4810542661407,2439.098945733859,2432.800395507567,,
2023-07-27 13:20:00,ADANIENT,2441.0,2441.5,2438.0,2439.4,9672,5.738840181033822,2448.225,2463.2492835939465,2457.5104434129125,2438.9395565870873,2433.2007164060533,,
2023-07-27 13:25:00,ADANIENT,2439.4,2440.0,2436.5,2436.5,6575,5.291072144827059,2446.9275000000002,2460.7795268751574,2455.4884547303304,2438.36654526967,2433.075473124843,,
2023-07-27 13:30:00,ADANIENT,2436.2,2441.0,2435.5,2437.15,13844,5.332857715861648,2446.085,2460.0464215001257,2454.7135637842644,2437.4564362157357,2432.1235784998744,,
2023-07-27 13:35:00,ADANIENT,2437.1,2438.0,2435.05,2437.0,6512,4.856286172689282,2445.46,2458.1737572001007,2453.317471027411,2437.602528972589,2432.7462427998994,,
2023-07-27 13:40:00,ADANIENT,2437.0,2437.55,2434.25,2435.0,8383,4.545028938151463,2444.56,2456.4588857600806,2451.913856821929,2437.2061431780708,2432.6611142399192,,
2023-07-27 13:45:00,ADANIENT,2435.0,2438.25,2434.55,2437.0,6734,4.376023150521134,2443.775,2455.2314286080646,2450.8554054575434,2436.694594542457,2432.3185713919356,,
2023-07-27 13:50:00,ADANIENT,2437.3,2437.85,2435.75,2436.7,7188,3.9208185204168893,2443.0975000000003,2453.3622028864515,2449.441384366035,2436.7536156339656,2432.832797113549,,
2023-07-27 13:55:00,ADANIENT,2437.75,2437.95,2435.65,2436.3,9796,3.596654816333457,2442.265,2451.681042309161,2448.0843874928273,2436.4456125071724,2432.8489576908387,,
2023-07-27 14:00:00,ADANIENT,2437.0,2438.0,2432.1,2433.05,79041,4.057323853066784,2441.305,2451.9270738473288,2447.869749994262,2434.740250005738,2430.682926152671,,
2023-07-27 14:05:00,ADANIENT,2432.15,2434.0,2428.5,2431.05,32709,4.345859082453427,2440.3275000000003,2451.7049590778634,2447.35909999541,2433.2959000045907,2428.9500409221373,,
2023-07-27 14:10:00,ADANIENT,2430.6,2432.25,2428.05,2432.0,11709,4.316687265962705,2439.5775000000003,2450.8785872622907,2446.561899996328,2432.5931000036726,2428.27641273771,,
2023-07-27 14:15:00,ADANIENT,2430.8,2435.0,2430.55,2434.05,12943,4.343349812770128,2438.8525,2450.223389809832,2445.880039997062,2431.824960002938,2427.481610190168,,
2023-07-27 14:20:00,ADANIENT,2434.75,2436.0,2433.0,2434.75,12269,4.0746798502161035,2438.09,2448.7575118478658,2444.68283199765,2431.4971680023505,2427.4224881521345,,
2023-07-27 14:25:00,ADANIENT,2433.6,2434.65,2429.1,2430.0,20011,4.369743880172919,2437.1075,2448.547489478293,2444.17774559812,2430.03725440188,2425.6675105217073,,
2023-07-27 14:30:00,ADANIENT,2430.9,2431.0,2424.0,2425.8,34126,4.895795104138336,2435.9725000000003,2448.7896915826345,2443.893896478496,2428.0511035215045,2423.155308417366,,
2023-07-27 14:35:00,ADANIENT,2425.9,2426.7,2417.0,2420.35,54240,5.856636083310633,2434.5325000000003,2449.8651732661074,2444.0085371827968,2425.0564628172037,2419.199826733893,,
2023-07-27 14:40:00,ADANIENT,2419.8,2425.0,2419.3,2421.2,25330,5.82530886664847,2433.7599999999998,2449.0106586128854,2443.185349746237,2424.3346502537624,2418.509341387114,,
2023-07-27 14:45:00,ADANIENT,2421.05,2422.15,2417.85,2420.3,79303,5.520247093318813,2433.025,2447.4770068903085,2441.95675979699,2424.0932402030103,2418.5729931096917,,
2023-07-27 14:50:00,ADANIENT,2421.0,2423.9,2419.9,2422.45,45298,5.21619767465505,2432.0525,2445.7085055122466,2440.492307837592,2423.6126921624077,2418.396494487753,,
2023-07-27 14:55:00,ADANIENT,2422.45,2422.85,2415.1,2415.1,35724,5.7229581397240405,2430.7575,2445.7402044097976,2440.017246270074,2421.4977537299264,2415.7747955902028,2422.85,
2023-07-27 15:00:00,ADANIENT,2416.0,2421.75,2415.55,2420.05,52421,5.908366511779251,2429.79,2445.258103527838,2439.349737016059,2420.230262983941,2414.321896472162,,
2023-07-27 15:05:00,ADANIENT,2420.15,2427.0,2417.0,2424.8,59800,6.726693209423401,2429.205,2446.8154828222705,2440.088789612847,2418.321210387153,2411.5945171777294,,
2023-07-27 15:10:00,ADANIENT,2425.5,2432.35,2423.85,2431.3,70496,7.081354567538722,2428.9125,2447.451486257816,2440.3701316902775,2417.4548683097223,2410.3735137421836,,
2023-07-27 15:15:00,ADANIENT,2431.3,2432.0,2425.2,2429.95,72108,7.025083654031015,2428.5600000000004,2446.9516690062537,2439.9265853522224,2417.1934146477784,2410.168330993747,,
2023-07-27 15:20:00,ADANIENT,2429.95,2439.85,2428.4,2439.2,96994,7.910066923224775,2428.77,2449.4785552050025,2441.5684882817777,2415.9715117182222,2408.0614447949974,,
2023-07-27 15:25:00,ADANIENT,2439.9,2440.0,2426.5,2433.6,63221,9.02805353857982,2428.6,2452.235444164002,2443.2073906254222,2413.9926093745776,2404.964555835998,,
2023-07-28 09:15:00,ADANIENT,2437.0,2452.7,2431.1,2451.3,100734,11.542442830863838,2429.33,2459.5481153312016,2448.005672500338,2410.654327499662,2399.111884668798,,
2023-07-28 09:20:00,ADANIENT,2452.0,2452.0,2439.3,2446.35,62447,11.773954264691033,2429.8325,2460.6567122649612,2448.88275800027,2410.78224199973,2399.0082877350387,,
2023-07-28 09:25:00,ADANIENT,2445.05,2446.0,2435.5,2437.15,46350,11.519163411752826,2430.0375,2460.1946698119687,2448.675506400216,2411.399493599784,2399.880330188031,,
2023-07-28 09:30:00,ADANIENT,2438.45,2443.95,2434.15,2435.45,36676,11.175330729402207,2430.2574999999997,2459.5145158495748,2448.3391851201723,2412.175814879827,2401.0004841504247,,
2023-07-28 09:35:00,ADANIENT,2435.2,2447.45,2431.65,2445.75,32895,12.10026458352171,2430.9449999999997,2462.6234926796596,2450.5232280961377,2411.3667719038617,2399.2665073203398,,
2023-07-28 09:40:00,ADANIENT,2446.0,2449.95,2445.7,2448.8,34087,10.530211666817369,2431.6825,2459.2505941437275,2448.7203824769103,2414.6446175230894,2404.1144058562722,,
2023-07-28 09:45:00,ADANIENT,2448.15,2454.0,2446.0,2448.6,28699,10.024169333453894,2432.375,2458.6182753149824,2448.5941059815286,2416.1558940184714,2406.1317246850176,,
2023-07-28 09:50:00,ADANIENT,2449.5,2459.3,2449.5,2456.75,61463,10.15933546676317,2433.7125,2460.309640251986,2450.150304785223,2417.2746952147772,2407.1153597480143,,
2023-07-28 09:55:00,ADANIENT,2457.1,2464.0,2456.8,2461.8,116055,9.577468373410536,2435.5125,2460.5863122015885,2451.008843828178,2420.0161561718214,2410.438687798411,,
2023-07-28 10:00:00,ADANIENT,2462.0,2470.0,2458.35,2466.1,89595,9.991974698728447,2437.8,2463.9589897612714,2453.967015062543,2421.6329849374574,2411.641010238729,,
2023-07-28 10:05:00,ADANIENT,2467.35,2471.0,2464.0,2467.45,48598,9.393579758982758,2440.1125,2464.704891809017,2455.3113120500343,2424.913687949966,2415.520108190983,,
2023-07-28 10:10:00,ADANIENT,2468.9,2470.75,2459.7,2467.7,51358,9.724863807186242,2442.4825,2467.942193447214,2458.2173296400274,2426.7476703599727,2417.0228065527863,,
2023-07-28 10:15:00,ADANIENT,2467.55,2481.65,2466.7,2475.2,132805,10.769891045749048,2445.12,2473.3155747577707,2462.545683712022,2427.694316287978,2416.924425242229,,
2023-07-28 10:20:00,ADANIENT,2476.05,2476.55,2464.15,2465.8,52520,11.095912836599258,2447.6549999999997,2476.7040998062166,2465.6081869696172,2429.7018130303823,2418.605900193783,,
2023-07-28 10:25:00,ADANIENT,2466.05,2471.75,2462.15,2463.5,36890,10.796730269279388,2449.8275000000003,2478.093339844974,2467.296609575694,2432.3583904243064,2421.561660155027,,
2023-07-28 10:30:00,ADANIENT,2464.0,2464.0,2456.95,2460.3,52118,10.047384215423548,2451.6025,2477.906551875979,2467.859167660555,2435.3458323394448,2425.298448124021,,
2023-07-28 10:35:00,ADANIENT,2460.0,2463.0,2459.9,2461.3,17466,8.657907372338821,2453.1025,2475.768901500783,2467.110994128444,2439.094005871556,2430.4360984992168,,
2023-07-28 10:40:00,ADANIENT,2461.3,2472.75,2460.0,2469.0,40631,9.476325897871057,2455.055,2479.864021200626,2470.387695302755,2439.7223046972445,2430.2459787993735,,
2023-07-28 10:45:00,ADANIENT,2469.85,2473.95,2467.25,2471.1,21040,8.92106071829681,2456.65,2480.005336960501,2471.0842762422044,2442.215723757796,2433.294663039499,,
2023-07-28 10:50:00,ADANIENT,2471.05,2472.0,2465.05,2466.2,13818,8.52684857463741,2458.28,2480.603289568401,2472.0764409937638,2444.4835590062366,2435.9567104315993,,
2023-07-28 10:55:00,ADANIENT,2467.45,2473.0,2466.0,2466.05,21278,8.22147885970993,2459.0175,2480.5413316547206,2472.319852795011,2445.715147204989,2437.4936683452793,,
2023-07-28 11:00:00,ADANIENT,2465.95,2475.0,2465.9,2472.0,27390,8.397183087767926,2460.3,2482.2838253237765,2473.886642236009,2446.7133577639916,2438.316174676224,,
2023-07-28 11:05:00,ADANIENT,2471.05,2476.75,2470.75,2473.0,47252,7.917746470214341,2462.0924999999997,2482.821160259021,2474.9034137888066,2449.281586211193,2441.3638397409786,,
2023-07-28 11:10:00,ADANIENT,2472.2,2474.45,2465.5,2466.2,23282,8.124197176171437,2463.63,2484.899148207217,2476.7749510310455,2450.4850489689547,2442.3608517927833,,
2023-07-28 11:15:00,ADANIENT,2466.2,2467.0,2456.9,2458.0,44335,8.519357740937131,2464.2425000000003,2486.5461785657735,2478.0268208248367,2450.458179175164,2441.938821434227,,
2023-07-28 11:20:00,ADANIENT,2458.8,2463.9,2457.85,2462.85,18812,8.025486192749742,2464.945,2485.955722852619,2477.930236659869,2451.9597633401313,2443.934277147381,,
2023-07-28 11:25:00,ADANIENT,2463.0,2463.0,2458.0,2459.05,10859,7.420388954199794,2465.4674999999997,2484.8940782820946,2477.473689327895,2453.4613106721044,2446.040921717905,,
2023-07-28 11:30:00,ADANIENT,2459.15,2459.85,2455.0,2456.1,19578,6.906311163359818,2465.4350000000004,2483.5157226256765,2476.6094114623165,2454.2605885376843,2447.3542773743243,,
2023-07-28 11:35:00,ADANIENT,2456.5,2458.45,2455.0,2455.2,9563,6.215048930687819,2465.105,2481.3759981005405,2475.1609491698528,2455.0490508301473,2448.8340018994595,,
2023-07-28 11:40:00,ADANIENT,2455.15,2458.5,2452.85,2453.75,14373,6.1020391445502735,2464.4875,2480.462638480433,2474.3605993358824,2454.614400664118,2448.5123615195675,,
2023-07-28 11:45:00,ADANIENT,2453.8,2457.2,2453.1,2457.2,6314,5.701631315640201,2463.975,2478.901870784346,2473.2002394687056,2454.749760531294,2449.0481292156537,,
2023-07-28 11:50:00,ADANIENT,2456.35,2456.9,2451.0,2452.0,14335,5.741305052512179,2463.1899999999996,2478.2207366274765,2472.479431574964,2453.900568425035,2448.1592633725227,,
2023-07-28 11:55:00,ADANIENT,2452.95,2457.65,2451.95,2456.85,13394,5.733044042009798,2462.2725,2477.2816093019815,2471.548565259972,2452.9964347400282,2447.2633906980186,,
2023-07-28 12:00:00,ADANIENT,2456.4,2456.55,2448.0,2449.0,27623,6.296435233607875,2461.4325,2477.9165674415854,2471.6201322079773,2451.2448677920224,2444.9484325584144,,
2023-07-28 12:05:00,ADANIENT,2449.0,2449.65,2442.4,2446.8,31164,6.487148186886301,2460.5975,2477.580853953268,2471.093705766382,2450.101294233618,2443.6141460467315,,
2023-07-28 12:10:00,ADANIENT,2446.8,2448.95,2444.85,2446.5,9866,6.009718549509023,2459.9075000000003,2475.640943162615,2469.631224613106,2450.1837753868945,2444.1740568373857,,
2023-07-28 12:15:00,ADANIENT,2447.4,2448.8,2444.0,2447.95,8667,5.767774839607255,2459.2400000000002,2474.340034530092,2468.5722596904848,2449.9077403095157,2444.1399654699085,,
2023-07-28 12:20:00,ADANIENT,2448.0,2451.95,2446.25,2446.8,12450,5.754219871685768,2458.13,2473.1945476240735,2467.4403277523875,2448.8196722476127,2443.0654523759267,,
2023-07-28 12:25:00,ADANIENT,2447.0,2453.0,2445.25,2449.55,9051,6.153375897348615,2457.0525000000002,2473.162038099259,2467.0086622019103,2447.09633779809,2440.9429619007415,,2445.25
2023-07-28 12:30:00,ADANIENT,2449.85,2450.6,2446.95,2448.7,9387,5.65270071787891,2456.1775,2470.9762704794066,2465.323569761528,2447.031430238472,2441.378729520593,,
2023-07-28 12:35:00,ADANIENT,2448.7,2452.05,2447.6,2450.9,5451,5.412160574303183,2455.42,2469.5890363835256,2464.1768758092226,2446.6631241907776,2441.2509636164746,,
2023-07-28 12:40:00,ADANIENT,2452.0,2455.0,2450.55,2451.9,9587,5.219728459442511,2454.415,2468.0802491068202,2462.860520647378,2445.969479352622,2440.7497508931797,,
2023-07-28 12:45:00,ADANIENT,2451.9,2454.55,2450.35,2453.5,7736,5.015782767554064,2453.44,2466.5713192854564,2461.5555365179025,2445.3244634820976,2440.3086807145437,,
2023-07-28 12:50:00,ADANIENT,2453.6,2454.75,2450.0,2450.1,7252,4.962626214043251,2452.6349999999998,2465.627155428365,2460.6645292143216,2444.605470785678,2439.6428445716347,,
2023-07-28 12:55:00,ADANIENT,2450.5,2451.0,2447.15,2449.5,6023,4.7401009712345825,2452.21,2464.619584342692,2459.879483371458,2444.5405166285423,2439.800415657308,,
2023-07-28 13:00:00,ADANIENT,2449.0,2459.9,2448.45,2457.65,21538,6.082080776987721,2451.95,2467.8728874741537,2461.790806697166,2442.109193302834,2436.027112525846,,
2023-07-28 13:05:00,ADANIENT,2458.0,2459.05,2456.05,2458.8,9475,5.465664621590177,2451.9375,2466.2466099793232,2460.780945357733,2443.094054642267,2437.6283900206768,,
2023-07-28 13:10:00,ADANIENT,2458.9,2464.0,2457.45,2462.0,20142,5.682531697272179,2452.2324999999996,2467.109367983458,2461.426836286186,2443.0381637138134,2437.355632016541,2464.0,
2023-07-28 13:15:00,ADANIENT,2461.85,2464.75,2460.0,2463.7,9516,5.496025357817743,2452.6575000000003,2467.046094386767,2461.5500690289496,2443.764930971051,2438.2689056132335,,
2023-07-28 13:20:00,ADANIENT,2463.0,2467.0,2462.45,2464.65,18087,5.306820286254231,2453.2025000000003,2467.0957555094137,2461.7889352231596,2444.616064776841,2439.309244490587,,
2023-07-28 13:25:00,ADANIENT,2465.8,2475.0,2464.3,2474.0,44459,6.385456229003349,2454.0425000000005,2470.759624407531,2464.3741681785277,2443.710831821473,2437.3253755924698,,
2023-07-28 13:30:00,ADANIENT,2473.9,2480.0,2471.7,2472.7,92008,6.768364983202717,2455.0775000000003,2472.797079526025,2466.0287145428224,2444.1262854571783,2437.357920473976,,
2023-07-28 13:35:00,ADANIENT,2473.0,2473.0,2463.4,2465.0,32615,7.334691986562156,2455.4849999999997,2474.687223620819,2467.352531634257,2443.6174683657423,2436.28277637918,2473.0,
2023-07-28 13:40:00,ADANIENT,2465.0,2466.95,2459.0,2462.0,24866,7.4577535892496885,2456.1349999999998,2475.6593988966556,2468.2016453074057,2444.068354692594,2436.610601103344,,
2023-07-28 13:45:00,ADANIENT,2461.0,2462.0,2457.0,2459.2,11971,6.9662028713997515,2456.755,2474.9925191173247,2468.026316245925,2445.483683754075,2438.5174808826755,,
2023-07-28 13:50:00,ADANIENT,2459.2,2463.25,2456.0,2461.35,14899,7.022962297119801,2457.4975000000004,2475.88361529386,2468.86065299674,2446.1343470032607,2439.1113847061406,,
2023-07-28 13:55:00,ADANIENT,2462.35,2462.4,2458.0,2459.9,6190,6.49836983769586,2458.095,2475.1077322350875,2468.6093623973916,2447.580637602608,2441.082267764912,,
2023-07-28 14:00:00,ADANIENT,2459.85,2462.0,2459.05,2461.75,4481,5.788695870156651,2458.8424999999997,2473.9973057880698,2468.2086099179132,2449.4763900820863,2443.6876942119297,,
2023-07-28 14:05:00,ADANIENT,2462.0,2465.0,2461.0,2464.9,10441,5.430956696125321,2459.6099999999997,2473.8282446304556,2468.3972879343305,2450.822712065669,2445.3917553695437,,
2023-07-28 14:10:00,ADANIENT,2464.9,2466.9,2462.45,2466.15,10881,5.234765356900311,2460.4825,2474.187115704365,2468.9523503474647,2452.0126496525354,2446.777884295635,,
2023-07-28 14:15:00,ADANIENT,2466.2,2466.8,2463.2,2463.75,5086,4.907812285520322,2461.125,2473.973652563492,2469.065840277972,2453.184159722028,2448.276347436508,,
2023-07-28 14:20:00,ADANIENT,2463.15,2469.25,2463.1,2468.25,13682,5.156249828416276,2461.9425,2475.441562050794,2470.285312222378,2453.5996877776224,2448.4434379492063,,
2023-07-28 14:25:00,ADANIENT,2467.3,2475.0,2467.3,2470.0,26905,5.6649998627329845,2462.7675,2477.598469640635,2471.933469777902,2453.601530222098,2447.936530359365,,
2023-07-28 14:30:00,ADANIENT,2469.2,2471.0,2465.0,2465.0,19808,5.731999890186388,2463.5125,2478.518875712508,2472.7868758223212,2454.2381241776784,2448.5061242874917,,
2023-07-28 14:35:00,ADANIENT,2465.0,2468.15,2465.0,2465.05,7492,5.215599912149129,2464.29,2477.9444405700065,2472.7288406578573,2455.8511593421426,2450.6355594299935,,
2023-07-28 14:40:00,ADANIENT,2465.6,2468.0,2463.35,2464.8,19378,5.102479929719322,2464.6475,2478.005792456005,2472.903312526286,2456.3916874737142,2451.289207543995,,
2023-07-28 14:45:00,ADANIENT,2464.85,2469.8,2464.0,2467.7,68112,5.2419839437754945,2465.0925,2478.8160139648044,2473.574030021029,2456.6109699789713,2451.368986035196,,
2023-07-28 14:50:00,ADANIENT,2467.7,2468.4,2460.3,2462.2,23579,5.813587155020377,2465.1025,2480.3224711718435,2474.508884016823,2455.696115983177,2449.8825288281564,,
2023-07-28 14:55:00,ADANIENT,2463.15,2467.05,2462.0,2463.4,29860,5.660869724016338,2465.0875,2479.9076569374747,2474.2467872134584,2455.9282127865417,2450.2673430625255,,
2023-07-28 15:00:00,ADANIENT,2462.55,2469.6,2462.5,2462.5,55274,5.948695779213053,2464.98,2480.55368554998,2474.6049897707667,2455.3550102292334,2449.40631445002,,
2023-07-28 15:05:00,ADANIENT,2462.9,2463.0,2458.0,2459.05,41009,5.758956623370443,2464.2324999999996,2479.3094484399835,2473.550491816613,2454.9145081833863,2449.1555515600157,,
2023-07-28 15:10:00,ADANIENT,2459.75,2463.7,2458.2,2462.75,31846,5.707165298696355,2463.7349999999997,2478.6763587519868,2472.9691934532902,2454.500806546709,2448.7936412480126,,
2023-07-28 15:15:00,ADANIENT,2460.65,2468.0,2460.65,2465.85,63485,6.035732238957066,2463.7775,2479.57904700159,2473.5433147626327,2454.0116852373676,2447.9759529984103,,
2023-07-28 15:20:00,ADANIENT,2465.65,2466.25,2460.0,2461.15,65858,6.078585791165653,2463.7349999999997,2479.6487376012715,2473.570151810106,2453.8998481898934,2447.821262398728,,
2023-07-28 15:25:00,ADANIENT,2460.0,2461.0,2457.0,2459.0,42891,5.662868632932523,2463.725,2478.550390081017,2472.887521448085,2454.562478551915,2448.8996099189826,,2457.0
2023-07-31 09:15:00,ADANIENT,2477.0,2484.9,2468.0,2479.1,92122,9.710294906346036,2464.6125,2490.034052064814,2480.323757158468,2448.901242841532,2439.190947935186,,
2023-07-31 09:20:00,ADANIENT,2480.0,2482.7,2470.45,2472.6,66493,10.21823592507683,2465.2475000000004,2491.9988416518518,2481.780605726775,2448.714394273226,2438.496158348149,,
2023-07-31 09:25:00,ADANIENT,2473.95,2483.8,2469.6,2471.95,121859,11.01458874006152,2465.7575,2494.593693321481,2483.57910458142,2447.9358954185805,2436.921306678519,,
2023-07-31 09:30:00,ADANIENT,2471.05,2474.85,2470.15,2472.1,23745,9.75167099204918,2466.1175,2491.6473746571846,2481.8957036651354,2450.3392963348642,2440.587625342815,,
2023-07-31 09:35:00,ADANIENT,2472.1,2478.3,2467.0,2476.15,102372,10.06133679363938,2466.6175,2492.9580797257477,2482.8967429321083,2450.3382570678914,2440.276920274252,,
2023-07-31 09:40:00,ADANIENT,2476.0,2488.0,2473.1,2481.35,105618,11.029069434911523,2467.4975,2496.3716037805984,2485.342534345687,2449.652465654313,2438.6233962194015,,
2023-07-31 09:45:00,ADANIENT,2480.6,2481.85,2473.6,2478.7,43619,10.47325554792922,2468.02,2495.4389830244786,2484.9657274765495,2451.0742725234504,2440.6010169755214,,
2023-07-31 09:50:00,ADANIENT,2479.5,2487.0,2476.6,2479.1,159963,10.458604438343395,2468.475,2495.855626419583,2485.3970219812395,2451.5529780187603,2441.0943735804167,,
2023-07-31 09:55:00,ADANIENT,2478.0,2482.0,2475.0,2479.0,19571,9.766883550674716,2469.175,2494.7447011356667,2484.977817584992,2453.3721824150084,2443.6052988643337,,
2023-07-31 10:00:00,ADANIENT,2480.05,2487.0,2479.2,2485.35,69587,9.413506840539773,2470.1899999999996,2494.8345609085327,2485.421054067993,2454.9589459320064,2445.5454390914665,,
2023-07-31 10:05:00,ADANIENT,2485.35,2490.0,2484.25,2486.5,72405,8.68080547243182,2471.275,2494.0013487268266,2485.3205432543946,2457.2294567456056,2448.5486512731736,,
2023-07-31 10:10:00,ADANIENT,2485.5,2488.05,2481.0,2488.0,138044,8.354644377945492,2472.29,2494.1624589814614,2485.807814603516,2458.772185396484,2450.4175410185385,,
2023-07-31 10:15:00,ADANIENT,2487.9,2496.4,2484.0,2493.95,85678,9.163715502356412,2473.8775,2497.8681071851693,2488.704391682813,2459.050608317187,2449.886892814831,,
2023-07-31 10:20:00,ADANIENT,2494.0,2497.95,2491.0,2497.5,71687,8.720972401885094,2475.5824999999995,2498.4140057481345,2489.6930333462496,2461.4719666537494,2452.7509942518645,,
2023-07-31 10:25:00,ADANIENT,2497.25,2500.0,2495.0,2499.25,162385,7.976777921508075,2477.4199999999996,2498.303204598508,2490.3264266769997,2464.5135733229995,2456.5367954014914,,
2023-07-31 10:30:00,ADANIENT,2499.55,2500.0,2488.95,2490.0,50627,8.591422337206497,2478.9675,2501.459843678807,2492.8684213416004,2465.0665786584,2456.4751563211935,2500.0,
2023-07-31 10:35:00,ADANIENT,2491.05,2492.0,2486.7,2488.6,30166,7.933137869765234,2480.26,2501.0289549430454,2493.09581707328,2467.4241829267203,2459.491045056955,,
2023-07-31 10:40:00,ADANIENT,2488.65,2488.9,2482.0,2483.9,37036,7.726510295812206,2481.1625,2501.390503954436,2493.663993658624,2468.661006341376,2460.9344960455637,,
2023-07-31 10:45:00,ADANIENT,2483.0,2485.0,2478.4,2484.45,40147,7.501208236649747,2482.3275000000003,2501.9656631635494,2494.4644549268996,2470.190545073101,2462.6893368364513,,
2023-07-31 10:50:00,ADANIENT,2482.85,2484.7,2480.0,2484.0,19458,6.940966589319762,2483.5775000000003,2501.7489505308395,2494.8079839415195,2472.347016058481,2465.406049469161,,
2023-07-31 10:55:00,ADANIENT,2484.0,2491.15,2484.0,2490.05,29334,6.982773271455828,2484.125,2502.4059004246715,2495.4231271532153,2472.8268728467847,2465.8440995753285,,
2023-07-31 11:00:00,ADANIENT,2491.1,2492.8,2485.15,2486.6,20290,7.116218617164681,2484.825,2503.455260339737,2496.3390417225723,2473.3109582774273,2466.1947396602627,,
2023-07-31 11:05:00,ADANIENT,2486.0,2486.95,2481.05,2482.1,14395,6.872974893731673,2485.3325,2503.3259482717895,2496.452973378058,2474.212026621942,2467.3390517282105,,
2023-07-31 11:10:00,ADANIENT,2482.9,2484.7,2479.55,2479.6,29506,6.528379914985266,2485.7075,2502.798798617431,2496.270418702446,2475.144581297554,2468.6162013825688,,
2023-07-31 11:15:00,ADANIENT,2480.0,2482.45,2479.25,2480.55,15034,5.862703931988177,2485.9275000000002,2501.2760588939454,2495.413354961957,2476.4416450380436,2470.578941106055,,
2023-07-31 11:20:00,ADANIENT,2480.55,2482.0,2475.75,2482.0,22077,5.9401631455905415,2485.96,2501.5113471151562,2495.5711839695655,2476.3488160304346,2470.408652884844,,
2023-07-31 11:25:00,ADANIENT,2482.0,2482.5,2476.55,2478.95,13774,5.942130516472397,2485.9725,2501.5289976921244,2495.586867175652,2476.3581328243476,2470.4160023078753,,
2023-07-31 11:30:00,ADANIENT,2478.95,2479.95,2474.0,2479.3,31764,5.943704413177882,2485.9825,2501.5431181536997,2495.599413740522,2476.3655862594783,2470.4218818463005,,
2023-07-31 11:35:00,ADANIENT,2478.5,2479.7,2475.0,2475.95,8561,5.694963530542269,2485.83,2500.7394145229596,2495.0444509924173,2476.6155490075826,2470.9205854770403,,2475.0
2023-07-31 11:40:00,ADANIENT,2475.95,2480.1,2475.5,2479.15,6112,5.475970824433798,2485.52,2499.856091618368,2494.3801207939337,2476.6598792060663,2471.183908381632,,
2023-07-31 11:45:00,ADANIENT,2479.15,2487.1,2479.05,2484.5,29862,5.990776659546984,2485.42,2501.103853294694,2495.113076635147,2475.726923364853,2469.736146705306,,
2023-07-31 11:50:00,ADANIENT,2484.95,2484.95,2480.55,2483.4,5438,5.672621327637514,2485.19,2500.040922635755,2494.3683013081177,2476.0116986918824,2470.339077364245,,
2023-07-31 11:55:00,ADANIENT,2482.3,2487.6,2482.3,2485.6,11601,5.598097062109956,2484.7725,2499.428318108604,2493.830221046494,2475.714778953506,2470.116681891396,,
2023-07-31 12:00:00,ADANIENT,2485.6,2490.0,2485.0,2489.3,15101,5.4784776496879655,2484.3625,2498.705154486883,2493.226676837195,2475.4983231628053,2470.019845513117,,
2023-07-31 12:05:00,ADANIENT,2489.1,2489.75,2486.0,2486.0,8688,5.132782119750373,2483.7,2497.1376235895063,2492.004841469756,2475.395158530244,2470.2623764104933,,
2023-07-31 12:10:00,ADANIENT,2487.15,2509.55,2486.0,2504.6,261039,8.816225695800334,2484.43,2507.510878871605,2498.694653175805,2470.165346824195,2461.3491211283945,,
2023-07-31 12:15:00,ADANIENT,2504.4,2517.85,2503.15,2508.0,169903,9.992980556640232,2485.4,2511.561623097284,2501.568642540644,2469.2313574593563,2459.238376902716,,
2023-07-31 12:20:00,ADANIENT,2508.0,2510.0,2497.95,2499.95,56072,10.404384445312221,2486.2025000000003,2513.4411784778276,2503.0367940325154,2469.368205967485,2458.963821522173,2510.0,
2023-07-31 12:25:00,ADANIENT,2499.0,2499.3,2493.0,2496.5,29505,9.583507556249815,2486.805,2511.8946227822616,2502.311115226012,2471.2988847739875,2461.715377217738,,
2023-07-31 12:30:00,ADANIENT,2496.35,2498.4,2490.5,2495.5,29056,9.24680604499987,2487.38,2511.58813822581,2502.34133218081,2472.4186678191904,2463.1718617741903,,
2023-07-31 12:35:00,ADANIENT,2495.65,2496.7,2491.6,2493.5,12878,8.417444835999877,2487.5525000000002,2509.589370580648,2501.171925744648,2473.9330742553525,2465.5156294193525,,
2023-07-31 12:40:00,ADANIENT,2494.45,2495.2,2491.05,2494.85,14851,7.563955868799829,2487.9649999999997,2507.7674364645177,2500.203480595718,2475.7265194042816,2468.1625635354817,,
2023-07-31 12:45:00,ADANIENT,2493.75,2497.9,2493.0,2497.2,15742,7.031164695039882,2488.7200000000003,2507.1275891716145,2500.0964244765746,2477.343575523426,2470.312410828386,,
2023-07-31 12:50:00,ADANIENT,2497.45,2498.0,2496.05,2496.5,7467,6.014931756031869,2489.565,2505.3120913372913,2499.2971595812596,2479.8328404187405,2473.8179086627088,,
2023-07-31 12:55:00,ADANIENT,2496.5,2500.0,2492.85,2496.0,18689,6.241945404825514,2490.3375,2506.6789130698335,2500.4369676650076,2480.2380323349926,2473.9960869301667,,
2023-07-31 13:00:00,ADANIENT,2496.95,2497.0,2493.55,2495.65,8254,5.683556323860375,2491.0199999999995,2505.899550455866,2500.2159941320056,2481.8240058679935,2476.140449544133,,
2023-07-31 13:05:00,ADANIENT,2495.95,2497.25,2493.5,2496.1,9850,5.296845059088301,2491.8775,2505.744640364693,2500.447795305605,2483.3072046943953,2478.010359635307,,
2023-07-31 13:10:00,ADANIENT,2497.0,2500.0,2496.0,2498.0,10849,5.037476047270641,2492.8125,2506.0006122917544,2500.963136244484,2484.661863755516,2479.6243877082456,,
2023-07-31 13:15:00,ADANIENT,2497.5,2498.4,2494.45,2494.6,8608,4.819980837816567,2493.745,2506.363709833404,2501.543728995587,2485.9462710044127,2481.126290166596,,
2023-07-31 13:20:00,ADANIENT,2494.0,2500.0,2494.0,2496.8,35909,5.055984670253254,2494.6274999999996,2507.8640678667225,2502.8080831964694,2486.44691680353,2481.3909321332767,,
2023-07-31 13:25:00,ADANIENT,2497.1,2498.4,2495.05,2495.3,6772,4.714787736202585,2495.1675,2507.510814293378,2502.796026557176,2487.538973442824,2482.824185706622,,
2023-07-31 13:30:00,ADANIENT,2495.95,2496.85,2494.5,2496.1,7128,4.241830188962051,2495.8025,2506.9076114347026,2502.66578124574,2488.9392187542594,2484.697388565297,,
2023-07-31 13:35:00,ADANIENT,2495.15,2498.3,2495.0,2497.45,9138,4.053464151169677,2496.395,2507.006969147762,2502.9535049965925,2489.8364950034074,2485.783030852238,,
2023-07-31 13:40:00,ADANIENT,2497.7,2502.95,2496.5,2501.5,72891,4.532771320935705,2497.005,2508.87179531821,2504.339023997274,2489.670976002726,2485.1382046817903,,
2023-07-31 13:45:00,ADANIENT,2501.5,2507.0,2498.5,2500.0,39202,5.326217056748565,2497.7050000000004,2511.6490362545683,2506.3228191978196,2489.087180802181,2483.7609637454325,,
2023-07-31 13:50:00,ADANIENT,2500.0,2500.0,2496.05,2496.55,11895,5.050973645398815,2497.3025,2510.5259490036537,2505.474975358255,2489.1300246417445,2484.079050996346,,
2023-07-31 13:55:00,ADANIENT,2496.55,2498.45,2491.85,2493.5,28658,5.360778916319034,2496.5775,2510.612019202923,2505.251240286604,2487.9037597133956,2482.542980797077,,
2023-07-31 14:00:00,ADANIENT,2494.05,2498.7,2493.65,2498.35,12369,5.328623133055191,2496.4975,2510.4478353623385,2505.119212229283,2487.8757877707167,2482.5471646376614,,
2023-07-31 14:05:00,ADANIENT,2498.8,2498.85,2493.05,2494.1,6117,5.422898506444099,2496.3775,2510.5746482898708,2505.1517497834266,2487.6032502165735,2482.1803517101293,,
2023-07-31 14:10:00,ADANIENT,2494.3,2495.95,2492.2,2493.1,9332,5.0883188051552795,2496.2575,2509.5787186318967,2504.4903998267414,2488.024600173259,2482.9362813681037,,
2023-07-31 14:15:00,ADANIENT,2493.8,2496.15,2493.25,2494.15,8648,4.6806550441242605,2496.29,2508.5439549055172,2503.863299861393,2488.716700138607,2484.0360450944827,,
2023-07-31 14:20:00,ADANIENT,2494.65,2494.65,2488.0,2491.8,27475,5.074524035299427,2496.1375,2509.4226039244136,2504.348079889114,2487.9269201108855,2482.852396075586,,
2023-07-31 14:25:00,ADANIENT,2491.0,2496.0,2491.0,2496.0,14271,5.059619228239542,2496.0775,2509.323583139531,2504.2639639112913,2487.8910360887085,2482.831416860469,,
2023-07-31 14:30:00,ADANIENT,2496.0,2496.0,2491.6,2492.1,5306,4.927695382591652,2495.8574999999996,2508.7582065116244,2503.830511129033,2487.8844888709664,2482.956793488375,,
2023-07-31 14:35:00,ADANIENT,2492.1,2494.0,2490.0,2492.55,6853,4.742156306073322,2495.685,2508.0999652093,2503.3578089032267,2488.012191096773,2483.2700347907,,
2023-07-31 14:40:00,ADANIENT,2493.15,2495.0,2491.05,2494.95,5691,4.583725044858621,2495.65,2507.65019216744,2503.0664671225813,2488.233532877419,2483.6498078325603,,
2023-07-31 14:45:00,ADANIENT,2494.1,2494.95,2491.0,2491.5,13742,4.456980035886861,2495.4199999999996,2507.0883737339514,2502.6313936980646,2488.2086063019347,2483.751626266048,,
2023-07-31 14:50:00,ADANIENT,2491.5,2494.45,2491.5,2492.55,6801,4.155584028709453,2495.1475,2506.0268189871613,2501.871234958452,2488.423765041548,2484.268181012839,,
2023-07-31 14:55:00,ADANIENT,2492.85,2494.0,2492.0,2493.5,7807,3.7244672229675624,2495.0924999999997,2504.843155189729,2501.118687966761,2489.0663120332383,2485.3418448102707,,
2023-07-31 15:00:00,ADANIENT,2493.5,2497.5,2493.45,2496.85,39417,3.7895737783740864,2495.0950000000003,2505.0161041517836,2501.2265303734093,2488.963469626591,2485.173895848217,,
2023-07-31 15:05:00,ADANIENT,2495.85,2500.0,2492.3,2499.9,128299,4.571659022699233,2495.325,2507.2936033214264,2502.721944298727,2487.9280557012726,2483.356396678573,,
2023-07-31 15:10:00,ADANIENT,2499.0,2501.0,2488.15,2489.8,84652,6.227327218159369,2495.01,2511.3131426571413,2505.085815438982,2484.9341845610184,2478.706857342859,,
2023-07-31 15:15:00,ADANIENT,2488.95,2492.1,2486.55,2489.15,99028,6.09186177452744,2494.595,2510.5434941257126,2504.4516323511853,2484.7383676488143,2478.646505874287,,
2023-07-31 15:20:00,ADANIENT,2489.15,2490.5,2485.05,2488.3,146600,5.963489419621916,2493.935,2509.5474153005703,2503.5839258809483,2484.2860741190516,2478.3225846994296,,
2023-07-31 15:25:00,ADANIENT,2489.0,2493.25,2488.0,2490.05,84348,5.820791535697532,2493.4375,2508.6763322404563,2502.855540704759,2484.019459295241,2478.1986677595437,,2488.0
2023-08-01 09:15:00,ADANIENT,2504.85,2508.35,2492.95,2504.5,91812,8.316633228557972,2493.835,2515.6079457923647,2507.291312563807,2480.378687436193,2472.0620542076354,,
2023-08-01 09:20:00,ADANIENT,2504.5,2514.0,2500.95,2507.1,85933,9.263306582846415,2494.5150000000003,2518.766336633892,2509.5030300510457,2479.526969948955,2470.2636633661086,,
2023-08-01 09:25:00,ADANIENT,2507.65,2507.65,2497.05,2498.2,57473,9.530645266277114,2494.5075,2519.4587293071136,2509.9280840408364,2479.086915959164,2469.5562706928868,,
2023-08-01 09:30:00,ADANIENT,2499.0,2503.0,2495.1,2499.7,33460,9.20451621302171,2494.7875,2518.8849234456907,2509.680407232669,2479.894592767331,2470.690076554309,,
2023-08-01 09:35:00,ADANIENT,2500.9,2501.65,2495.55,2496.05,19404,8.58361297041735,2494.935,2517.4068987565524,2508.8232857861353,2481.0467142138646,2472.4631012434475,,
2023-08-01 09:40:00,ADANIENT,2497.45,2497.95,2486.15,2492.95,68843,9.226890376333827,2494.875,2519.030999005242,2509.804108628908,2479.945891371092,2470.719000994758,,
2023-08-01 09:45:00,ADANIENT,2492.95,2494.05,2486.35,2487.5,46239,8.921512301067116,2494.6600000000003,2518.016519204194,2509.095006903127,2480.2249930968737,2471.3034807958065,,
2023-08-01 09:50:00,ADANIENT,2488.0,2491.35,2481.25,2484.5,38404,9.157209840853675,2494.085,2518.058575363355,2508.9013655225012,2479.268634477499,2470.111424636645,,
2023-08-01 09:55:00,ADANIENT,2484.8,2487.55,2482.0,2483.0,18021,8.435767872682977,2493.63,2515.714840290684,2507.2790724180013,2479.980927581999,2471.545159709316,,
2023-08-01 10:00:00,ADANIENT,2483.2,2488.55,2481.2,2482.75,24049,8.218614298146456,2493.1400000000003,2514.656332232548,2506.4377179344015,2479.842282065599,2471.623667767453,,
2023-08-01 10:05:00,ADANIENT,2482.1,2489.65,2482.1,2485.5,17906,8.084891438517202,2492.6675000000005,2513.8337457860384,2505.7488543475215,2479.5861456524794,2471.5012542139625,,
2023-08-01 10:10:00,ADANIENT,2485.55,2485.75,2478.15,2483.0,33897,7.9879131508137435,2492.2425000000003,2513.1548566288307,2505.166943478017,2479.3180565219836,2471.33014337117,,
2023-08-01 10:15:00,ADANIENT,2483.0,2484.0,2479.0,2482.65,19904,7.390330520650995,2491.7475,2511.095385303064,2503.7050547824133,2479.7899452175866,2472.3996146969357,,
2023-08-01 10:20:00,ADANIENT,2483.0,2483.5,2475.0,2476.45,19971,7.612264416520796,2490.895,2510.8239082424516,2503.2116438259304,2478.5783561740695,2470.9660917575484,,
2023-08-01 10:25:00,ADANIENT,2476.45,2479.1,2474.25,2474.25,28147,7.059811533216619,2489.7650000000003,2508.2475865939614,2501.187775060745,2478.3422249392556,2471.2824134060393,,
2023-08-01 10:30:00,ADANIENT,2474.0,2474.25,2469.35,2471.0,38342,6.627849226573314,2488.32,2505.671709275169,2499.043860048596,2477.5961399514044,2470.968290724831,,
2023-08-01 10:35:00,ADANIENT,2471.0,2472.5,2468.0,2469.9,20294,6.202279381258652,2487.325,2503.562567420135,2497.360288038876,2477.2897119611234,2471.0874325798645,,
2023-08-01 10:40:00,ADANIENT,2470.2,2470.85,2465.0,2465.2,25990,6.1318235050069045,2486.1275,2502.1806139361083,2496.048790431101,2476.206209568899,2470.074386063892,,
2023-08-01 10:45:00,ADANIENT,2465.15,2466.3,2455.4,2461.65,58145,7.085458804005542,2484.795,2503.3447311488867,2496.259272344881,2473.330727655119,2466.2452688511135,,
2023-08-01 10:50:00,ADANIENT,2461.05,2464.5,2457.0,2462.0,23876,7.168367043204434,2483.3925,2502.1592849191093,2494.990917875905,2471.794082124095,2464.6257150808906,,
2023-08-01 10:55:00,ADANIENT,2462.4,2467.95,2460.35,2467.95,33854,7.254693634563529,2481.5649999999996,2500.557787935287,2493.3030943007234,2469.826905699276,2462.5722120647124,,
2023-08-01 11:00:00,ADANIENT,2467.85,2469.15,2460.25,2462.0,34361,7.5837549076508415,2479.31,2499.16427034823,2491.580515440579,2467.039484559421,2459.45572965177,,
2023-08-01 11:05:00,ADANIENT,2462.0,2464.0,2461.0,2462.25,9747,6.667003926120673,2477.5125,2494.9667162785836,2488.299712352463,2466.725287647537,2460.058283721416,,
2023-08-01 11:10:00,ADANIENT,2462.0,2467.6,2458.95,2464.75,21404,7.063603140896557,2475.765,2494.257513022867,2487.1939098819703,2464.3360901180295,2457.2724869771328,,2458.95
2023-08-01 11:15:00,ADANIENT,2464.75,2465.5,2462.7,2464.95,5475,6.210882512717282,2474.21,2490.4700904182937,2484.2592079055767,2464.1607920944234,2457.9499095817064,,
2023-08-01 11:20:00,ADANIENT,2464.95,2464.95,2461.15,2464.0,8706,5.728706010173771,2472.7625,2487.760252334635,2482.031546324461,2463.4934536755386,2457.7647476653647,,
2023-08-01 11:25:00,ADANIENT,2464.0,2466.1,2462.9,2465.15,7899,5.222964808138981,2471.6449999999995,2485.318721867707,2480.0957570595683,2463.1942429404307,2457.971278132292,,
2023-08-01 11:30:00,ADANIENT,2465.95,2467.9,2462.0,2462.5,14079,5.358371846511203,2470.5449999999996,2484.573217494166,2479.214845647655,2461.8751543523445,2456.5167825058334,,
2023-08-01 11:35:00,ADANIENT,2463.0,2464.45,2460.4,2464.45,8946,5.096697477208909,2469.6175,2482.960653995333,2477.863956518124,2461.371043481876,2456.2743460046668,,
2023-08-01 11:40:00,ADANIENT,2464.05,2467.0,2462.3,2465.15,4377,5.017357981767091,2468.7375,2481.8729431962665,2476.855585214499,2460.6194147855012,2455.602056803734,,
2023-08-01 11:45:00,ADANIENT,2465.0,2472.0,2465.0,2470.0,14473,5.413886385413673,2467.9625,2482.1360545570133,2476.7221681715996,2459.2028318284006,2453.788945442987,,
2023-08-01 11:50:00,ADANIENT,2470.25,2471.0,2468.0,2470.0,9089,4.931109108330938,2467.3125,2480.2221436456102,2475.2910345372793,2459.3339654627207,2454.4028563543898,,
2023-08-01 11:55:00,ADANIENT,2470.0,2473.0,2469.4,2471.25,9096,4.664887286664732,2466.7425000000003,2478.9551749164884,2474.290287629824,2459.1947123701766,2454.529825083512,,
2023-08-01 12:00:00,ADANIENT,2471.75,2471.75,2469.0,2469.0,4184,4.281909829331786,2466.37,2477.5800399331906,2473.2981301038585,2459.4418698961413,2455.159960066809,,
2023-08-01 12:05:00,ADANIENT,2469.0,2469.5,2465.05,2466.55,8237,4.315527863465393,2465.9849999999997,2477.283051946552,2472.9675240830866,2459.0024759169128,2454.6869480534474,,
2023-08-01 12:10:00,ADANIENT,2466.55,2470.6,2466.55,2470.4,10553,4.26242229077226,2465.955,2477.114021557242,2472.8515992664693,2459.0584007335306,2454.795978442758,,
2023-08-01 12:15:00,ADANIENT,2470.5,2470.5,2465.55,2468.0,5339,4.3999378326177725,2465.8599999999997,2477.379037245793,2472.9790994131754,2458.740900586824,2454.3409627542064,,
2023-08-01 12:20:00,ADANIENT,2468.1,2469.45,2466.8,2468.95,4846,4.049950266094146,2466.0474999999997,2476.6502697966343,2472.60031953054,2459.494680469459,2455.444730203365,,
2023-08-01 12:25:00,ADANIENT,2468.95,2469.0,2466.0,2467.25,5407,3.839960212875317,2466.3275,2476.3805158373075,2472.5405556244323,2460.1144443755675,2456.2744841626923,,
2023-08-01 12:30:00,ADANIENT,2467.25,2467.95,2466.0,2466.4,5907,3.4619681703002176,2466.5474999999997,2475.6109326698456,2472.1489644995454,2460.946035500454,2457.4840673301537,,
2023-08-01 12:35:00,ADANIENT,2467.0,2468.95,2461.25,2461.45,28984,4.309574536240138,2466.2225000000003,2477.504966135877,2473.195391599637,2459.2496084003637,2454.9400338641235,,
2023-08-01 12:40:00,ADANIENT,2461.75,2464.7,2460.0,2462.95,17899,4.387659628992075,2466.27,2477.756892908701,2473.369233279709,2459.170766720291,2454.783107091299,,
2023-08-01 12:45:00,ADANIENT,2462.5,2464.5,2461.7,2463.0,6082,4.070127703193696,2466.3075,2476.963094326961,2472.8929666237673,2459.7220333762325,2455.651905673039,,
2023-08-01 12:50:00,ADANIENT,2463.0,2467.1,2461.95,2463.45,7294,4.286102162554975,2466.2425,2477.463515461569,2473.177413299014,2459.3075867009857,2455.0214845384307,,
2023-08-01 12:55:00,ADANIENT,2462.0,2465.1,2461.5,2465.0,6304,4.148881730043962,2466.245,2477.106772369255,2472.957890639211,2459.5321093607886,2455.383227630745,,
2023-08-01 13:00:00,ADANIENT,2465.0,2465.8,2464.05,2465.25,1953,3.6691053840351704,2466.3075,2475.913217895404,2472.2441125113687,2460.370887488631,2456.7017821045956,,
2023-08-01 13:05:00,ADANIENT,2464.25,2469.35,2464.15,2469.0,8127,3.9752843072281,2466.5,2476.9072943163233,2472.932010009095,2460.067989990905,2456.0927056836767,,
2023-08-01 13:10:00,ADANIENT,2469.0,2471.7,2466.5,2469.45,8896,4.220227445782443,2466.8475000000003,2477.8960554530586,2473.6758280072763,2460.0191719927243,2455.798944546942,,
2023-08-01 13:15:00,ADANIENT,2469.55,2470.95,2468.45,2469.5,6057,3.8761819566259548,2467.1,2477.247844362447,2473.3716624058206,2460.828337594179,2456.952155637553,,
2023-08-01 13:20:00,ADANIENT,2469.5,2470.95,2468.65,2470.8,7888,3.560945565300709,2467.3824999999997,2476.705055489957,2473.1441099246563,2461.620890075343,2458.0599445100424,,
2023-08-01 13:25:00,ADANIENT,2470.4,2470.8,2468.2,2468.95,4012,3.3687564522406404,2467.33,2476.149404391966,2472.7806479397254,2461.8793520602744,2458.510595608034,,
2023-08-01 13:30:00,ADANIENT,2468.95,2472.95,2468.5,2471.9,18292,3.585005161792476,2467.425,2476.810543513573,2473.2255383517804,2461.62446164822,2458.0394564864273,,
2023-08-01 13:35:00,ADANIENT,2471.5,2472.5,2470.4,2471.4,11047,3.2880041294339626,2467.4325,2476.040494810858,2472.752490681424,2462.1125093185756,2458.8245051891417,,
2023-08-01 13:40:00,ADANIENT,2471.0,2471.0,2468.55,2470.0,4998,3.120403303547134,2467.4824999999996,2475.651715848686,2472.531312545139,2462.4336874548603,2459.3132841513134,,
2023-08-01 13:45:00,ADANIENT,2470.3,2474.85,2468.8,2474.0,11384,3.7063226428376534,2467.855,2477.5581526789488,2473.8518300361116,2461.8581699638885,2458.1518473210513,2474.85,
2023-08-01 13:50:00,ADANIENT,2474.0,2476.0,2473.25,2474.7,19587,3.515058114270123,2468.07,2477.2724221431595,2473.7573640288892,2462.382635971111,2458.867577856841,,
2023-08-01 13:55:00,ADANIENT,2473.65,2474.0,2471.3,2472.0,3742,3.352046491416062,2468.27,2477.0456577145274,2473.693611223111,2462.846388776889,2459.4943422854726,,
2023-08-01 14:00:00,ADANIENT,2471.9,2473.8,2471.2,2473.2,5980,3.201637193132923,2468.4825,2476.864386171622,2473.662748978489,2463.302251021511,2460.1006138283783,,
2023-08-01 14:05:00,ADANIENT,2473.2,2477.95,2472.9,2476.0,12057,3.5713097545062835,2468.92,2478.2696889372974,2474.698379182791,2463.141620817209,2459.570311062703,,
2023-08-01 14:10:00,ADANIENT,2476.0,2479.0,2475.2,2477.0,10576,3.6170478036050637,2469.45,2478.9194311498377,2475.302383346233,2463.5976166537666,2459.980568850162,,
2023-08-01 14:15:00,ADANIENT,2476.8,2478.0,2475.6,2475.8,4773,3.3736382428840694,2470.1675,2478.9996849198706,2475.6260466769863,2464.7089533230137,2461.3353150801295,,
2023-08-01 14:20:00,ADANIENT,2475.9,2480.45,2475.55,2480.45,19959,3.6789105943071827,2471.0425,2480.6738879358963,2476.994977341589,2465.090022658411,2461.4111120641037,,
2023-08-01 14:25:00,ADANIENT,2481.35,2484.0,2480.0,2482.05,19088,3.7431284754457463,2471.995,2481.794510348717,2478.051381873271,2465.9386181267287,2462.195489651283,,
2023-08-01 14:30:00,ADANIENT,2482.6,2485.0,2481.25,2482.45,23537,3.7445027803565973,2472.945,2482.7481082789736,2479.003605498617,2466.886394501383,2463.1418917210267,,
2023-08-01 14:35:00,ADANIENT,2482.5,2486.0,2481.3,2485.75,25375,3.9356022242852418,2473.9825,2484.285906623179,2480.3503043988935,2467.6146956011066,2463.679093376821,,
2023-08-01 14:40:00,ADANIENT,2485.0,2486.0,2483.3,2483.3,12505,3.688481779428157,2474.885,2484.5414452985433,2480.852963519115,2468.9170364808856,2465.228554701457,,
2023-08-01 14:45:00,ADANIENT,2483.65,2485.85,2482.0,2483.7,17033,3.7207854235425075,2475.62,2485.361016238834,2481.6402308152915,2469.5997691847083,2465.8789837611657,,
2023-08-01 14:50:00,ADANIENT,2484.05,2485.45,2481.4,2483.2,15244,3.7866283388339514,2476.3075,2486.220892991067,2482.434264652233,2470.1807353477666,2466.3941070089327,,
2023-08-01 14:55:00,ADANIENT,2481.8,2484.55,2481.3,2483.7,13686,3.6793026710671612,2477.0175,2486.6499143928536,2482.9706117217866,2471.0643882782133,2467.3850856071463,,
2023-08-01 15:00:00,ADANIENT,2484.95,2488.45,2484.0,2485.95,24970,3.8934421368537295,2477.775,2487.968031514283,2484.074589377429,2471.475410622571,2467.581968485717,,
2023-08-01 15:05:00,ADANIENT,2485.95,2486.05,2478.1,2478.2,31557,4.704753709483039,2478.2375,2490.5545452114266,2485.849791501944,2470.6252084980565,2465.920454788574,,
2023-08-01 15:10:00,ADANIENT,2479.55,2485.75,2478.3,2483.0,28110,5.273802967586468,2478.7925,2492.5993161691413,2487.3255132015547,2470.2594867984453,2464.9856838308588,,
2023-08-01 15:15:00,ADANIENT,2482.95,2483.6,2478.0,2479.0,46640,5.339042374069157,2479.1725,2493.1501129353132,2487.811070561244,2470.5339294387563,2465.194887064687,,
2023-08-01 15:20:00,ADANIENT,2478.95,2483.3,2476.6,2481.3,55285,5.611233899255381,2479.7375,2494.427710348251,2488.816476448995,2470.658523551005,2465.0472896517495,,
2023-08-01 15:25:00,ADANIENT,2482.0,2482.0,2479.2,2481.9,31008,5.048987119404341,2480.1325,2493.350748278601,2488.3017611591963,2471.963238840804,2466.9142517213995,,
2023-08-02 09:15:00,ADANIENT,2493.0,2493.0,2461.2,2479.1,85879,10.39918969552351,2480.3525,2507.5775786228805,2497.178388927357,2463.526611072643,2453.1274213771194,,
2023-08-02 09:20:00,ADANIENT,2480.35,2494.7,2475.0,2490.75,76702,12.259351756418774,2481.29,2513.3849828983043,2501.1256311418856,2461.4543688581143,2449.1950171016956,,
2023-08-02 09:25:00,ADANIENT,2490.05,2500.4,2490.05,2493.5,76497,11.877481405135002,2482.305,2513.4002463186434,2501.522764913508,2463.0872350864915,2451.2097536813562,,
2023-08-02 09:30:00,ADANIENT,2493.0,2497.0,2485.05,2491.0,48176,11.891985124107965,2483.055,2514.1882170549143,2502.2962319308067,2463.813768069193,2451.9217829450854,,
2023-08-02 09:35:00,ADANIENT,2491.85,2504.5,2491.8,2501.0,107965,12.213588099286373,2484.255,2516.2301736439317,2504.0165855446453,2464.493414455355,2452.2798263560685,,
2023-08-02 09:40:00,ADANIENT,2501.0,2503.0,2496.0,2501.0,53684,11.1708704794291,2485.515,2514.7603389151454,2503.5894684357163,2467.4405315642834,2456.2696610848543,,
2023-08-02 09:45:00,ADANIENT,2501.45,2509.4,2497.3,2508.35,93960,11.356696383543262,2486.91,2516.6418311321163,2505.285134748573,2468.5348652514267,2457.1781688678834,,
2023-08-02 09:50:00,ADANIENT,2508.35,2510.0,2501.0,2505.0,51302,10.885357106834611,2488.0575,2516.555364905693,2505.6700077988585,2470.4449922011413,2459.559635094307,2510.0,
2023-08-02 09:55:00,ADANIENT,2504.0,2504.9,2494.4,2495.25,46297,10.80828568546769,2488.6974999999998,2516.993591924554,2506.1853062390865,2471.209693760913,2460.4014080754455,,
2023-08-02 10:00:00,ADANIENT,2495.25,2497.0,2490.0,2490.55,42822,10.046628548374152,2488.9375,2515.2395735396435,2505.1929449912695,2472.6820550087305,2462.6354264603565,,
2023-08-02 10:05:00,ADANIENT,2490.05,2492.0,2486.7,2490.85,31418,9.097302838699358,2489.3149999999996,2513.1317388317143,2504.034435993015,2474.595564006984,2465.498261168285,,
2023-08-02 10:10:00,ADANIENT,2490.8,2491.45,2485.05,2486.9,17271,8.557842270959414,2489.475,2511.8794310653716,2503.321588794412,2475.628411205588,2467.070568934628,,
2023-08-02 10:15:00,ADANIENT,2486.85,2490.0,2485.6,2489.0,10430,7.72627381676755,2489.7650000000003,2509.9923848522976,2502.2661110355302,2477.2638889644704,2469.537615147703,,
2023-08-02 10:20:00,ADANIENT,2489.0,2494.0,2487.35,2492.95,19867,7.511019053414058,2490.2275,2509.891347881838,2502.380328828424,2478.074671171576,2470.563652118162,,
2023-08-02 10:25:00,ADANIENT,2492.95,2498.8,2490.0,2495.0,20316,7.768815242731283,2490.68,2511.0187583054703,2503.249943062739,2478.1100569372607,2470.3412416945293,,
2023-08-02 10:30:00,ADANIENT,2495.0,2495.0,2487.0,2487.0,17179,7.815052194185027,2491.12,2511.5798066443763,2503.764754450191,2478.4752455498087,2470.6601933556235,,
2023-08-02 10:35:00,ADANIENT,2487.2,2494.45,2486.65,2493.3,12188,7.812041755347967,2491.6349999999998,2512.0869253155006,2504.274883560153,2478.9951164398467,2471.183074684499,,
2023-08-02 10:40:00,ADANIENT,2493.3,2494.8,2488.35,2493.05,27909,7.539633404278428,2492.3375,2512.076260252401,2504.5366268481225,2480.1383731518777,2472.598739747599,,
2023-08-02 10:45:00,ADANIENT,2493.0,2495.8,2489.8,2495.6,16161,7.231706723422743,2493.0525000000002,2511.985108201921,2504.7534014784983,2481.351598521502,2474.1198917980796,,
2023-08-02 10:50:00,ADANIENT,2495.95,2508.0,2492.8,2508.0,63380,8.825365378738159,2494.3575,2517.4623065615365,2508.6369411827986,2480.0780588172015,2471.2526934384637,,
2023-08-02 10:55:00,ADANIENT,2508.7,2512.7,2500.45,2511.05,133423,9.510292302990528,2495.9550000000004,2520.8529452492294,2511.342652946239,2480.5673470537618,2471.0570547507714,,
2023-08-02 11:00:00,ADANIENT,2512.0,2514.0,2501.0,2502.55,124207,10.208233842392422,2496.545,2523.2701561993836,2513.061922356991,2480.028077643009,2469.8198438006166,,
2023-08-02 11:05:00,ADANIENT,2502.55,2503.75,2492.4,2496.0,72362,10.43658707391392,2496.67,2523.992984959507,2513.556397885593,2479.783602114407,2469.3470150404933,,
2023-08-02 11:10:00,ADANIENT,2495.6,2496.0,2491.0,2493.6,39058,9.349269659131137,2496.8,2521.2763879676054,2511.9271183084743,2481.672881691526,2472.323612032395,,
2023-08-02 11:15:00,ADANIENT,2494.0,2494.0,2490.5,2493.8,30318,8.17941572730491,2496.44,2517.853710374084,2509.6742946467793,2483.2057053532208,2475.026289625916,,
2023-08-02 11:20:00,ADANIENT,2495.25,2503.15,2491.35,2503.15,29393,8.903532581843965,2496.5475,2519.8569482992675,2510.9534157174235,2482.141584282577,2473.2380517007327,,
2023-08-02 11:25:00,ADANIENT,2503.0,2505.0,2494.85,2495.0,26007,9.15282606547519,2495.88,2519.842098639414,2510.689272573939,2481.0707274260612,2471.9179013605863,,
2023-08-02 11:30:00,ADANIENT,2495.0,2495.8,2486.05,2488.25,43904,9.272260852380153,2495.0425000000005,2519.3172789115315,2510.0450180591515,2480.0399819408494,2470.7677210884694,,
2023-08-02 11:35:00,ADANIENT,2488.0,2489.0,2481.0,2481.0,53723,9.017808681904123,2494.3300000000004,2517.9386231292256,2508.9208144473214,2479.7391855526794,2470.721376870775,,
2023-08-02 11:40:00,ADANIENT,2481.15,2485.0,2477.0,2483.8,41461,8.8142469455233,2493.9925,2517.06819850338,2508.2539515578565,2479.731048442143,2470.91680149662,,
2023-08-02 11:45:00,ADANIENT,2483.8,2486.0,2479.5,2486.0,22813,8.35139755641864,2493.75,2515.613958802704,2507.2625612462853,2480.2374387537147,2471.886041197296,,
2023-08-02 11:50:00,ADANIENT,2486.0,2486.9,2483.15,2485.5,8715,7.431118045134912,2493.68,2513.134667042163,2505.703548997028,2481.6564510029716,2474.2253329578366,,
2023-08-02 11:55:00,ADANIENT,2485.0,2485.5,2483.5,2484.8,5123,6.34489443610793,2493.4700000000003,2510.0809336337306,2503.736039197623,2483.2039608023774,2476.85906636627,,
2023-08-02 12:00:00,ADANIENT,2484.9,2485.0,2475.05,2478.95,28021,7.065915548886308,2492.77,2511.2685669069842,2504.202651358098,2481.337348641902,2474.2714330930157,,2475.05
2023-08-02 12:05:00,ADANIENT,2479.35,2485.45,2478.0,2483.95,15999,7.142732439109011,2492.2175,2510.9171735255877,2503.7744410864784,2480.660558913522,2473.5178264744127,,
2023-08-02 12:10:00,ADANIENT,2483.25,2484.8,2481.0,2481.9,5255,6.474185951287246,2491.9625000000005,2508.9119188204704,2502.4377328691835,2481.4872671308176,2475.0130811795307,,
2023-08-02 12:15:00,ADANIENT,2481.8,2481.8,2475.0,2477.1,20118,6.539348761029833,2491.1525,2508.272515056376,2501.7331662953466,2480.5718337046537,2474.0324849436242,,
2023-08-02 12:20:00,ADANIENT,2477.1,2481.55,2476.0,2481.55,10672,6.341479008823904,2490.5775,2507.1794920451007,2500.838013036277,2480.3169869637227,2473.975507954899,,
2023-08-02 12:25:00,ADANIENT,2481.4,2481.95,2476.0,2476.0,8471,6.263183207059088,2489.5975,2505.9945136360807,2499.7313304290215,2479.4636695709783,2473.200486363919,,
2023-08-02 12:30:00,ADANIENT,2476.25,2481.9,2476.05,2478.25,34791,6.190546565647289,2488.1099999999997,2504.316850908864,2498.126304343217,2478.0936956567825,2471.903149091135,,
2023-08-02 12:35:00,ADANIENT,2478.0,2489.25,2478.0,2486.0,21494,7.202437252517832,2486.8574999999996,2505.7134807270913,2498.5110434745734,2475.203956525426,2468.001519272908,,
2023-08-02 12:40:00,ADANIENT,2486.1,2489.0,2486.05,2488.5,19573,6.361949802014266,2486.1549999999997,2502.810584581673,2496.4486347796587,2475.8613652203408,2469.4994154183264,,
2023-08-02 12:45:00,ADANIENT,2488.0,2491.45,2488.0,2490.0,15383,5.779559841611377,2485.855,2500.9858876653384,2495.2063278237274,2476.5036721762726,2470.7241123346616,,
2023-08-02 12:50:00,ADANIENT,2490.0,2490.4,2482.85,2484.3,12708,6.133647873289138,2485.3900000000003,2501.4478901322714,2495.314242258982,2475.4657577410185,2469.3321098677293,,
2023-08-02 12:55:00,ADANIENT,2484.0,2485.8,2482.1,2482.1,5507,5.646918298631365,2484.805,2499.588632105817,2493.9417138071854,2475.6682861928143,2470.0213678941827,,
2023-08-02 13:00:00,ADANIENT,2482.1,2484.0,2478.0,2478.95,11788,5.717534638905093,2483.5950000000003,2498.5635056846536,2492.8459710457487,2474.344028954252,2468.626494315347,,
2023-08-02 13:05:00,ADANIENT,2478.0,2482.95,2476.65,2481.7,10785,5.83402771112402,2482.93,2498.2034845477224,2492.3694568365986,2473.490543163401,2467.6565154522773,,
2023-08-02 13:10:00,ADANIENT,2481.7,2486.0,2481.25,2482.0,10168,5.617222168899216,2482.6175,2497.323387638178,2491.706165469279,2473.528834530721,2467.911612361822,,
2023-08-02 13:15:00,ADANIENT,2482.45,2482.45,2477.0,2478.95,11180,5.5837777351193365,2482.515,2497.1333301105424,2491.549552375423,2473.4804476245768,2467.8966698894574,,
2023-08-02 13:20:00,ADANIENT,2478.0,2479.95,2472.55,2475.45,29162,5.947022188095397,2482.0975000000003,2497.666804088434,2491.7197819003386,2472.475218099662,2466.5281959115664,,
2023-08-02 13:25:00,ADANIENT,2475.0,2477.35,2470.0,2472.0,37404,6.227617750476299,2481.3975,2497.701403270747,2491.4737855202707,2471.3212144797294,2465.093596729253,,
2023-08-02 13:30:00,ADANIENT,2472.0,2478.0,2470.3,2475.0,20997,6.522094200381003,2480.8725000000004,2497.947342616598,2491.425248416217,2470.3197515837837,2463.797657383403,,
2023-08-02 13:35:00,ADANIENT,2475.25,2476.8,2471.0,2473.05,16844,6.377675360304839,2480.285,2496.981754093278,2490.604078732973,2469.9659212670267,2463.5882459067216,,
2023-08-02 13:40:00,ADANIENT,2473.0,2473.95,2466.3,2467.75,41878,6.632140288243799,2479.725,2497.0879432746224,2490.4558029863783,2468.9941970136215,2462.3620567253774,,
2023-08-02 13:45:00,ADANIENT,2467.15,2473.65,2467.0,2468.95,15728,6.6357122305950575,2478.975,2496.3472946196975,2489.7115823891027,2468.238417610897,2461.6027053803023,,
2023-08-02 13:50:00,ADANIENT,2469.0,2472.85,2468.8,2472.5,15420,6.118569784475992,2478.505,2494.523415695758,2488.4048459112823,2468.605154088718,2462.486584304242,,
2023-08-02 13:55:00,ADANIENT,2472.5,2477.15,2463.4,2465.95,31603,7.644855827580794,2477.9474999999998,2497.9617325566064,2490.3168767290254,2465.578123270974,2457.933267443393,,
2023-08-02 14:00:00,ADANIENT,2465.95,2468.45,2462.0,2463.3,15206,7.405884662064599,2477.0350000000003,2496.4236060452854,2489.0177213832208,2465.05227861678,2457.646393954715,,
2023-08-02 14:05:00,ADANIENT,2463.25,2466.35,2459.0,2464.0,32341,7.394707729651661,2476.4350000000004,2495.7943448362284,2488.399637106577,2464.470362893424,2457.0756551637724,,
2023-08-02 14:10:00,ADANIENT,2464.85,2465.05,2456.3,2458.65,27763,7.665766183721329,2475.4550000000004,2495.5239758689827,2487.8582096852615,2463.0517903147393,2455.386024131018,,
2023-08-02 14:15:00,ADANIENT,2458.85,2458.85,2451.1,2451.9,39431,7.682612946977064,2473.75,2493.863080695186,2486.1804677482087,2461.3195322517913,2453.636919304814,,
2023-08-02 14:20:00,ADANIENT,2451.9,2458.45,2451.0,2452.0,28156,7.636090357581615,2471.925,2491.9162845561486,2484.280194198567,2459.569805801433,2451.9337154438517,,
2023-08-02 14:25:00,ADANIENT,2452.5,2456.95,2452.0,2456.2,19299,7.098872286065256,2470.235,2488.819847644919,2481.7209753588536,2458.7490246411467,2451.6501523550814,,
2023-08-02 14:30:00,ADANIENT,2456.3,2458.0,2453.0,2455.55,15975,6.679097828852205,2468.7974999999997,2486.2833781159347,2479.6042802870825,2457.990719712917,2451.3116218840646,,
2023-08-02 14:35:00,ADANIENT,2455.05,2460.0,2453.0,2460.0,19129,6.7432782630817645,2467.6925,2485.346402492748,2478.6031242296663,2456.781875770334,2450.0385975072522,,
2023-08-02 14:40:00,ADANIENT,2460.0,2464.65,2458.25,2462.0,16272,6.67462261046543,2466.845,2484.319161994198,2477.644539383733,2456.0454606162666,2449.3708380058015,,
2023-08-02 14:45:00,ADANIENT,2462.45,2463.55,2460.0,2461.9,8257,6.049698088372381,2465.855,2481.6931095953587,2475.6434115069865,2456.0665884930136,2450.0168904046413,,
2023-08-02 14:50:00,ADANIENT,2462.55,2467.85,2462.55,2467.8,14029,6.029758470697869,2465.145,2480.930907676287,2474.9011492055893,2455.3888507944107,2449.359092323713,,
2023-08-02 14:55:00,ADANIENT,2467.8,2472.9,2467.6,2471.85,28888,5.883806776558332,2464.79,2480.1938061410297,2474.3099993644714,2455.2700006355285,2449.3861938589703,,
2023-08-02 15:00:00,ADANIENT,2471.0,2479.0,2470.0,2472.85,40739,6.507045421246666,2464.66,2481.6954449128234,2475.188399491577,2454.1316005084227,2447.6245550871763,,
2023-08-02 15:05:00,ADANIENT,2472.85,2475.9,2470.15,2471.0,41144,6.355636336997334,2464.6099999999997,2481.2490559302587,2474.8934195932616,2454.326580406738,2447.9709440697407,,
2023-08-02 15:10:00,ADANIENT,2473.55,2475.0,2471.85,2474.0,21124,5.8845090695978675,2464.56,2479.965644744207,2474.0811356746094,2455.0388643253905,2449.154355255793,,
2023-08-02 15:15:00,ADANIENT,2473.85,2476.6,2472.0,2473.8,52576,5.627607255678276,2464.5975000000003,2479.3305757953663,2473.702968539688,2455.492031460313,2449.8644242046344,,
2023-08-02 15:20:00,ADANIENT,2473.75,2475.0,2470.0,2472.45,46552,5.502085804542621,2464.8325,2479.2369606362927,2473.73487483175,2455.93012516825,2450.4280393637073,,
2023-08-02 15:25:00,ADANIENT,2472.75,2474.35,2469.3,2473.2,30847,5.411668643634043,2465.0449999999996,2479.2127485090336,2473.8010798653995,2456.2889201345997,2450.8772514909656,,
2023-08-03 09:15:00,ADANIENT,2469.9,2495.75,2462.25,2492.05,125469,11.029334914907235,2466.0225,2494.8972988072273,2483.86796389232,2448.17703610768,2437.1477011927727,,
2023-08-03 09:20:00,ADANIENT,2493.0,2499.0,2485.3,2495.75,80986,11.563467931925754,2467.5125,2497.7856590457814,2486.222191113856,2448.802808886144,2437.2393409542183,,
2023-08-03 09:25:00,ADANIENT,2496.65,2502.75,2491.45,2496.35,101920,11.510774345540641,2469.165,2499.3002072366253,2487.7894328910847,2450.540567108915,2439.0297927633746,,
2023-08-03 09:30:00,ADANIENT,2496.05,2502.0,2484.6,2487.95,77682,12.688619476432532,2470.3625,2503.5813057893006,2490.892686312868,2449.8323136871322,2437.1436942107,2502.0,
2023-08-03 09:35:00,ADANIENT,2487.6,2488.0,2475.2,2476.3,64223,12.710895581146062,2471.245,2504.5221246314404,2491.811229050294,2450.6787709497057,2437.9678753685594,,
2023-08-03 09:40:00,ADANIENT,2476.2,2481.9,2473.0,2476.9,41821,11.948716464916869,2472.495,2503.776739705152,2491.8280232402353,2453.1619767597645,2441.2132602948477,,
2023-08-03 09:45:00,ADANIENT,2477.5,2483.9,2473.0,2479.8,30355,11.738973171933512,2473.885,2504.617631764122,2492.8786585921885,2454.891341407812,2443.1523682358784,,
2023-08-03 09:50:00,ADANIENT,2477.95,2483.95,2477.6,2482.05,21130,10.661178537546792,2475.1775,2503.0884654112974,2492.4272868737503,2457.9277131262493,2447.266534588702,,
2023-08-03 09:55:00,ADANIENT,2482.0,2489.1,2480.0,2481.6,22889,10.348942830037418,2476.4800000000005,2503.5735323290382,2493.224589499001,2459.735410501,2449.3864676709627,,
2023-08-03 10:00:00,ADANIENT,2481.0,2482.7,2477.0,2482.7,18657,9.419154264029897,2477.6150000000002,2502.2743458632303,2492.8551915992007,2462.3748084008,2452.95565413677,,
2023-08-03 10:05:00,ADANIENT,2483.35,2487.0,2480.9,2482.6,17964,8.7553234112239,2478.645,2501.566436690584,2492.81111327936,2464.47888672064,2455.723563309416,,
2023-08-03 10:10:00,ADANIENT,2482.6,2495.0,2482.25,2494.75,34214,9.554258728979121,2480.2875,2505.3005493524674,2495.746290623488,2464.8287093765116,2455.2744506475324,,
2023-08-03 10:15:00,ADANIENT,2494.45,2499.0,2491.75,2492.4,46288,9.093406983183296,2481.5175,2505.3240394819736,2496.2306324987903,2466.8043675012095,2457.7109605180262,,
2023-08-03 10:20:00,ADANIENT,2493.0,2496.8,2489.0,2493.1,27068,8.834725586546673,2482.58,2505.709311585579,2496.8745859990327,2468.285414000967,2459.4506884144207,,
2023-08-03 10:25:00,ADANIENT,2493.1,2496.1,2488.85,2496.1,16737,8.517780469237339,2483.7425,2506.0420492684634,2497.524268799226,2469.960731200774,2461.4429507315363,,
2023-08-03 10:30:00,ADANIENT,2495.7,2509.55,2495.0,2505.6,125703,9.724224375389909,2485.4725,2510.9305194147705,2501.2062950393806,2469.738704960619,2460.014480585229,,
2023-08-03 10:35:00,ADANIENT,2506.4,2510.0,2500.0,2504.7,82616,9.779379500311927,2487.0075,2512.6099155318166,2502.830536031505,2471.1844639684955,2461.4050844681838,,
2023-08-03 10:40:00,ADANIENT,2504.65,2522.0,2502.0,2521.45,210402,11.823503600249541,2489.39,2520.343932425453,2508.5204288252035,2470.2595711747963,2458.4360675745465,,2502.0
2023-08-03 10:45:00,ADANIENT,2521.6,2543.75,2521.6,2534.35,312976,13.918802880199669,2492.4849999999997,2528.924425940362,2515.0056230601626,2469.9643769398367,2456.045574059637,,
2023-08-03 10:50:00,ADANIENT,2535.05,2539.55,2531.45,2533.0,201392,12.755042304159808,2495.475,2528.86770075229,2516.1126584481303,2474.8373415518695,2462.0822992477097,,
2023-08-03 10:55:00,ADANIENT,2533.05,2538.25,2526.15,2528.25,97831,12.62403384332783,2497.285,2530.334720601832,2517.7106867585044,2476.8593132414953,2464.2352793981677,,
2023-08-03 11:00:00,ADANIENT,2528.35,2538.35,2528.25,2535.3,131299,12.119227074662247,2499.2625,2530.9906364814656,2518.871409406803,2479.6535905931964,2467.534363518534,,
2023-08-03 11:05:00,ADANIENT,2535.1,2537.0,2528.5,2529.0,75880,11.395381659729797,2500.895,2530.728109185173,2519.332727525443,2482.457272474557,2471.061890814827,,
2023-08-03 11:10:00,ADANIENT,2529.0,2529.8,2516.1,2524.5,80557,11.856305327783893,2502.7225,2533.762307348138,2521.906002020354,2483.5389979796455,2471.6826926518615,,
2023-08-03 11:15:00,ADANIENT,2524.0,2525.85,2517.1,2519.9,31814,11.235044262227115,2504.9025,2534.3158458785106,2523.0808016162837,2486.7241983837166,2475.4891541214897,2525.85,
2023-08-03 11:20:00,ADANIENT,2519.9,2521.9,2515.0,2515.6,48092,10.368035409781712,2506.8375,2533.9810167028086,2523.6129812930267,2490.0620187069735,2479.6939832971916,,
2023-08-03 11:25:00,ADANIENT,2515.6,2528.0,2511.7,2524.5,72027,11.554428327825407,2509.0724999999998,2539.3219933622468,2527.7675650344213,2490.3774349655782,2478.8230066377528,,
2023-08-03 11:30:00,ADANIENT,2525.0,2527.55,2521.0,2521.15,23285,10.553542662260362,2511.0275,2538.656674689798,2528.1031320275374,2493.951867972463,2483.3983253102024,,
2023-08-03 11:35:00,ADANIENT,2522.0,2522.95,2520.0,2520.0,13988,9.032834129808254,2512.9474999999998,2536.5954597518376,2527.5626256220294,2498.33237437797,2489.299540248162,,
2023-08-03 11:40:00,ADANIENT,2520.0,2528.0,2516.75,2526.0,33759,9.476267303846605,2515.1125,2539.9213678014708,2530.445100497624,2499.7798995023763,2490.3036321985296,,
2023-08-03 11:45:00,ADANIENT,2526.0,2530.0,2524.05,2524.65,73921,8.771013843077247,2517.215,2540.1775142411766,2531.406500398099,2503.023499601901,2494.2524857588237,,
2023-08-03 11:50:00,ADANIENT,2525.55,2532.0,2520.8,2524.55,61135,9.256811074461762,2518.705,2542.939331392941,2533.682520318479,2503.727479681521,2494.470668607059,,
2023-08-03 11:55:00,ADANIENT,2524.55,2524.55,2519.95,2519.95,11240,8.325448859569484,2520.0825,2541.8785251143527,2533.5530762547833,2506.6119237452167,2498.2864748856473,,
2023-08-03 12:00:00,ADANIENT,2520.0,2521.0,2512.45,2514.0,32824,8.370359087655624,2521.1275,2543.0411000914823,2534.670741003827,2507.584258996173,2499.2138999085178,,
2023-08-03 12:05:00,ADANIENT,2513.1,2521.75,2513.1,2519.1,20423,8.426287270124519,2522.2775,2544.337520073186,2535.9112328030615,2508.643767196939,2500.217479926814,,
2023-08-03 12:10:00,ADANIENT,2518.1,2519.9,2515.6,2519.8,11633,7.601029816099652,2522.9875,2542.886996058549,2535.2859662424494,2510.689033757551,2503.0880039414515,,
2023-08-03 12:15:00,ADANIENT,2517.75,2519.55,2513.0,2514.1,28779,7.390823852879759,2523.4575,2542.8066768468393,2535.4158529939596,2511.4991470060404,2504.1083231531607,,
2023-08-03 12:20:00,ADANIENT,2515.0,2516.0,2502.05,2509.4,68320,8.702659082303771,2522.8550000000005,2545.6385614774717,2536.935902395168,2508.774097604833,2500.071438522529,,
2023-08-03 12:25:00,ADANIENT,2508.0,2512.45,2505.7,2509.1,24439,8.312127265843017,2521.5925,2543.3536491819773,2535.041521916134,2508.1434780838663,2499.831350818023,,
2023-08-03 12:30:00,ADANIENT,2509.15,2510.8,2506.0,2507.2,17396,7.609701812674451,2520.3025000000002,2540.224699345582,2532.6149975329076,2507.990002467093,2500.3803006544185,,2506.0
2023-08-03 12:35:00,ADANIENT,2507.2,2511.0,2503.0,2503.0,18236,7.687761450139561,2519.04,2539.1665594764654,2531.478798026326,2506.601201973674,2498.9134405235345,,
2023-08-03 12:40:00,ADANIENT,2503.5,2507.0,2503.5,2505.9,11893,6.950209160111649,2517.57,2535.7656475811723,2528.8154384210607,2506.3245615789397,2499.374352418828,,
2023-08-03 12:45:00,ADANIENT,2504.55,2505.85,2498.15,2501.5,43328,7.100167328089284,2516.195,2534.783238064938,2527.6830707368485,2504.706929263152,2497.6067619350624,,
2023-08-03 12:50:00,ADANIENT,2501.5,2504.0,2500.0,2500.55,11827,6.480133862471427,2514.9975,2531.96249045195,2525.4823565894785,2504.5126434105214,2498.03250954805,,
2023-08-03 12:55:00,ADANIENT,2500.1,2501.0,2494.15,2499.2,26666,6.5541070899771245,2513.9625,2531.1211523615602,2524.567045271583,2503.357954728417,2496.80384763844,,
2023-08-03 13:00:00,ADANIENT,2499.3,2499.6,2491.05,2491.05,30211,6.953285671981646,2512.7349999999997,2530.9387018892476,2523.985416217266,2501.4845837827334,2494.531298110752,,
2023-08-03 13:05:00,ADANIENT,2490.95,2500.0,2490.1,2494.4,26624,7.542628537585335,2511.23,2530.9766015113983,2523.433972973813,2499.026027026187,2491.483398488602,,
2023-08-03 13:10:00,ADANIENT,2493.2,2502.5,2491.0,2499.8,19521,8.334102830068268,2510.1625,2531.981181209119,2523.6470783790505,2496.6779216209493,2488.343818790881,,2491.0
2023-08-03 13:15:00,ADANIENT,2500.65,2501.95,2491.6,2493.05,31271,8.737282264054597,2508.815,2531.689204967295,2522.9519227032406,2494.6780772967595,2485.940795032705,,
2023-08-03 13:20:00,ADANIENT,2493.1,2497.25,2489.0,2490.6,40901,8.639825811243679,2507.045,2529.664063973836,2521.024238162592,2493.065761837408,2484.425936026164,,
2023-08-03 13:25:00,ADANIENT,2490.1,2493.65,2490.0,2492.5,13123,7.641860648994961,2505.4375,2525.443891179069,2517.802030530074,2493.072969469926,2485.431108820931,,
2023-08-03 13:30:00,ADANIENT,2492.5,2500.0,2491.55,2497.1,17730,7.803488519195933,2504.065,2524.494532943255,2516.691044424059,2491.4389555759412,2483.6354670567453,,
2023-08-03 13:35:00,ADANIENT,2497.55,2499.9,2492.8,2497.85,10310,7.662790815356729,2502.96,2523.0211863546037,2515.3583955392473,2490.5616044607527,2482.8988136453963,,
2023-08-03 13:40:00,ADANIENT,2497.25,2499.4,2493.0,2493.95,10636,7.410232652285401,2501.9574999999995,2521.3574890836826,2513.9472564313974,2489.9677435686017,2482.5575109163165,,
2023-08-03 13:45:00,ADANIENT,2493.4,2494.0,2486.2,2492.65,34165,7.488186121828358,2500.6349999999998,2520.239071266946,2512.750885145118,2488.5191148548815,2481.0309287330533,,
2023-08-03 13:50:00,ADANIENT,2492.25,2494.25,2491.0,2493.6,11879,6.640548897462687,2499.325,2516.709957013557,2510.0694081160946,2488.580591883905,2481.9400429864427,,
2023-08-03 13:55:00,ADANIENT,2493.6,2493.9,2485.85,2485.9,17071,6.922439117970187,2497.915,2516.037945610846,2509.1155064928757,2486.714493507124,2479.792054389154,,
2023-08-03 14:00:00,ADANIENT,2485.9,2491.3,2485.25,2488.8,13171,6.747951294376186,2496.8849999999998,2514.5511364886765,2507.8031851943006,2485.966814805699,2479.218863511323,,
2023-08-03 14:05:00,ADANIENT,2489.6,2492.2,2488.2,2489.45,11133,6.198361035500949,2495.9024999999997,2512.129809190941,2505.93144815544,2485.873551844559,2479.675190809058,,
2023-08-03 14:10:00,ADANIENT,2489.3,2493.8,2486.3,2492.55,12716,6.45868882840076,2495.17,2512.078847352753,2505.6201585243525,2484.7198414756476,2478.261152647247,,
2023-08-03 14:15:00,ADANIENT,2492.6,2493.05,2487.6,2490.05,10033,6.256951062720663,2494.5225,2510.9031978822027,2504.6462468194823,2484.398753180518,2478.1418021177974,,
2023-08-03 14:20:00,ADANIENT,2490.4,2497.95,2490.3,2494.35,20031,6.585560850176458,2493.945,2511.185998305762,2504.6004374555855,2483.289562544415,2476.7040016942383,,
2023-08-03 14:25:00,ADANIENT,2494.55,2505.75,2494.1,2505.4,38919,7.5984486801411855,2494.1400000000003,2514.03273864461,2506.434289964469,2481.8457100355317,2474.2472613553905,,
2023-08-03 14:30:00,ADANIENT,2504.95,2510.0,2503.6,2505.8,44799,7.358758944112966,2494.4024999999997,2513.6677309156876,2506.3089719715745,2482.496028028425,2475.137269084312,,
2023-08-03 14:35:00,ADANIENT,2505.8,2514.65,2504.1,2511.2,46178,7.99700715529041,2495.0025,2515.9386647325505,2507.94165757726,2482.0633424227403,2474.0663352674496,2514.65,
2023-08-03 14:40:00,ADANIENT,2511.25,2511.65,2506.0,2506.0,58658,7.527605724232346,2495.75,2515.45727178604,2507.929666061808,2483.570333938192,2476.04272821396,,
2023-08-03 14:45:00,ADANIENT,2506.4,2510.0,2505.85,2508.65,34758,6.852084579385895,2496.4625,2514.401257428832,2507.5491728494467,2485.3758271505535,2478.523742571168,,
2023-08-03 14:50:00,ADANIENT,2508.75,2509.6,2505.25,2507.45,41851,6.351667663508698,2496.8450000000003,2513.473665943066,2507.1219982795574,2486.568001720443,2480.2163340569346,,
2023-08-03 14:55:00,ADANIENT,2507.45,2521.0,2498.05,2505.65,182334,9.671334130806923,2497.475,2522.7945527544525,2513.1232186236457,2481.826781376354,2472.1554472455473,,
2023-08-03 15:00:00,ADANIENT,2503.45,2516.45,2502.3,2515.85,120236,10.567067304645466,2498.7375,2526.402082203562,2515.8350148989166,2481.6399851010838,2471.0729177964386,,
2023-08-03 15:05:00,ADANIENT,2516.85,2531.15,2514.0,2529.4,305912,11.883653843716392,2500.5825,2531.6939057628497,2519.810251919133,2481.354748080867,2469.4710942371503,,
2023-08-03 15:10:00,ADANIENT,2529.65,2540.0,2518.6,2540.0,182733,13.786923074973132,2502.7275,2538.8216646102796,2525.0347415353067,2480.4202584646932,2466.6333353897203,,
2023-08-03 15:15:00,ADANIENT,2540.0,2550.0,2537.0,2546.0,387112,13.629538459978505,2505.135,2540.817131688224,2527.1875932282455,2483.082406771755,2469.4528683117765,,
2023-08-03 15:20:00,ADANIENT,2545.15,2546.85,2528.8,2535.15,119243,14.51363076798275,2507.1949999999997,2545.1916853505786,2530.678054582596,2483.7119454174035,2469.198314649421,,
2023-08-03 15:25:00,ADANIENT,2535.0,2535.7,2527.5,2534.5,90836,13.250904614386164,2509.2875,2543.9783682804627,2530.727463666077,2487.847536333923,2474.596631719537,,
2023-08-04 09:15:00,ADANIENT,2545.3,2555.5,2525.6,2550.0,372230,16.58072369150895,2512.1074999999996,2555.51583462437,2538.935110932861,2485.2798890671384,2468.699165375629,,
2023-08-04 09:20:00,ADANIENT,2548.9,2551.85,2538.2,2541.0,243511,15.99457895320718,2514.8625,2556.7363076994966,2540.7417287462895,2488.983271253711,2472.9886923005038,,
2023-08-04 09:25:00,ADANIENT,2540.65,2557.5,2540.0,2541.9,133057,16.295663162565745,2517.5175,2560.179546159597,2543.8838829970314,2491.1511170029685,2474.855453840403,,
2023-08-04 09:30:00,ADANIENT,2540.55,2550.9,2531.65,2550.05,179823,16.886530530052596,2520.5475,2564.756436927678,2547.869906397625,2493.225093602375,2476.3385630723224,,
2023-08-04 09:35:00,ADANIENT,2550.0,2550.0,2518.95,2520.5,145334,19.719224424042114,2521.945,2573.5699295421423,2553.8507051181004,2490.0392948819,2470.320070457858,,
2023-08-04 09:40:00,ADANIENT,2518.9,2522.4,2502.05,2507.7,125189,19.845379539233672,2522.8275,2574.7827036337135,2554.93732409448,2490.7176759055196,2470.8722963662863,,
2023-08-04 09:45:00,ADANIENT,2508.0,2513.4,2504.4,2507.6,57438,17.67630363138694,2523.49,2569.7665629069706,2552.090259275584,2494.889740724416,2477.213437093029,,
2023-08-04 09:50:00,ADANIENT,2508.3,2531.0,2506.0,2530.85,166239,19.14104290510955,2524.7625,2574.8737503255766,2555.7327074204672,2493.7922925795324,2474.651249674423,,
2023-08-04 09:55:00,ADANIENT,2531.0,2539.3,2527.45,2535.35,99676,17.682834324087715,2526.2400000000002,2572.533660260462,2554.8508259363743,2497.629174063626,2479.9463397395384,,
2023-08-04 10:00:00,ADANIENT,2535.25,2545.0,2535.25,2544.05,84858,16.096267459270173,2527.8824999999997,2570.022528208369,2553.9262607490987,2501.8387392509007,2485.7424717916306,,
2023-08-04 10:05:00,ADANIENT,2544.0,2550.0,2538.1,2543.35,90328,15.257013967416158,2529.75,2569.6928625666956,2554.4358485992793,2505.0641514007207,2489.8071374333044,,
2023-08-04 10:10:00,ADANIENT,2543.5,2548.0,2539.0,2546.0,68981,14.005611173932929,2531.6175000000003,2568.2841900533567,2554.2785788794235,2508.956421120577,2494.950809946644,,
2023-08-04 10:15:00,ADANIENT,2547.0,2548.0,2539.0,2540.7,51071,13.004488939146345,2533.2799999999997,2567.325752042685,2554.3212631035385,2512.238736896461,2499.2342479573144,,
2023-08-04 10:20:00,ADANIENT,2540.7,2542.85,2536.0,2536.1,15515,11.773591151317058,2534.8025,2565.6257616341477,2553.852170482831,2515.7528295171687,2503.979238365852,,
2023-08-04 10:25:00,ADANIENT,2536.0,2539.95,2534.0,2538.7,19750,10.60887292105361,2535.9449999999997,2563.719029307318,2553.1101563862644,2518.779843613735,2508.1709706926813,,
2023-08-04 10:30:00,ADANIENT,2538.7,2542.4,2532.5,2534.9,28947,10.467098336842907,2536.22,2563.6228634458544,2553.1557651090116,2519.284234890988,2508.8171365541452,,
2023-08-04 10:35:00,ADANIENT,2534.6,2535.6,2530.35,2533.95,20618,9.423678669474327,2535.9175,2560.5886907566837,2551.1650120872096,2520.6699879127905,2511.2463092433163,,
2023-08-04 10:40:00,ADANIENT,2533.35,2534.8,2528.0,2531.0,23009,8.898942935579498,2535.1675,2558.4649326053473,2549.5659896697675,2520.7690103302325,2511.870067394653,,
2023-08-04 10:45:00,ADANIENT,2531.0,2531.0,2526.0,2527.45,20871,8.1191543484636,2534.7825000000003,2556.038446084278,2547.9192917358146,2521.645708264186,2513.5265539157226,,
2023-08-04 10:50:00,ADANIENT,2528.3,2532.0,2526.95,2529.05,13543,7.505323478770916,2534.51,2554.1589368674227,2546.6536133886516,2522.366386611349,2514.861063132578,,
2023-08-04 10:55:00,ADANIENT,2528.0,2530.8,2524.0,2526.0,14660,7.36425878301677,2533.3100000000004,2552.5896294939384,2545.2253707109217,2521.394629289079,2514.0303705060624,,
2023-08-04 11:00:00,ADANIENT,2527.0,2531.7,2523.0,2531.0,16224,7.63140702641338,2532.8100000000004,2552.7890235951504,2545.1576165687375,2520.4623834312633,2512.8309764048504,,
2023-08-04 11:05:00,ADANIENT,2531.75,2534.5,2528.4,2530.0,11719,7.325125621130686,2532.215,2551.3921788761204,2544.06705325499,2520.3629467450105,2513.03782112388,,
2023-08-04 11:10:00,ADANIENT,2530.0,2531.55,2526.0,2526.0,7499,6.970100496904586,2531.0125,2549.260223100896,2542.290122603991,2519.7348773960084,2512.7647768991037,,
2023-08-04 11:15:00,ADANIENT,2526.7,2529.0,2525.0,2527.5,43768,6.376080397523669,2531.3625,2548.055078480717,2541.6789980831936,2521.0460019168067,2514.6699215192834,,
2023-08-04 11:20:00,ADANIENT,2527.5,2527.5,2521.0,2521.05,20101,6.400864318018935,2532.0299999999997,2548.787462784573,2542.3865984665545,2521.673401533445,2515.2725372154264,,
2023-08-04 11:25:00,ADANIENT,2521.6,2522.65,2516.55,2519.2,76061,6.34069145441513,2532.61,2549.209930227659,2542.869238773244,2522.3507612267563,2516.0100697723415,,
2023-08-04 11:30:00,ADANIENT,2519.75,2523.95,2518.3,2522.1,12184,6.2025531635320315,2532.1724999999997,2548.4107841821265,2542.2082310185947,2522.1367689814047,2515.934215817873,,
2023-08-04 11:35:00,ADANIENT,2523.25,2523.25,2521.2,2522.0,20257,5.372042530825662,2531.505,2545.5690073457017,2540.196964814876,2522.813035185124,2517.4409926542985,,
2023-08-04 11:40:00,ADANIENT,2521.3,2529.85,2520.8,2528.8,7531,6.1076340246604754,2530.7425000000003,2546.7322858765615,2540.624651851901,2520.8603481480995,2514.752714123439,,
2023-08-04 11:45:00,ADANIENT,2529.7,2532.5,2529.0,2529.15,14886,5.626107219728344,2530.0325,2544.7616487012488,2539.1355414815202,2520.9294585184794,2515.303351298751,,
2023-08-04 11:50:00,ADANIENT,2530.0,2530.95,2527.5,2528.0,7681,5.19088577578264,2529.1324999999997,2542.7222389609988,2537.531353185216,2520.7336468147832,2515.5427610390007,,
2023-08-04 11:55:00,ADANIENT,2528.1,2530.95,2526.6,2529.2,7921,5.022708620626094,2528.5575,2541.706951168799,2536.6842425481727,2520.430757451827,2515.4080488312006,,
2023-08-04 12:00:00,ADANIENT,2530.5,2530.75,2527.0,2527.5,6678,4.768166896500875,2528.1275,2540.6105609350393,2535.8423940385383,2520.412605961462,2515.644439064961,,
2023-08-04 12:05:00,ADANIENT,2527.7,2529.75,2525.0,2528.55,7857,4.7645335172007,2527.62,2540.0935487480315,2535.3290152308305,2519.9109847691693,2515.1464512519683,,
2023-08-04 12:10:00,ADANIENT,2530.95,2535.0,2530.85,2532.0,18219,5.101626813760523,2527.475,2540.831058998425,2535.7294321846643,2519.2205678153355,2514.118941001575,,
2023-08-04 12:15:00,ADANIENT,2532.5,2535.0,2531.4,2534.95,9778,4.801301451008401,2527.525,2540.09480719874,2535.2935057477316,2519.7564942522686,2514.95519280126,,
2023-08-04 12:20:00,ADANIENT,2535.0,2539.9,2533.1,2538.0,36324,5.201041160806757,2527.875,2541.491325758992,2536.2902845981853,2519.4597154018147,2514.258674241008,,
2023-08-04 12:25:00,ADANIENT,2538.2,2538.2,2535.05,2536.6,9547,4.790832928645333,2528.3325,2540.8749006071935,2536.0840676785483,2520.5809323214517,2515.7900993928065,,
2023-08-04 12:30:00,ADANIENT,2536.6,2542.5,2535.45,2536.85,34858,5.242666342916303,2528.7225,2542.4478004857547,2537.2051341428382,2520.2398658571615,2514.997199514245,,
2023-08-04 12:35:00,ADANIENT,2538.0,2538.25,2533.0,2533.1,10004,5.2441330743330425,2529.0775,2542.8066403886037,2537.5625073142705,2520.592492685729,2515.348359611396,2538.25,
2023-08-04 12:40:00,ADANIENT,2533.95,2535.8,2530.15,2530.55,9293,5.325306459466453,2529.055,2542.996652310883,2537.6713458514164,2520.4386541485833,2515.113347689117,,
2023-08-04 12:45:00,ADANIENT,2531.05,2538.6,2530.2,2533.45,11287,5.940245167573181,2529.2275,2544.7790618487065,2538.8388166811333,2519.6161833188667,2513.6759381512934,,
2023-08-04 12:50:00,ADANIENT,2533.5,2537.35,2531.25,2533.45,6516,5.972196134058527,2529.6,2545.2352094789653,2539.2630133449065,2519.9369866550933,2513.9647905210345,,
2023-08-04 12:55:00,ADANIENT,2533.45,2536.0,2531.75,2536.0,8184,5.627756907246821,2530.025,2544.758467583172,2539.1307106759255,2520.9192893240747,2515.291532416828,,
2023-08-04 13:00:00,ADANIENT,2535.5,2539.9,2535.05,2536.65,16542,5.472205525797439,2530.805,2545.1312340665377,2539.65902854074,2521.9509714592596,2516.478765933462,,
2023-08-04 13:05:00,ADANIENT,2537.4,2538.0,2534.0,2534.75,6857,5.177764420637951,2531.5824999999995,2545.1378872532296,2539.960122832592,2523.204877167407,2518.0271127467695,,
2023-08-04 13:10:00,ADANIENT,2534.75,2535.0,2532.5,2533.05,3912,4.642211536510361,2532.13,2544.2833098025844,2539.641098266074,2524.618901733926,2519.976690197416,,
2023-08-04 13:15:00,ADANIENT,2532.5,2536.0,2531.1,2531.2,7994,4.693769229208307,2532.5899999999997,2544.878287842067,2540.184518612859,2524.9954813871404,2520.3017121579323,,
2023-08-04 13:20:00,ADANIENT,2531.2,2532.95,2530.15,2530.15,5699,4.315015383366591,2532.6575000000003,2543.954210273654,2539.6391948902874,2525.675805109713,2521.3607897263464,,
2023-08-04 13:25:00,ADANIENT,2528.1,2531.5,2528.1,2529.55,13744,4.132012306693291,2532.6775000000002,2543.495108218923,2539.36309591223,2525.9919040877703,2521.8598917810773,,
2023-08-04 13:30:00,ADANIENT,2528.45,2529.55,2524.0,2524.0,18802,4.41560984535467,2532.4775,2544.0375665751385,2539.621956729784,2525.333043270216,2520.9174334248614,,2524.0
2023-08-04 13:35:00,ADANIENT,2524.0,2528.0,2522.0,2527.0,17816,4.732487876283736,2532.3675,2544.7571532601105,2540.024665383827,2524.7103346161725,2519.977846739889,,
2023-08-04 13:40:00,ADANIENT,2528.35,2529.1,2525.0,2528.0,9766,4.605990301026971,2532.3925,2544.4509826080885,2539.8449923070616,2524.9400076929383,2520.3340173919114,,
2023-08-04 13:45:00,ADANIENT,2527.35,2528.25,2524.0,2527.9,8155,4.534792240821577,2532.36,2544.232086086471,2539.6972938456493,2525.022706154351,2520.487913913529,,
2023-08-04 13:50:00,ADANIENT,2527.85,2527.95,2525.0,2526.55,55889,4.217833792657226,2532.0875,2543.1297888691765,2538.9119550765195,2525.2630449234807,2521.0452111308236,,
2023-08-04 13:55:00,ADANIENT,2527.4,2531.95,2525.0,2525.0,13716,4.764267034125744,2531.5899999999997,2544.062851095341,2539.298584061215,2523.8814159387844,2519.1171489046583,,
2023-08-04 14:00:00,ADANIENT,2525.0,2525.45,2521.0,2523.25,16043,4.701413627300559,2530.8525,2543.160800876273,2538.4593872489722,2523.2456127510277,2518.544199123727,,
2023-08-04 14:05:00,ADANIENT,2523.55,2524.65,2522.1,2523.6,4404,4.2711309018404835,2530.2025000000003,2541.3843207010186,2537.113189799178,2523.2918102008225,2519.020679298982,,
2023-08-04 14:10:00,ADANIENT,2523.0,2528.3,2522.5,2528.1,17004,4.576904721472423,2529.7650000000003,2541.7473365608153,2537.1704318393427,2522.359568160658,2517.7826634391854,,
2023-08-04 14:15:00,ADANIENT,2528.3,2530.0,2524.9,2529.8,16452,4.681523777177921,2529.6,2541.8562292486517,2537.1747054714738,2522.025294528526,2517.343770751348,,
2023-08-04 14:20:00,ADANIENT,2528.95,2531.0,2526.7,2527.65,12238,4.605219021742373,2529.455,2541.5114633989215,2536.906244377179,2522.003755622821,2517.3985366010784,,
2023-08-04 14:25:00,ADANIENT,2527.6,2528.9,2525.0,2525.7,5764,4.464175217393917,2529.0675,2540.754710719137,2536.2905355017433,2521.844464498257,2517.380289280863,,
2023-08-04 14:30:00,ADANIENT,2526.3,2536.4,2526.3,2536.05,52682,5.711340173915189,2529.1974999999998,2544.1497885753097,2538.4384484013945,2519.956551598605,2514.24521142469,,
2023-08-04 14:35:00,ADANIENT,2536.05,2542.0,2534.75,2539.75,90776,6.0190721391321516,2529.3849999999998,2545.142930860248,2539.1238587211155,2519.646141278884,2513.6270691397517,,
2023-08-04 14:40:00,ADANIENT,2539.75,2540.0,2536.0,2536.6,17954,5.615257711305722,2529.3825,2544.0832446881986,2538.467986976893,2520.2970130231074,2514.6817553118017,,
2023-08-04 14:45:00,ADANIENT,2537.55,2541.0,2534.0,2534.0,29924,5.892206169044578,2529.3450000000003,2544.770795750559,2538.8785895815145,2519.811410418486,2513.9192042494415,,
2023-08-04 14:50:00,ADANIENT,2536.25,2540.5,2533.1,2533.55,22719,6.193764935235681,2529.37,2545.585276600447,2539.391511665211,2519.3484883347887,2513.154723399553,,
2023-08-04 14:55:00,ADANIENT,2533.5,2537.0,2532.25,2535.0,13024,5.9050119481885455,2529.5600000000004,2545.019321280358,2539.1143093321693,2520.0056906678315,2514.100678719643,,
2023-08-04 15:00:00,ADANIENT,2535.6,2540.9,2535.6,2537.0,24399,5.904009558550855,2529.9025,2545.3591970242865,2539.4551874657354,2520.349812534265,2514.445802975714,,
2023-08-04 15:05:00,ADANIENT,2537.0,2542.55,2536.75,2542.0,77647,5.88320764684072,2530.525,2545.927237619429,2540.0440299725883,2521.005970027412,2515.122762380571,,
2023-08-04 15:10:00,ADANIENT,2541.3,2545.5,2540.05,2543.1,91753,5.79656611747254,2531.48,2546.655410095543,2540.8588439780706,2522.1011560219295,2516.304589904457,,
2023-08-04 15:15:00,ADANIENT,2543.95,2545.0,2540.0,2540.9,99335,5.637252893978032,2532.175,2546.9333280764345,2541.2960751824567,2523.0539248175437,2517.416671923566,,
2023-08-04 15:20:00,ADANIENT,2540.9,2542.6,2538.15,2540.0,66648,5.39980231518239,2532.775,2546.9116824611474,2541.5118801459653,2524.038119854035,2518.638317538853,,
2023-08-04 15:25:00,ADANIENT,2541.8,2542.0,2536.15,2536.15,60145,5.4898418521458945,2533.1875,2547.559905968918,2542.070064116772,2524.304935883228,2518.815094031082,,
2023-08-07 09:15:00,ADANIENT,2550.95,2555.0,2530.0,2532.9,128473,9.391873481716715,2533.505,2558.0929247751346,2548.7010512934175,2518.3089487065827,2508.9170752248656,,
2023-08-07 09:20:00,ADANIENT,2532.95,2535.0,2523.2,2531.9,65951,9.873498785373409,2533.85,2559.6988198201075,2549.825321034734,2517.874678965266,2508.0011801798923,,
2023-08-07 09:25:00,ADANIENT,2530.85,2537.0,2526.0,2533.5,55922,10.098799028298728,2534.3625,2560.801155856086,2550.7023568277873,2518.022643172213,2507.9238441439143,,
2023-08-07 09:30:00,ADANIENT,2532.55,2534.35,2523.25,2525.05,34475,10.299039222638964,2534.435,2561.3978846848686,2551.0988454622297,2517.77115453777,2507.4721153151313,,
2023-08-07 09:35:00,ADANIENT,2526.5,2530.65,2523.0,2530.0,34465,9.76923137811119,2534.5299999999997,2560.105847747895,2550.3366163697838,2518.7233836302157,2508.9541522521044,,
2023-08-07 09:40:00,ADANIENT,2529.15,2530.3,2525.0,2527.85,13201,8.87538510248899,2534.4325,2557.668258198316,2548.792873095827,2520.072126904173,2511.196741801684,,
2023-08-07 09:45:00,ADANIENT,2527.0,2529.5,2523.0,2524.55,21420,8.400308081991192,2534.2775,2556.269506558653,2547.869198476662,2520.6858015233383,2512.285493441347,,
2023-08-07 09:50:00,ADANIENT,2525.0,2527.0,2520.5,2523.0,21240,8.020246465592955,2534.1425000000004,2555.139505246923,2547.11925878133,2521.165741218671,2513.145494753078,,
2023-08-07 09:55:00,ADANIENT,2522.75,2522.9,2516.4,2519.0,37206,7.716197172474364,2533.29,2553.4910041975377,2545.7748070250636,2520.8051929749363,2513.0889958024623,,
2023-08-07 10:00:00,ADANIENT,2519.9,2527.5,2519.0,2527.0,27577,7.872957737979491,2532.6525,2553.2639033580303,2545.390945620051,2519.9140543799494,2512.04109664197,,
2023-08-07 10:05:00,ADANIENT,2527.0,2531.0,2526.1,2530.0,23279,7.278366190383611,2532.3225,2551.3772626864247,2544.098896496041,2520.5461035039593,2513.2677373135757,,
2023-08-07 10:10:00,ADANIENT,2530.0,2536.0,2528.0,2529.5,43021,7.422692952306889,2532.0975000000003,2551.5301101491395,2544.107417196833,2520.0875828031676,2512.664889850861,,
2023-08-07 10:15:00,ADANIENT,2529.5,2529.75,2523.05,2523.05,28122,7.278154361845475,2531.5724999999998,2550.6267081193114,2543.3485537574657,2519.796446242534,2512.518291880688,,
2023-08-07 10:20:00,ADANIENT,2524.6,2530.0,2522.45,2529.9,36678,7.332523489476417,2531.3175,2550.5140464954493,2543.181523005973,2519.4534769940274,2512.120953504551,,
2023-08-07 10:25:00,ADANIENT,2530.0,2533.9,2528.65,2532.75,38615,6.916018791581133,2531.105,2549.2111371963592,2542.2951184047783,2519.9148815952217,2512.998862803641,,
2023-08-07 10:30:00,ADANIENT,2533.85,2543.0,2531.0,2536.0,91362,7.932815033264907,2530.805,2551.5731097570874,2543.6402947238225,2517.969705276177,2510.0368902429122,,
2023-08-07 10:35:00,ADANIENT,2535.95,2536.0,2532.0,2534.85,39960,7.146252026611926,2530.3925,2549.10138780567,2541.955135779058,2518.829864220942,2511.6836121943297,,
2023-08-07 10:40:00,ADANIENT,2534.0,2535.0,2531.85,2532.45,34127,6.347001621289559,2529.9700000000003,2546.5864502445365,2540.239448623247,2519.7005513767535,2513.353549755464,,
2023-08-07 10:45:00,ADANIENT,2535.0,2536.0,2532.55,2534.8,34263,5.787601297031684,2529.71,2544.861940195629,2539.0743388985975,2520.3456611014026,2514.558059804371,,
2023-08-07 10:50:00,ADANIENT,2533.45,2543.7,2531.2,2540.45,58613,7.130081037625348,2529.925,2548.5915521565034,2541.461471118878,2518.3885288811225,2511.258447843497,,
2023-08-07 10:55:00,ADANIENT,2540.25,2548.0,2536.35,2542.55,102932,8.034064830100297,2530.4075,2551.4406817252025,2543.406616895102,2517.4083831048974,2509.374318274797,,
2023-08-07 11:00:00,ADANIENT,2542.5,2545.0,2540.0,2545.0,48807,7.427251864080238,2531.0625,2550.5070453801623,2543.0797935160817,2519.0452064839183,2511.6179546198377,,
2023-08-07 11:05:00,ADANIENT,2543.75,2545.0,2540.0,2541.95,57888,6.94180149126419,2531.485,2549.6586363041297,2542.7168348128657,2520.2531651871345,2513.3113636958706,,
2023-08-07 11:10:00,ADANIENT,2540.0,2542.0,2539.15,2541.15,36487,6.123441193011334,2532.29,2548.3211690433036,2542.1977278502923,2522.3822721497077,2516.2588309566963,,
2023-08-07 11:15:00,ADANIENT,2541.1,2545.0,2537.35,2537.95,72702,6.428752954409085,2532.6875,2549.517975234643,2543.089222280234,2522.285777719766,2515.857024765357,,
2023-08-07 11:20:00,ADANIENT,2537.95,2544.0,2537.1,2543.85,34320,6.523002363527287,2533.4875,2550.5647201877146,2544.0417178241873,2522.933282175813,2516.410279812286,,
2023-08-07 11:25:00,ADANIENT,2543.05,2548.95,2540.05,2548.95,91117,6.998401890821758,2534.7075,2553.0293161501713,2546.0309142593496,2523.3840857406503,2516.3856838498286,,
2023-08-07 11:30:00,ADANIENT,2547.6,2549.0,2537.35,2538.6,82691,7.928721512657425,2535.4875,2556.2448929201373,2548.31617140748,2522.6588285925204,2514.730107079863,,
2023-08-07 11:35:00,ADANIENT,2538.0,2540.0,2537.1,2540.0,31027,6.922977210125959,2536.5375,2554.6618543361096,2547.738877125984,2525.336122874016,2518.41314566389,,
2023-08-07 11:40:00,ADANIENT,2538.8,2542.0,2538.35,2542.0,33351,6.268381768100785,2537.2875,2553.698123468888,2547.429741700787,2527.145258299213,2520.876876531112,,
2023-08-07 11:45:00,ADANIENT,2541.95,2545.55,2540.35,2542.95,46670,6.054705414480683,2537.935,2553.7862187751102,2547.73151336063,2528.13848663937,2522.0837812248897,,
2023-08-07 11:50:00,ADANIENT,2542.9,2545.0,2540.65,2544.65,51759,5.713764331584528,2538.6925,2553.6511350200885,2547.937370688504,2529.4476293114963,2523.7338649799117,,
2023-08-07 11:55:00,ADANIENT,2543.5,2545.0,2538.6,2538.85,116374,5.851011465267641,2539.4825,2554.8004480160707,2548.949436550803,2530.015563449197,2524.1645519839294,,
2023-08-07 12:00:00,ADANIENT,2538.6,2541.95,2538.0,2541.15,31236,5.470809172214077,2540.045,2554.3675784128563,2548.8967692406422,2531.193230759358,2525.722421587144,,
2023-08-07 12:05:00,ADANIENT,2540.1,2544.75,2539.9,2543.1,28723,5.346647337771244,2540.5625,2554.5600227302853,2549.213375392514,2531.911624607486,2526.5649772697147,,
2023-08-07 12:10:00,ADANIENT,2543.1,2546.0,2541.2,2542.0,58129,5.237317870217032,2540.8625,2554.5737981842285,2549.336480314011,2532.388519685989,2527.151201815772,,
2023-08-07 12:15:00,ADANIENT,2541.2,2544.0,2538.95,2540.0,60932,5.199854296173662,2541.12,2554.7332185473824,2549.5333642512087,2532.706635748791,2527.5067814526174,,
2023-08-07 12:20:00,ADANIENT,2540.0,2543.0,2538.25,2540.0,34942,5.109883436938929,2541.4975,2554.875174837906,2549.7652914009673,2533.2297085990326,2528.119825162094,,
2023-08-07 12:25:00,ADANIENT,2540.0,2542.95,2538.55,2540.9,32124,4.967906749551071,2541.8025000000002,2554.808479870325,2549.840573120774,2533.7644268792264,2528.7965201296756,,
2023-08-07 12:30:00,ADANIENT,2540.75,2543.0,2540.25,2542.0,30712,4.5243253996408574,2541.88,2553.7246838962596,2549.200358496619,2534.559641503381,2530.0353161037406,,
2023-08-07 12:35:00,ADANIENT,2541.95,2546.0,2541.8,2545.05,38181,4.45946031971265,2542.005,2553.6798671170077,2549.2204067972953,2534.789593202705,2530.3301328829925,,
2023-08-07 12:40:00,ADANIENT,2545.0,2550.0,2545.0,2550.0,120952,4.56756825577012,2542.255,2554.2128936936065,2549.645325437836,2534.864674562164,2530.2971063063937,,
2023-08-07 12:45:00,ADANIENT,2549.95,2550.0,2543.2,2545.45,79530,5.014054604616133,2542.43,2555.556794954885,2550.5427403502686,2534.317259649731,2529.3032050451147,,
2023-08-07 12:50:00,ADANIENT,2545.0,2547.0,2543.0,2545.0,32587,4.811243683692906,2542.6225,2555.218335963908,2550.4070922802152,2534.8379077197847,2530.026664036092,,
2023-08-07 12:55:00,ADANIENT,2544.75,2547.0,2542.8,2546.0,34885,4.688994946954288,2543.025,2555.3007887711265,2550.6117938241723,2535.438206175828,2530.7492112288737,,
2023-08-07 13:00:00,ADANIENT,2545.95,2549.0,2545.0,2547.6,43064,4.551195957563431,2543.2125,2555.1275310169012,2550.576335059338,2535.8486649406623,2531.297468983099,,
2023-08-07 13:05:00,ADANIENT,2548.4,2550.0,2546.15,2550.0,58560,4.410956766050727,2543.265,2554.8128848135207,2550.40192804747,2536.12807195253,2531.717115186479,,
2023-08-07 13:10:00,ADANIENT,2550.0,2550.0,2543.45,2543.75,89490,4.838765412840619,2543.5225,2556.190387850817,2551.351622437976,2535.693377562024,2530.854612149183,,
2023-08-07 13:15:00,ADANIENT,2543.7,2545.0,2541.0,2542.8,37783,4.671012330272496,2543.6625,2555.8912102806535,2551.2201979503807,2536.104802049619,2531.4337897193464,,
2023-08-07 13:20:00,ADANIENT,2542.75,2545.0,2540.2,2541.7,47207,4.696809864218033,2543.6475,2555.943748224523,2551.2469383603047,2536.0480616396953,2531.351251775477,,
2023-08-07 13:25:00,ADANIENT,2542.65,2547.0,2541.7,2547.0,40325,4.817447891374464,2543.85,2556.4620785796183,2551.644630688244,2536.055369311756,2531.2379214203816,,
2023-08-07 13:30:00,ADANIENT,2547.0,2547.0,2542.0,2546.25,120725,4.853958313099572,2543.93,2556.6376628636945,2551.783704550595,2536.076295449405,2531.222337136305,,
2023-08-07 13:35:00,ADANIENT,2545.25,2547.0,2542.0,2545.0,105046,4.883166650479657,2544.2375,2557.0216302909557,2552.1384636404764,2536.336536359524,2531.4533697090446,,
2023-08-07 13:40:00,ADANIENT,2545.0,2550.0,2543.5,2549.25,102223,5.206533320383726,2544.6425,2558.2732042327643,2553.0666709123807,2536.218329087619,2531.0117957672355,,
2023-08-07 13:45:00,ADANIENT,2548.25,2557.9,2543.65,2548.0,230244,7.0152266563069805,2544.8875,2563.2533633862113,2556.2381367299045,2533.536863270095,2526.5216366137884,,
2023-08-07 13:50:00,ADANIENT,2547.95,2550.0,2545.2,2548.6,40601,6.572181325045621,2545.2174999999997,2562.423470708969,2555.8512893839234,2534.583710616076,2528.0115292910305,,
2023-08-07 13:55:00,ADANIENT,2550.0,2550.0,2544.0,2544.6,47255,6.457745060036498,2545.4474999999998,2562.353876567175,2555.8961315071388,2534.9988684928608,2528.5411234328244,,
2023-08-07 14:00:00,ADANIENT,2544.6,2548.95,2544.2,2548.4,39525,6.116196048029199,2545.8675,2561.87970125374,2555.763505205711,2535.9714947942884,2529.8552987462595,,
2023-08-07 14:05:00,ADANIENT,2547.75,2550.0,2544.55,2546.45,40663,5.9829568384233225,2546.145,2561.808381002992,2555.825424164569,2536.464575835431,2530.481618997008,,
2023-08-07 14:10:00,ADANIENT,2545.65,2550.0,2544.0,2548.95,43583,5.986365470738658,2546.4925,2562.1648048023935,2556.1784393316548,2536.806560668345,2530.820195197606,,
2023-08-07 14:15:00,ADANIENT,2549.35,2552.0,2547.6,2550.0,65736,5.669092376590945,2546.74,2561.581683841915,2555.912591465324,2537.5674085346755,2531.8983161580845,,
2023-08-07 14:20:00,ADANIENT,2551.7,2564.6,2549.9,2553.0,200972,7.47527390127272,2546.89,2566.4602670735317,2558.9849931722592,2534.7950068277405,2527.319732926468,,
2023-08-07 14:25:00,ADANIENT,2553.0,2554.95,2548.05,2553.45,63114,7.360219121018104,2547.29,2566.559053658825,2559.198834537807,2535.3811654621927,2528.0209463411747,,
2023-08-07 14:30:00,ADANIENT,2552.25,2554.0,2545.7,2550.65,55250,7.54817529681452,2547.5724999999998,2567.3336229270603,2559.7854476302455,2535.359552369754,2527.811377072939,,
2023-08-07 14:35:00,ADANIENT,2550.65,2552.0,2544.0,2545.75,60678,7.6385402374516165,2547.56,2567.557698341648,2559.919158104197,2535.200841895803,2527.5623016583518,,
2023-08-07 14:40:00,ADANIENT,2546.6,2559.8,2545.2,2558.25,131741,9.030832189961366,2548.0924999999997,2571.7352186733187,2562.704386483357,2533.4806135166423,2524.4497813266807,,
2023-08-07 14:45:00,ADANIENT,2557.7,2563.0,2556.15,2562.45,116443,8.594665751969075,2548.715,2571.215834938655,2562.621169186686,2534.808830813314,2526.2141650613453,,
2023-08-07 14:50:00,ADANIENT,2562.05,2569.0,2560.05,2565.7,168884,8.665732601575224,2549.8125,2572.499387950924,2563.8336553493486,2535.7913446506514,2527.125612049076,,
2023-08-07 14:55:00,ADANIENT,2565.65,2565.65,2555.1,2556.55,127449,9.042586081260216,2550.5,2574.1734903607394,2565.130904279479,2535.869095720521,2526.8265096392606,,
2023-08-07 15:00:00,ADANIENT,2556.1,2557.3,2550.05,2553.0,51398,8.684068865008173,2551.065,2573.7998922885913,2565.115823423583,2537.014176576417,2528.330107711409,,
2023-08-07 15:05:00,ADANIENT,2553.8,2556.0,2552.1,2555.9,23325,7.7272550920065575,2551.5099999999998,2571.7399538308728,2564.012698738866,2539.0073012611333,2531.2800461691268,,
2023-08-07 15:10:00,ADANIENT,2555.95,2556.0,2547.6,2548.2,55929,7.861804073605264,2551.6075,2572.1897030646987,2564.327898991093,2538.887101008907,2531.0252969353014,,
2023-08-07 15:15:00,ADANIENT,2548.5,2550.0,2544.2,2548.0,74011,7.449443258884249,2551.7575,2571.2601424517593,2563.810699192875,2539.7043008071255,2532.254857548241,,
2023-08-07 15:20:00,ADANIENT,2548.0,2552.8,2546.8,2551.0,97293,7.1595546071074,2551.8450000000003,2570.5887139614074,2563.4291593543,2540.2608406457007,2533.101286038593,,
2023-08-07 15:25:00,ADANIENT,2551.3,2552.4,2548.5,2552.0,42855,6.507643685685938,2552.045,2569.082011169126,2562.57436748344,2541.5156325165603,2535.007988830874,,
2023-08-08 09:15:00,ADANIENT,2563.25,2563.25,2532.05,2541.6,116520,11.446114948548715,2551.695,2581.6609289353005,2570.214813986752,2533.1751860132485,2521.7290710647,,
2023-08-08 09:20:00,ADANIENT,2540.05,2541.6,2533.0,2536.2,84117,10.876891958838954,2551.275,2579.7507031482405,2568.8738111894013,2533.676188810599,2522.7992968517597,,
2023-08-08 09:25:00,ADANIENT,2536.55,2537.3,2523.0,2525.6,111382,11.5615135670712,2550.135,2580.4030425185924,2568.8415289515215,2531.428471048479,2519.866957481408,,
2023-08-08 09:30:00,ADANIENT,2522.85,2528.7,2513.85,2522.8,107695,12.219210853656943,2548.9525,2580.9423940148736,2568.7231831612166,2529.181816838783,2516.962605985126,,
2023-08-08 09:35:00,ADANIENT,2522.8,2537.0,2517.3,2532.75,100911,13.715368682925519,2548.1425,2584.049335211899,2570.3339665289736,2525.951033471026,2512.235664788101,,2517.3
2023-08-08 09:40:00,ADANIENT,2532.65,2544.3,2530.0,2540.95,62650,13.832294946340452,2547.69,2583.9029481695193,2570.070653223179,2525.3093467768213,2511.477051830481,,
2023-08-08 09:45:00,ADANIENT,2540.8,2542.7,2536.0,2536.0,20941,12.405835957072327,2546.84,2579.3184785356157,2566.912642578543,2526.7673574214573,2514.3615214643846,,
2023-08-08 09:50:00,ADANIENT,2536.2,2539.5,2535.0,2535.9,11434,10.824668765657863,2545.9625,2574.301482828492,2563.4768140628344,2528.448185937166,2517.623517171508,,
2023-08-08 09:55:00,ADANIENT,2536.0,2537.55,2532.75,2536.0,12901,9.619735012526327,2545.23,2570.414466262794,2560.7947312502674,2529.6652687497326,2520.045533737206,,
2023-08-08 10:00:00,ADANIENT,2535.9,2535.9,2528.7,2529.55,22527,9.135788010021116,2544.42,2568.3374930102354,2559.201705000214,2529.638294999786,2520.5025069897647,,
2023-08-08 10:05:00,ADANIENT,2530.0,2538.85,2529.2,2534.25,41510,9.238630408016911,2543.2200000000003,2567.4067344081886,2558.1681040001718,2528.2718959998288,2519.033265591812,,
2023-08-08 10:10:00,ADANIENT,2534.1,2539.0,2532.75,2537.4,46224,8.64090432641353,2541.9674999999997,2564.5893875265506,2555.9484832001367,2527.986516799863,2519.345612473449,,
2023-08-08 10:15:00,ADANIENT,2537.45,2545.0,2535.15,2543.55,47877,8.882723461130805,2540.8599999999997,2564.11497002124,2555.232246560109,2526.48775343989,2517.6050299787594,,
2023-08-08 10:20:00,ADANIENT,2542.85,2546.9,2542.35,2542.4,51119,8.01617876890468,2540.1524999999997,2561.138856016992,2553.1226772480873,2527.182322751912,2519.1661439830073,,
2023-08-08 10:25:00,ADANIENT,2542.85,2546.7,2540.0,2541.95,47825,7.752943015123708,2539.6,2559.897204813594,2552.14426179847,2527.05573820153,2519.302795186406,,
2023-08-08 10:30:00,ADANIENT,2541.95,2543.9,2532.3,2536.05,79725,8.522354412098949,2538.6075,2560.919023850875,2552.3966694387764,2524.818330561224,2516.295976149125,,
2023-08-08 10:35:00,ADANIENT,2536.0,2540.0,2536.0,2538.0,41329,7.617883529679159,2538.0975,2558.0411190807,2550.4232355510208,2525.771764448979,2518.1538809193,,
2023-08-08 10:40:00,ADANIENT,2540.0,2540.0,2535.35,2537.25,60696,7.024306823743346,2537.56,2555.94963526456,2548.925328440817,2526.194671559183,2519.1703647354398,,
2023-08-08 10:45:00,ADANIENT,2537.3,2539.1,2530.4,2532.35,61957,7.3594454589946405,2536.6274999999996,2555.8945282116474,2548.535082752653,2524.719917247346,2517.360471788352,,
2023-08-08 10:50:00,ADANIENT,2532.8,2534.1,2526.0,2528.95,78053,7.507556367195695,2535.475,2555.129782569318,2547.6222262021224,2523.3277737978774,2515.8202174306816,,
2023-08-08 10:55:00,ADANIENT,2529.0,2530.0,2527.0,2529.35,51970,6.606045093756556,2534.8625,2552.1571260554547,2545.5510809616985,2524.173919038302,2517.5678739445457,,
2023-08-08 11:00:00,ADANIENT,2530.0,2535.9,2521.65,2523.3,73431,8.134836075005245,2534.2175,2555.5145008443637,2547.379664769359,2521.0553352306415,2512.9204991556367,,
2023-08-08 11:05:00,ADANIENT,2522.8,2526.9,2520.0,2523.95,65509,7.887868860004215,2534.1349999999998,2554.785440675491,2546.8975718154866,2521.372428184513,2513.4845593245086,,
2023-08-08 11:10:00,ADANIENT,2523.25,2523.25,2501.0,2501.15,177298,10.760295088003371,2533.0525000000002,2561.222952540393,2550.4626574523895,2515.642342547611,2504.8820474596073,2523.25,
2023-08-08 11:15:00,ADANIENT,2501.6,2508.3,2490.0,2505.4,120790,12.268236070402732,2531.6850000000004,2563.8032420323148,2551.5350059619122,2511.8349940380886,2499.566757967686,,
2023-08-08 11:20:00,ADANIENT,2505.4,2509.9,2496.95,2500.6,77347,12.404588856322242,2529.6675,2562.1427136258517,2549.7381247695293,2509.5968752304707,2497.1922863741484,,
2023-08-08 11:25:00,ADANIENT,2500.5,2505.0,2499.2,2503.85,71964,11.08367108505783,2528.06,2557.0770509006816,2545.9933798156235,2510.1266201843764,2499.0429490993183,,
2023-08-08 11:30:00,ADANIENT,2503.45,2504.05,2494.55,2497.95,65135,10.766936868046265,2526.1625,2554.350340720545,2543.5834038524986,2508.7415961475012,2497.974659279455,,
2023-08-08 11:35:00,ADANIENT,2496.4,2497.2,2477.9,2490.5,135695,12.47354949443696,2523.8875,2556.543252576436,2544.069703081999,2503.705296918001,2491.231747423564,,
2023-08-08 11:40:00,ADANIENT,2490.0,2497.15,2489.05,2497.15,59343,11.59883959554955,2522.2675,2552.633262061149,2541.034422465599,2503.5005775344007,2491.901737938851,,
2023-08-08 11:45:00,ADANIENT,2495.05,2496.8,2488.3,2491.9,52603,10.979071676439641,2520.15,2548.893209648919,2537.9141379724792,2502.385862027521,2491.4067903510813,,
2023-08-08 11:50:00,ADANIENT,2490.75,2499.3,2490.5,2498.05,51906,10.543257341151751,2518.1825,2545.7847477191353,2535.2414903779836,2501.123509622016,2490.5802522808644,,
2023-08-08 11:55:00,ADANIENT,2498.05,2498.5,2490.75,2496.05,81835,9.984605872921401,2515.8075,2541.947198175308,2531.962592302387,2499.652407697613,2489.6678018246917,,
2023-08-08 12:00:00,ADANIENT,2492.9,2496.95,2492.0,2492.65,56488,8.977684698337084,2513.32,2536.8235785402467,2527.8458938419094,2498.794106158091,2489.8164214597537,,
2023-08-08 12:05:00,ADANIENT,2492.6,2493.9,2488.0,2490.45,65505,8.362147758669686,2510.745,2532.6371028321973,2524.2749550735275,2497.2150449264723,2488.8528971678024,,
2023-08-08 12:10:00,ADANIENT,2490.45,2495.0,2487.6,2490.8,75812,8.169718206935766,2508.4825,2529.870822265758,2521.7011040588222,2495.263895941178,2487.0941777342423,,
2023-08-08 12:15:00,ADANIENT,2489.65,2491.0,2485.45,2486.05,66575,7.64577456554865,2505.885,2525.9016378126066,2518.2558632470577,2493.5141367529427,2485.868362187394,,
2023-08-08 12:20:00,ADANIENT,2486.3,2491.0,2481.0,2489.8,81679,8.11661965243892,2503.5125,2524.761810250085,2516.645190597646,2490.3798094023537,2482.2631897499145,,
2023-08-08 12:25:00,ADANIENT,2489.75,2492.45,2479.0,2480.8,125313,9.1832957219511,2500.9350000000004,2524.9768682000686,2515.7935724781173,2486.0764275218835,2476.8931317999322,,
2023-08-08 12:30:00,ADANIENT,2480.75,2483.7,2470.35,2476.0,132151,10.016636577560863,2498.2875,2524.511054560054,2514.4944179824934,2482.0805820175065,2472.0639454399457,,
2023-08-08 12:35:00,ADANIENT,2476.0,2480.0,2468.85,2468.9,81589,10.24330926204871,2495.2650000000003,2522.0819836480437,2511.838674385995,2478.6913256140056,2468.448016351957,,
2023-08-08 12:40:00,ADANIENT,2468.95,2479.75,2468.9,2479.6,71948,10.36464740963895,2493.08,2520.2146469184345,2509.849999508796,2476.310000491204,2465.9453530815654,,2468.9
2023-08-08 12:45:00,ADANIENT,2480.0,2480.05,2473.1,2474.25,62696,9.681717927711215,2490.5950000000003,2515.9417375347484,2506.260019607037,2474.9299803929634,2465.248262465252,,
2023-08-08 12:50:00,ADANIENT,2474.25,2476.95,2472.65,2474.2,60440,8.605374342168918,2489.2475,2511.7763700277983,2503.1709956856294,2475.3240043143705,2466.7186299722016,,
2023-08-08 12:55:00,ADANIENT,2473.6,2476.0,2470.45,2476.0,60775,7.994299473735172,2487.7774999999997,2508.7065760222386,2500.7122765485033,2474.842723451496,2466.848423977761,,
2023-08-08 13:00:00,ADANIENT,2475.95,2481.05,2474.5,2479.05,67690,7.705439578988175,2486.7,2506.872840817791,2499.1674012388025,2474.232598761197,2466.527159182209,,
2023-08-08 13:05:00,ADANIENT,2479.0,2481.25,2478.0,2480.2,61064,6.814351663190541,2485.5175,2503.357472654233,2496.543120991042,2474.4918790089578,2467.677527345767,,
2023-08-08 13:10:00,ADANIENT,2480.15,2481.8,2474.5,2477.1,63721,6.911481330552469,2484.475,2502.569258123386,2495.657776792834,2473.292223207166,2466.3807418766137,,
2023-08-08 13:15:00,ADANIENT,2477.0,2479.0,2470.55,2471.75,78428,7.219185064441939,2483.5375,2502.437326498709,2495.218141434267,2471.8568585657326,2464.637673501291,,
2023-08-08 13:20:00,ADANIENT,2471.85,2474.5,2470.5,2472.05,81237,6.575348051553552,2482.2825000000003,2499.4967611989673,2492.921413147414,2471.6435868525864,2465.068238801033,,
2023-08-08 13:25:00,ADANIENT,2472.05,2473.4,2468.1,2469.75,78380,6.320278441242879,2481.175,2497.721488959174,2491.4012105179313,2470.948789482069,2464.628511040826,,
2023-08-08 13:30:00,ADANIENT,2469.0,2469.65,2461.35,2469.6,79591,6.71622275299434,2479.7524999999996,2497.335571167339,2490.6193484143446,2468.8856515856546,2462.1694288326603,,
2023-08-08 13:35:00,ADANIENT,2469.25,2472.6,2468.05,2469.65,56331,6.282978202395418,2478.4325,2494.881336933871,2488.598358731476,2468.266641268524,2461.983663066129,,
2023-08-08 13:40:00,ADANIENT,2468.95,2472.1,2467.6,2470.15,54104,5.926382561916335,2477.3075,2492.822769547097,2486.8963869851805,2467.7186130148193,2461.792230452903,,
2023-08-08 13:45:00,ADANIENT,2470.15,2472.55,2462.95,2466.0,70823,6.661106049533141,2476.085,2493.5237756376778,2486.862669588145,2465.307330411855,2458.6462243623223,,
2023-08-08 13:50:00,ADANIENT,2465.3,2470.5,2465.05,2469.5,47194,6.418884839626477,2475.02,2491.824640510142,2485.4057556705156,2464.6342443294843,2458.2153594898577,,
2023-08-08 13:55:00,ADANIENT,2469.5,2473.5,2468.0,2471.0,64671,6.235107871701182,2474.2675,2490.591012408114,2484.3559045364123,2464.1790954635876,2457.943987591886,,
2023-08-08 14:00:00,ADANIENT,2470.7,2480.7,2470.0,2475.1,120402,7.128086297360909,2473.5325000000003,2492.193829926491,2485.0657436291303,2461.99925637087,2454.8711700735093,,
2023-08-08 14:05:00,ADANIENT,2475.65,2477.3,2471.35,2475.0,78681,6.892469037888782,2473.2425,2491.286983941193,2484.394514903304,2462.090485096696,2455.198016058807,,
2023-08-08 14:10:00,ADANIENT,2474.95,2489.3,2474.45,2488.05,105310,8.4839752303111,2473.8450000000003,2496.0560471529548,2487.5720719226438,2460.1179280773567,2451.6339528470457,2489.3,
2023-08-08 14:15:00,ADANIENT,2488.0,2495.0,2485.2,2486.7,199865,8.747180184248915,2474.7349999999997,2497.6351177223632,2488.8879375381143,2460.582062461885,2451.834882277636,,
2023-08-08 14:20:00,ADANIENT,2485.4,2492.4,2476.1,2488.7,119853,10.257744147399169,2475.19,2502.044774177891,2491.787030030492,2458.592969969508,2448.335225822109,,
2023-08-08 14:25:00,ADANIENT,2488.7,2494.45,2483.0,2493.0,114669,10.4961953179193,2476.1275,2503.6065393423128,2493.1103440243933,2459.144655975607,2448.6484606576873,,
2023-08-08 14:30:00,ADANIENT,2492.95,2499.0,2490.4,2497.1,166809,10.116956254335424,2477.2725,2503.7586914738504,2493.641735219515,2460.903264780485,2450.7863085261497,,
2023-08-08 14:35:00,ADANIENT,2497.1,2505.0,2495.85,2497.95,191156,9.923565003468358,2478.37,2504.34989317908,2494.4263281756116,2462.313671824388,2452.3901068209198,,
2023-08-08 14:40:00,ADANIENT,2497.7,2504.85,2490.0,2493.0,136114,10.908852002774669,2479.0675,2507.626874543264,2496.7180225404895,2461.4169774595107,2450.5081254567363,,
2023-08-08 14:45:00,ADANIENT,2491.0,2496.85,2484.45,2495.25,105028,11.207081602219754,2479.82,2509.1601396346114,2497.9530580323917,2461.6869419676086,2450.479860365389,,
2023-08-08 14:50:00,ADANIENT,2494.55,2499.9,2487.25,2490.3,179072,11.495665281775823,2480.4800000000005,2510.5756517076898,2499.079986425914,2461.880013574087,2450.384348292311,,
2023-08-08 14:55:00,ADANIENT,2490.3,2492.0,2485.0,2485.0,36165,10.59653222542066,2481.1425000000004,2508.8842213661515,2498.287689140731,2463.99731085927,2453.4007786338493,,
2023-08-08 15:00:00,ADANIENT,2486.65,2494.95,2482.75,2483.0,47387,10.917225780336492,2481.69,2510.271297092921,2499.3540713125844,2464.0259286874157,2453.108702907079,,
2023-08-08 15:05:00,ADANIENT,2483.05,2483.05,2475.0,2480.0,57940,10.34378062426923,2482.2025000000003,2509.282517674337,2498.938737050068,2465.4662629499326,2455.1224823256634,,
2023-08-08 15:10:00,ADANIENT,2480.7,2481.5,2476.5,2478.05,45774,9.275024499415386,2482.625,2506.9070141394695,2497.631989640054,2467.618010359946,2458.3429858605305,,
2023-08-08 15:15:00,ADANIENT,2478.15,2478.15,2468.0,2468.15,103423,9.450019599532327,2482.55,2507.2901513115758,2497.8401317120433,2467.259868287957,2457.8098486884246,,
2023-08-08 15:20:00,ADANIENT,2468.95,2476.6,2463.35,2476.6,195049,10.210015679625862,2482.8725,2509.6023210492604,2499.3923053696344,2466.3526946303655,2456.1426789507395,,
2023-08-08 15:25:00,ADANIENT,2476.6,2480.85,2469.35,2477.05,81778,10.46801254370069,2483.425,2510.830256839409,2500.362244295708,2466.4877557042923,2456.0197431605916,,
2023-08-09 09:15:00,ADANIENT,2488.35,2490.0,2472.0,2475.8,120411,11.974410034960552,2483.7400000000002,2515.089005471527,2503.1145954365666,2464.365404563434,2452.3909945284736,,
2023-08-09 09:20:00,ADANIENT,2475.9,2497.25,2475.3,2491.25,84974,13.969528027968405,2484.7525,2521.324724377221,2507.3551963492528,2462.1498036507473,2448.180275622779,,
2023-08-09 09:25:00,ADANIENT,2491.25,2495.0,2489.5,2492.7,40313,12.275622422374724,2485.6325,2517.770079501777,2505.4944570794023,2465.770542920598,2453.494920498223,,
2023-08-09 09:30:00,ADANIENT,2493.55,2497.0,2481.2,2485.8,80883,12.980497937899816,2486.1725,2520.1554436014217,2507.174945663522,2465.170054336478,2452.1895563985786,,
2023-08-09 09:35:00,ADANIENT,2487.6,2488.4,2480.0,2482.25,35338,12.064398350319873,2485.8825,2517.4670948811377,2505.4026965308176,2466.3623034691827,2454.2979051188627,,
2023-08-09 09:40:00,ADANIENT,2482.25,2485.0,2480.0,2481.0,16741,10.651518680255899,2485.5975000000003,2513.4831759049102,2502.8316572246545,2468.363342775346,2457.7118240950904,,
2023-08-09 09:45:00,ADANIENT,2480.6,2490.0,2480.5,2490.0,47522,10.42121494420472,2485.6625,2512.945240723928,2502.524025779723,2468.8009742202767,2458.379759276072,,
2023-08-09 09:50:00,ADANIENT,2489.25,2495.0,2487.2,2487.25,83435,9.896971955363814,2485.375,2511.2852725791427,2501.388300623779,2469.361699376221,2459.4647274208573,,
2023-08-09 09:55:00,ADANIENT,2487.0,2491.35,2482.0,2485.85,79176,9.787577564291032,2484.8125,2510.436378063314,2500.648800499023,2468.976199500977,2459.188621936686,,
2023-08-09 10:00:00,ADANIENT,2485.8,2490.0,2482.6,2486.75,68257,9.310062051432844,2484.2525,2508.6262424506513,2499.3161803992184,2469.1888196007817,2459.878757549349,,
2023-08-09 10:05:00,ADANIENT,2486.5,2490.0,2484.5,2485.2,70926,8.548049641146276,2483.8625,2506.241293960521,2497.693244319375,2470.0317556806253,2461.4837060394793,,
2023-08-09 10:10:00,ADANIENT,2485.2,2490.0,2484.0,2487.55,79530,8.038439712917022,2483.4775,2504.5221351684168,2496.4836954555,2470.4713045445,2462.432864831583,,
2023-08-09 10:15:00,ADANIENT,2487.3,2493.35,2486.55,2490.95,75789,7.790751770333563,2483.5099999999998,2503.906188134733,2496.1154363643996,2470.9045636356,2463.1138118652666,,
2023-08-09 10:20:00,ADANIENT,2491.5,2495.0,2488.1,2494.35,66503,7.61260141626687,2483.9775,2503.9072905077865,2496.2946890915196,2471.6603109084804,2464.0477094922135,,
2023-08-09 10:25:00,ADANIENT,2493.65,2500.0,2486.7,2488.05,164619,8.750081133013532,2484.23,2507.1377124062296,2498.387631273216,2470.072368726784,2461.3222875937704,,
2023-08-09 10:30:00,ADANIENT,2488.7,2490.0,2483.15,2486.6,65031,8.370064906410809,2484.56,2506.4728299249837,2498.1027650185724,2471.0172349814275,2462.647170075016,,
2023-08-09 10:35:00,ADANIENT,2486.6,2494.95,2485.25,2489.95,58062,8.63605192512861,2485.155,2507.764183939987,2499.1281320148582,2471.181867985142,2462.5458160600133,,
2023-08-09 10:40:00,ADANIENT,2488.85,2492.0,2486.6,2490.3,68745,7.988841540102907,2486.2625,2507.1772871519893,2499.1884456118864,2473.336554388113,2465.3477128480104,,
2023-08-09 10:45:00,ADANIENT,2489.1,2494.4,2486.25,2488.1,67825,8.021073232082344,2486.8375,2507.8366697215915,2499.8155964895095,2473.8594035104907,2465.8383302784086,,
2023-08-09 10:50:00,ADANIENT,2487.95,2494.95,2484.95,2487.35,75157,8.416858585665874,2487.3525,2509.3878357772733,2500.9709771916073,2473.7340228083926,2465.3171642227267,,
2023-08-09 10:55:00,ADANIENT,2487.15,2493.0,2484.0,2484.25,71940,8.5334868685327,2487.775,2510.1156686218187,2501.582181753286,2473.967818246714,2465.4343313781815,,
2023-08-09 11:00:00,ADANIENT,2484.25,2490.0,2483.35,2486.35,70352,8.156789494826178,2487.5299999999997,2508.8844748974548,2500.7276854026286,2474.332314597371,2466.1755251025447,,
2023-08-09 11:05:00,ADANIENT,2486.35,2490.0,2484.35,2488.75,70468,7.655431595860962,2487.3325,2507.374419917964,2499.718988322103,2474.946011677897,2467.290580082036,,
2023-08-09 11:10:00,ADANIENT,2488.7,2498.8,2488.15,2496.95,101102,8.254345276688788,2487.89,2509.499875934371,2501.245530657682,2474.5344693423176,2466.2801240656286,,
2023-08-09 11:15:00,ADANIENT,2495.95,2498.6,2491.4,2494.5,62009,8.043476221350994,2488.5024999999996,2509.5603207474965,2501.5168445261456,2475.4881554738536,2467.4446792525027,,
2023-08-09 11:20:00,ADANIENT,2494.4,2497.4,2494.05,2496.65,69641,7.104780977080778,2489.285,2507.885316597997,2500.7805356209165,2477.7894643790833,2470.6846834020025,,
2023-08-09 11:25:00,ADANIENT,2496.65,2499.0,2490.0,2491.0,82314,7.483824781664622,2489.335,2508.927653278398,2501.443828496733,2477.226171503267,2469.742346721602,,
2023-08-09 11:30:00,ADANIENT,2490.7,2493.0,2490.05,2491.2,74566,6.577059825331662,2489.5325,2506.751242622718,2500.1741827973865,2478.890817202613,2472.3137573772815,,
2023-08-09 11:35:00,ADANIENT,2491.25,2493.0,2488.65,2491.4,86545,6.131647860265312,2489.81,2505.8626540981745,2499.7310062379092,2479.8889937620906,2473.7573459018254,,
2023-08-09 11:40:00,ADANIENT,2492.25,2498.1,2490.1,2496.95,82117,6.5053182882122496,2490.3199999999997,2507.3509232785395,2500.845604990327,2479.7943950096724,2473.28907672146,,
2023-08-09 11:45:00,ADANIENT,2496.9,2505.55,2495.25,2499.6,133459,7.264254630569836,2491.04,2510.0578186228317,2502.793563992262,2479.286436007738,2472.022181377168,,
2023-08-09 11:50:00,ADANIENT,2499.6,2501.0,2496.0,2500.0,57012,6.811403704455869,2491.6625,2509.4947548982655,2502.6833511938094,2480.6416488061905,2473.8302451017344,,
2023-08-09 11:55:00,ADANIENT,2499.2,2507.3,2498.05,2505.2,92903,7.299122963564695,2492.375,2511.484103918612,2504.1849809550476,2480.5650190449524,2473.265896081388,,
2023-08-09 12:00:00,ADANIENT,2505.45,2508.0,2500.1,2504.75,120815,7.4192983708517755,2492.895,2512.3187231348898,2504.899424764038,2480.890575235962,2473.47127686511,,
2023-08-09 12:05:00,ADANIENT,2504.3,2508.0,2502.6,2505.75,94047,7.015438696681439,2493.7799999999997,2512.1464185079117,2505.13097981123,2482.4290201887693,2475.413581492088,,
2023-08-09 12:10:00,ADANIENT,2506.0,2509.0,2498.0,2500.55,81710,7.812350957345152,2494.4775,2514.9302348063297,2507.1178838489845,2481.8371161510154,2474.02476519367,,
2023-08-09 12:15:00,ADANIENT,2502.05,2504.9,2496.35,2497.35,84827,7.959880765876158,2494.8475000000003,2515.6864678450643,2507.726587079188,2481.9684129208126,2474.0085321549363,,
2023-08-09 12:20:00,ADANIENT,2498.2,2502.85,2497.0,2500.55,69410,7.537904612700909,2495.3599999999997,2515.0942342760504,2507.55632966335,2483.1636703366494,2475.625765723949,,
2023-08-09 12:25:00,ADANIENT,2500.7,2501.95,2497.0,2497.5,72094,7.020323690160692,2495.83,2514.209207420841,2507.18888373068,2484.4711162693197,2477.450792579159,,
2023-08-09 12:30:00,ADANIENT,2497.45,2500.0,2497.15,2499.05,62719,6.186258952128536,2496.415,2512.6106259366725,2506.424366984544,2486.405633015456,2480.2193740633275,,
2023-08-09 12:35:00,ADANIENT,2499.0,2500.0,2497.3,2498.2,57287,5.4890071617027925,2497.1125,2511.482720749338,2505.9937135876353,2488.231286412365,2482.7422792506622,,
2023-08-09 12:40:00,ADANIENT,2500.0,2500.0,2497.1,2498.55,56215,4.971205729362252,2497.7225,2510.73711659947,2505.765910870108,2489.6790891298915,2484.7078834005297,,
2023-08-09 12:45:00,ADANIENT,2498.5,2509.3,2498.5,2502.05,77049,6.1369645834898385,2498.3875,2514.4540732795763,2508.3171086960865,2488.457891303913,2482.3209267204234,,
2023-08-09 12:50:00,ADANIENT,2503.35,2505.0,2501.6,2503.7,58435,5.5895716667918895,2498.725,2513.358498623661,2507.768926956869,2489.6810730431307,2484.091501376339,,
2023-08-09 12:55:00,ADANIENT,2503.65,2505.95,2501.2,2503.05,64200,5.421657333433512,2499.1525,2513.3463988989292,2507.9247415654954,2490.380258434505,2484.958601101071,,
2023-08-09 13:00:00,ADANIENT,2503.0,2506.95,2502.1,2505.8,70031,5.307325866746791,2499.6099999999997,2513.504579119143,2508.197253252396,2491.0227467476034,2485.7154208808565,,
2023-08-09 13:05:00,ADANIENT,2505.1,2507.8,2502.25,2506.0,81729,5.35586069339747,2500.3599999999997,2514.3816432953145,2509.025782601917,2491.6942173980824,2486.338356704685,,
2023-08-09 13:10:00,ADANIENT,2505.05,2510.0,2504.6,2508.45,123689,5.364688554717995,2501.2225000000003,2515.267254636252,2509.902566081534,2492.5424339184665,2487.1777453637487,,
2023-08-09 13:15:00,ADANIENT,2508.55,2510.0,2505.3,2509.75,73271,5.2317508437743605,2502.1400000000003,2515.8367237090015,2510.6049728652274,2493.6750271347732,2488.443276290999,,
2023-08-09 13:20:00,ADANIENT,2509.75,2511.95,2505.1,2507.6,120754,5.55540067501947,2502.6725,2517.216538967201,2511.6611382921815,2493.683861707819,2488.1284610327994,,
2023-08-09 13:25:00,ADANIENT,2507.6,2512.0,2504.0,2510.3,58978,6.044320540015576,2503.2074999999995,2519.0315311737604,2512.987210633745,2493.4277893662543,2487.3834688262386,,
2023-08-09 13:30:00,ADANIENT,2511.3,2511.8,2500.6,2503.0,118932,7.0754564320125155,2503.3574999999996,2521.8810449390085,2514.8055885069957,2491.9094114930035,2484.833955060991,,
2023-08-09 13:35:00,ADANIENT,2502.95,2505.0,2502.1,2503.55,52220,6.24036514561003,2503.275,2519.6122759512073,2513.371910805597,2493.178089194403,2486.937724048793,,
2023-08-09 13:40:00,ADANIENT,2503.55,2509.9,2502.8,2508.1,52172,6.412292116488007,2503.4425,2520.229880760966,2513.817588644478,2493.0674113555224,2486.6551192390343,,
2023-08-09 13:45:00,ADANIENT,2508.15,2510.0,2507.0,2508.6,54951,5.729833693190406,2503.585,2518.5857046087726,2512.8558709155823,2494.314129084418,2488.5842953912274,,
2023-08-09 13:50:00,ADANIENT,2508.7,2512.0,2507.9,2510.2,69663,5.403866954552306,2504.0675,2518.214823687018,2512.810956732466,2495.3240432675343,2489.920176312982,,
2023-08-09 13:55:00,ADANIENT,2510.15,2511.75,2507.55,2510.65,65708,5.163093563641809,2504.7325,2518.2494789496145,2513.0863853859723,2496.378614614028,2491.2155210503856,,
2023-08-09 14:00:00,ADANIENT,2508.25,2514.9,2507.0,2508.0,142106,5.7104748509134655,2505.1050000000005,2520.0550231596917,2514.3445483087785,2495.8654516912225,2490.1549768403092,,
2023-08-09 14:05:00,ADANIENT,2508.0,2509.95,2504.0,2506.1,95845,5.758379880730737,2505.5350000000003,2520.6104385277536,2514.8520586470227,2496.217941352978,2490.459561472247,,
2023-08-09 14:10:00,ADANIENT,2506.3,2509.95,2505.95,2508.8,70385,5.40670390458459,2506.0225,2520.1772508222025,2514.770546917618,2497.274453082382,2491.8677491777976,,
2023-08-09 14:15:00,ADANIENT,2508.3,2510.0,2505.95,2507.8,82819,5.135363123667709,2506.5025,2519.946880657762,2514.8115175340945,2498.1934824659056,2493.058119342238,,
2023-08-09 14:20:00,ADANIENT,2507.65,2510.0,2505.0,2506.4,77510,5.108290498934167,2506.895,2520.2685045262097,2515.1602140272753,2498.6297859727247,2493.5214954737903,,
2023-08-09 14:25:00,ADANIENT,2506.5,2510.0,2506.05,2507.65,70591,4.876632399147297,2507.175,2519.942023620968,2515.0653912218204,2499.28460877818,2494.4079763790323,,
2023-08-09 14:30:00,ADANIENT,2508.0,2510.0,2503.5,2509.1,87802,5.201305919317838,2507.445,2521.062018896774,2515.8607129774564,2499.029287022544,2493.827981103226,,
2023-08-09 14:35:00,ADANIENT,2509.0,2512.0,2507.0,2510.2,178713,5.161044735454271,2507.8025,2521.314115117419,2516.153070381965,2499.4519296180347,2494.2908848825805,,
2023-08-09 14:40:00,ADANIENT,2510.05,2514.9,2508.15,2511.55,180281,5.478835788363417,2508.09,2522.4335920939357,2516.954756305572,2499.225243694428,2493.7464079060646,,
2023-08-09 14:45:00,ADANIENT,2512.15,2516.35,2511.05,2516.0,122686,5.4430686306906795,2508.59,2522.8399536751485,2517.3968850444576,2499.7831149555427,2494.3400463248518,,
2023-08-09 14:50:00,ADANIENT,2515.0,2516.25,2508.5,2510.0,28653,5.904454904552543,2508.6675,2524.1253629401185,2518.220908035566,2499.114091964434,2493.2096370598815,,
2023-08-09 14:55:00,ADANIENT,2510.0,2512.65,2505.5,2506.85,28539,6.153563923642054,2508.5225,2524.632530352095,2518.478966428453,2498.566033571547,2492.4124696479053,,
2023-08-09 15:00:00,ADANIENT,2505.85,2510.6,2505.0,2506.05,22855,6.042851138913624,2508.445,2524.265184281676,2518.222333142762,2498.667666857238,2492.6248157183245,,
2023-08-09 15:05:00,ADANIENT,2506.05,2509.0,2505.45,2508.05,18576,5.544280911130937,2508.3325,2522.847427425341,2517.30314651421,2499.36185348579,2493.817572574659,,
2023-08-09 15:10:00,ADANIENT,2508.6,2509.4,2506.85,2508.1,17758,4.9454247289047855,2508.5875,2521.5346219402727,2516.589197211368,2500.585802788632,2495.6403780597275,,
2023-08-09 15:15:00,ADANIENT,2508.05,2510.0,2507.0,2509.0,43780,4.556339783123828,2508.86,2520.7884975522184,2516.2321577690946,2501.4878422309057,2496.931502447782,,
2023-08-09 15:20:00,ADANIENT,2508.5,2509.0,2505.1,2507.2,53532,4.425071826499081,2508.815,2520.3998380417747,2515.9747662152754,2501.6552337847247,2497.2301619582254,,
2023-08-09 15:25:00,ADANIENT,2507.05,2509.5,2504.25,2506.0,106592,4.590057461199264,2508.685,2520.70177043342,2516.11171297222,2501.2582870277797,2496.66822956658,,
2023-08-10 09:15:00,ADANIENT,2510.0,2535.8,2510.0,2526.65,258887,9.632045968959448,2509.5075,2534.724196346736,2525.0921503777768,2493.9228496222236,2484.2908036532644,,
2023-08-10 09:20:00,ADANIENT,2526.15,2533.95,2523.75,2533.0,145578,9.745636775167522,2510.625,2536.1390770773887,2526.3934403022213,2494.8565596977787,2485.1109229226113,,
2023-08-10 09:25:00,ADANIENT,2533.0,2542.0,2530.1,2535.6,176509,10.176509420134037,2512.005,2538.647101661911,2528.470592241777,2495.539407758223,2485.362898338089,,
2023-08-10 09:30:00,ADANIENT,2536.0,2548.0,2534.05,2542.9,159613,10.931207536107193,2513.8450000000003,2542.462901329529,2531.5316937934217,2496.158306206579,2485.2270986704716,,
2023-08-10 09:35:00,ADANIENT,2541.2,2541.2,2532.2,2532.2,51108,10.544966028885755,2515.0150000000003,2542.621721063623,2532.0767550347373,2497.9532449652634,2487.4082789363774,,
2023-08-10 09:40:00,ADANIENT,2532.2,2542.0,2532.2,2536.0,72765,10.395972823108641,2516.425,2543.6416568508985,2533.24568402779,2499.6043159722103,2489.208343149102,,
2023-08-10 09:45:00,ADANIENT,2536.0,2538.9,2533.1,2535.1,20700,9.476778258486949,2517.8599999999997,2542.6702054807183,2533.1934272222315,2502.526572777768,2493.049794519281,,
2023-08-10 09:50:00,ADANIENT,2535.6,2546.0,2534.0,2541.9,105594,9.98142260678956,2519.5724999999998,2545.703864384575,2535.722441777785,2503.4225582222143,2493.4411356154246,,
2023-08-10 09:55:00,ADANIENT,2543.0,2548.0,2531.9,2533.65,180242,11.20513808543163,2520.8,2550.13505150766,2538.9299134222288,2502.6700865777716,2491.46494849234,2548.0,
2023-08-10 10:00:00,ADANIENT,2532.55,2541.0,2529.45,2539.95,78572,11.27411046834534,2522.2875,2551.803121206128,2540.5290107377828,2504.045989262217,2492.771878793872,,
2023-08-10 10:05:00,ADANIENT,2539.6,2545.0,2535.55,2545.0,64754,10.909288374676235,2523.96,2552.5205169649025,2541.6112285902263,2506.3087714097737,2495.3994830350975,,
2023-08-10 10:10:00,ADANIENT,2543.8,2544.7,2538.1,2541.95,64373,10.047430699740971,2525.2575,2551.561673571922,2541.514242872181,2509.0007571278193,2498.9533264280785,,
2023-08-10 10:15:00,ADANIENT,2541.95,2545.35,2539.55,2545.0,61808,9.197944559792722,2527.0075,2551.0877188575373,2541.8897742977447,2512.1252257022556,2502.927281142463,,
2023-08-10 10:20:00,ADANIENT,2545.0,2546.0,2536.95,2538.1,78846,9.168355647834215,2528.57,2552.57275508603,2543.404399438196,2513.7356005618044,2504.56724491397,,
2023-08-10 10:25:00,ADANIENT,2537.9,2542.0,2535.0,2538.65,74007,8.734684518267372,2530.2,2553.0674040688236,2544.3327195505562,2516.0672804494434,2507.332595931176,,
2023-08-10 10:30:00,ADANIENT,2538.65,2542.0,2528.3,2532.0,113577,9.727747614613861,2531.3975,2556.8647432550592,2547.136995640445,2515.658004359555,2505.930256744941,,
2023-08-10 10:35:00,ADANIENT,2530.65,2533.35,2525.45,2529.95,92209,9.362198091691107,2532.49,2557.000234604047,2547.638036512356,2517.3419634876436,2507.9797653959527,,
2023-08-10 10:40:00,ADANIENT,2530.15,2533.25,2528.0,2529.0,78727,8.539758473352887,2533.49,2555.8470876832375,2547.3073292098848,2519.672670790115,2511.132912316762,,
2023-08-10 10:45:00,ADANIENT,2528.1,2535.0,2528.1,2533.15,71028,8.211806778682329,2534.7875,2556.2860101465903,2548.074203367908,2521.500796632092,2513.2889898534095,,
2023-08-10 10:50:00,ADANIENT,2533.15,2544.0,2531.25,2543.3,131074,9.119445422945864,2536.6525,2560.5272081172725,2551.4077626943267,2521.8972373056736,2512.777791882728,,
2023-08-10 10:55:00,ADANIENT,2543.4,2545.0,2538.5,2543.05,187014,8.595556338356692,2537.4725,2559.9756664938177,2551.380110155461,2523.564889844539,2514.969333506182,,
2023-08-10 11:00:00,ADANIENT,2544.8,2549.9,2542.2,2545.0,196743,8.416445070685409,2538.0724999999998,2560.1067531950544,2551.6903081243686,2524.454691875631,2516.038246804945,,
2023-08-10 11:05:00,ADANIENT,2545.0,2547.0,2538.95,2539.35,88322,8.343156056548365,2538.2599999999998,2560.1023825560433,2551.759226499495,2524.7607735005045,2516.4176174439563,,
2023-08-10 11:10:00,ADANIENT,2540.0,2543.95,2538.95,2542.15,73637,7.674524845238692,2538.2225,2558.314406044835,2550.639881199596,2525.8051188004038,2518.130593955165,,
2023-08-10 11:15:00,ADANIENT,2542.1,2548.0,2541.1,2547.05,82325,7.519619876190973,2538.965,2558.651364835868,2551.1317449596772,2526.798255040323,2519.278635164132,,
2023-08-10 11:20:00,ADANIENT,2547.15,2550.0,2546.65,2549.4,252174,6.68569590095276,2539.635,2557.1381518686944,2550.4524559677416,2528.817544032259,2522.131848131306,,
2023-08-10 11:25:00,ADANIENT,2550.0,2550.0,2546.25,2548.1,89581,6.0985567207622084,2540.2850000000003,2556.2510214949557,2550.1524647741935,2530.417535225807,2524.318978505045,,
2023-08-10 11:30:00,ADANIENT,2547.75,2550.0,2546.0,2549.55,61894,5.678845376609767,2540.6675,2555.5347171959643,2549.8558718193544,2531.4791281806456,2525.8002828040358,,
2023-08-10 11:35:00,ADANIENT,2548.7,2561.75,2548.1,2560.3,161625,7.273076301287833,2542.0,2561.0409137567717,2553.767837455484,2530.232162544516,2522.9590862432283,,
2023-08-10 11:40:00,ADANIENT,2552.0,2554.85,2542.3,2542.8,175325,8.328461041030213,2542.1425000000004,2563.9464110054173,2555.617949964387,2528.6670500356136,2520.3385889945835,,
2023-08-10 11:45:00,ADANIENT,2542.45,2544.1,2539.15,2540.5,100383,7.652768832824134,2541.9175000000005,2561.952448804334,2554.2996799715097,2529.5353200284912,2521.882551195667,,
2023-08-10 11:50:00,ADANIENT,2541.0,2546.7,2540.95,2543.45,75577,7.362215066259272,2541.9925,2561.2667790434666,2553.9045639772075,2530.080436022792,2522.718220956533,,
2023-08-10 11:55:00,ADANIENT,2543.15,2546.95,2541.0,2541.0,74215,7.079772053007382,2541.7925,2560.3273432347733,2553.247571181766,2530.337428818234,2523.257656765227,,
2023-08-10 12:00:00,ADANIENT,2541.0,2543.9,2536.65,2542.5,87008,7.113817642405906,2542.0125,2560.6364745878186,2553.5226569454126,2530.502343054587,2523.388525412181,,
2023-08-10 12:05:00,ADANIENT,2542.7,2547.9,2541.15,2545.4,75043,7.041054113924725,2542.35,2560.783479670255,2553.74242555633,2530.9575744436697,2523.916520329745,,
2023-08-10 12:10:00,ADANIENT,2545.2,2548.8,2542.6,2544.1,81738,6.8728432911398345,2542.955,2560.948103736204,2554.075260445064,2531.834739554936,2524.961896263796,,
2023-08-10 12:15:00,ADANIENT,2544.15,2555.0,2544.05,2548.85,109175,7.688274632911831,2543.9,2564.0279029889634,2556.3396283560514,2531.4603716439487,2523.7720970110367,,
2023-08-10 12:20:00,ADANIENT,2549.75,2550.0,2547.0,2548.55,93418,6.750619706329465,2544.8775,2562.5506223911707,2555.8000026848413,2533.954997315159,2527.2043776088294,,
2023-08-10 12:25:00,ADANIENT,2548.55,2553.95,2547.25,2552.1,56805,6.740495765063535,2545.825,2563.4716179129364,2556.7311221478726,2534.918877852127,2528.1783820870633,,
2023-08-10 12:30:00,ADANIENT,2552.0,2560.0,2551.85,2553.7,121686,7.022396612050847,2546.345,2564.7296343303487,2557.707237718298,2534.9827622817015,2527.960365669651,,
2023-08-10 12:35:00,ADANIENT,2556.0,2558.0,2552.1,2558.0,109503,6.797917289640696,2547.0924999999997,2564.889447464279,2558.0915301746386,2536.093469825361,2529.2955525357206,,
2023-08-10 12:40:00,ADANIENT,2558.0,2567.55,2557.15,2562.55,288405,7.518333831712576,2547.9700000000003,2567.6529979714237,2560.1346641397113,2535.8053358602892,2528.287002028577,,
2023-08-10 12:45:00,ADANIENT,2561.8,2563.6,2557.4,2559.0,168976,7.254667065370025,2548.9525000000003,2567.945218377139,2560.690551311769,2537.2144486882316,2529.9597816228616,,
2023-08-10 12:50:00,ADANIENT,2559.65,2568.0,2559.0,2560.85,108461,7.603733652296021,2549.8875,2569.794074701711,2562.1903410494147,2537.584658950585,2529.9809252982886,,
2023-08-10 12:55:00,ADANIENT,2560.85,2564.0,2558.0,2562.65,71402,7.282986921836817,2550.6675,2569.734359761369,2562.451372839532,2538.883627160468,2531.600640238631,,
2023-08-10 13:00:00,ADANIENT,2562.8,2574.9,2562.25,2567.65,244245,8.356389537469472,2551.58,2573.457027809095,2565.1006382716255,2538.0593617283744,2529.702972190905,,
2023-08-10 13:05:00,ADANIENT,2567.55,2569.8,2562.7,2566.05,82860,8.10511162997565,2552.4775,2573.6966822472764,2565.5915706173005,2539.3634293826995,2531.2583177527235,,
2023-08-10 13:10:00,ADANIENT,2566.0,2571.0,2564.5,2568.65,112379,7.78408930398052,2553.4325,2573.811245797821,2566.0271564938403,2540.8378435061595,2533.053754202179,,
2023-08-10 13:15:00,ADANIENT,2568.85,2571.0,2566.0,2566.45,69205,7.227271443184416,2553.7400000000002,2572.660996638257,2565.433725195073,2542.0462748049276,2534.8190033617434,,
2023-08-10 13:20:00,ADANIENT,2567.1,2569.55,2566.0,2566.9,58911,6.49181715454757,2554.9449999999997,2571.940577310605,2565.4487601560577,2544.4412398439417,2537.9494226893944,,
2023-08-10 13:25:00,ADANIENT,2567.05,2567.1,2558.1,2563.3,94244,6.993453723638056,2556.085,2574.3938618484844,2567.4004081248463,2544.7695918751538,2537.7761381515156,,
2023-08-10 13:30:00,ADANIENT,2563.3,2570.0,2559.95,2568.45,93548,7.6047629789104825,2557.335,2577.244269478788,2569.6395064998774,2545.0304935001227,2537.4257305212122,,
2023-08-10 13:35:00,ADANIENT,2568.7,2577.5,2567.7,2571.8,168218,8.043810383128424,2558.875,2579.9336955830304,2571.889885199902,2545.860114800098,2537.8163044169696,,
2023-08-10 13:40:00,ADANIENT,2570.35,2571.1,2558.45,2560.0,132999,8.965048306502759,2559.75,2583.2204964664243,2574.2554481599213,2545.2445518400787,2536.2795035335757,,
2023-08-10 13:45:00,ADANIENT,2560.0,2565.0,2557.0,2561.0,100222,8.772038645202207,2560.5299999999997,2583.4951971731393,2574.723158527937,2546.3368414720626,2537.56480282686,,
2023-08-10 13:50:00,ADANIENT,2560.7,2562.15,2545.2,2548.85,162949,10.407630916161821,2560.7675,2588.0146777385116,2577.6070468223497,2543.92795317765,2533.520322261488,,
2023-08-10 13:55:00,ADANIENT,2549.0,2552.8,2536.95,2540.5,142968,11.49610473292953,2560.35,2590.446802190809,2578.95069745788,2541.74930254212,2530.2531978091906,,2536.95
2023-08-10 14:00:00,ADANIENT,2537.55,2547.6,2537.4,2546.25,95896,11.236883786343588,2560.2349999999997,2589.653161752647,2578.416277966304,2542.0537220336955,2530.8168382473523,,
2023-08-10 14:05:00,ADANIENT,2545.7,2547.4,2540.15,2543.75,114915,10.439507029074871,2559.8175,2587.1481294021182,2576.7086223730435,2542.9263776269568,2532.486870597882,,
2023-08-10 14:10:00,ADANIENT,2543.75,2546.2,2540.15,2545.5,62373,9.561605623259844,2559.4075000000003,2584.4397835216946,2574.878177898435,2543.9368221015657,2534.375216478306,,
2023-08-10 14:15:00,ADANIENT,2547.0,2551.1,2544.0,2549.95,158421,9.069284498607857,2559.005,2582.7483868173554,2573.6791023187475,2544.3308976812527,2535.261613182645,,
2023-08-10 14:20:00,ADANIENT,2550.0,2556.0,2547.65,2555.0,90010,8.925427598886268,2558.6275,2581.9942694538845,2573.068841854998,2544.186158145002,2535.2607305461156,,
2023-08-10 14:25:00,ADANIENT,2554.65,2555.0,2552.55,2554.9,60460,7.630342079108979,2558.4224999999997,2578.398735563107,2570.768393483998,2546.0766065160014,2538.4462644368923,,
2023-08-10 14:30:00,ADANIENT,2554.0,2555.0,2548.05,2549.75,90328,7.494273663287148,2557.8675,2577.4875084504856,2569.9932347871986,2545.741765212801,2538.247491549514,,
2023-08-10 14:35:00,ADANIENT,2549.75,2553.75,2548.0,2551.55,56110,7.1454189306297184,2557.3125,2576.0192067603884,2568.873787829759,2545.751212170241,2538.6057932396116,,
2023-08-10 14:40:00,ADANIENT,2551.85,2561.25,2549.25,2559.3,100250,8.116335144503775,2556.895,2578.1435654083107,2570.0272302638073,2543.7627697361927,2535.6464345916893,,
2023-08-10 14:45:00,ADANIENT,2560.0,2561.8,2557.0,2558.6,102465,7.453068115603057,2556.5225,2576.034632326649,2568.5815642110456,2544.4634357889545,2537.010367673351,,
2023-08-10 14:50:00,ADANIENT,2558.6,2561.0,2557.1,2559.7,79876,6.742454492482464,2556.075,2573.7267458613187,2566.9842913688362,2545.1657086311634,2538.423254138681,,
2023-08-10 14:55:00,ADANIENT,2559.0,2565.0,2558.4,2559.8,156509,6.713963593985953,2555.7425,2573.319656689055,2566.605693095069,2544.8793069049307,2538.1653433109445,,
2023-08-10 15:00:00,ADANIENT,2559.75,2560.0,2552.0,2554.25,44117,6.971170875188763,2555.11,2573.360525351244,2566.3893544760554,2543.830645523945,2536.859474648756,,
2023-08-10 15:05:00,ADANIENT,2553.1,2559.0,2553.1,2557.75,33796,6.756936700151029,2554.8325,2572.522160280995,2565.765223580844,2543.899776419156,2537.1428397190048,,
2023-08-10 15:10:00,ADANIENT,2557.9,2558.65,2550.55,2551.5,94068,7.025549360120806,2553.985,2572.3778882247966,2565.3523388646754,2542.617661135325,2535.5921117752036,,
2023-08-10 15:15:00,ADANIENT,2551.45,2552.25,2547.0,2551.9,61616,6.670439488096645,2552.9900000000002,2570.453210579837,2563.7827710917404,2542.19722890826,2535.5267894201634,,
2023-08-10 15:20:00,ADANIENT,2551.9,2557.05,2548.9,2554.05,90382,6.966351590477335,2552.6925,2570.9304084638698,2563.9640568733926,2541.4209431266077,2534.4545915361305,,
2023-08-10 15:25:00,ADANIENT,2555.0,2556.5,2548.7,2549.0,109068,7.133081272381904,2552.0924999999997,2570.7669067710954,2563.6338254987136,2540.551174501286,2533.418093228904,,
2023-08-11 09:15:00,ADANIENT,2550.05,2553.8,2531.15,2538.0,143690,10.236465017905541,2551.55,2578.349065416877,2568.112600398971,2534.987399601029,2524.7509345831236,,
2023-08-11 09:20:00,ADANIENT,2538.45,2538.7,2521.6,2522.75,103308,11.609172014324415,2550.6625,2581.055312333501,2569.4461403191767,2531.878859680823,2520.2696876664986,,
2023-08-11 09:25:00,ADANIENT,2522.85,2531.0,2518.2,2528.3,60474,11.847337611459569,2549.7650000000003,2580.7813298668016,2568.9339922553418,2530.596007744659,2518.748670133199,,
2023-08-11 09:30:00,ADANIENT,2528.15,2533.45,2527.0,2530.0,36688,10.76787008916762,2549.0775000000003,2577.267783893441,2566.4999138042735,2531.655086195727,2520.8872161065597,,
2023-08-11 09:35:00,ADANIENT,2530.0,2537.0,2529.3,2533.4,29648,10.154296071334059,2548.4725000000003,2575.0564471147527,2564.9021510434186,2532.042848956582,2521.888552885248,,2529.3
2023-08-11 09:40:00,ADANIENT,2533.4,2533.95,2529.4,2530.75,15534,9.033436857067192,2547.5125,2571.1620376918017,2562.1286008347347,2532.896399165265,2523.862962308198,,
2023-08-11 09:45:00,ADANIENT,2531.45,2540.35,2530.75,2538.95,89077,9.146749485653736,2546.71,2570.6561901534415,2561.5094406677877,2531.9105593322124,2522.7638098465586,,
2023-08-11 09:50:00,ADANIENT,2538.2,2543.05,2534.65,2540.8,95931,8.997399588523006,2546.005,2569.5601921227535,2560.5627925342305,2531.4472074657697,2522.4498078772467,,
2023-08-11 09:55:00,ADANIENT,2540.25,2540.4,2536.1,2538.5,88966,8.05791967081844,2545.4425,2566.5381336982027,2558.480214027384,2532.404785972616,2524.3468663017975,,
2023-08-11 10:00:00,ADANIENT,2538.4,2545.0,2538.0,2544.0,80987,7.846335736654753,2545.065,2565.606706958562,2557.7603712219075,2532.3696287780926,2524.523293041438,,
2023-08-11 10:05:00,ADANIENT,2543.4,2548.85,2542.0,2544.0,108508,7.647068589323785,2544.3,2564.32002556685,2556.672956977526,2531.927043022474,2524.2799744331505,,
2023-08-11 10:10:00,ADANIENT,2544.45,2550.0,2542.35,2546.25,151799,7.647654871459046,2543.6825,2563.7040604534795,2556.0564055820205,2531.3085944179793,2523.6609395465202,,
2023-08-11 10:15:00,ADANIENT,2546.05,2550.0,2542.3,2548.95,85468,7.658123897167201,2543.145,2563.193968362784,2555.5358444656167,2530.7541555343832,2523.096031637216,,
2023-08-11 10:20:00,ADANIENT,2549.5,2558.55,2549.0,2550.0,189431,8.046499117733834,2542.6549999999997,2563.720734690227,2555.674235572493,2529.6357644275063,2521.5892653097726,,
2023-08-11 10:25:00,ADANIENT,2550.0,2550.0,2544.15,2548.4,80576,7.607199294187049,2542.3625,2562.2781477521817,2554.6709484579947,2530.0540515420057,2522.4468522478187,,
2023-08-11 10:30:00,ADANIENT,2549.35,2559.95,2548.65,2555.5,84223,8.395759435349586,2542.25,2564.230098201745,2555.834338766396,2528.665661233604,2520.269901798255,,
2023-08-11 10:35:00,ADANIENT,2555.1,2560.0,2552.65,2558.85,86911,8.18660754827965,2542.6175,2564.050038561396,2555.8634310131165,2529.371568986883,2521.1849614386038,2560.0,
2023-08-11 10:40:00,ADANIENT,2558.85,2562.5,2557.4,2559.1,101716,7.5692860386237015,2542.9775,2562.793890849117,2555.224604810493,2530.730395189507,2523.161109150883,,
2023-08-11 10:45:00,ADANIENT,2559.1,2560.0,2556.2,2557.25,72858,6.815428830898997,2543.1375,2560.9802926792936,2554.1648638483944,2532.1101361516053,2525.294707320706,,
2023-08-11 10:50:00,ADANIENT,2557.3,2559.95,2549.0,2549.0,129396,7.642343064719162,2543.1375,2563.1451541434344,2555.5028110787152,2530.7721889212844,2523.129845856565,,
2023-08-11 10:55:00,ADANIENT,2549.05,2549.5,2544.0,2547.2,124671,7.213874451775331,2543.5975000000003,2562.483423314748,2555.269548862973,2531.9254511370277,2524.7115766852526,,
2023-08-11 11:00:00,ADANIENT,2547.6,2550.0,2538.55,2543.05,122791,8.061099561420228,2544.6125,2565.7164586517983,2557.655359090378,2531.569640909622,2523.508541348202,,
2023-08-11 11:05:00,ADANIENT,2543.5,2550.0,2542.35,2549.95,89840,7.978879649136201,2545.695,2566.5837069214385,2558.6048272723024,2532.785172727698,2524.806293078562,,
2023-08-11 11:10:00,ADANIENT,2549.95,2560.0,2549.95,2557.75,114600,8.393103719308998,2547.0825,2569.055645537151,2560.662541817842,2533.502458182158,2525.109354462849,,
2023-08-11 11:15:00,ADANIENT,2558.45,2562.0,2553.0,2553.1,115804,8.5144829754472,2548.0675,2570.358416429721,2561.8439334542736,2534.2910665457266,2525.7765835702794,,
2023-08-11 11:20:00,ADANIENT,2553.2,2560.0,2553.0,2556.5,89674,8.21158638035776,2549.355,2570.8529331437767,2562.641346763419,2536.068653236581,2527.8570668562234,,
2023-08-11 11:25:00,ADANIENT,2556.5,2558.0,2554.0,2556.0,93814,7.369269104286208,2550.2075,2569.5002465150214,2562.130977410735,2538.284022589265,2530.9147534849785,,
2023-08-11 11:30:00,ADANIENT,2556.0,2558.0,2554.0,2556.15,88678,6.695415283428967,2550.975,2568.5035972120168,2561.808181928588,2540.1418180714118,2533.446402787983,,
2023-08-11 11:35:00,ADANIENT,2556.25,2558.0,2545.0,2547.65,173516,7.956332226743173,2551.4325,2572.2621777696136,2564.3058455428704,2538.5591544571294,2530.602822230386,,
2023-08-11 11:40:00,ADANIENT,2547.65,2550.0,2544.0,2548.1,107371,7.565065781394539,2551.6375,2571.4428422156907,2563.8777764342963,2539.3972235657034,2531.832157784309,,
2023-08-11 11:45:00,ADANIENT,2548.3,2550.0,2545.3,2546.9,97136,6.992052625115596,2551.7825,2570.0876937725525,2563.0956411474367,2540.469358852563,2533.477306227447,,
2023-08-11 11:50:00,ADANIENT,2546.55,2548.8,2544.15,2546.85,102950,6.523642100092496,2551.8125,2568.891395018042,2562.3677529179495,2541.2572470820505,2534.733604981958,,
2023-08-11 11:55:00,ADANIENT,2546.85,2556.05,2546.25,2554.95,81816,7.178913680074033,2552.1125,2570.906896014434,2563.72798233436,2540.49701766564,2533.3181039855663,,
2023-08-11 12:00:00,ADANIENT,2554.95,2558.0,2554.5,2556.5,81099,6.443130944059227,2552.4375,2569.305616811547,2562.862485867488,2542.012514132512,2535.569383188453,,
2023-08-11 12:05:00,ADANIENT,2557.0,2562.0,2556.35,2560.15,111718,6.284504755247401,2553.025,2569.477833449238,2563.19332869399,2542.85667130601,2536.572166550762,,
2023-08-11 12:10:00,ADANIENT,2559.85,2565.0,2559.0,2563.25,126349,6.227603804197921,2553.4125,2569.71636675939,2563.488762955192,2543.3362370448076,2537.10863324061,,
2023-08-11 12:15:00,ADANIENT,2563.1,2566.55,2558.35,2563.25,91754,6.6220830433583915,2553.6325,2570.9691134075124,2564.347030364154,2542.9179696358465,2536.295886592488,,
2023-08-11 12:20:00,ADANIENT,2563.15,2566.65,2562.15,2564.65,81635,6.197666434686714,2553.9100000000003,2570.13549072601,2563.9378242913235,2543.882175708677,2537.6845092739904,,
2023-08-11 12:25:00,ADANIENT,2565.0,2568.0,2558.0,2558.8,136091,6.958133147749372,2553.9875,2572.203892580808,2565.2457594330585,2542.729240566942,2535.7711074191925,,
2023-08-11 12:30:00,ADANIENT,2558.2,2560.0,2555.25,2556.0,82567,6.516506518199498,2554.3375,2571.397714064646,2564.881207546447,2543.793792453553,2537.277285935354,,
2023-08-11 12:35:00,ADANIENT,2557.1,2563.0,2556.05,2558.85,75112,6.613205214559599,2554.9199999999996,2572.2333712517166,2565.620166037157,2544.219833962842,2537.6066287482827,,
2023-08-11 12:40:00,ADANIENT,2559.8,2563.0,2558.1,2561.5,69711,6.270564171647698,2555.8425,2572.2588370013736,2565.988272829726,2545.6967271702742,2539.4261629986268,,
2023-08-11 12:45:00,ADANIENT,2561.6,2563.9,2559.95,2562.85,70802,5.806451337318213,2556.4875,2571.6887896010994,2565.882338263781,2547.0926617362193,2541.286210398901,,
2023-08-11 12:50:00,ADANIENT,2564.55,2564.55,2553.7,2553.9,112884,6.815161069854644,2556.2949999999996,2574.137091680879,2567.3219306110245,2545.2680693889747,2538.45290831912,,
2023-08-11 12:55:00,ADANIENT,2553.7,2558.45,2552.2,2554.7,98387,6.702128855883715,2556.375,2573.9211733447037,2567.2190444888197,2545.5309555111803,2538.8288266552963,,
2023-08-11 13:00:00,ADANIENT,2554.15,2562.05,2554.05,2559.15,94395,6.961703084706972,2556.5075,2574.733238675763,2567.771535591056,2545.2434644089444,2538.2817613242373,,
2023-08-11 13:05:00,ADANIENT,2561.8,2561.8,2553.35,2555.0,112704,7.259362467765633,2556.4575,2575.4625109406106,2568.203148472845,2544.711851527155,2537.4524890593893,,
2023-08-11 13:10:00,ADANIENT,2555.15,2558.0,2554.05,2555.7,83475,6.59748997421247,2556.435,2573.7072287524884,2567.1097387782756,2545.7602612217242,2539.1627712475115,,
2023-08-11 13:15:00,ADANIENT,2555.9,2558.0,2552.35,2556.0,96135,6.407991979369995,2556.8525,2573.6286230019905,2567.2206310226206,2546.4843689773793,2540.0763769980094,,
2023-08-11 13:20:00,ADANIENT,2556.0,2558.0,2555.05,2556.35,90195,5.71639358349596,2557.265,2572.2305184015922,2566.514124818096,2548.0158751819035,2542.2994815984075,,
2023-08-11 13:25:00,ADANIENT,2556.25,2560.8,2555.5,2558.0,77666,5.633114866796804,2557.8199999999997,2572.5674947212738,2566.934379854477,2548.7056201455225,2543.0725052787257,,
2023-08-11 13:30:00,ADANIENT,2557.9,2562.0,2557.3,2562.0,118451,5.446491893437408,2558.5775,2572.836415777019,2567.3899238835816,2549.765076116418,2544.318584222981,,
2023-08-11 13:35:00,ADANIENT,2561.25,2561.45,2557.95,2559.7,60669,5.057193514749926,2558.815,2572.0547326216156,2566.9975391068656,2550.6324608931345,2545.5752673783845,,
2023-08-11 13:40:00,ADANIENT,2558.9,2562.0,2558.1,2561.05,72506,4.825754811799959,2559.0425,2571.6763260972925,2566.850571285492,2551.234428714508,2546.4086739027075,,
2023-08-11 13:45:00,ADANIENT,2560.75,2562.0,2558.0,2560.0,85241,4.660603849439967,2559.035,2571.236460877834,2566.575857028394,2551.494142971606,2546.833539122166,,
2023-08-11 13:50:00,ADANIENT,2560.0,2562.75,2548.15,2549.95,158497,6.648483079551957,2558.37,2575.775728702267,2569.127245622715,2547.612754377285,2540.964271297733,,
2023-08-11 13:55:00,ADANIENT,2550.0,2554.95,2549.75,2553.05,105257,6.358786463641529,2557.8599999999997,2574.5073029618134,2568.148516498172,2547.5714835018275,2541.212697038186,,
2023-08-11 14:00:00,ADANIENT,2551.35,2554.45,2550.0,2551.0,91805,5.9770291709131875,2557.1775,2572.8253623694504,2566.848333198537,2547.5066668014624,2541.529637630549,,
2023-08-11 14:05:00,ADANIENT,2551.0,2553.0,2547.0,2549.9,91996,5.98162333673055,2556.7325,2572.3923898955604,2566.41076655883,2547.0542334411703,2541.0726101044397,,
2023-08-11 14:10:00,ADANIENT,2549.35,2553.6,2549.3,2551.55,81634,5.645298669384386,2556.51,2571.2893919164485,2565.644093247064,2547.3759067529363,2541.730608083552,,
2023-08-11 14:15:00,ADANIENT,2551.8,2555.0,2551.0,2552.65,88741,5.316238935507508,2556.2,2570.1179135331586,2564.801674597651,2547.5983254023486,2542.282086466841,,
2023-08-11 14:20:00,ADANIENT,2552.65,2557.8,2551.35,2556.75,126165,5.542991148406061,2555.9625,2570.474050826527,2564.931059678121,2546.993940321879,2541.450949173473,,
2023-08-11 14:25:00,ADANIENT,2554.0,2557.9,2552.95,2554.25,97977,5.424392918724903,2555.5325,2569.7335606612214,2564.309167742497,2546.755832257503,2541.331439338778,,
2023-08-11 14:30:00,ADANIENT,2553.55,2556.4,2549.05,2550.0,103276,5.809514334979905,2555.3375,2570.5468085289776,2564.7372941939975,2545.9377058060027,2540.1281914710225,,
2023-08-11 14:35:00,ADANIENT,2549.9,2557.0,2549.9,2553.45,138141,6.067611467983906,2555.275,2571.160006823182,2565.0923953551983,2545.457604644802,2539.3899931768183,,
2023-08-11 14:40:00,ADANIENT,2554.7,2556.9,2550.1,2552.5,139148,6.214089174387162,2554.9425,2571.2109854585456,2564.9968962841585,2544.8881037158417,2538.6740145414547,,
2023-08-11 14:45:00,ADANIENT,2552.35,2562.0,2552.35,2560.5,149627,6.901271339509749,2555.2174999999997,2573.2850283668363,2566.3837570273267,2544.0512429726728,2537.149971633163,,
2023-08-11 14:50:00,ADANIENT,2560.5,2566.0,2554.45,2555.95,168633,7.831017071607835,2555.23,2575.7316026934695,2567.9005856218614,2542.5594143781386,2534.7283973065305,,
2023-08-11 14:55:00,ADANIENT,2556.0,2556.0,2550.0,2550.95,43451,7.4648136572862684,2554.9775,2574.5203821547752,2567.0555684974893,2542.8994315025107,2535.4346178452247,,
2023-08-11 15:00:00,ADANIENT,2550.8,2551.15,2543.05,2545.0,46940,7.591850925828997,2554.4100000000003,2574.285465723821,2566.693614797992,2542.126385202009,2534.53453427618,,
2023-08-11 15:05:00,ADANIENT,2545.05,2547.45,2535.8,2540.0,64923,8.403480740663124,2553.51,2575.510312579056,2567.106831838393,2539.9131681616072,2531.5096874209444,,
2023-08-11 15:10:00,ADANIENT,2539.65,2541.5,2537.05,2539.0,25034,7.612784592530463,2552.36,2572.290270063245,2564.6774854707146,2540.0425145292857,2532.4297299367554,,
2023-08-11 15:15:00,ADANIENT,2538.8,2541.5,2538.0,2539.05,42635,6.790227674024371,2551.3275,2569.1043160505956,2562.3140883765714,2540.3409116234284,2533.550683949404,,
2023-08-11 15:20:00,ADANIENT,2540.0,2541.8,2532.1,2533.45,65436,7.372182139219552,2549.9475,2569.247872840477,2561.8756907012576,2538.019309298743,2530.6471271595233,,
2023-08-11 15:25:00,ADANIENT,2533.4,2538.55,2528.35,2538.0,50629,7.937745711375696,2548.8475000000003,2569.628518272382,2561.6907725610063,2536.0042274389943,2528.066481727619,,
2023-08-14 09:15:00,ADANIENT,2480.0,2480.0,2422.75,2474.15,605588,17.800196569100557,2545.0575,2591.6584146179052,2573.8582180488047,2516.256781951195,2498.4565853820945,,
2023-08-14 09:20:00,ADANIENT,2473.55,2483.65,2443.4,2446.95,269711,22.290157255280448,2539.7525,2598.108131694324,2575.8179744390436,2503.6870255609565,2481.396868305676,,
2023-08-14 09:25:00,ADANIENT,2447.75,2455.05,2440.7,2446.85,142582,20.70212580422443,2534.545,2588.7431653554595,2568.0410395512354,2501.048960448765,2480.3468346445406,,
2023-08-14 09:30:00,ADANIENT,2446.0,2446.35,2400.25,2402.3,395848,25.78170064337953,2527.165,2594.6614922843673,2568.879791640988,2485.450208359012,2459.6685077156326,,
2023-08-14 09:35:00,ADANIENT,2403.0,2426.0,2402.2,2426.0,240541,25.385360514703663,2520.8875,2587.346373827494,2561.9610133127903,2479.8139866872093,2454.4286261725056,,
2023-08-14 09:40:00,ADANIENT,2426.1,2432.0,2417.9,2426.95,188048,23.128288411762913,2514.6025,2575.1523590619954,2552.0240706502323,2477.1809293497677,2454.0526409380045,,
2023-08-14 09:45:00,ADANIENT,2426.4,2440.55,2425.0,2437.1,188346,21.61263072941037,2508.62,2565.201867249596,2543.5892365201858,2473.650763479814,2452.0381327504037,,
2023-08-14 09:50:00,ADANIENT,2438.0,2439.55,2430.0,2431.7,123827,19.200104583528333,2502.4925,2552.758373799677,2533.558269216149,2471.426730783851,2452.2266262003227,,
2023-08-14 09:55:00,ADANIENT,2430.45,2438.0,2428.05,2431.35,113908,17.35008366682263,2496.5600000000004,2541.982519039742,2524.6324353729196,2468.487564627081,2451.137480960259,,
2023-08-14 10:00:00,ADANIENT,2431.25,2440.0,2425.35,2436.05,159920,16.810066933458124,2490.6899999999996,2534.698755231793,2517.8886882983347,2463.4913117016645,2446.6812447682064,,
2023-08-14 10:05:00,ADANIENT,2436.9,2440.0,2427.5,2437.95,133339,15.9480535467665,2484.9625,2526.7145041854346,2510.766450638668,2459.158549361332,2443.2104958145655,,
2023-08-14 10:10:00,ADANIENT,2437.0,2438.4,2430.75,2431.55,93418,14.28844283741322,2478.515,2515.9221433483476,2501.6337005109344,2455.3962994890653,2441.107856651652,,
2023-08-14 10:15:00,ADANIENT,2433.85,2433.85,2425.0,2430.0,141180,13.200754269930558,2472.2174999999997,2506.7770746786778,2493.5763204087475,2450.858679591252,2437.6579253213217,,
2023-08-14 10:20:00,ADANIENT,2429.45,2432.0,2427.1,2428.05,81209,11.540603415944465,2466.0724999999998,2496.2857997429423,2484.7451963269978,2447.3998036730018,2435.859200257057,,
2023-08-14 10:25:00,ADANIENT,2428.15,2432.0,2423.8,2431.0,105621,10.872482732755536,2460.3725,2488.836659794354,2477.9641770615985,2442.7808229384013,2431.908340205646,,
2023-08-14 10:30:00,ADANIENT,2430.95,2435.0,2427.2,2428.2,103512,10.257986186204466,2454.7825,2481.637907835483,2471.3799216492785,2438.185078350721,2427.9270921645166,,
2023-08-14 10:35:00,ADANIENT,2428.25,2429.25,2421.0,2423.3,135944,9.856388948963573,2448.9975,2474.8015262683866,2464.945137319423,2433.049862680577,2423.1934737316133,,
2023-08-14 10:40:00,ADANIENT,2423.85,2432.0,2422.05,2430.0,99290,9.875111159170823,2443.545,2469.398041014709,2459.5229298555387,2427.5670701444615,2417.691958985291,,2422.05
2023-08-14 10:45:00,ADANIENT,2430.0,2438.6,2429.6,2438.6,186058,9.700088927336658,2438.8025,2464.197332811767,2454.4972438844306,2423.107756115569,2413.4076671882326,,
2023-08-14 10:50:00,ADANIENT,2437.15,2439.05,2430.9,2433.1,121295,9.390071141869345,2433.5575,2458.140706249414,2448.7506351075444,2418.3643648924553,2408.9742937505857,,
2023-08-14 10:55:00,ADANIENT,2433.1,2440.0,2432.5,2438.5,107878,9.012056913495478,2431.775,2455.3685649995314,2446.356508086036,2417.1934919139644,2408.181435000469,,
2023-08-14 11:00:00,ADANIENT,2438.6,2446.9,2433.35,2436.2,201424,9.91964553079642,2431.2375,2457.2071319996253,2447.287486468829,2415.1875135311716,2405.267868000375,,
2023-08-14 11:05:00,ADANIENT,2437.1,2443.95,2435.0,2442.0,135264,9.725716424637099,2430.995,2456.4569255997,2446.7312091750628,2415.258790824937,2405.5330744003,,
2023-08-14 11:10:00,ADANIENT,2441.55,2445.0,2441.0,2443.9,160018,8.58057313970968,2433.075,2455.5389404797597,2446.9583673400502,2419.1916326599494,2410.61105952024,,
2023-08-14 11:15:00,ADANIENT,2443.9,2445.0,2432.6,2435.8,124870,9.344458511767762,2433.5649999999996,2458.0287923838077,2448.68433387204,2418.445666127959,2409.1012076161915,,
2023-08-14 11:20:00,ADANIENT,2435.0,2442.6,2434.1,2442.6,167353,9.17556680941421,2434.3475,2458.369133907046,2449.1935670976322,2419.5014329023675,2410.3258660929537,,
2023-08-14 11:25:00,ADANIENT,2442.6,2468.35,2440.55,2465.0,314616,12.900453447531314,2435.7425,2469.5158871256367,2456.6154336781055,2414.869566321894,2401.969112874363,2468.35,
2023-08-14 11:30:00,ADANIENT,2466.0,2472.95,2448.0,2449.95,233704,15.310362758025015,2436.6549999999997,2476.737529700509,2461.4271669424843,2411.882833057515,2396.5724702994903,,
2023-08-14 11:35:00,ADANIENT,2449.4,2458.7,2448.35,2449.85,119997,14.318290206419995,2437.58,2475.0652837604075,2460.7469935539875,2414.4130064460123,2400.0947162395923,,
2023-08-14 11:40:00,ADANIENT,2449.0,2451.95,2445.0,2449.95,92829,12.84463216513596,2438.275,2471.902247008326,2459.05761484319,2417.49238515681,2404.647752991674,,
2023-08-14 11:45:00,ADANIENT,2451.55,2455.95,2446.35,2448.5,115152,12.19570573210875,2438.8025,2470.7308576066603,2458.535151874552,2419.0698481254476,2406.8741423933393,,
2023-08-14 11:50:00,ADANIENT,2448.1,2453.95,2446.45,2452.05,91777,11.256564585687002,2439.8275000000003,2469.297186085329,2458.040621499642,2421.6143785003587,2410.3578139146716,,
2023-08-14 11:55:00,ADANIENT,2452.45,2460.0,2451.35,2458.3,110117,10.73525166854962,2441.2425000000003,2469.3473888682634,2458.6121371997137,2423.872862800287,2413.1376111317372,,
2023-08-14 12:00:00,ADANIENT,2458.6,2458.9,2446.0,2453.7,121289,11.168201334839715,2442.525,2471.7633510946102,2460.5951497597707,2424.4548502402295,2413.28664890539,,
2023-08-14 12:05:00,ADANIENT,2453.7,2460.0,2452.2,2458.3,122022,10.494561067871809,2443.8900000000003,2471.3647608756887,2460.870199807817,2426.909800192184,2416.415239124312,,
2023-08-14 12:10:00,ADANIENT,2459.45,2460.0,2455.8,2457.6,121894,9.235648854297411,2445.36,2469.538928700551,2460.303279846253,2430.416720153747,2421.1810712994493,,
2023-08-14 12:15:00,ADANIENT,2459.2,2465.0,2457.55,2460.0,146497,8.878519083437894,2447.195,2470.4389629604407,2461.560443877003,2432.8295561229975,2423.9510370395597,,
2023-08-14 12:20:00,ADANIENT,2459.95,2468.0,2459.1,2466.5,100445,8.882815266750335,2449.02,2472.2752103683524,2463.3923951016022,2434.6476048983977,2425.7647896316475,,
2023-08-14 12:25:00,ADANIENT,2466.6,2468.0,2459.0,2461.6,117003,8.906252213400268,2450.17,2473.486568294682,2464.5803160812816,2435.7596839187186,2426.853431705318,,
2023-08-14 12:30:00,ADANIENT,2463.0,2463.0,2455.0,2455.55,78362,8.725001770720215,2451.2925000000005,2474.134554635746,2465.409552865026,2437.175447134975,2428.450445364255,,
2023-08-14 12:35:00,ADANIENT,2455.5,2461.0,2452.35,2459.95,87710,8.71000141657619,2452.3650000000002,2475.1677837085967,2466.4577822920205,2438.27221770798,2429.5622162914037,,
2023-08-14 12:40:00,ADANIENT,2459.95,2463.0,2458.6,2462.0,65258,7.848001133260971,2453.6549999999997,2474.201066966877,2466.353065833616,2440.9569341663837,2433.1089330331224,,
2023-08-14 12:45:00,ADANIENT,2462.0,2464.75,2460.15,2464.7,58859,7.198400906608759,2454.79,2473.635413573502,2466.4370126668928,2443.142987333107,2435.944586426498,,
2023-08-14 12:50:00,ADANIENT,2464.0,2468.0,2463.55,2466.2,77432,6.648720725286971,2455.9049999999997,2473.3113508588012,2466.662630133514,2445.1473698664854,2438.4986491411983,,
2023-08-14 12:55:00,ADANIENT,2467.45,2468.0,2460.05,2460.7,99888,6.908976580229541,2457.15,2475.237700687041,2468.3287241068115,2445.9712758931887,2439.062299312959,,
2023-08-14 13:00:00,ADANIENT,2460.5,2465.0,2460.5,2463.4,83969,6.427181264183633,2458.19,2475.0163605496327,2468.589179285449,2447.790820714551,2441.3636394503674,,
2023-08-14 13:05:00,ADANIENT,2463.9,2465.0,2462.0,2463.55,82672,5.741745011346907,2458.1175000000003,2473.1493884397064,2467.4076434283597,2448.827356571641,2443.085611560294,,
2023-08-14 13:10:00,ADANIENT,2463.6,2465.0,2461.6,2462.7,86060,5.273396009077544,2458.755,2472.560750751765,2467.2873547426875,2450.2226452573127,2444.949249248235,,
2023-08-14 13:15:00,ADANIENT,2463.3,2467.95,2462.5,2466.35,94410,5.308716807261999,2459.58,2473.478220601412,2468.16950379415,2450.99049620585,2445.681779398588,,
2023-08-14 13:20:00,ADANIENT,2466.5,2467.05,2461.15,2465.5,84164,5.426973445809618,2460.3575,2474.5653164811297,2469.13834303532,2451.5766569646803,2446.1496835188705,,
2023-08-14 13:25:00,ADANIENT,2465.3,2472.0,2463.95,2465.1,148911,5.951578756647732,2461.1875,2476.768733184904,2470.817154428256,2451.557845571744,2445.606266815096,,
2023-08-14 13:30:00,ADANIENT,2465.0,2472.0,2464.0,2469.4,138515,6.361263005318186,2462.055,2478.708786547923,2472.3475235426044,2451.762476457395,2445.4012134520767,,
2023-08-14 13:35:00,ADANIENT,2469.85,2471.6,2456.0,2457.35,143026,8.209010404254531,2462.0074999999997,2483.498689238338,2475.2896788340836,2448.725321165916,2440.5163107616613,,
2023-08-14 13:40:00,ADANIENT,2457.25,2459.35,2454.1,2456.1,112540,7.617208323403625,2462.1274999999996,2482.0693513906704,2474.4521430672667,2449.8028569327325,2442.185648609329,,
2023-08-14 13:45:00,ADANIENT,2456.45,2463.9,2455.4,2461.95,97504,7.793766658722901,2462.31,2482.7140811125364,2474.9203144538137,2449.699685546186,2441.9059188874635,,
2023-08-14 13:50:00,ADANIENT,2461.9,2470.0,2461.8,2468.35,75986,7.875013326978285,2462.8475,2483.464284890029,2475.5892715630507,2450.105728436949,2442.230715109971,,
2023-08-14 13:55:00,ADANIENT,2468.35,2471.0,2467.5,2467.55,77647,7.000010661582629,2463.225,2481.551027912023,2474.5510172504405,2451.8989827495593,2444.8989720879767,,
2023-08-14 14:00:00,ADANIENT,2467.95,2471.0,2467.0,2469.0,78090,6.4000085292661035,2463.35,2480.1052223296188,2473.7052138003523,2452.9947861996475,2446.594777670381,,
2023-08-14 14:05:00,ADANIENT,2469.05,2471.8,2469.0,2469.6,66937,5.680006823412919,2463.75,2478.620257863695,2472.940251040282,2454.559748959718,2448.879742136305,,
2023-08-14 14:10:00,ADANIENT,2471.4,2475.0,2469.25,2472.7,166398,5.694005458730335,2464.6074999999996,2479.514406290956,2473.8204008322255,2455.394599167774,2449.7005937090435,,
2023-08-14 14:15:00,ADANIENT,2473.8,2478.0,2472.3,2475.5,87520,5.695204366984232,2465.3849999999998,2480.2950450327644,2474.5998406657804,2456.170159334219,2450.474954967235,,
2023-08-14 14:20:00,ADANIENT,2475.55,2478.0,2467.85,2474.25,129189,6.586163493587405,2465.9975,2483.2400760262117,2476.6539125326244,2455.3410874673755,2448.754923973788,,
2023-08-14 14:25:00,ADANIENT,2475.65,2478.0,2473.1,2473.1,90325,6.248930794869942,2466.4175,2482.7772008209695,2476.5282700260996,2456.3067299739005,2450.0577991790306,,
2023-08-14 14:30:00,ADANIENT,2474.2,2477.85,2473.0,2474.6,85251,5.969144635895936,2466.8375,2482.4647206567756,2476.4955760208795,2457.1794239791207,2451.2102793432246,,
2023-08-14 14:35:00,ADANIENT,2474.45,2475.0,2468.85,2469.0,101346,6.0053157087167675,2467.2525,2482.9744165254206,2476.9691008167038,2457.5358991832964,2451.5305834745795,,
2023-08-14 14:40:00,ADANIENT,2469.15,2476.2,2468.05,2473.65,98121,6.434252566973341,2467.765,2484.609873220336,2478.175620653363,2457.354379346637,2450.920126779664,,
2023-08-14 14:45:00,ADANIENT,2474.2,2477.9,2473.0,2474.6,95879,6.127402053578692,2468.3175,2484.359038576269,2478.23163652269,2458.40336347731,2452.275961423731,,
2023-08-14 14:50:00,ADANIENT,2474.95,2478.0,2469.0,2470.0,133915,6.7019216428629536,2468.6825,2486.228130861015,2479.526209218152,2457.838790781848,2451.136869138985,,
2023-08-14 14:55:00,ADANIENT,2470.0,2471.7,2466.0,2469.9,96183,6.501537314290326,2468.8599999999997,2485.8810246888115,2479.3794873745214,2458.340512625478,2451.838975311188,,
2023-08-14 15:00:00,ADANIENT,2469.3,2471.6,2462.0,2462.15,59407,7.121229851432243,2468.6925,2487.3358797510496,2480.2146498996176,2457.1703501003826,2450.0491202489507,,
2023-08-14 15:05:00,ADANIENT,2462.0,2467.05,2457.0,2458.0,61133,7.706983881145831,2468.3375,2488.51438380084,2480.807399919694,2455.867600080306,2448.1606161991604,,
2023-08-14 15:10:00,ADANIENT,2458.0,2460.0,2455.0,2457.0,56088,7.165587104916665,2467.7174999999997,2486.4770070406717,2479.311419935755,2456.1235800642444,2448.957992959328,,
2023-08-14 15:15:00,ADANIENT,2457.45,2462.0,2456.2,2460.0,77538,6.892469683933369,2467.85,2485.8944856325375,2479.002015948604,2456.697984051396,2449.8055143674624,,
2023-08-14 15:20:00,ADANIENT,2459.9,2460.0,2444.1,2444.5,154536,8.693975747146713,2467.27,2490.03082850603,2481.336852758883,2453.2031472411168,2444.50917149397,,
2023-08-14 15:25:00,ADANIENT,2444.7,2448.85,2442.25,2446.95,100321,8.275180597717352,2466.52,2488.184422804824,2479.9092422071067,2453.1307577928933,2444.855577195176,,
2023-08-16 09:15:00,ADANIENT,2450.0,2450.0,2425.6,2436.15,135998,11.500144478173901,2464.91,2495.017378243859,2483.5172337656854,2446.3027662343143,2434.8026217561405,,
2023-08-16 09:20:00,ADANIENT,2436.15,2448.0,2435.5,2444.5,75933,11.700115582539121,2463.7574999999997,2494.388402595087,2482.688287012548,2444.8267129874516,2433.1265974049124,,
2023-08-16 09:25:00,ADANIENT,2444.55,2445.3,2432.35,2433.5,73296,11.950092466031352,2461.9824999999996,2493.26784207607,2481.3177496100384,2442.647250389961,2430.6971579239294,,
2023-08-16 09:30:00,ADANIENT,2432.8,2433.3,2422.0,2424.4,107528,11.820073972825119,2459.7225,2490.667453660856,2478.8473796880307,2440.597620311969,2428.7775463391436,,
2023-08-16 09:35:00,ADANIENT,2422.75,2432.75,2420.0,2431.0,66280,12.006059178260097,2457.6375,2489.0693629286848,2477.0633037504244,2438.211696249575,2426.205637071315,,
2023-08-16 09:40:00,ADANIENT,2430.5,2439.3,2428.0,2437.8,99423,11.864847342608115,2455.7525,2486.814670342948,2474.94982300034,2436.55517699966,2424.690329657052,,2428.0
2023-08-16 09:45:00,ADANIENT,2436.2,2450.0,2435.0,2447.85,117440,12.491877874086493,2454.4325,2487.1362362743585,2474.644358400272,2434.220641599728,2421.7287637256413,,
2023-08-16 09:50:00,ADANIENT,2447.8,2457.5,2445.25,2452.8,108012,12.443502299269195,2453.4175000000005,2485.994589019487,2473.551086720218,2433.283913279783,2420.8404109805138,,
2023-08-16 09:55:00,ADANIENT,2452.75,2452.9,2440.0,2446.15,112579,12.534801839415374,2451.995,2484.8111112155893,2472.276309376174,2431.7136906238256,2419.1788887844104,,
2023-08-16 10:00:00,ADANIENT,2447.8,2450.25,2445.5,2448.4,79876,10.9778414715323,2450.9649999999997,2479.7049889724713,2468.727147500939,2433.2028524990606,2422.225011027528,,
2023-08-16 10:05:00,ADANIENT,2449.0,2449.95,2445.85,2447.95,79608,9.602273177225822,2449.6800000000003,2474.8187511779774,2465.2164780007515,2434.143521999249,2424.541248822023,,
2023-08-16 10:10:00,ADANIENT,2448.05,2449.8,2444.3,2447.35,92439,8.781818541780657,2448.3175,2471.3083009423817,2462.5264824006013,2434.108517599399,2425.3266990576185,,
2023-08-16 10:15:00,ADANIENT,2446.75,2446.9,2441.1,2443.6,94478,8.185454833424561,2446.9975,2468.4270207539053,2460.2415659204808,2433.753434079519,2425.5679792460946,,
2023-08-16 10:20:00,ADANIENT,2443.6,2446.0,2438.1,2444.0,97475,8.128363866739667,2445.7025000000003,2466.982556603125,2458.854192736385,2432.5508072636158,2424.4224433968757,,
2023-08-16 10:25:00,ADANIENT,2446.8,2448.0,2443.0,2448.0,92029,7.502691093391734,2444.995,2464.6370452824995,2457.134354189108,2432.855645810892,2425.3529547175003,,
2023-08-16 10:30:00,ADANIENT,2446.85,2448.0,2443.15,2445.7,80930,6.97215287471337,2444.38,2462.633096226,2455.6609433512863,2433.099056648714,2426.1269037740003,,
2023-08-16 10:35:00,ADANIENT,2445.7,2449.5,2440.0,2446.9,88927,7.477722299770696,2443.875,2463.4516769807997,2455.9739546810288,2431.7760453189712,2424.2983230192003,,
2023-08-16 10:40:00,ADANIENT,2447.0,2455.0,2446.95,2454.35,99779,7.602177839816539,2443.5924999999997,2463.4950015846393,2455.892823744823,2431.2921762551764,2423.68999841536,,
2023-08-16 10:45:00,ADANIENT,2456.0,2460.0,2449.2,2457.75,160160,8.24174227185327,2444.255,2465.831881267712,2457.5901389958585,2430.9198610041417,2422.678118732288,2460.0,
2023-08-16 10:50:00,ADANIENT,2457.0,2459.0,2448.15,2450.0,90455,8.763393817482598,2444.4075,2467.350065014169,2458.5866711966864,2430.228328803313,2421.4649349858305,,
2023-08-16 10:55:00,ADANIENT,2450.0,2454.0,2445.05,2446.2,91887,8.800715053986043,2444.9100000000003,2467.950272011336,2459.14955695735,2430.6704430426507,2421.8697279886646,,
2023-08-16 11:00:00,ADANIENT,2445.85,2455.0,2445.85,2453.5,87836,8.870572043188853,2445.36,2468.5831576090686,2459.7125855658796,2431.0074144341206,2422.1368423909316,,
2023-08-16 11:05:00,ADANIENT,2453.3,2455.0,2449.2,2450.7,92479,8.256457634551118,2446.2200000000003,2467.8354060872553,2459.578948452704,2432.8610515472965,2424.6045939127453,,
2023-08-16 11:10:00,ADANIENT,2450.0,2452.0,2447.95,2448.9,93553,7.415166107640932,2447.445,2466.8579048698043,2459.442738762163,2435.447261237837,2428.032095130196,,
2023-08-16 11:15:00,ADANIENT,2448.65,2452.0,2448.15,2450.7,89526,6.702132886112728,2448.43,2465.976183895843,2459.27405100973,2437.5859489902696,2430.8838161041567,,
2023-08-16 11:20:00,ADANIENT,2450.55,2455.0,2449.15,2452.4,94567,6.531706308890165,2449.16,2466.2600071166744,2459.7283008077843,2438.5916991922154,2432.0599928833253,,
2023-08-16 11:25:00,ADANIENT,2452.4,2455.0,2452.0,2453.3,111557,5.8253650471121325,2449.4325,2464.6833056933397,2458.8579406462272,2440.0070593537725,2434.18169430666,,
2023-08-16 11:30:00,ADANIENT,2453.3,2459.0,2452.3,2455.1,123266,6.00029203768967,2449.5474999999997,2465.2562645546714,2459.2559725169817,2439.8390274830176,2433.838735445328,,
2023-08-16 11:35:00,ADANIENT,2455.15,2457.0,2452.35,2453.5,90805,5.730233630151755,2449.915,2464.9167516437374,2459.1865180135856,2440.6434819864144,2434.9132483562626,,
2023-08-16 11:40:00,ADANIENT,2455.0,2455.0,2449.3,2450.25,97780,5.7241869041213675,2450.0075,2464.99342131499,2459.2692344108686,2440.7457655891317,2435.0215786850104,,
2023-08-16 11:45:00,ADANIENT,2450.4,2455.0,2450.2,2453.4,97762,5.539349523297131,2450.2799999999997,2464.7820170519917,2459.2426675286947,2441.317332471305,2435.777982948008,,
2023-08-16 11:50:00,ADANIENT,2453.15,2456.9,2452.1,2455.0,96184,5.391479618637741,2450.6625,2464.7773936415933,2459.3859140229556,2441.939085977044,2436.5476063584065,,
2023-08-16 11:55:00,ADANIENT,2455.0,2459.95,2453.25,2453.35,107398,5.653183694910156,2451.15,2465.950034913275,2460.2968512183647,2442.0031487816354,2436.349965086725,,
2023-08-16 12:00:00,ADANIENT,2453.3,2458.35,2449.05,2450.05,133308,6.3825469559280705,2451.4525000000003,2468.16200793062,2461.779460974692,2441.1255390253086,2434.7429920693808,,
2023-08-16 12:05:00,ADANIENT,2449.1,2452.0,2448.65,2449.45,92292,5.776037564742439,2451.525,2466.6466663444958,2460.870628779753,2442.179371220247,2436.4033336555044,,
2023-08-16 12:10:00,ADANIENT,2449.45,2450.0,2448.2,2450.0,71599,4.980830051793988,2451.7400000000002,2464.779813075597,2459.798983023803,2443.6810169761975,2438.7001869244036,,
2023-08-16 12:15:00,ADANIENT,2449.0,2452.0,2449.0,2450.6,87390,4.5846640414351905,2451.925,2463.9276504604777,2459.3429864190425,2444.507013580958,2439.9223495395227,,
2023-08-16 12:20:00,ADANIENT,2450.5,2454.0,2450.5,2452.1,94584,4.367731233148152,2451.8125,2463.247220368382,2458.8794891352336,2444.7455108647664,2440.377779631618,,
2023-08-16 12:25:00,ADANIENT,2452.35,2456.0,2446.05,2450.0,164837,5.4841849865184855,2451.425,2465.7825962947054,2460.298411308187,2442.5515886918133,2437.067403705295,,
2023-08-16 12:30:00,ADANIENT,2449.6,2456.25,2448.45,2450.55,91814,5.947347989214824,2451.4525000000003,2467.022657035765,2461.07530904655,2441.8296909534506,2435.8823429642357,,
2023-08-16 12:35:00,ADANIENT,2450.55,2456.0,2450.0,2450.55,90274,5.95787839137186,2451.67,2467.2677256286115,2461.30984723724,2442.0301527627603,2436.0722743713886,,
2023-08-16 12:40:00,ADANIENT,2449.45,2449.45,2444.0,2446.35,116981,5.856302713097452,2451.3125,2466.644300502889,2460.7879977897915,2441.8370022102085,2435.980699497111,,
2023-08-16 12:45:00,ADANIENT,2446.35,2449.7,2443.25,2444.0,99307,5.975042170477925,2450.9775,2466.6201604023113,2460.6451182318333,2441.3098817681666,2435.3348395976886,,
2023-08-16 12:50:00,ADANIENT,2444.0,2452.0,2443.3,2449.6,94841,6.520033736382304,2451.0125,2468.081948321849,2461.561914585466,2440.4630854145335,2433.943051678151,,
2023-08-16 12:55:00,ADANIENT,2449.45,2451.85,2447.05,2448.8,97106,6.1760269891057895,2450.9175000000005,2467.0863386574792,2460.9103116683737,2440.9246883316273,2434.7486613425217,,
2023-08-16 13:00:00,ADANIENT,2450.95,2452.0,2449.15,2449.25,89182,5.580821591284595,2450.76,2465.3705909259834,2459.7897693346986,2441.730230665302,2436.149409074017,,
2023-08-16 13:05:00,ADANIENT,2449.25,2451.0,2447.45,2449.65,71629,5.174657273027712,2450.5775,2464.1247527407863,2458.9500954677587,2442.204904532241,2437.0302472592134,,
2023-08-16 13:10:00,ADANIENT,2449.55,2451.0,2448.0,2449.25,86271,4.739725818422171,2450.285,2462.693602192629,2457.953876374207,2442.6161236257926,2437.8763978073707,,
2023-08-16 13:15:00,ADANIENT,2451.0,2452.0,2449.2,2450.8,87369,4.351780654737773,2450.15,2461.5429617541035,2457.1911810993656,2443.1088189006346,2438.7570382458966,,
2023-08-16 13:20:00,ADANIENT,2450.55,2453.35,2449.7,2451.75,82951,4.211424523790237,2450.225,2461.2505094032826,2457.0390848794923,2443.4109151205075,2439.199490596717,,
2023-08-16 13:25:00,ADANIENT,2451.65,2452.2,2446.25,2448.1,100340,4.559139619032154,2449.96,2461.8958275226264,2457.336687903594,2442.583312096406,2438.0241724773737,,
2023-08-16 13:30:00,ADANIENT,2448.1,2450.0,2448.0,2448.3,84520,4.047311695225723,2449.625,2460.220862018101,2456.173550322875,2443.076449677125,2439.029137981899,,
2023-08-16 13:35:00,ADANIENT,2448.5,2450.0,2447.3,2448.05,97626,3.777849356180542,2449.3599999999997,2459.2504096144803,2455.4725602583,2443.2474397416995,2439.469590385519,,
2023-08-16 13:40:00,ADANIENT,2448.05,2450.0,2448.0,2449.5,80877,3.422279484944434,2449.3324999999995,2458.2920276915843,2454.8697482066395,2443.7952517933595,2440.372972308415,,
2023-08-16 13:45:00,ADANIENT,2448.6,2463.3,2448.5,2457.9,205372,5.697823587955584,2449.755,2464.6719021532676,2458.974078565312,2440.535921434688,2434.8380978467326,,
2023-08-16 13:50:00,ADANIENT,2457.9,2465.0,2457.0,2461.65,124988,6.1582588703644685,2450.3375,2466.4598217226144,2460.30156285225,2440.3734371477503,2434.215178277386,,
2023-08-16 13:55:00,ADANIENT,2461.6,2464.05,2459.1,2461.4,83672,5.91660709629163,2450.8775,2466.3671773780916,2460.4505702818,2441.3044297182,2435.3878226219085,,
2023-08-16 14:00:00,ADANIENT,2460.25,2461.7,2458.55,2458.85,75002,5.363285677033231,2451.215,2465.256081902473,2459.8927962254397,2442.5372037745606,2437.1739180975273,,
2023-08-16 14:05:00,ADANIENT,2459.0,2461.0,2457.1,2459.3,83825,5.070628541626602,2451.6800000000003,2464.9549055219786,2459.8842769803523,2443.4757230196483,2438.405094478022,,
2023-08-16 14:10:00,ADANIENT,2460.0,2461.25,2458.0,2458.4,76933,4.706502833301283,2452.0724999999998,2464.3941244175826,2459.6876215842813,2444.4573784157183,2439.750875582417,,
2023-08-16 14:15:00,ADANIENT,2460.0,2460.0,2456.3,2458.3,119271,4.50520226664099,2452.46,2464.254619534066,2459.749417267425,2445.170582732575,2440.665380465934,,
2023-08-16 14:20:00,ADANIENT,2458.5,2460.0,2457.05,2460.0,81796,4.194161813312756,2453.1425,2464.1228156272527,2459.92865381394,2446.35634618606,2442.162184372747,,
2023-08-16 14:25:00,ADANIENT,2458.6,2460.0,2452.0,2454.15,99456,4.955329450650205,2453.65,2466.6230525018022,2461.6677230511523,2445.632276948848,2440.676947498198,,
2023-08-16 14:30:00,ADANIENT,2455.05,2458.0,2452.85,2455.75,93927,4.994263560520182,2453.9575,2467.0324820014416,2462.038218440922,2445.876781559078,2440.8825179985583,,
2023-08-16 14:35:00,ADANIENT,2456.9,2458.0,2455.05,2456.4,91950,4.585410848416109,2454.3375,2466.3421056011534,2461.7566947527375,2446.9183052472627,2442.3328943988467,,
2023-08-16 14:40:00,ADANIENT,2456.4,2460.0,2455.2,2458.6,143350,4.628328678732924,2454.805,2466.9219644809227,2462.29363580219,2447.31636419781,2442.688035519077,,
2023-08-16 14:45:00,ADANIENT,2458.6,2465.0,2456.4,2463.45,248662,5.422662942986321,2455.495,2469.691531584738,2464.268868641752,2446.721131358248,2441.2984684152616,,
2023-08-16 14:50:00,ADANIENT,2463.45,2465.0,2454.1,2454.2,78565,6.518130354389076,2455.7425000000003,2472.806965267791,2466.288834913402,2445.1961650865987,2438.6780347322097,,
2023-08-16 14:55:00,ADANIENT,2454.0,2454.45,2447.0,2447.25,39460,6.704504283511224,2455.565,2473.1173922142325,2466.4128879307214,2444.7171120692788,2438.0126077857676,,
2023-08-16 15:00:00,ADANIENT,2448.4,2451.95,2447.0,2451.2,20446,6.353603426808943,2455.5375,2472.1712337713857,2465.8176303445766,2445.257369655423,2438.903766228614,,
2023-08-16 15:05:00,ADANIENT,2451.8,2453.0,2446.2,2446.2,23741,6.442882741447192,2455.4425,2472.3099670171086,2465.8670842756615,2445.0179157243388,2438.5750329828916,,
2023-08-16 15:10:00,ADANIENT,2446.15,2449.45,2444.05,2444.05,25296,6.234306193157681,2455.23,2471.5514136136867,2465.3171074205293,2445.1428925794708,2438.9085863863133,,
2023-08-16 15:15:00,ADANIENT,2444.85,2446.75,2441.35,2445.95,37255,6.067444954526163,2455.125,2471.0095708909494,2464.9421259364235,2445.3078740635765,2439.2404291090506,,
2023-08-16 15:20:00,ADANIENT,2445.95,2447.9,2441.65,2442.7,47613,6.103955963620931,2454.7850000000003,2470.76515671276,2464.661200749139,2444.9087992508616,2438.8048432872406,,
2023-08-16 15:25:00,ADANIENT,2443.0,2444.0,2438.05,2442.0,34089,6.0731647708967085,2453.9900000000002,2469.889545370208,2463.8163805993113,2444.163619400689,2438.0904546297925,,
2023-08-17 09:15:00,ADANIENT,2454.95,2460.45,2445.5,2455.2,105563,8.54853181671733,2453.6675,2476.047556296166,2467.4990244794485,2439.8359755205515,2431.287443703834,,
2023-08-17 09:20:00,ADANIENT,2454.05,2459.85,2452.3,2456.85,32816,8.34882545337381,2453.4399999999996,2475.297225036932,2466.9483995835585,2439.9316004164407,2431.582774963067,,
2023-08-17 09:25:00,ADANIENT,2456.85,2457.65,2449.0,2455.0,44425,8.409060362699066,2453.2475,2475.2624200295463,2466.853359666847,2439.6416403331527,2431.2325799704536,,
2023-08-17 09:30:00,ADANIENT,2454.8,2459.5,2452.7,2455.0,37885,8.08724829015929,2453.0325,2474.204916023637,2466.1176677334774,2439.947332266522,2431.8600839763626,,
2023-08-17 09:35:00,ADANIENT,2455.0,2455.35,2450.5,2454.65,41489,7.439798632127414,2452.8450000000003,2472.32239281891,2464.8825941867826,2440.807405813218,2433.3676071810905,,
2023-08-17 09:40:00,ADANIENT,2453.55,2464.5,2452.0,2464.35,92158,8.451838905701932,2453.1475,2475.274414255128,2466.8225753494257,2439.4724246505743,2431.0205857448723,,
2023-08-17 09:45:00,ADANIENT,2464.05,2465.0,2459.25,2460.0,78423,7.911471124561546,2453.1475,2473.859731404102,2465.9482602795406,2440.3467397204595,2432.435268595898,,
2023-08-17 09:50:00,ADANIENT,2458.8,2464.95,2458.8,2462.3,96026,7.559176899649165,2453.555,2473.3449251232814,2465.7857482236323,2441.3242517763674,2433.7650748767182,,
2023-08-17 09:55:00,ADANIENT,2463.0,2468.9,2462.05,2465.0,106380,7.417341519719313,2454.0175,2473.436100098625,2466.018758578906,2442.016241421094,2434.598899901375,,
2023-08-17 10:00:00,ADANIENT,2465.65,2465.7,2456.0,2458.9,98746,7.873873215775415,2454.1425,2474.7563000789,2466.8824268631247,2441.402573136875,2433.5286999211,,
2023-08-17 10:05:00,ADANIENT,2458.75,2461.0,2458.4,2461.0,68034,6.819098572620314,2454.2625,2472.11490006312,2465.2958014904993,2443.2291985095003,2436.4100999368798,,
2023-08-17 10:10:00,ADANIENT,2460.7,2466.0,2458.7,2464.55,91161,6.915278858096288,2454.3175,2472.4217000504964,2465.5064211924,2443.1285788076,2436.213299949504,,
2023-08-17 10:15:00,ADANIENT,2464.55,2466.0,2463.0,2464.0,84278,6.1322230864770315,2454.8075,2470.8616600403966,2464.7294369539195,2444.8855630460803,2438.753339959603,,
2023-08-17 10:20:00,ADANIENT,2464.0,2467.2,2463.35,2465.85,79858,5.6757784691816076,2455.7375,2470.5966880323176,2464.920909563136,2446.5540904368645,2440.8783119676827,,
2023-08-17 10:25:00,ADANIENT,2465.55,2467.75,2453.15,2454.05,133408,7.460622775345269,2455.88,2475.411910425854,2467.9512876505087,2443.8087123494915,2436.3480895741463,,
2023-08-17 10:30:00,ADANIENT,2455.0,2459.95,2454.05,2457.0,102952,7.148498220276142,2456.42,2475.134768340683,2467.986270120407,2444.853729879593,2437.705231659317,,
2023-08-17 10:35:00,ADANIENT,2459.8,2460.5,2455.15,2458.8,94911,6.788798576220896,2457.1575000000003,2474.9305746725468,2468.141776096326,2446.1732239036746,2439.3844253274538,,
2023-08-17 10:40:00,ADANIENT,2458.75,2460.0,2455.55,2457.15,98392,6.32103886097668,2457.7175,2474.265979738037,2467.9449408770606,2447.49005912294,2441.1690202619634,,
2023-08-17 10:45:00,ADANIENT,2458.0,2460.0,2457.15,2458.5,96972,5.6268310887813255,2458.5075,2473.2385437904295,2467.6117127016482,2449.403287298352,2443.776456209571,,
2023-08-17 10:50:00,ADANIENT,2458.45,2460.85,2453.0,2453.0,99725,6.071464871025042,2459.0575,2474.9525950323437,2468.881130161318,2449.2338698386816,2443.162404967656,,
2023-08-17 10:55:00,ADANIENT,2453.0,2457.0,2451.2,2453.1,104506,6.017171896820071,2458.9525000000003,2474.7054560258753,2468.6882841290553,2449.2167158709453,2443.1995439741254,,
2023-08-17 11:00:00,ADANIENT,2452.5,2457.0,2452.4,2456.0,84902,5.733737517456039,2458.9100000000003,2473.9209248207003,2468.187187303244,2449.6328126967564,2443.8990751793003,,
2023-08-17 11:05:00,ADANIENT,2456.1,2459.0,2454.0,2454.0,100288,5.586990013964832,2458.86,2473.4867398565602,2467.899749842595,2449.820250157405,2444.23326014344,,
2023-08-17 11:10:00,ADANIENT,2454.75,2459.0,2453.2,2457.75,68538,5.629592011171902,2458.9975000000004,2473.7357718852486,2468.1061798740766,2449.888820125924,2444.259228114752,,
2023-08-17 11:15:00,ADANIENT,2457.85,2459.0,2455.1,2457.4,75050,5.28367360893754,2459.135,2472.9676575081985,2467.683983899261,2450.5860161007395,2445.302342491802,,
2023-08-17 11:20:00,ADANIENT,2457.4,2460.0,2456.0,2459.15,70516,5.026938887150032,2458.875,2472.035526006559,2467.0085871194087,2450.7414128805913,2445.714473993441,,
2023-08-17 11:25:00,ADANIENT,2459.0,2463.0,2458.4,2460.0,103664,4.941551109720008,2458.875,2471.811980805247,2466.870429695527,2450.879570304473,2445.938019194753,,
2023-08-17 11:30:00,ADANIENT,2460.0,2460.0,2454.0,2457.85,98887,5.153240887776007,2458.6525,2472.143684644198,2466.990443756422,2450.3145562435784,2445.1613153558023,,
2023-08-17 11:35:00,ADANIENT,2458.0,2460.0,2457.1,2458.35,91233,4.702592710220824,2458.32,2470.6313877153584,2465.9287950051375,2450.711204994863,2446.008612284642,,
2023-08-17 11:40:00,ADANIENT,2459.4,2460.0,2456.25,2458.9,103562,4.5120741681766585,2458.32,2470.1326101722866,2465.62053600411,2451.0194639958904,2446.5073898277137,,
2023-08-17 11:45:00,ADANIENT,2457.75,2459.9,2456.0,2459.75,96914,4.389659334541345,2458.2575,2469.7496281378294,2465.359968803288,2451.155031196712,2446.765371862171,,
2023-08-17 11:50:00,ADANIENT,2458.8,2460.0,2457.6,2458.65,92902,3.991727467633094,2457.9625,2468.4128425102635,2464.4211150426304,2451.50388495737,2447.5121574897366,,
2023-08-17 11:55:00,ADANIENT,2459.8,2460.0,2456.15,2459.4,96081,3.9633819741064573,2457.7325,2468.1086340082106,2464.1452520341045,2451.3197479658957,2447.3563659917895,,
2023-08-17 12:00:00,ADANIENT,2458.55,2460.0,2454.0,2454.9,112014,4.370705579285167,2457.185,2468.6275072065687,2464.2568016272835,2450.1131983727164,2445.742492793431,,
2023-08-17 12:05:00,ADANIENT,2456.0,2457.0,2447.4,2450.5,138637,5.416564463428116,2457.0075,2471.188065765255,2465.771501301827,2448.2434986981734,2442.8269342347453,,
2023-08-17 12:10:00,ADANIENT,2450.0,2455.0,2449.7,2453.25,74652,5.39325157074253,2456.82,2470.939532612204,2465.5462810414615,2448.093718958539,2442.7004673877964,,
2023-08-17 12:15:00,ADANIENT,2453.25,2459.8,2453.0,2458.55,154609,5.674601256594061,2456.8075,2471.663606089763,2465.989004833169,2447.6259951668308,2441.9513939102367,,
2023-08-17 12:20:00,ADANIENT,2458.55,2459.75,2454.1,2459.75,149313,5.669681005275267,2456.9375,2471.7807248718104,2466.1110438665355,2447.7639561334645,2442.0942751281896,,
2023-08-17 12:25:00,ADANIENT,2458.2,2460.0,2456.05,2459.6,103148,5.325744804220178,2456.9925,2470.935299897448,2465.609555093228,2448.3754449067715,2443.0497001025515,,
2023-08-17 12:30:00,ADANIENT,2460.0,2463.0,2458.25,2462.75,124223,5.210595843376143,2457.48,2471.1213399179587,2465.9107440745825,2449.0492559254176,2443.8386600820413,,
2023-08-17 12:35:00,ADANIENT,2462.75,2463.0,2459.35,2459.35,81900,4.898476674700933,2457.7925,2470.6167119343672,2465.718235259666,2449.866764740334,2444.968288065633,,
2023-08-17 12:40:00,ADANIENT,2459.65,2462.0,2457.0,2459.1,83166,4.918781339760747,2457.9474999999998,2470.8248695474936,2465.906088207733,2449.9889117922667,2445.070130452506,,
2023-08-17 12:45:00,ADANIENT,2459.1,2461.95,2457.1,2459.35,107013,4.90502507180858,2458.215,2471.056355637995,2466.1513305661865,2450.278669433814,2445.3736443620055,,
2023-08-17 12:50:00,ADANIENT,2460.0,2462.0,2457.35,2458.45,98091,4.854020057446882,2458.25,2470.9578245103958,2466.103804452949,2450.396195547051,2445.5421754896042,,
2023-08-17 12:55:00,ADANIENT,2459.1,2460.9,2455.75,2456.1,98462,4.913216045957524,2458.185,2471.047799608317,2466.1345835623592,2450.2354164376407,2445.322200391683,,
2023-08-17 13:00:00,ADANIENT,2456.7,2460.0,2455.1,2458.4,95649,4.910572836766038,2458.1475,2471.0033796866537,2466.0928068498874,2450.2021931501126,2445.2916203133464,,
2023-08-17 13:05:00,ADANIENT,2459.4,2460.0,2453.1,2453.9,158366,5.308458269412849,2457.8424999999997,2471.7400437493225,2466.4315854799097,2449.25341452009,2443.944956250677,,
2023-08-17 13:10:00,ADANIENT,2453.5,2456.35,2453.3,2455.0,63176,4.8567666155302245,2457.7,2470.415014999458,2465.5582483839275,2449.841751616072,2444.9849850005417,,
2023-08-17 13:15:00,ADANIENT,2455.0,2457.3,2453.5,2454.7,98580,4.645413292424216,2457.5175,2469.6791919995667,2465.033778707142,2450.0012212928577,2445.355808000433,,
2023-08-17 13:20:00,ADANIENT,2454.7,2455.85,2453.1,2454.75,71737,4.266330633939373,2457.31,2468.479253599653,2464.212922965714,2450.407077034286,2446.140746400347,,
2023-08-17 13:25:00,ADANIENT,2454.9,2458.0,2453.0,2457.3,80769,4.413064507151498,2457.1875,2468.7409028797224,2464.327838372571,2450.047161627429,2445.6340971202776,,
2023-08-17 13:30:00,ADANIENT,2458.0,2460.15,2457.15,2459.9,109591,4.130451605721198,2457.25,2468.063522303778,2463.933070698057,2450.566929301943,2446.436477696222,,
2023-08-17 13:35:00,ADANIENT,2458.8,2460.0,2457.55,2458.65,94832,3.794361284576923,2457.2125,2467.1461378430226,2463.3517765584456,2451.0732234415545,2447.2788621569775,,
2023-08-17 13:40:00,ADANIENT,2458.85,2460.0,2456.5,2459.9,103338,3.7354890276615387,2457.4625,2467.242010274418,2463.5065212467566,2451.4184787532436,2447.682989725582,,
2023-08-17 13:45:00,ADANIENT,2459.15,2462.0,2458.55,2460.0,83177,3.6783912221291946,2457.9375,2467.5675282195343,2463.889136997405,2451.985863002595,2448.3074717804657,,
2023-08-17 13:50:00,ADANIENT,2460.0,2463.0,2459.2,2462.45,73440,3.702712977703392,2458.3975,2468.0912025756274,2464.388489597924,2452.406510402076,2448.7037974243726,,
2023-08-17 13:55:00,ADANIENT,2462.0,2465.0,2461.05,2464.15,80853,3.7521703821626775,2458.6775,2468.5006820605017,2464.748511678339,2452.6064883216604,2448.854317939498,,
2023-08-17 14:00:00,ADANIENT,2464.1,2465.0,2461.8,2463.0,97308,3.641736305730106,2458.8399999999997,2468.374065648401,2464.732329342671,2452.947670657328,2449.3059343515984,,
2023-08-17 14:05:00,ADANIENT,2463.3,2469.0,2463.1,2466.55,201984,4.1133890445840855,2459.1875,2469.9563525187214,2465.842963474137,2452.532036525863,2448.4186474812786,,
2023-08-17 14:10:00,ADANIENT,2467.0,2479.25,2463.0,2463.7,386424,6.540711235667269,2459.2349999999997,2476.3585820149765,2469.8178707793095,2448.65212922069,2442.111417985023,,
2023-08-17 14:15:00,ADANIENT,2463.9,2465.95,2458.0,2458.8,162615,6.822568988533779,2459.2075,2477.0689856119816,2470.2464166234477,2448.1685833765523,2441.3460143880184,,
2023-08-17 14:20:00,ADANIENT,2459.0,2460.0,2455.7,2457.0,94741,6.31805519082706,2459.1025,2475.643168489585,2469.325113298758,2448.879886701242,2442.561831510415,,
2023-08-17 14:25:00,ADANIENT,2457.25,2465.0,2455.1,2463.5,117266,7.034444152661667,2459.31,2477.726174791668,2470.6917306390064,2447.9282693609935,2440.8938252083317,,
2023-08-17 14:30:00,ADANIENT,2465.0,2469.85,2462.15,2465.6,121242,7.167555322129298,2459.6675,2478.4321598333345,2471.264604511205,2448.070395488795,2440.9028401666656,,
2023-08-17 14:35:00,ADANIENT,2465.35,2475.0,2465.25,2473.1,164142,7.684044257703438,2460.5175,2480.6343278666677,2472.950283608964,2448.0847163910357,2440.400672133332,,
2023-08-17 14:40:00,ADANIENT,2473.1,2475.0,2471.9,2473.85,149355,6.767235406162733,2461.29,2479.006622293334,2472.2393868871713,2450.3406131128286,2443.5733777066657,,
2023-08-17 14:45:00,ADANIENT,2473.2,2482.4,2472.0,2476.6,174969,7.493788324930206,2462.425,2482.0437378346674,2474.5499495097374,2450.300050490263,2442.806262165333,,
2023-08-17 14:50:00,ADANIENT,2476.35,2482.0,2475.5,2480.3,128406,7.295030659944165,2463.6899999999996,2482.7883902677336,2475.4933596077894,2451.8866403922098,2444.5916097322656,,
2023-08-17 14:55:00,ADANIENT,2480.6,2482.0,2477.7,2480.7,86420,6.696024527955369,2464.9900000000002,2482.5201922141873,2475.824167686232,2454.1558323137683,2447.459807785813,,
2023-08-17 15:00:00,ADANIENT,2481.1,2485.7,2478.0,2481.1,96211,6.896819622364259,2466.3075,2484.3633737713494,2477.4665541489853,2455.1484458510145,2448.2516262286504,,
2023-08-17 15:05:00,ADANIENT,2480.9,2483.5,2478.0,2479.0,119354,6.6174556978914065,2467.3925,2484.7169990170796,2478.0995433191883,2456.6854566808115,2450.0680009829202,,
2023-08-17 15:10:00,ADANIENT,2479.1,2480.0,2476.2,2478.5,58312,6.053964558313162,2468.3224999999998,2484.1717792136637,2478.1178146553507,2458.527185344649,2452.473220786336,,
2023-08-17 15:15:00,ADANIENT,2479.0,2480.0,2477.45,2479.8,124757,5.353171646650566,2469.38,2483.3946033709312,2478.0414317242808,2460.7185682757195,2455.365396629069,,
2023-08-17 15:20:00,ADANIENT,2479.8,2482.0,2477.25,2479.0,131492,5.232537317320453,2470.335,2484.0337826967448,2478.8012453794245,2461.8687546205756,2456.6362173032553,,
2023-08-17 15:25:00,ADANIENT,2477.5,2479.0,2473.0,2477.5,41634,5.386029853856363,2471.21,2485.310626157396,2479.9245963035396,2462.4954036964605,2457.109373842604,,
2023-08-18 09:15:00,ADANIENT,2477.5,2489.0,2470.55,2479.95,118930,7.998823883085055,2472.085,2493.0259209259166,2485.027097042832,2459.142902957168,2451.1440790740835,,
