Timestamp,Symbol,Open,High,Low,Close,Volume,atr,sma,top2,top1,bott1,bott2,sell_arrow,buy_arrow
2023-07-11 11:25:00,HINDALCO,427.0,427.0,425.85,426.05,77193,1.1499999999999773,,,,,,,
2023-07-11 11:30:00,HINDALCO,426.05,426.25,425.15,425.2,53846,1.1399999999999864,,,,,,,
2023-07-11 11:35:00,HINDALCO,425.45,426.45,425.2,426.1,46956,1.1619999999999893,,,,,,,
2023-07-11 11:40:00,HINDALCO,426.3,426.4,425.65,425.95,26386,1.0795999999999915,,,,,,,
2023-07-11 11:45:00,HINDALCO,425.95,426.35,425.55,426.25,86464,1.0236799999999955,,,,,,,
2023-07-11 11:50:00,HINDALCO,426.15,426.95,426.15,426.7,23936,0.9789439999999987,,,,,,,
2023-07-11 11:55:00,HINDALCO,426.85,426.9,426.3,426.45,15224,0.9031551999999923,,,,,,,
2023-07-11 12:00:00,HINDALCO,426.5,426.7,426.25,426.6,22178,0.8125241599999916,,,,,,,
2023-07-11 12:05:00,HINDALCO,426.65,427.0,426.4,426.75,18932,0.7700193279999978,,,,,,,
2023-07-11 12:10:00,HINDALCO,426.8,427.0,426.4,426.55,22382,0.7360154624000028,,,,,,,
2023-07-11 12:15:00,HINDALCO,426.55,426.65,425.75,426.1,69330,0.7688123699199978,,,,,,,
2023-07-11 12:20:00,HINDALCO,426.15,426.75,426.0,426.6,25610,0.7650498959359983,,,,,,,
2023-07-11 12:25:00,HINDALCO,426.55,426.6,426.2,426.4,17462,0.6920399167488055,,,,,,,
2023-07-11 12:30:00,HINDALCO,426.45,426.45,425.5,425.65,39031,0.7436319333990421,,,,,,,
2023-07-11 12:35:00,HINDALCO,425.75,426.3,425.6,425.85,16965,0.7349055467192314,,,,,,,
2023-07-11 12:40:00,HINDALCO,425.85,425.85,424.9,424.95,67727,0.7779244373753942,,,,,,,
2023-07-11 12:45:00,HINDALCO,425.0,425.15,424.35,425.1,73891,0.7823395499003063,,,,,,,
2023-07-11 12:50:00,HINDALCO,425.1,425.8,425.0,425.65,27401,0.7858716399202473,,,,,,,
2023-07-11 12:55:00,HINDALCO,425.75,425.75,425.25,425.55,16943,0.7286973119361979,,,,,,,
2023-07-11 13:00:00,HINDALCO,425.4,425.55,425.05,425.1,22327,0.6829578495489583,425.97749999999996,427.7654836501191,427.0825258005702,424.87247419942975,424.1895163498808,,
2023-07-11 13:05:00,HINDALCO,425.0,425.25,425.0,425.1,24824,0.5963662796391668,425.93,427.4912869200953,426.8949206404562,424.96507935954384,424.3687130799047,,
2023-07-11 13:10:00,HINDALCO,425.2,425.5,425.05,425.5,19176,0.5670930237113312,425.945,427.4296495360763,426.8625565123649,425.0274434876351,424.4603504639237,,
2023-07-11 13:15:00,HINDALCO,425.5,425.6,425.15,425.4,16817,0.5436744189690741,425.90999999999997,427.333339628861,426.78966520989195,425.030334790108,424.48666037113895,,
2023-07-11 13:20:00,HINDALCO,425.5,426.15,425.3,426.0,34686,0.6049395351752525,425.9125,427.4962317030888,426.8912921679136,424.93370783208644,424.3287682969112,,
2023-07-11 13:25:00,HINDALCO,425.9,426.05,425.7,425.8,23686,0.5539516281402065,425.89,427.340245362471,426.78629373433085,424.9937062656691,424.43975463752895,,
2023-07-11 13:30:00,HINDALCO,425.75,426.45,425.6,426.45,34415,0.6131613025121584,425.87749999999994,427.48275628997675,426.8695949874646,424.8854050125353,424.27224371002313,,
2023-07-11 13:35:00,HINDALCO,426.3,426.85,426.05,426.55,46068,0.650529042009729,425.8825,427.58558503198145,426.9350559899717,424.82994401002827,424.17941496801853,,
2023-07-11 13:40:00,HINDALCO,426.6,426.6,426.0,426.0,25913,0.6404232336077879,425.85249999999996,427.5291280255852,426.8887047919774,424.81629520802255,424.17587197441475,,
2023-07-11 13:45:00,HINDALCO,426.1,426.1,425.85,426.05,20898,0.5623385868862304,425.8175,427.28970242046813,426.72736383358193,424.90763616641806,424.34529757953186,,
2023-07-11 13:50:00,HINDALCO,426.0,426.1,425.5,425.6,42013,0.5698708695089889,425.77,427.2619219363745,426.69205106686553,424.84794893313443,424.27807806362546,,
2023-07-11 13:55:00,HINDALCO,425.5,425.5,425.25,425.4,24569,0.5058966956071912,425.735,427.05943754909964,426.55354085349245,424.9164591465076,424.4105624509004,,
2023-07-11 14:00:00,HINDALCO,425.4,426.0,425.35,425.7,27829,0.5347173564857484,425.68999999999994,427.0898900392796,426.5551726827939,424.824827317206,424.29010996072026,,
2023-07-11 14:05:00,HINDALCO,425.8,425.95,425.45,425.5,19861,0.5277738851885987,425.645,427.02671203142376,426.49893814623516,424.7910618537648,424.2632879685762,,
2023-07-11 14:10:00,HINDALCO,425.55,425.6,425.4,425.4,14983,0.46221910815088807,425.6325,426.842589625139,426.38037051698814,424.88462948301185,424.422410374861,,
2023-07-11 14:15:00,HINDALCO,425.4,425.4,424.55,424.85,53456,0.5397752865207036,425.5825,426.9956317001112,426.4558564135905,424.7091435864095,424.1693682998888,,
2023-07-11 14:20:00,HINDALCO,424.95,425.1,424.3,424.55,43968,0.5918202292165652,425.5625,427.111885360089,426.5200651308724,424.6049348691276,424.013114639911,,
2023-07-11 14:25:00,HINDALCO,424.55,424.8,424.45,424.75,18605,0.5434561833732567,425.54499999999996,426.96776828807117,426.4243121046979,424.665687895302,424.12223171192875,,
2023-07-11 14:30:00,HINDALCO,424.75,425.0,424.7,425.0,17307,0.4947649466986077,425.5125,426.80779463045695,426.3130296837583,424.71197031624166,424.217205369543,,
2023-07-11 14:35:00,HINDALCO,424.95,425.4,424.9,425.0,37199,0.49581195735888617,425.485,426.7830357043656,426.2872237470067,424.68277625299334,424.1869642956344,,
2023-07-11 14:40:00,HINDALCO,425.0,425.0,424.2,424.2,46487,0.5566495658871112,425.43999999999994,426.8973085634924,426.34065899760526,424.5393410023946,423.9826914365075,,
2023-07-11 14:45:00,HINDALCO,424.4,424.65,424.1,424.65,24065,0.5553196527096799,425.4175,426.87132685079393,426.31600719808426,424.5189928019158,423.9636731492061,,
2023-07-11 14:50:00,HINDALCO,424.65,424.7,424.25,424.4,14502,0.5342557221677416,425.3625,426.7611814806352,426.2269257584674,424.4980742415326,423.96381851936485,,
2023-07-11 14:55:00,HINDALCO,424.4,424.8,424.3,424.8,22495,0.5274045777341934,425.3325,426.7132451845081,426.1858406067739,424.47915939322604,423.9517548154919,,
2023-07-11 15:00:00,HINDALCO,424.8,425.0,424.6,424.75,64537,0.5019236621873502,425.27,426.58403614760647,426.0821124854191,424.4578875145809,423.9559638523935,,
2023-07-11 15:05:00,HINDALCO,424.75,424.8,424.5,424.6,76033,0.4615389297498824,425.2099999999999,426.41830891808513,425.9567699883352,424.4632300116646,424.0016910819147,,
2023-07-11 15:10:00,HINDALCO,425.0,425.0,424.6,424.65,90905,0.4492311437999014,425.12,426.29608713446817,425.84685599066825,424.39314400933176,423.94391286553184,,
2023-07-11 15:15:00,HINDALCO,424.65,425.0,424.6,424.95,154105,0.4393849150399166,425.03999999999996,426.19030970757444,425.75092479253453,424.3290752074654,423.8896902924255,,
2023-07-11 15:20:00,HINDALCO,424.95,424.95,424.5,424.5,111207,0.44150793203193106,424.965,426.1208677660596,425.67935983402765,424.2506401659723,423.8091322339404,,
2023-07-11 15:25:00,HINDALCO,424.5,424.5,424.05,424.3,101516,0.4432063456255426,424.87750000000005,426.0378142128477,425.5946078672222,424.16039213277793,423.7171857871524,,
2023-07-12 09:15:00,HINDALCO,425.5,426.95,424.6,425.9,152829,0.8845650765004296,424.89250000000004,427.2082913702782,426.3237262937777,423.46127370622236,422.5767086297219,,
2023-07-12 09:20:00,HINDALCO,426.0,426.0,424.45,424.45,86138,1.0176520612003461,424.84499999999997,427.5092130962225,426.49156103502213,423.1984389649778,422.18078690377746,,
2023-07-12 09:25:00,HINDALCO,424.45,425.4,424.45,425.0,44173,1.0041216489602747,424.80999999999995,427.43879047697794,426.43466882801766,423.1853311719822,422.18120952302195,,
2023-07-12 09:30:00,HINDALCO,425.0,425.5,425.0,425.3,33317,0.9032973191682198,424.8,427.1648323815824,426.26153506241417,423.33846493758585,422.4351676184176,,
2023-07-12 09:35:00,HINDALCO,425.4,425.5,423.3,423.55,70628,1.1626378553345735,424.7075,427.7512859052659,426.5886480499313,422.82635195006867,421.6637140947341,,
2023-07-12 09:40:00,HINDALCO,423.55,423.9,423.0,423.9,52733,1.1101102842676542,424.65999999999997,427.5662687242127,426.45615843994506,422.8638415600549,421.75373127578723,,
2023-07-12 09:45:00,HINDALCO,424.0,424.0,423.25,423.7,23980,1.0380882274141234,424.6175,427.33521497937016,426.29712675195606,422.93787324804396,421.89978502062985,,
2023-07-12 09:50:00,HINDALCO,423.65,423.65,423.15,423.2,22511,0.9304705819312987,424.5400000000001,426.9759719834962,426.04550140156493,423.0344985984352,422.10402801650395,,
2023-07-12 09:55:00,HINDALCO,423.3,423.35,422.25,423.35,83414,0.9643764655450435,424.4575,426.9822375867969,426.0178611212519,422.8971388787481,421.9327624132031,,
2023-07-12 10:00:00,HINDALCO,423.35,423.55,423.15,423.35,19506,0.8515011724360417,424.375,426.60423006943756,425.75272889700153,422.99727110299847,422.14576993056244,,
2023-07-12 10:05:00,HINDALCO,423.35,423.6,423.0,423.5,16621,0.801200937948838,424.34,426.43754405555,425.6363431176012,423.04365688239875,422.24245594444994,,
2023-07-12 10:10:00,HINDALCO,423.5,423.85,423.3,423.7,16890,0.7509607503590727,424.2925,426.25851524444005,425.507554494081,423.07744550591906,422.32648475556,,
2023-07-12 10:15:00,HINDALCO,423.5,423.7,422.7,422.7,33310,0.8007686002872583,424.2075,426.303912195552,425.50314359526476,422.9118564047352,422.11108780444795,,
2023-07-12 10:20:00,HINDALCO,422.6,422.8,422.45,422.8,34286,0.7106148802298111,424.10749999999996,425.9678897564416,425.2572748762118,422.9577251237881,422.2471102435583,,
2023-07-12 10:25:00,HINDALCO,423.0,423.3,422.7,423.3,31088,0.6884919041838534,424.035,425.83747180515337,425.1489799009695,422.92102009903056,422.2325281948467,,
2023-07-12 10:30:00,HINDALCO,423.3,423.4,422.75,423.4,16544,0.6807935233470782,423.975,425.7573174441227,425.07652392077557,422.8734760792245,422.19268255587735,,
2023-07-12 10:35:00,HINDALCO,423.4,423.45,423.25,423.3,11936,0.5846348186776603,423.90749999999997,425.4380739552981,424.8534391366204,422.96156086337953,422.37692604470186,,
2023-07-12 10:40:00,HINDALCO,423.35,423.45,422.55,422.95,57562,0.6477078549421238,423.8075,425.5031991642385,424.8554913092964,422.7595086907036,422.1118008357615,,
2023-07-12 10:45:00,HINDALCO,422.95,423.3,422.85,423.3,16535,0.6081662839536968,423.74750000000006,425.3396793313908,424.73151304743715,422.76348695256297,422.1553206686093,,
2023-07-12 10:50:00,HINDALCO,423.2,423.4,423.0,423.15,11775,0.566533027162953,423.68999999999994,425.1731834651126,424.6066504379496,422.77334956205027,422.2068165348873,,
2023-07-12 10:55:00,HINDALCO,423.3,423.4,423.05,423.25,13824,0.5232264217303555,423.5575,424.92730677209005,424.4040803503597,422.7109196496403,422.18769322790996,,
2023-07-12 11:00:00,HINDALCO,423.25,423.3,422.75,423.0,10854,0.5285811373842867,423.485,424.8688254176721,424.3402442802878,422.62975571971225,422.1011745823279,,
2023-07-12 11:05:00,HINDALCO,422.9,423.9,422.9,423.85,23934,0.6228649099074294,423.42749999999995,425.0581603341376,424.43529542423016,422.41970457576974,421.7968396658623,,
2023-07-12 11:10:00,HINDALCO,423.9,423.9,422.9,423.15,15002,0.6982919279259435,423.32,425.1481282673101,424.44983633938415,422.19016366061584,421.4918717326899,,
2023-07-12 11:15:00,HINDALCO,423.25,423.8,423.15,423.45,17577,0.6886335423407617,423.31500000000005,425.11784261384815,424.4292090715074,422.2007909284927,421.51215738615196,,
2023-07-12 11:20:00,HINDALCO,423.3,424.1,423.3,423.9,25400,0.7109068338726117,423.31499999999994,425.17615409107844,424.4652472572058,422.16475274279406,421.45384590892144,,
2023-07-12 11:25:00,HINDALCO,423.9,424.6,423.75,424.5,30879,0.738725467098094,423.355,425.2889832728628,424.5502578057647,422.1597421942353,421.4210167271372,,
2023-07-12 11:30:00,HINDALCO,424.3,424.55,423.65,423.95,17524,0.770980373678482,423.39250000000004,425.4109266182903,424.63994624461185,422.14505375538823,421.37407338170976,,
2023-07-12 11:35:00,HINDALCO,423.9,424.15,423.85,423.95,7708,0.6767842989427766,423.42249999999996,425.1943212946321,424.5175369956894,422.3274630043105,421.6506787053678,,
2023-07-12 11:40:00,HINDALCO,423.95,424.15,423.9,424.0,9735,0.5914274391542214,423.45500000000004,425.0033570357058,424.41192959655154,422.49807040344854,421.9066429642943,,
2023-07-12 11:45:00,HINDALCO,424.05,424.05,423.35,423.4,19854,0.6131419513233749,423.45,425.0552056285646,424.4420636772412,422.45793632275877,421.8447943714354,,
2023-07-12 11:50:00,HINDALCO,423.4,423.8,423.35,423.55,12462,0.5805135610586977,423.4425,424.9622845028517,424.381770941793,422.503229058207,421.9227154971483,,
2023-07-12 11:55:00,HINDALCO,423.5,423.55,422.8,422.95,15458,0.6144108488469582,423.45500000000004,425.0635276022814,424.4491167534344,422.4608832465657,421.8464723977187,,
2023-07-12 12:00:00,HINDALCO,422.9,422.95,422.5,422.65,17217,0.5815286790775643,423.44749999999993,424.969942081825,424.38841340274746,422.5065865972524,421.92505791817484,,
2023-07-12 12:05:00,HINDALCO,422.6,423.15,422.6,423.15,9396,0.5752229432620424,423.44000000000005,424.9459336654601,424.37071072219806,422.50928927780205,421.93406633454003,,
2023-07-12 12:10:00,HINDALCO,423.05,423.5,423.0,423.3,8800,0.5601783546096339,423.43499999999995,424.901546932368,424.3413685777583,422.5286314222416,421.9684530676319,,
2023-07-12 12:15:00,HINDALCO,423.3,423.45,423.1,423.1,8656,0.5181426836877003,423.425,424.7814975458944,424.2633548622067,422.5866451377933,422.0685024541056,,
2023-07-12 12:20:00,HINDALCO,423.15,423.4,423.0,423.25,8791,0.4945141469501558,423.43999999999994,424.73463803671547,424.2401238897653,422.6398761102346,422.1453619632844,,
2023-07-12 12:25:00,HINDALCO,423.2,423.2,422.65,422.9,16252,0.5056113175601269,423.41999999999996,424.74369042937235,424.2380791118122,422.6019208881877,422.09630957062757,,
2023-07-12 12:30:00,HINDALCO,422.75,423.25,422.75,423.15,7279,0.5044890540481015,423.41999999999996,424.7407523434979,424.23626328944977,422.60373671055015,422.09924765650203,,
2023-07-12 12:35:00,HINDALCO,423.0,423.1,422.75,422.9,5795,0.4735912432384858,423.4025,424.6423618747983,424.1687706315598,422.6362293684401,422.1626381252016,,
2023-07-12 12:40:00,HINDALCO,422.95,423.4,422.9,423.4,9967,0.4788729945907887,423.4225,424.6761894998387,424.1973165052479,422.64768349475213,422.1688105001613,,
2023-07-12 12:45:00,HINDALCO,423.35,423.8,423.2,423.8,20295,0.5030983956726356,423.41999999999996,424.7371115998709,424.2340132041983,422.60598679580164,422.102888400129,,
2023-07-12 12:50:00,HINDALCO,423.85,423.9,423.3,423.6,14816,0.5224787165381017,423.4425,424.81034927989674,424.28787056335864,422.59712943664135,422.07465072010325,,
2023-07-12 12:55:00,HINDALCO,423.55,424.0,423.55,424.0,17899,0.5079829732304791,423.46999999999997,424.79989942391734,424.29191645068687,422.64808354931307,422.1401005760826,,
2023-07-12 13:00:00,HINDALCO,423.95,424.3,423.7,423.95,24092,0.5263863785843879,423.47249999999997,424.8505795391339,424.3241931605495,422.62080683945044,422.09442046086605,,
2023-07-12 13:05:00,HINDALCO,423.8,424.2,423.7,424.0,17524,0.5211091028675103,423.44749999999993,424.8117636313071,424.2906545284396,422.6043454715603,422.0832363686928,,
2023-07-12 13:10:00,HINDALCO,423.9,425.0,423.9,424.5,90569,0.6368872822940128,423.475,425.14237090504577,424.50548362275174,422.4445163772483,421.8076290949543,,
2023-07-12 13:15:00,HINDALCO,424.5,424.6,423.5,423.55,13936,0.7295098258352148,423.45500000000004,425.36485672403666,424.6353468982014,422.27465310179866,421.5451432759634,,
2023-07-12 13:20:00,HINDALCO,423.55,424.15,423.55,424.15,9392,0.7036078606681652,423.4625,425.30454537922924,424.60093751856107,422.3240624814389,421.6204546207707,,
2023-07-12 13:25:00,HINDALCO,424.05,424.25,423.8,424.0,8329,0.6528862885345299,423.4925,425.20175630338343,424.5488700148489,422.4361299851511,421.7832436966166,,
2023-07-12 13:30:00,HINDALCO,423.85,424.15,423.85,424.1,10350,0.5823090308276149,423.52,425.0444850427067,424.4621760118791,422.5778239881209,421.99551495729327,,
2023-07-12 13:35:00,HINDALCO,424.0,424.1,423.35,423.8,20148,0.615847224662092,423.5625,425.1747880341654,424.55894080950327,422.56605919049673,421.9502119658346,,
2023-07-12 13:40:00,HINDALCO,423.7,423.85,423.2,423.85,13939,0.6226777797296804,423.62249999999995,425.25267042733225,424.6299926476026,422.6150073523973,421.99232957266764,,
2023-07-12 13:45:00,HINDALCO,423.65,424.35,423.65,424.35,13295,0.6381422237837534,423.6825,425.3531563418659,424.71501411808214,422.64998588191787,422.0118436581341,,
2023-07-12 13:50:00,HINDALCO,424.3,424.5,424.0,424.15,26231,0.6105137790270028,423.725,425.3233250734927,424.7128112944657,422.7371887055343,422.12667492650735,,
2023-07-12 13:55:00,HINDALCO,424.15,424.45,424.05,424.15,15707,0.5684110232215978,423.7775,425.2656000587941,424.69718903557253,422.8578109644274,422.28939994120583,,
2023-07-12 14:00:00,HINDALCO,424.15,424.4,423.95,424.4,10025,0.544728818577276,423.8349999999999,425.26110004703526,424.71637122845794,422.9536287715419,422.4088999529646,,
2023-07-12 14:05:00,HINDALCO,424.25,424.45,423.95,424.0,13313,0.5357830548618208,423.89,425.29268003762826,424.7568969827664,423.02310301723355,422.4873199623717,,
2023-07-12 14:10:00,HINDALCO,423.95,424.1,423.5,423.75,15236,0.5486264438894612,423.91999999999996,425.3563040301026,424.8076775862131,423.0323224137868,422.4836959698973,,
2023-07-12 14:15:00,HINDALCO,423.7,424.25,423.5,423.95,19421,0.588901155111569,423.97249999999997,425.51424322408207,424.9253420689705,423.0196579310294,422.43075677591787,,
2023-07-12 14:20:00,HINDALCO,424.0,425.0,423.8,424.8,48914,0.711120924089253,424.0425,425.90421457926567,425.1930936551764,422.8919063448236,422.18078542073437,,
2023-07-12 14:25:00,HINDALCO,424.85,425.25,424.5,425.05,70361,0.7188967392714024,424.105,425.98707166341256,425.26817492414114,422.9418250758589,422.2229283365875,,
2023-07-12 14:30:00,HINDALCO,424.95,425.1,424.8,424.9,37540,0.6351173914171242,424.16999999999996,425.83273733072997,425.19761993931286,423.14238006068706,422.50726266926995,,
2023-07-12 14:35:00,HINDALCO,424.9,425.5,424.8,425.1,74696,0.6480939131336971,424.225,425.92170986458405,425.2736159514503,423.1763840485497,422.528290135416,,
2023-07-12 14:40:00,HINDALCO,425.1,425.3,424.75,424.95,33784,0.62847513050696,424.275,425.9203478916672,425.2918727611602,423.25812723883973,422.6296521083328,,
2023-07-12 14:45:00,HINDALCO,424.95,425.95,424.9,425.7,179219,0.7127801044055704,424.35999999999996,426.22605831333374,425.51327820892817,423.20672179107174,422.4939416866662,,
2023-07-12 14:50:00,HINDALCO,425.7,426.75,425.65,426.05,82198,0.7902240835244608,424.4375,426.50630665066706,425.71608256714256,423.15891743285744,422.36869334933294,,
2023-07-12 14:55:00,HINDALCO,426.05,426.7,425.5,425.7,57497,0.8721792668195665,424.54499999999996,426.8283653205336,425.956186053714,423.1338139462859,422.26163467946634,,
2023-07-12 15:00:00,HINDALCO,425.7,425.9,425.45,425.75,105395,0.787743413455651,424.625,426.6873122564269,425.89956884297123,423.35043115702877,422.5626877435731,,
2023-07-12 15:05:00,HINDALCO,425.65,425.65,424.75,424.75,128685,0.8101947307645163,424.6625,426.7835898051415,425.97339507437704,423.351604925623,422.54141019485854,,
2023-07-12 15:10:00,HINDALCO,424.75,425.0,424.5,424.55,135567,0.748155784611613,424.68500000000006,426.64367184411327,425.89551605950163,423.4744839404985,422.72632815588685,,
2023-07-12 15:15:00,HINDALCO,424.55,425.0,424.5,424.9,134857,0.6985246276892905,424.73999999999995,426.5687374752905,425.87021284760124,423.60978715239867,422.9112625247094,,
2023-07-12 15:20:00,HINDALCO,424.9,424.9,423.85,424.3,146210,0.7688197021514234,424.7625,426.7752699802324,426.006450278081,423.518549721919,422.7497300197676,,
2023-07-12 15:25:00,HINDALCO,424.3,424.7,424.25,424.45,86308,0.7050557617211365,424.7674999999999,426.6133359841859,425.9082802224647,423.62671977753513,422.921664015814,,
2023-07-13 09:15:00,HINDALCO,430.2,434.75,430.2,432.4,708084,2.6240446093769116,425.18,432.0497487873488,429.42570417797185,420.93429582202816,418.3102512126512,,
2023-07-13 09:20:00,HINDALCO,432.2,435.4,431.65,434.9,604628,2.8492356875015292,425.71750000000003,433.176799029879,430.3275633423775,421.10743665762254,418.25820097012104,,
2023-07-13 09:25:00,HINDALCO,434.9,436.5,434.75,434.75,788381,2.6293885500012237,426.23499999999996,433.11873922390316,430.4893506739019,421.980649326098,419.35126077609675,,
2023-07-13 09:30:00,HINDALCO,434.75,436.1,434.55,434.75,375746,2.4135108400009813,426.7724999999999,433.09107137912247,430.6775605391215,422.86743946087836,420.4539286208774,,
2023-07-13 09:35:00,HINDALCO,434.75,435.0,433.4,433.75,231088,2.25080867200079,427.2724999999999,433.165117103298,430.9143084312972,423.6306915687027,421.3798828967019,,
2023-07-13 09:40:00,HINDALCO,433.7,435.45,433.6,435.15,209141,2.170646937600625,427.8325,433.51525368263844,431.34460674503777,424.3203932549622,422.1497463173615,,
2023-07-13 09:45:00,HINDALCO,435.35,436.35,434.5,436.0,258956,2.106517550080505,428.39250000000004,433.9073629461108,431.8008453960303,424.9841546039698,422.87763705388926,,
2023-07-13 09:50:00,HINDALCO,436.0,436.95,435.6,436.0,411164,1.9552140400643971,428.94000000000005,434.05875035688865,432.10353631682426,425.77646368317585,423.82124964311146,,
2023-07-13 09:55:00,HINDALCO,436.15,437.5,436.0,436.8,391733,1.8641712320515178,429.53499999999997,434.4154002855108,432.55122905345934,426.5187709465406,424.6545997144891,,
2023-07-13 10:00:00,HINDALCO,436.75,437.0,436.4,436.65,173882,1.611336985641219,430.1125,434.33098022840875,432.7196432427675,427.5053567572325,425.8940197715913,,
2023-07-13 10:05:00,HINDALCO,436.45,437.6,436.45,437.4,262623,1.5190695885129821,430.73499999999996,434.71192418272693,433.19285459421394,428.277145405786,426.758075817273,,
2023-07-13 10:10:00,HINDALCO,437.3,437.4,436.25,436.5,145316,1.4452556708103814,431.275,435.0586793461816,433.61342367537117,428.9365763246288,427.4913206538184,,
2023-07-13 10:15:00,HINDALCO,436.55,436.85,436.2,436.4,144446,1.286204536648312,431.7925,435.1597834769453,433.87357894029697,429.71142105970307,428.42521652305476,,
2023-07-13 10:20:00,HINDALCO,436.3,436.95,436.0,436.2,159498,1.2189636293186472,432.3175,435.5087467815562,434.2897831522376,430.3452168477624,429.12625321844376,,
2023-07-13 10:25:00,HINDALCO,436.2,436.55,436.0,436.5,146998,1.0851709034549202,432.855,435.695977425245,434.6108065217901,431.09919347820994,430.014022574755,,
2023-07-13 10:30:00,HINDALCO,436.5,436.55,436.0,436.15,69643,0.9781367227639385,433.425,435.985761940196,435.00762521743206,431.84237478256796,430.864238059804,,
2023-07-13 10:35:00,HINDALCO,436.2,436.35,435.8,436.0,176287,0.8925093782111532,433.99750000000006,436.33408955215685,435.4415801739457,432.55341982605444,431.66091044784326,,
2023-07-13 10:40:00,HINDALCO,436.0,438.2,436.0,438.2,532895,1.1540075025689203,434.6624999999999,437.6836916417253,436.5296841391564,432.7953158608434,431.6413083582745,,
2023-07-13 10:45:00,HINDALCO,438.15,438.8,437.25,437.5,308793,1.2332060020551385,435.32249999999993,438.5510333133803,437.3178273113252,433.3271726886747,432.0939666866196,,
2023-07-13 10:50:00,HINDALCO,437.55,438.25,437.15,437.15,116760,1.2065648016441155,435.9575000000001,439.1162866507044,437.90972184906025,434.00527815093994,432.7987133492958,,
2023-07-13 10:55:00,HINDALCO,437.2,438.25,436.6,438.25,122509,1.2952518413152878,436.25,439.64096932056344,438.34571747924815,434.15428252075185,432.85903067943656,,
2023-07-13 11:00:00,HINDALCO,438.0,438.45,437.85,438.15,118306,1.1562014730522234,436.4125,439.4394354564507,438.28323398339853,434.5417660166015,433.3855645435493,,
2023-07-13 11:05:00,HINDALCO,438.1,438.5,438.05,438.3,86545,1.0149611784417765,436.59,439.2471683651605,438.23220718671877,434.9477928132812,433.93283163483943,,
2023-07-13 11:10:00,HINDALCO,438.3,439.3,438.0,439.05,258263,1.0719689427534236,436.805,439.61141469212845,438.53944574937503,435.070554250625,433.99858530787156,,
2023-07-13 11:15:00,HINDALCO,439.1,439.5,438.5,438.85,167758,1.057575154202739,437.05999999999995,439.8287317537027,438.7711565995,435.3488434004999,434.2912682462972,,
2023-07-13 11:20:00,HINDALCO,438.85,438.85,438.0,438.35,95650,1.0160601233621958,437.21999999999997,439.8800454029622,438.8639852796,435.57601472039994,434.55995459703774,,
2023-07-13 11:25:00,HINDALCO,438.3,438.9,438.2,438.25,80604,0.9528480986897543,437.3325,439.82705632236974,438.87420822368,435.79079177631996,434.8379436776302,,
2023-07-13 11:30:00,HINDALCO,438.2,438.8,438.15,438.4,73825,0.8922784789518103,437.4525,439.7884850578958,438.89620657894403,436.00879342105594,435.1165149421042,,
2023-07-13 11:35:00,HINDALCO,438.4,438.75,438.15,438.25,70379,0.8338227831614529,437.525,439.7079480463167,438.87412526315524,436.1758747368447,435.34205195368327,,
2023-07-13 11:40:00,HINDALCO,438.35,438.35,437.2,437.4,109556,0.8970582265291692,437.5625,439.91099843705337,439.0139402105242,436.1110597894758,435.21400156294663,,
2023-07-13 11:45:00,HINDALCO,437.35,437.7,437.0,437.15,117856,0.8576465812233331,437.55,439.7953187496427,438.93767216841934,436.1623278315807,435.3046812503573,,
2023-07-13 11:50:00,HINDALCO,437.1,437.3,436.45,437.1,92731,0.8561172649786711,437.58000000000004,439.8213149997142,438.9651977347355,436.19480226526457,435.33868500028586,,
2023-07-13 11:55:00,HINDALCO,437.2,437.25,437.0,437.2,28943,0.734893811982937,437.62,439.5439519997713,438.8090581877884,436.4309418122116,435.6960480002287,,
2023-07-13 12:00:00,HINDALCO,437.25,438.2,437.0,437.8,73540,0.8279150495863474,437.7,439.86748159981704,439.0395665502307,436.3604334497693,435.53251840018294,,
2023-07-13 12:05:00,HINDALCO,437.95,438.0,437.3,437.85,43958,0.8023320396690756,437.7674999999999,439.86800527985355,439.0656732401845,436.4693267598154,435.6669947201463,,
2023-07-13 12:10:00,HINDALCO,437.85,438.0,437.5,437.7,37027,0.7418656317352605,437.84499999999997,439.7872042238829,439.04533859214763,436.6446614078523,435.90279577611705,,
2023-07-13 12:15:00,HINDALCO,437.8,437.8,437.55,437.75,31780,0.6434925053882085,437.9325,439.61716337910633,438.9736708737181,436.8913291262819,436.2478366208937,,
2023-07-13 12:20:00,HINDALCO,437.75,437.75,436.8,437.25,52019,0.7047940043105645,437.88500000000005,439.7301507032851,439.0253566989745,436.7446433010256,436.039849296715,,
2023-07-13 12:25:00,HINDALCO,437.4,437.4,436.8,436.8,43929,0.6838352034484448,437.85,439.64028056262805,438.9564453591796,436.74355464082043,436.059719437372,,
2023-07-13 12:30:00,HINDALCO,436.85,437.0,436.0,436.8,143240,0.7470681627587559,437.8325,439.7883244501024,439.04125628734363,436.62374371265633,435.8766755498976,,
2023-07-13 12:35:00,HINDALCO,436.8,437.45,436.55,437.15,41368,0.7776545302070003,437.7775,439.8133995600819,439.0357450298749,436.5192549701251,435.74160043991805,,
2023-07-13 12:40:00,HINDALCO,437.15,437.3,436.8,437.0,29968,0.7221236241656003,437.71999999999997,439.6105196480655,438.88839602389993,436.5516039761,435.8294803519344,,
2023-07-13 12:45:00,HINDALCO,437.0,437.8,437.0,437.8,37480,0.7376988993324824,437.695,439.6262957184524,438.8885968191199,436.50140318088006,435.7637042815476,,
2023-07-13 12:50:00,HINDALCO,437.7,437.8,437.3,437.7,37736,0.690159119465986,437.62749999999994,439.4343365747619,438.7441774552959,436.51082254470396,435.82066342523797,,
2023-07-13 12:55:00,HINDALCO,437.6,437.75,437.1,437.2,28553,0.6821272955727843,437.5450000000001,439.3308092598096,438.64868196423686,436.4413180357633,435.75919074019055,,
2023-07-13 13:00:00,HINDALCO,437.2,437.4,437.0,437.2,38545,0.625701836458223,437.4875,439.12558740784766,438.4998855713894,436.4751144286106,435.84941259215236,,
2023-07-13 13:05:00,HINDALCO,437.35,437.7,437.15,437.7,32952,0.6105614691665807,437.46000000000004,439.0584499262782,438.44788845711156,436.4721115428885,435.8615500737219,,
2023-07-13 13:10:00,HINDALCO,437.7,438.0,437.4,437.9,48334,0.6084491753332691,437.43500000000006,439.02791994102256,438.4194707656893,436.4505292343108,435.84208005897756,,
2023-07-13 13:15:00,HINDALCO,437.85,438.5,437.8,438.5,69699,0.6267593402666131,437.44750000000005,439.08835595281806,438.46159661255143,436.43340338744866,435.80664404718203,,
2023-07-13 13:20:00,HINDALCO,438.45,438.5,438.1,438.3,51633,0.581407472213286,437.49249999999995,439.01462476225436,438.43321729004106,436.55178270995884,435.97037523774554,438.5,
2023-07-13 13:25:00,HINDALCO,438.3,438.4,437.6,437.6,62570,0.6251259777706197,437.515,439.1515798098035,438.52645383203287,436.5035461679671,435.8784201901965,,
2023-07-13 13:30:00,HINDALCO,437.8,438.2,437.6,438.2,59249,0.620100782216489,437.57,439.1934238478428,438.57332306562625,436.56667693437373,435.9465761521572,,
2023-07-13 13:35:00,HINDALCO,438.15,438.3,437.9,438.3,41342,0.5760806257731981,437.625,439.1331790782742,438.557098452501,436.692901547499,436.1168209217258,,
2023-07-13 13:40:00,HINDALCO,438.25,438.3,437.25,437.3,57230,0.6708645006185607,437.6,439.3563232626194,438.68545876200085,436.5145412379992,435.84367673738063,,
2023-07-13 13:45:00,HINDALCO,437.4,437.55,437.1,437.1,59917,0.6266916004948464,437.5625,439.2031786100955,438.57648700960067,436.54851299039933,435.9218213899045,,
2023-07-13 13:50:00,HINDALCO,437.0,437.0,436.0,436.2,232180,0.7013532803958771,437.4875,439.3236428880764,438.62228960768056,436.35271039231947,435.65135711192363,,436.0
2023-07-13 13:55:00,HINDALCO,436.3,436.6,435.1,435.1,384602,0.8610826243167017,437.355,439.6093143104611,438.74823168614444,435.9617683138556,435.1006856895389,,
2023-07-13 14:00:00,HINDALCO,435.1,435.5,434.2,434.3,160867,0.9488660994533638,437.2075,439.69163144836887,438.7427653489155,435.67223465108447,434.7233685516311,,
2023-07-13 14:05:00,HINDALCO,434.35,435.05,434.15,434.15,90537,0.9390928795626978,437.075,439.5335451586951,438.59445227913244,435.55554772086754,434.61645484130486,,
2023-07-13 14:10:00,HINDALCO,433.85,435.0,433.6,434.6,120007,1.0312743036501537,436.965,439.6648761269561,438.6336018233059,435.296398176694,434.2651238730439,,
2023-07-13 14:15:00,HINDALCO,434.65,435.0,433.8,434.9,139478,1.0650194429201207,436.85249999999996,439.64072090156486,438.57570145864474,435.1292985413552,434.06427909843507,,
2023-07-13 14:20:00,HINDALCO,434.95,435.95,434.8,435.1,88325,1.082015554336092,436.7575,439.59021672125186,438.5082011669158,435.0067988330842,433.9247832787481,,
2023-07-13 14:25:00,HINDALCO,435.4,436.5,435.4,436.5,77036,1.145612443468869,436.6925,439.6917133770015,438.5461009335326,434.8388990664674,433.69328662299847,,
2023-07-13 14:30:00,HINDALCO,436.5,436.9,435.5,435.9,66568,1.1964899547750907,436.60249999999996,439.73491070160117,438.53842074682603,434.6665792531739,433.47008929839876,,
2023-07-13 14:35:00,HINDALCO,435.9,436.0,434.65,434.9,51356,1.227191963820077,436.4875,439.70028856128096,438.4730965974609,434.50190340253914,433.27471143871907,,
2023-07-13 14:40:00,HINDALCO,434.9,435.1,434.15,434.35,81520,1.1717535710560707,436.34499999999997,439.41265084902477,438.2408972779687,434.4491027220312,433.27734915097517,,
2023-07-13 14:45:00,HINDALCO,434.15,436.2,433.8,436.2,101196,1.417402856844852,436.27,439.9807606792198,438.56335782237494,433.976642177625,432.55923932078014,,
2023-07-13 14:50:00,HINDALCO,436.2,436.2,434.95,435.1,79728,1.3839222854758817,436.13,439.75310854337584,438.36918625789997,433.8908137421,432.50689145662415,,
2023-07-13 14:55:00,HINDALCO,434.75,435.55,434.75,435.1,63343,1.2671378283807078,435.96000000000004,439.27736683470073,438.01022900632,433.90977099368007,432.64263316529934,,
2023-07-13 15:00:00,HINDALCO,435.2,435.55,434.75,434.75,124845,1.1737102627045686,435.7825000000001,438.85527346776064,437.6815632050561,433.8834367949441,432.70972653223953,,
2023-07-13 15:05:00,HINDALCO,434.8,435.0,434.2,434.8,186134,1.0989682101636573,435.64250000000004,438.5195987742085,437.4206305640448,433.86436943595527,432.7654012257916,,
2023-07-13 15:10:00,HINDALCO,434.9,435.45,434.55,435.05,149202,1.0591745681309213,435.48499999999996,438.2579190193667,437.19874445123577,433.77125554876415,432.71208098063323,,
2023-07-13 15:15:00,HINDALCO,435.1,435.95,435.0,435.6,215383,1.0373396545047346,435.35,438.0657552154934,437.02841556098866,433.6715844390114,432.6342447845066,,
2023-07-13 15:20:00,HINDALCO,435.65,436.0,435.1,435.15,196326,1.0098717236037833,435.24249999999995,437.8863441723947,436.8764724487909,433.608527551209,432.5986558276052,,
2023-07-13 15:25:00,HINDALCO,435.15,436.05,435.1,436.0,109625,0.9978973788830244,435.1875,437.79999533791573,436.8020979590327,433.5729020409673,432.57500466208427,,
2023-07-14 09:15:00,HINDALCO,441.0,443.45,440.35,441.9,655998,2.2883179031064174,435.4725,441.4633162703326,439.1749983672262,431.77000163277387,429.48168372966745,,
2023-07-14 09:20:00,HINDALCO,441.95,443.45,441.55,442.95,473725,2.210654322485129,435.86499999999995,441.652493016266,439.4418386937809,432.288161306219,430.0775069837339,,
2023-07-14 09:25:00,HINDALCO,443.15,444.4,443.0,444.25,543383,2.0585234579881013,436.3625,441.75171441301285,439.69319095502476,433.03180904497526,430.9732855869872,,
2023-07-14 09:30:00,HINDALCO,444.05,444.9,443.65,444.7,386234,1.8968187663904812,436.89000000000004,441.8558715304103,439.9590527640198,433.82094723598027,431.9241284695898,,
2023-07-14 09:35:00,HINDALCO,444.7,445.25,443.0,443.4,492981,1.967455013112385,437.33000000000004,442.4807972243283,440.5133422112159,434.1466577887842,432.1792027756718,,
2023-07-14 09:40:00,HINDALCO,443.4,443.8,442.0,442.9,278809,1.9339640104899103,437.73,442.7931177794626,440.8591537689727,434.60084623102733,432.66688222053745,,
2023-07-14 09:45:00,HINDALCO,442.95,443.5,442.7,443.1,107010,1.7071712083919306,438.13,442.59937422357007,440.89220301517815,435.36779698482184,433.6606257764299,,
2023-07-14 09:50:00,HINDALCO,443.1,443.6,442.8,443.15,169953,1.525736966713547,438.4625,442.45687937885606,440.9311424121425,435.99385758785746,434.4681206211439,,
2023-07-14 09:55:00,HINDALCO,443.1,444.0,443.0,443.35,95708,1.4205895733708376,438.83500000000004,442.5541035030849,441.13351392971407,436.536486070286,435.1158964969152,,
2023-07-14 10:00:00,HINDALCO,443.35,443.7,443.0,443.05,96677,1.2764716586966678,439.24249999999995,442.58430280246785,441.3078311437712,437.1771688562287,435.90069719753205,,
2023-07-14 10:05:00,HINDALCO,443.05,443.3,442.2,442.2,107327,1.241177326957339,439.63500000000005,442.8844022419744,441.643224915017,437.6267750849831,436.3855977580257,,
2023-07-14 10:10:00,HINDALCO,442.25,443.95,442.15,443.95,110348,1.3529418615658735,440.02250000000004,443.5645017935795,442.21155993201364,437.83344006798643,436.4804982064206,,
2023-07-14 10:15:00,HINDALCO,443.85,444.5,443.65,443.65,144033,1.2523534892527035,440.45,443.72866143486357,442.47630794561087,438.4236920543891,437.1713385651364,,
2023-07-14 10:20:00,HINDALCO,443.65,443.95,443.25,443.35,67973,1.1418827914021605,440.8625,443.8519491478909,442.7100663564887,439.0149336435113,437.87305085210915,,
2023-07-14 10:25:00,HINDALCO,443.35,444.9,443.0,444.65,119715,1.293506233121724,441.35749999999996,444.74389931831263,443.4503930851909,439.264606914809,437.9711006816873,,
2023-07-14 10:30:00,HINDALCO,444.7,444.75,444.0,444.0,100269,1.184804986497379,441.8175,444.9193194546501,443.7345144681528,439.9004855318472,438.71568054534987,,
2023-07-14 10:35:00,HINDALCO,444.05,444.7,443.75,444.15,103793,1.137843989197901,442.27250000000004,445.25137556372016,444.11353157452226,440.4314684254778,439.2936244362799,,
2023-07-14 10:40:00,HINDALCO,444.2,444.25,443.4,443.95,120261,1.0802751913583255,442.69000000000005,445.51816045097615,444.4378852596178,440.9421147403823,439.86183954902395,,
2023-07-14 10:45:00,HINDALCO,443.95,444.0,443.15,443.45,129519,1.034220153086665,443.105,445.8125883607809,444.77836820769426,441.4316317923058,440.3974116392191,,
2023-07-14 10:50:00,HINDALCO,443.65,443.75,442.75,443.3,204802,1.027376122469332,443.4700000000001,446.1596706886248,445.13229456615545,441.8077054338447,440.7803293113754,,
2023-07-14 10:55:00,HINDALCO,443.2,444.1,443.2,443.75,107761,1.0019008979754727,443.5625,446.1854765508998,445.18357565292433,441.94142434707567,440.9395234491002,,
2023-07-14 11:00:00,HINDALCO,443.65,444.0,443.3,443.8,51944,0.941520718380376,443.605,446.06990124071984,445.12838052233946,442.0816194776606,441.1400987592802,,
2023-07-14 11:05:00,HINDALCO,443.75,444.4,443.7,444.0,88226,0.8932165747042986,443.59250000000003,445.93094099257587,445.0377244178716,442.1472755821285,441.2540590074242,,
2023-07-14 11:10:00,HINDALCO,443.9,444.2,443.6,444.15,39302,0.8345732597634321,443.56499999999994,445.7499127940606,444.9153395342972,442.2146604657027,441.3800872059393,,
2023-07-14 11:15:00,HINDALCO,444.15,444.2,443.65,443.9,38908,0.777658607810748,443.59,445.6259102352485,444.8482516274378,442.3317483725622,441.55408976475144,,
2023-07-14 11:20:00,HINDALCO,443.75,443.9,442.9,443.25,310044,0.8221268862485984,443.60749999999996,445.7598281881988,444.9377013019502,442.2772986980497,441.4551718118011,,
2023-07-14 11:25:00,HINDALCO,443.3,443.55,442.85,443.0,69219,0.7977015089988766,443.60249999999996,445.690882550559,444.8931810415601,442.3118189584398,441.5141174494409,,
2023-07-14 11:30:00,HINDALCO,443.1,443.45,443.0,443.1,37270,0.728161207199099,443.6,445.5063260404473,444.7781648332482,442.42183516675186,441.69367395955277,,
2023-07-14 11:35:00,HINDALCO,443.05,443.5,442.65,443.4,88012,0.7525289657592839,443.60249999999996,445.57262083235776,444.8200918665985,442.38490813340144,441.63237916764217,,
2023-07-14 11:40:00,HINDALCO,443.4,443.75,443.0,443.0,45672,0.7520231726074271,443.6,445.5687966658863,444.81677349327884,442.3832265067212,441.63120333411376,,
2023-07-14 11:45:00,HINDALCO,443.0,443.35,442.85,443.1,80473,0.7016185380859418,443.645,445.481837332709,444.780218794623,442.50978120537695,441.80816266729096,,
2023-07-14 11:50:00,HINDALCO,443.1,443.5,442.95,443.0,52264,0.6712948304687557,443.59749999999997,445.35494986616715,444.6836550356984,442.51134496430154,441.8400501338328,,
2023-07-14 11:55:00,HINDALCO,443.0,443.45,442.95,443.25,48850,0.6370358643750046,443.5775,445.24525989293375,444.60822402855877,442.5467759714412,441.9097401070662,,
2023-07-14 12:00:00,HINDALCO,443.1,443.5,442.05,442.35,108790,0.7996286915000015,443.5275,445.62092791434696,444.82129922284696,442.233700777153,441.434072085653,,
2023-07-14 12:05:00,HINDALCO,442.45,442.7,442.05,442.05,72710,0.7697029531999967,443.3974999999999,445.4125823314775,444.64287937827754,442.1521206217223,441.38241766852235,,
2023-07-14 12:10:00,HINDALCO,442.05,442.2,441.3,441.45,152941,0.7957623625599929,443.27,445.35330586518205,444.557543502622,441.98245649737794,441.1866941348179,,
2023-07-14 12:15:00,HINDALCO,441.45,441.5,441.0,441.25,78046,0.7366098900479944,443.125,445.05344469214566,444.3168348020977,441.9331651979023,441.19655530785434,,
2023-07-14 12:20:00,HINDALCO,441.25,442.2,441.2,441.25,262958,0.7892879120383955,442.98999999999995,445.05635575371645,444.26706784167806,441.71293215832185,440.92364424628346,,
2023-07-14 12:25:00,HINDALCO,441.25,442.45,441.2,442.05,54130,0.8814303296307164,442.91999999999996,445.2275846029732,444.34615427334245,441.49384572665747,440.6124153970267,,441.2
2023-07-14 12:30:00,HINDALCO,442.25,442.95,442.05,442.75,91869,0.8851442637045687,442.8924999999999,445.2098076823785,444.32466341867394,441.4603365813259,440.5751923176214,,
2023-07-14 12:35:00,HINDALCO,442.95,443.45,442.75,443.35,58060,0.8481154109636526,442.87249999999995,445.0928661459028,444.24475073493915,441.50024926506075,440.6521338540971,,
2023-07-14 12:40:00,HINDALCO,443.25,443.45,442.75,443.25,162742,0.8184923287709198,442.84499999999997,444.98781291672225,444.16932058795135,441.5206794120486,440.7021870832777,,
2023-07-14 12:45:00,HINDALCO,443.25,443.5,443.0,443.0,53872,0.7547938630167359,442.79499999999996,444.7710503333778,444.01625647036104,441.5737435296389,440.81894966662213,,
2023-07-14 12:50:00,HINDALCO,443.0,443.1,442.0,442.8,233899,0.8238350904133933,442.7275000000001,444.8843002667023,444.060465176289,441.3945348237112,440.57069973329783,,
2023-07-14 12:55:00,HINDALCO,442.95,442.95,442.35,442.75,65379,0.779068072330708,442.6700000000001,444.70960021336185,443.93053214103116,441.409467858969,440.6303997866383,,
2023-07-14 13:00:00,HINDALCO,442.75,443.0,442.45,442.55,40904,0.7332544578645688,442.63500000000005,444.5546601706895,443.8214057128249,441.4485942871752,440.7153398293106,,
2023-07-14 13:05:00,HINDALCO,442.65,443.0,442.55,442.95,37798,0.6766035662916527,442.63250000000005,444.4038481365516,443.7272445702599,441.5377554297402,440.8611518634485,,
2023-07-14 13:10:00,HINDALCO,442.95,443.25,442.85,443.15,40385,0.6212828530333177,442.63500000000005,444.2615185092413,443.64023565620795,441.62976434379215,441.0084814907588,,
2023-07-14 13:15:00,HINDALCO,443.2,443.4,443.0,443.1,27510,0.5770262824266497,442.62000000000006,444.13065480739306,443.55362852496637,441.68637147503375,441.10934519260707,,
2023-07-14 13:20:00,HINDALCO,443.1,443.4,442.9,443.35,63646,0.5616210259413198,442.6375,444.10782384591437,443.546202819973,441.72879718002696,441.1671761540856,,
2023-07-14 13:25:00,HINDALCO,443.35,443.5,443.0,443.05,71061,0.5492968207530559,442.63500000000005,444.07305907673157,443.5237622559785,441.7462377440216,441.1969409232685,,
2023-07-14 13:30:00,HINDALCO,443.2,443.3,442.8,443.0,84221,0.5394374566024447,442.63500000000005,444.0472472613852,443.5078098047828,441.7621901952173,441.2227527386149,,
2023-07-14 13:35:00,HINDALCO,442.9,443.05,442.7,443.05,41808,0.5015499652819603,442.625,443.93805780910816,443.43650784382623,441.81349215617377,441.31194219089184,,
2023-07-14 13:40:00,HINDALCO,442.95,443.9,442.9,442.95,84913,0.6012399722255682,442.65500000000003,444.2290462472866,443.627806275061,441.68219372493905,441.08095375271347,,
2023-07-14 13:45:00,HINDALCO,443.0,443.75,442.9,443.4,46179,0.6509919777804591,442.7225,444.4267969978293,443.77580502004884,441.6691949799512,441.01820300217076,,
2023-07-14 13:50:00,HINDALCO,443.5,443.9,443.25,443.65,193232,0.6507935822243628,442.8325,444.5362775982634,443.885484016039,441.77951598396095,441.1287224017366,,
2023-07-14 13:55:00,HINDALCO,443.65,443.85,443.2,443.75,31944,0.6506348657794971,442.9575,444.6608620786107,444.0102272128312,441.9047727871688,441.25413792138926,,
2023-07-14 14:00:00,HINDALCO,443.8,444.75,443.75,444.4,233024,0.7205078926235977,443.11499999999995,445.00128966288855,444.2807817702649,441.949218229735,441.22871033711135,444.75,
2023-07-14 14:05:00,HINDALCO,444.5,444.9,443.55,443.8,68015,0.8464063140988713,443.20250000000004,445.4183917303109,444.57198541621204,441.83301458378804,440.9866082696892,,
2023-07-14 14:10:00,HINDALCO,443.85,444.0,443.3,443.75,58333,0.8171250512790948,443.25250000000005,445.3917333842487,444.5746083329696,441.9303916670305,441.1132666157514,,
2023-07-14 14:15:00,HINDALCO,443.85,443.95,443.3,443.45,39359,0.7837000410232714,443.2575,445.3092267073989,444.52552666637564,441.98947333362435,441.20577329260107,,
2023-07-14 14:20:00,HINDALCO,443.5,443.7,443.3,443.4,55648,0.7069600328186125,443.26500000000004,445.11582136591915,444.40886133310056,442.1211386668995,441.41417863408094,,
2023-07-14 14:25:00,HINDALCO,443.4,443.95,443.3,443.9,45946,0.6955680262548855,443.31000000000006,445.13099709273536,444.4354290664805,442.18457093351964,441.48900290726476,,
2023-07-14 14:30:00,HINDALCO,443.7,444.3,443.55,444.15,64869,0.7064544210039084,443.37749999999994,445.22699767418817,444.52054325318426,442.2344567468156,441.5280023258117,,
2023-07-14 14:35:00,HINDALCO,444.3,444.4,444.0,444.1,81817,0.6451635368031223,443.445,445.1340381393506,444.48887460254747,442.4011253974525,441.7559618606494,,
2023-07-14 14:40:00,HINDALCO,444.15,444.45,444.05,444.45,44796,0.5961308294424934,443.53999999999996,445.1006705114804,444.50453968203794,442.575460317962,441.9793294885195,,
2023-07-14 14:45:00,HINDALCO,444.4,444.7,444.2,444.55,68350,0.5769046635539947,443.62,445.13033640918434,444.55343174563035,442.68656825436966,442.10966359081567,,
2023-07-14 14:50:00,HINDALCO,444.7,445.75,444.55,444.7,330839,0.7015237308431935,443.69749999999993,445.53408912734744,444.8325653965042,442.56243460349566,441.8609108726524,,
2023-07-14 14:55:00,HINDALCO,444.8,445.0,444.6,444.8,63082,0.6412189846745504,443.78249999999997,445.46121130187794,444.8199923172034,442.74500768279654,442.103788698122,,
2023-07-14 15:00:00,HINDALCO,444.95,445.9,444.9,445.75,178050,0.7329751877396335,443.90250000000003,445.82142904150237,445.08845385376276,442.7165461462373,441.9835709584977,,
2023-07-14 15:05:00,HINDALCO,445.8,447.15,445.2,447.1,433142,0.9763801501917047,444.105,446.6611632332019,445.6847830830102,442.52521691698985,441.54883676679816,,
2023-07-14 15:10:00,HINDALCO,447.1,447.65,446.6,446.9,490528,0.9911041201533546,444.3,446.8947105865615,445.9036064664081,442.6963935335919,441.70528941343855,,
2023-07-14 15:15:00,HINDALCO,447.0,447.65,446.65,447.55,276862,0.9928832961226837,444.525,447.1243684692492,446.13148517312646,442.9185148268735,441.92563153075076,,
2023-07-14 15:20:00,HINDALCO,447.7,447.95,447.05,447.75,225388,0.9743066368981425,444.765,447.31573477539933,446.34142813850116,443.1885718614988,442.21426522460064,,
2023-07-14 15:25:00,HINDALCO,447.75,448.3,446.95,447.2,195318,1.0494453095185186,444.95500000000004,447.70244782031955,446.653002510801,443.2569974891991,442.20755217968053,,
2023-07-17 09:15:00,HINDALCO,447.8,447.8,443.95,445.0,290330,1.6095562476148193,445.02250000000004,449.23631825625563,447.6267620086408,442.41823799135926,440.80868174374444,447.8,
2023-07-17 09:20:00,HINDALCO,445.05,447.65,444.7,445.7,242012,1.8776449980918533,445.12,450.0356746050045,448.15802960691263,442.0819703930874,440.2043253949955,,
2023-07-17 09:25:00,HINDALCO,445.85,446.65,444.9,446.6,140453,1.8521159984734827,445.23,450.0788396840036,448.2267236855301,442.23327631446995,440.38116031599645,,
2023-07-17 09:30:00,HINDALCO,446.6,447.5,446.15,447.0,101992,1.751692798778791,445.39,449.9759317472029,448.22423894842404,442.5557610515759,440.8040682527971,,
2023-07-17 09:35:00,HINDALCO,446.8,448.45,446.8,448.45,108757,1.7313542390230283,445.625,450.1576853977623,448.4263311587393,442.8236688412607,441.0923146022377,,
2023-07-17 09:40:00,HINDALCO,448.5,451.8,448.5,451.05,443343,2.055083391218427,446.005,451.38520831820983,449.3301249269914,442.6798750730086,440.62479168179016,,
2023-07-17 09:45:00,HINDALCO,451.4,451.6,450.15,450.35,114815,1.934066712974751,446.35249999999996,451.4158866545679,449.48181994159313,443.2231800584068,441.28911334543204,,
2023-07-17 09:50:00,HINDALCO,450.5,450.5,448.65,449.45,255574,1.9172533703798056,446.63,451.64936932365435,449.7321159532745,443.5278840467255,441.61063067634564,,
2023-07-17 09:55:00,HINDALCO,449.25,451.0,448.8,451.0,159569,1.9738026963038422,446.9725,452.1399154589235,450.16611276261966,443.7788872373804,441.80508454107655,,
2023-07-17 10:00:00,HINDALCO,451.0,451.45,449.8,450.1,156973,1.9090421570430693,447.2724999999999,452.2703723671387,450.3613302100956,444.18366978990423,442.27462763286115,,
2023-07-17 10:05:00,HINDALCO,450.1,450.5,449.25,449.6,100592,1.7772337256344555,447.53000000000003,452.18279789371104,450.4055641680766,444.6544358319235,442.877202106289,,
2023-07-17 10:10:00,HINDALCO,449.75,449.75,449.1,449.3,36495,1.55178698050756,447.76750000000004,451.83007831496883,450.2782913344613,445.2567086655388,443.70492168503125,,
2023-07-17 10:15:00,HINDALCO,449.3,449.3,448.25,449.0,73985,1.4514295844060503,447.9825000000001,451.7823426519751,450.33091306756904,445.6340869324311,444.18265734802503,,
2023-07-17 10:20:00,HINDALCO,448.85,449.85,448.85,449.0,34666,1.3611436675248403,448.1925,451.75597412158004,450.3948304540552,445.9901695459448,444.62902587841995,,
2023-07-17 10:25:00,HINDALCO,449.05,449.6,449.0,449.6,22859,1.2089149340198768,448.38499999999993,451.54993929726396,450.3410243632441,446.42897563675575,445.2200607027359,,
2023-07-17 10:30:00,HINDALCO,450.4,451.8,450.4,451.7,159611,1.4071319472158992,448.61499999999995,452.29887143781116,450.8917394905953,446.3382605094046,444.93112856218875,,
2023-07-17 10:35:00,HINDALCO,451.7,452.55,449.85,449.85,191478,1.665705557772717,448.7625,453.12331715024897,451.45761159247627,446.0673884075237,444.401682849751,,
2023-07-17 10:40:00,HINDALCO,449.85,450.0,448.0,448.75,877979,1.7325644462181735,448.82250000000005,453.3583537201992,451.62578927398107,446.019210726019,444.2866462798009,,
2023-07-17 10:45:00,HINDALCO,449.0,449.05,448.5,448.75,37699,1.4960515569745412,448.87250000000006,452.7891629761594,451.29311141918487,446.45188858081525,444.95583702384073,,
2023-07-17 10:50:00,HINDALCO,448.85,450.0,448.75,449.55,45998,1.446841245579633,448.98999999999995,452.7778303809274,451.3309891353478,446.6490108646521,445.2021696190725,,
2023-07-17 10:55:00,HINDALCO,449.75,449.75,449.2,449.35,25636,1.2674729964637086,449.2075,452.525744304742,451.25827130827827,447.1567286917217,445.889255695258,,
2023-07-17 11:00:00,HINDALCO,449.4,449.5,448.85,449.25,45279,1.1439783971709623,449.38500000000005,452.3799354437936,451.2359570466227,447.5340429533774,446.3900645562065,,
2023-07-17 11:05:00,HINDALCO,449.25,449.75,449.0,449.6,27832,1.0651827177367699,449.535,452.3236483550349,451.2584656372981,447.81153436270193,446.74635164496516,,
2023-07-17 11:10:00,HINDALCO,449.6,450.0,449.4,449.65,59249,0.9721461741894205,449.6675,452.2125786840279,451.2404325098385,448.0945674901615,447.12242131597213,,
2023-07-17 11:15:00,HINDALCO,449.65,450.0,449.5,450.0,54750,0.8777169393515364,449.745,452.0428629472223,451.1651460078708,448.3248539921292,447.4471370527777,,
2023-07-17 11:20:00,HINDALCO,450.0,450.2,449.7,450.0,34270,0.8021735514812292,449.6925,451.79259035777784,450.99041680629665,448.39458319370334,447.59240964222215,,
2023-07-17 11:25:00,HINDALCO,450.0,451.0,450.0,450.25,53315,0.8417388411849833,449.6875,451.8911722862223,451.0494334450373,448.3255665549627,447.4838277137777,,
2023-07-17 11:30:00,HINDALCO,450.3,450.95,450.15,450.6,36994,0.833391072947989,449.745,451.92681782897785,451.0934267560298,448.3965732439702,447.56318217102216,,
2023-07-17 11:35:00,HINDALCO,450.6,451.4,450.5,451.3,113558,0.8467128583583867,449.75999999999993,451.9766942631822,451.1299814048238,448.39001859517606,447.5433057368177,,
2023-07-17 11:40:00,HINDALCO,451.3,451.5,450.9,451.45,58286,0.797370286686714,449.82750000000004,451.91501541054583,451.1176451238591,448.53735487614097,447.73998458945425,,
2023-07-17 11:45:00,HINDALCO,451.5,451.8,451.25,451.6,56673,0.7478962293493735,449.92750000000007,451.8854923284367,451.1375960990874,448.71740390091276,447.9695076715634,,
2023-07-17 11:50:00,HINDALCO,451.6,452.45,451.15,451.7,120737,0.858316983479501,450.04749999999996,452.2945738627493,451.43625687926976,448.65874312073015,447.8004261372506,,
2023-07-17 11:55:00,HINDALCO,451.65,452.25,451.15,452.25,100330,0.9066535867836054,450.2099999999999,452.5836190901994,451.6769655034158,448.7430344965841,447.8363809098004,,
2023-07-17 12:00:00,HINDALCO,452.2,452.3,451.55,451.9,93927,0.8753228694268844,450.3549999999999,452.6465952721595,451.7712724027326,448.9387275972672,448.0634047278403,,
2023-07-17 12:05:00,HINDALCO,451.7,453.35,451.45,453.3,389254,1.0802582955415143,450.5400000000001,453.3681162177278,452.2878579221862,448.79214207781393,447.71188378227237,,
2023-07-17 12:10:00,HINDALCO,453.25,454.15,453.0,453.25,327300,1.094206636433207,450.6175,453.48213297418215,452.3879263377489,448.8470736622511,447.75286702581786,,
2023-07-17 12:15:00,HINDALCO,453.25,453.75,453.2,453.45,45748,0.985365309146568,450.79749999999996,453.3771863793457,452.3918210701991,449.2031789298008,448.2178136206542,,453.2
2023-07-17 12:20:00,HINDALCO,453.4,453.75,453.05,453.15,90191,0.9282922473172521,451.01750000000004,453.4477691034766,452.5194768561594,449.5155231438407,448.58723089652347,,
2023-07-17 12:25:00,HINDALCO,453.05,453.5,452.0,452.5,84516,1.0426337978538018,451.20500000000004,453.9346152827813,452.8919814849275,449.5180185150726,448.4753847172188,453.5,
2023-07-17 12:30:00,HINDALCO,452.45,452.65,452.0,452.15,44308,0.964107038283037,451.33500000000004,453.85903222622505,452.89492518794196,449.7750748120581,448.810967773775,,
2023-07-17 12:35:00,HINDALCO,452.15,452.35,452.0,452.2,31190,0.8412856306264341,451.47749999999996,453.67998578097996,452.83870015035353,450.1162998496464,449.27501421901997,,
2023-07-17 12:40:00,HINDALCO,452.1,452.85,451.8,452.6,59032,0.8830285045011497,451.645,453.956768624784,453.0737401202828,450.21625987971714,449.333231375216,,
2023-07-17 12:45:00,HINDALCO,452.7,452.9,451.75,451.95,36982,0.9364228036009152,451.7625,454.2140548998272,453.2776320962263,450.2473679037737,449.3109451001728,,
2023-07-17 12:50:00,HINDALCO,451.95,452.25,451.5,451.75,63700,0.8991382428807323,451.8675,454.22144391986177,453.32230567698105,450.41269432301897,449.51355608013824,,
2023-07-17 12:55:00,HINDALCO,451.8,451.8,451.05,451.1,61555,0.8693105943045859,451.9225,454.1983551358894,453.32904454158484,450.5159554584152,449.6466448641106,,
2023-07-17 13:00:00,HINDALCO,451.3,451.6,451.0,451.1,37463,0.8154484754436733,451.97749999999996,454.1123441087115,453.2968956332678,450.6581043667321,449.8426558912884,,
2023-07-17 13:05:00,HINDALCO,451.1,451.3,450.3,450.6,59766,0.8523587803549386,451.995,454.2264752869692,453.3741165066143,450.6158834933857,449.7635247130308,,450.3
2023-07-17 13:10:00,HINDALCO,450.6,451.0,450.3,450.55,49144,0.8218870242839487,451.9925,454.1442002295754,453.32231320529144,450.6626867947086,449.8407997704246,,
2023-07-17 13:15:00,HINDALCO,450.55,451.45,450.05,451.25,131570,0.9375096194271545,451.99000000000007,454.4444001836604,453.5068905642332,450.47310943576696,449.53559981633975,,
2023-07-17 13:20:00,HINDALCO,451.25,451.25,450.05,450.3,45795,0.9900076955417214,451.9325,454.52434014692824,453.5343324513865,450.3306675486135,449.34065985307177,,
2023-07-17 13:25:00,HINDALCO,450.2,450.8,450.05,450.8,40441,0.9420061564333772,451.8924999999999,454.3586721175425,453.4166659611091,450.36833403889074,449.4263278824574,,
2023-07-17 13:30:00,HINDALCO,450.75,450.8,450.05,450.25,52934,0.9036049251467018,451.82,454.1856376940341,453.28203276888735,450.35796723111264,449.4543623059659,,
2023-07-17 13:35:00,HINDALCO,450.25,450.65,450.05,450.65,42220,0.8428839401173547,451.74000000000007,453.9466701552273,453.10378621510995,450.3762137848902,449.5333298447728,,
2023-07-17 13:40:00,HINDALCO,450.5,450.8,450.2,450.7,56362,0.7943071520938884,451.68,453.7594961241818,452.9651889720879,450.3948110279121,449.6005038758182,,
2023-07-17 13:45:00,HINDALCO,450.7,451.65,450.4,451.6,92768,0.8854457216751107,451.59499999999997,453.9130968993454,453.0276511776703,450.16234882232965,449.2769031006545,,
2023-07-17 13:50:00,HINDALCO,451.6,451.7,450.1,450.25,135122,1.0283565773400818,451.445,454.13723751947634,453.10888094213624,449.78111905786375,448.75276248052364,,
2023-07-17 13:55:00,HINDALCO,450.1,450.1,448.45,449.05,180068,1.1526852618720724,451.225,454.2427300155811,453.09004475370904,449.359955246291,448.20726998441893,,
2023-07-17 14:00:00,HINDALCO,449.1,449.75,448.4,449.05,230082,1.1921482094976625,451.02,454.1410440124649,452.9488958029672,449.0911041970328,447.8989559875351,,
2023-07-17 14:05:00,HINDALCO,449.15,449.55,449.0,449.05,56630,1.0637185675981324,450.84749999999997,453.63231520997186,452.56859664237373,449.1264033576262,448.0626847900281,,
2023-07-17 14:10:00,HINDALCO,449.15,449.5,449.05,449.2,38356,0.9409748540785038,450.7,453.1634721679775,452.222497313899,449.177502686101,448.2365278320225,,
2023-07-17 14:15:00,HINDALCO,449.25,449.5,449.1,449.25,37611,0.8327798832627986,450.55250000000007,452.73271773438205,451.89993785111926,449.20506214888087,448.3722822656181,,
2023-07-17 14:20:00,HINDALCO,449.35,449.95,448.65,449.1,156194,0.9262239066102411,450.37750000000005,452.80235418750567,451.87613028089544,448.87886971910467,447.95264581249444,,
2023-07-17 14:25:00,HINDALCO,449.25,449.75,449.1,449.35,59630,0.8709791252881884,450.24750000000006,452.5277233500045,451.65674422471636,448.83825577528376,447.9672766499956,,
2023-07-17 14:30:00,HINDALCO,449.25,449.35,448.55,448.7,35181,0.856783300230553,450.09499999999997,452.33805868000354,451.481275379773,448.7087246202269,447.8519413199964,,
2023-07-17 14:35:00,HINDALCO,448.75,449.35,448.65,449.05,31451,0.8254266401844516,449.99249999999995,452.15346694400284,451.3280403038184,448.6569596961815,447.83153305599706,,
2023-07-17 14:40:00,HINDALCO,449.15,449.3,448.55,448.85,43864,0.8103413121475613,449.88,452.0014735552023,451.19113224305477,448.5688677569452,447.75852644479767,,
2023-07-17 14:45:00,HINDALCO,448.9,449.1,448.55,448.95,36574,0.7582730497180514,449.7975,451.78265884416186,451.02438579444384,448.5706142055562,447.81234115583817,,
2023-07-17 14:50:00,HINDALCO,448.8,449.1,448.55,448.8,50822,0.7166184397744435,449.7099999999999,451.58610707532944,450.86948863555494,448.5505113644449,447.8338929246704,,
2023-07-17 14:55:00,HINDALCO,448.9,448.9,448.0,448.55,93838,0.7532947518195503,449.575,451.5471256602636,450.793830908444,448.35616909155596,447.6028743397364,,
2023-07-17 15:00:00,HINDALCO,448.6,448.95,447.7,447.7,161877,0.8526358014556403,449.445,451.67720052821085,450.8245647267552,448.06543527324476,447.21279947178914,,
2023-07-17 15:05:00,HINDALCO,447.7,447.8,446.35,447.0,225500,0.9721086411645101,449.255,451.7999804225687,450.82787178140416,447.68212821859584,446.7100195774313,,
2023-07-17 15:10:00,HINDALCO,446.85,447.5,446.7,447.35,94214,0.9376869129316104,449.11,451.564864338055,450.62717742512336,447.59282257487666,446.65513566194505,,
2023-07-17 15:15:00,HINDALCO,447.5,447.55,446.7,447.1,130467,0.920149530345293,448.9325,451.341451470444,450.4213019400987,447.4436980599013,446.523548529556,,
2023-07-17 15:20:00,HINDALCO,447.05,447.05,446.2,446.25,128946,0.906119624276239,448.71000000000004,451.08222117635523,450.176101552079,447.2438984479211,446.33777882364484,,
2023-07-17 15:25:00,HINDALCO,446.25,446.85,445.55,446.0,143238,0.9848956994209936,448.43,451.00845694108415,450.0235612416632,446.83643875833684,445.85154305891587,,
2023-07-18 09:15:00,HINDALCO,447.0,447.45,445.0,446.65,186606,1.2779165595367927,448.25,451.5955855528673,450.3176689933305,446.1823310066695,444.9044144471327,,
2023-07-18 09:20:00,HINDALCO,446.0,446.85,445.95,446.5,93888,1.202333247629441,448.12250000000006,451.27020844229395,450.0678751946645,446.1771248053356,444.97479155770617,,
2023-07-18 09:25:00,HINDALCO,446.4,446.8,446.05,446.1,61686,1.111866598103553,447.975,450.8858667538351,449.7740001557316,446.17599984426846,445.06413324616494,,
2023-07-18 09:30:00,HINDALCO,445.95,446.35,445.4,445.65,128984,1.0794932784828515,447.805,450.6311134030681,449.55162012458527,446.05837987541474,444.9788865969319,,
2023-07-18 09:35:00,HINDALCO,445.5,445.6,444.2,444.4,65624,1.143594622786288,447.56499999999994,450.5589307224544,449.41533609966814,445.71466390033174,444.57106927754546,,
2023-07-18 09:40:00,HINDALCO,444.35,444.8,443.2,443.25,56604,1.234875698229035,447.265,450.4979045779636,449.2630288797346,445.2669711202654,444.0320954220364,,
2023-07-18 09:45:00,HINDALCO,443.25,444.35,443.15,444.25,40408,1.227900558583237,447.0224999999999,450.23714366237084,449.0092431037876,445.03575689621226,443.807856337629,,
2023-07-18 09:50:00,HINDALCO,444.2,446.5,444.1,446.25,57704,1.4623204468665851,446.86749999999995,450.69585492989665,449.2335344830301,444.5014655169698,443.03914507010325,,444.1
2023-07-18 09:55:00,HINDALCO,446.45,447.3,446.15,447.15,56220,1.399856357493275,446.78999999999996,450.45482394391735,449.0549675864241,444.52503241357584,443.1251760560826,,
2023-07-18 10:00:00,HINDALCO,446.9,447.75,446.7,447.35,32684,1.3298850859946225,446.70500000000004,450.18663915513395,448.85675406913936,444.5532459308607,443.22336084486614,,
2023-07-18 10:05:00,HINDALCO,447.35,447.45,446.3,447.1,41957,1.2939080687956936,446.6175,450.00495132410714,448.71104325531144,444.5239567446886,443.2300486758929,,
2023-07-18 10:10:00,HINDALCO,447.1,447.5,446.65,446.7,29964,1.2051264550365595,446.505,449.6600210592857,448.45489460424915,444.55510539575084,443.34997894071427,,
2023-07-18 10:15:00,HINDALCO,446.85,446.9,446.15,446.5,26935,1.1141011640292477,446.39000000000004,449.3067168474286,448.19261568339937,444.5873843166007,443.47328315257147,,
2023-07-18 10:20:00,HINDALCO,446.55,447.15,446.55,446.9,22759,1.0212809312233937,446.3075,448.98121347794284,447.9599325467195,444.65506745328054,443.63378652205716,,
2023-07-18 10:25:00,HINDALCO,446.8,446.9,446.5,446.65,16683,0.8970247449787105,446.255,448.6034107823543,447.7063860373755,444.80361396262447,443.9065892176457,,
2023-07-18 10:30:00,HINDALCO,446.55,446.6,445.7,445.95,26899,0.8976197959829753,446.20250000000004,448.5524686258835,447.6548488299005,444.75015117009957,443.8525313741166,,
2023-07-18 10:35:00,HINDALCO,445.9,446.5,445.75,446.2,22432,0.8680958367863802,446.145,448.41767490070674,447.54957906392036,444.7404209360796,443.8723250992932,,
2023-07-18 10:40:00,HINDALCO,446.2,446.55,446.1,446.25,15077,0.784476669429102,446.10249999999996,448.15625992056533,447.37178325113626,444.83321674886366,444.0487400794346,,
2023-07-18 10:45:00,HINDALCO,446.4,448.2,446.2,448.1,58950,1.0275813355432817,446.195,448.88520793645233,447.85762660090904,444.53237339909094,443.50479206354765,448.2,
2023-07-18 10:50:00,HINDALCO,448.05,448.65,447.7,447.9,77634,1.012065068434623,446.28999999999996,448.9395863491618,447.9275212807272,444.6524787192727,443.6404136508381,,
2023-07-18 10:55:00,HINDALCO,447.7,448.3,447.65,448.3,22723,0.9396520547477054,446.37250000000006,448.83250907932955,447.8928570245819,444.85214297541825,443.91249092067056,,
2023-07-18 11:00:00,HINDALCO,448.35,448.45,447.8,448.3,30842,0.8817216437981599,446.4625,448.77084726346357,447.8891256196654,445.0358743803346,444.1541527365364,,
2023-07-18 11:05:00,HINDALCO,448.2,448.4,447.95,448.25,20475,0.7953773150385257,446.57,448.65229781077085,447.8569204957323,445.2830795042677,444.48770218922914,,
2023-07-18 11:10:00,HINDALCO,448.15,448.4,448.1,448.35,13576,0.6963018520308115,446.70500000000004,448.5279182486167,447.8316163965859,445.5783836034142,444.8820817513834,,
2023-07-18 11:15:00,HINDALCO,448.25,448.75,448.1,448.3,24093,0.6870414816246447,446.9,448.6986745988933,448.0116331172687,445.7883668827313,445.10132540110664,,
2023-07-18 11:20:00,HINDALCO,448.1,448.3,447.6,447.7,42103,0.6896331852997135,447.12250000000006,448.92795967911474,448.238326493815,446.0066735061851,445.3170403208854,,
2023-07-18 11:25:00,HINDALCO,447.75,448.0,447.3,447.75,19016,0.6917065482397686,447.2975,449.1083877432917,448.416681195052,446.17831880494805,445.4866122567083,,
2023-07-18 11:30:00,HINDALCO,447.55,447.65,446.5,447.1,46100,0.7833652385918104,447.34000000000003,449.3908501946334,448.60748495604156,446.0725150439585,445.28914980536666,,
2023-07-18 11:35:00,HINDALCO,447.05,447.3,446.8,447.05,23257,0.7266921908734484,447.33500000000004,449.23748015570675,448.5107879648333,446.1592120351668,445.4325198442933,,
2023-07-18 11:40:00,HINDALCO,447.15,447.15,446.0,446.4,99289,0.8113537526987542,447.2875,449.4116241245654,448.6002703718666,445.97472962813345,445.16337587543467,,
2023-07-18 11:45:00,HINDALCO,446.4,446.5,444.9,445.6,173549,0.969083002159008,447.2125,449.7495592996523,448.78047629749324,445.6445237025067,444.6754407003477,,
2023-07-18 11:50:00,HINDALCO,445.65,446.45,445.2,446.15,35758,1.0252664017272064,447.18499999999995,449.86914743972176,448.84388103799455,445.52611896200534,444.50085256027813,,
2023-07-18 11:55:00,HINDALCO,446.2,446.45,445.75,446.0,19887,0.9602131213817628,447.15999999999997,449.67383795177744,448.71362483039564,445.6063751696043,444.6461620482225,,
2023-07-18 12:00:00,HINDALCO,446.05,446.15,443.45,443.65,340693,1.308170497105408,446.99750000000006,450.42229036142203,449.1141198643166,444.8808801356835,443.5727096385781,,
2023-07-18 12:05:00,HINDALCO,443.65,444.25,443.25,443.65,54935,1.2465363976843264,446.8475,450.11093228913757,448.8643958914533,444.83060410854677,443.5840677108625,,
2023-07-18 12:10:00,HINDALCO,443.65,444.2,443.55,443.95,82688,1.1272291181474565,446.74749999999995,449.69858583130997,448.5713567131625,444.9236432868374,443.7964141686899,,
2023-07-18 12:15:00,HINDALCO,444.0,444.0,443.7,443.75,43596,0.9617832945179675,446.625,449.14294866504804,448.1811653705301,445.0688346294699,444.10705133495196,,
2023-07-18 12:20:00,HINDALCO,443.75,443.9,443.35,443.5,46816,0.879426635614365,446.4875,448.78983893203844,447.91041229642406,445.06458770357597,444.1851610679616,,
2023-07-18 12:25:00,HINDALCO,443.6,444.0,443.55,443.9,26472,0.803541308491492,446.2775,448.3811711456307,447.5776298371392,444.9773701628607,444.1738288543693,,
2023-07-18 12:30:00,HINDALCO,443.95,444.8,443.8,444.75,75953,0.8428330467931937,446.12,448.3265369165046,447.4837038697114,444.7562961302886,443.9134630834954,,
2023-07-18 12:35:00,HINDALCO,444.75,445.0,443.95,444.15,141316,0.8842664374345574,445.9125,448.2275095332037,447.34324309576914,444.4817569042309,443.59749046679633,,
2023-07-18 12:40:00,HINDALCO,444.25,444.55,443.9,444.1,30077,0.8374131499476527,445.7025,447.8948476265629,447.0574344766153,444.3475655233847,443.51015237343705,,
2023-07-18 12:45:00,HINDALCO,444.15,444.75,443.85,444.7,35284,0.8499305199581177,445.525,447.75011810125034,446.9001875812922,444.14981241870777,443.2998818987496,,
2023-07-18 12:50:00,HINDALCO,444.75,445.0,444.4,444.95,124980,0.7999444159664988,445.355,447.4492544810003,446.64931006503383,444.0606899349662,443.2607455189997,,
2023-07-18 12:55:00,HINDALCO,444.95,445.0,444.75,444.85,66911,0.6899555327731991,445.1825,446.9888035848002,446.29884805202704,444.06615194797297,443.3761964151998,,
2023-07-18 13:00:00,HINDALCO,444.85,444.85,443.9,444.15,48728,0.7419644262185685,445.005,446.9474628678402,446.2054984416216,443.8045015583784,443.0625371321598,,
2023-07-18 13:05:00,HINDALCO,444.0,444.45,444.0,444.05,44739,0.6835715409748526,444.82,446.60959029427215,445.9260187532973,443.7139812467027,443.03040970572783,,
2023-07-18 13:10:00,HINDALCO,444.1,444.8,444.0,444.45,23405,0.7068572327798843,444.6875,446.53805223541775,445.83119500263786,443.54380499736214,442.83694776458225,,
2023-07-18 13:15:00,HINDALCO,444.4,444.85,444.3,444.65,19097,0.6754857862239098,444.5675,446.3359217883342,445.66043600211026,443.47456399788973,442.7990782116658,,
2023-07-18 13:20:00,HINDALCO,444.75,444.9,444.5,444.75,21605,0.6203886289791234,444.485,446.1091774306674,445.48878880168826,443.48121119831177,442.86082256933264,,
2023-07-18 13:25:00,HINDALCO,444.9,444.9,444.6,444.65,72165,0.5563109031832897,444.4375,445.8939219445339,445.33761104135056,443.53738895864944,442.9810780554661,,
2023-07-18 13:30:00,HINDALCO,444.65,444.65,444.0,444.15,28390,0.5750487225466272,444.3375,445.84297755562704,445.2679288330804,443.40707116691954,442.8320224443729,,
2023-07-18 13:35:00,HINDALCO,444.1,444.35,444.0,444.05,22484,0.5300389780373063,444.24000000000007,445.6276420445017,445.09760306646444,443.3823969335357,442.8523579554984,,
2023-07-18 13:40:00,HINDALCO,444.1,444.6,444.0,444.4,42438,0.5440311824298496,444.27750000000003,445.7017736356014,445.1577424531715,443.39725754682854,442.85322636439867,,
2023-07-18 13:45:00,HINDALCO,444.4,444.8,444.3,444.7,20467,0.5352249459438797,444.3299999999999,445.731218908481,445.1959939625371,443.46400603746275,442.92878109151883,,
2023-07-18 13:50:00,HINDALCO,444.7,444.85,444.4,444.6,15540,0.5181799567551129,444.3625,445.7190951267849,445.20091517002976,443.52408482997026,443.0059048732151,,
2023-07-18 13:55:00,HINDALCO,444.65,445.0,444.65,444.8,15667,0.4945439654040858,444.4150000000001,445.709716101428,445.2151721360239,443.61482786397625,443.12028389857215,,
2023-07-18 14:00:00,HINDALCO,444.85,445.9,444.8,445.7,60038,0.6156351723232618,444.525,446.1367328811423,445.521097708819,443.52890229118094,442.9132671188577,,
2023-07-18 14:05:00,HINDALCO,445.8,445.9,445.4,445.9,17335,0.5925081378586095,444.625,446.1761863049138,445.5836781670552,443.6663218329448,443.0738136950862,,
2023-07-18 14:10:00,HINDALCO,445.8,445.85,445.65,445.7,47396,0.5140065102868967,444.6725,446.0181690439311,445.5041625336442,443.8408374663558,443.32683095606893,,
2023-07-18 14:15:00,HINDALCO,445.65,445.7,444.55,444.8,57222,0.6412052082295129,444.7049999999999,446.3836752351448,445.74247002691527,443.6675299730846,443.0263247648551,,
2023-07-18 14:20:00,HINDALCO,444.8,444.8,442.2,442.25,100855,1.032964166583615,444.6125,447.3168001881159,446.2838360215323,442.9411639784677,441.9081998118841,,
2023-07-18 14:25:00,HINDALCO,442.25,443.45,442.25,443.2,25632,1.0663713332668896,444.5375,447.32926015049276,446.26288881722587,442.8121111827742,441.7457398495073,,
2023-07-18 14:30:00,HINDALCO,443.2,443.25,442.65,443.1,19674,0.9730970666135162,444.445,446.9925681203942,446.01947105378065,442.87052894621934,441.8974318796058,,
2023-07-18 14:35:00,HINDALCO,443.15,443.8,443.1,443.75,18035,0.9184776532908108,444.39000000000004,446.79457449631536,445.8760968430246,442.9039031569755,441.9854255036847,,
2023-07-18 14:40:00,HINDALCO,443.75,443.75,443.2,443.35,19048,0.844782122632651,444.35,446.5616395970523,445.71685747441967,442.9831425255804,442.13836040294774,,
2023-07-18 14:45:00,HINDALCO,443.35,444.0,443.1,443.85,20029,0.8558256981061163,444.34,446.5805516776418,445.72472597953566,442.9552740204643,442.09944832235817,,
2023-07-18 14:50:00,HINDALCO,443.8,443.95,443.5,443.8,10995,0.7746605584848908,444.3075,446.33556134211346,445.56090078362854,443.05409921637147,442.27943865788654,,
2023-07-18 14:55:00,HINDALCO,443.8,444.15,443.8,443.95,13121,0.6897284467879059,444.2724999999999,446.0782090736907,445.3884806269028,443.15651937309707,442.46679092630916,,
2023-07-18 15:00:00,HINDALCO,444.0,445.1,443.95,444.2,57064,0.7817827574303317,444.245,446.2917072589526,445.5099245015223,442.98007549847773,442.1982927410474,,
2023-07-18 15:05:00,HINDALCO,444.35,444.5,444.1,444.5,64834,0.7054262059442609,444.2375,446.0843058071621,445.3788796012178,443.0961203987822,442.39069419283794,,
2023-07-18 15:10:00,HINDALCO,444.8,444.95,444.35,444.4,60552,0.684340964755402,444.25,446.04160464572965,445.35726368097426,443.14273631902574,442.45839535427035,,
2023-07-18 15:15:00,HINDALCO,444.5,444.5,444.0,444.15,66418,0.6474727718043216,444.25499999999994,445.95008371658366,445.3026109447793,443.2073890552206,442.5599162834162,,
2023-07-18 15:20:00,HINDALCO,444.15,444.6,444.05,444.6,60438,0.6279782174434596,444.265,445.909046973267,445.2810687558235,443.24893124417645,442.620953026733,,
2023-07-18 15:25:00,HINDALCO,444.55,445.25,444.5,445.0,98005,0.6523825739547677,444.28000000000003,445.98793757861364,445.33555500465883,443.22444499534123,442.5720624213864,,
2023-07-19 09:15:00,HINDALCO,444.0,444.35,442.35,443.65,150515,0.9219060591638142,444.23249999999996,446.6460500628908,445.724144003727,442.7408559962729,441.8189499371091,,
2023-07-19 09:20:00,HINDALCO,443.5,444.0,442.85,442.85,75197,0.9675248473310468,444.13499999999993,446.6679800503126,445.7004552029816,442.5695447970183,441.60201994968725,,
2023-07-19 09:25:00,HINDALCO,442.85,443.35,441.55,441.75,123954,1.1340198778648398,443.9375,446.90636404025014,445.7723441623853,442.1026558376147,440.96863595974986,,
2023-07-19 09:30:00,HINDALCO,441.6,442.05,441.5,441.65,86418,1.017215902291874,443.725,446.38807123220016,445.3708553299083,442.07914467009175,441.0619287677999,,
2023-07-19 09:35:00,HINDALCO,441.7,441.7,440.6,440.6,85892,1.0337727218334924,443.46999999999997,446.17641698576006,445.14264426392657,441.79735573607337,440.7635830142399,,
2023-07-19 09:40:00,HINDALCO,440.6,440.6,439.5,439.7,117134,1.0470181774667986,443.21500000000003,445.9560935886081,444.9090754111413,441.52092458885875,440.47390641139197,,
2023-07-19 09:45:00,HINDALCO,439.75,440.6,439.75,440.45,53494,1.0176145419734457,443.125,445.78911487088646,444.771500328913,441.478499671087,440.46088512911354,,
2023-07-19 09:50:00,HINDALCO,440.4,441.7,440.4,441.6,57904,1.074091633578759,443.04499999999996,445.8569718967091,444.7828802631304,441.30711973686954,440.2330281032908,,440.4
2023-07-19 09:55:00,HINDALCO,441.55,442.1,441.45,441.45,76358,0.989273306863014,442.9625,445.55241751736736,444.56314421050433,441.3618557894956,440.3725824826326,,
2023-07-19 10:00:00,HINDALCO,441.5,441.65,440.55,440.6,77557,1.0114186454904044,442.805,445.4528940138939,444.4414753684035,441.16852463159654,440.1571059861061,,
2023-07-19 10:05:00,HINDALCO,440.6,440.85,440.35,440.85,55591,0.9091349163923236,442.67999999999995,445.06011521111503,444.15098029472273,441.20901970527717,440.29988478888487,,
2023-07-19 10:10:00,HINDALCO,440.85,441.0,440.6,440.8,47583,0.8073079331138544,442.52750000000003,444.6410321688921,443.8337242357782,441.22127576422184,440.413967831108,,
2023-07-19 10:15:00,HINDALCO,440.8,441.85,440.45,441.7,68297,0.9258463464910904,442.42249999999996,444.84636573511364,443.92051938862255,440.92448061137736,439.9986342648863,,
2023-07-19 10:20:00,HINDALCO,441.6,441.85,441.5,441.75,48211,0.8106770771928768,442.3125,444.43485258809096,443.62417551089806,441.00082448910194,440.19014741190904,,
2023-07-19 10:25:00,HINDALCO,441.7,441.7,441.0,441.35,42660,0.7885416617542993,442.16999999999996,444.2344020704727,443.44586040871843,440.8941395912815,440.1055979295272,,
2023-07-19 10:30:00,HINDALCO,441.35,441.35,440.65,440.9,47397,0.7708333294034486,441.98999999999995,444.00804165637817,443.2372083269747,440.7427916730252,439.97195834362174,,
2023-07-19 10:35:00,HINDALCO,440.95,440.95,439.8,440.0,106630,0.8466666635227543,441.77,443.98657332510254,443.1399066615798,440.40009333842016,439.5534266748974,,
2023-07-19 10:40:00,HINDALCO,440.0,440.0,439.5,439.85,70391,0.7773333308182034,441.555,443.59005866008204,442.81272532926386,440.29727467073616,439.519941339918,,
2023-07-19 10:45:00,HINDALCO,439.75,439.95,439.5,439.8,44546,0.7118666646545605,441.31500000000005,443.1786669280657,442.46680026341113,440.163199736589,439.4513330719344,,
2023-07-19 10:50:00,HINDALCO,439.8,439.8,439.0,439.25,100541,0.7294933317236507,441.02750000000003,442.93731354245256,442.2078202107289,439.84717978927114,439.1176864575475,,
2023-07-19 10:55:00,HINDALCO,439.2,439.25,438.6,438.75,63767,0.713594665378916,440.7825000000001,442.6506908339621,441.9370961685832,439.627903831417,438.9143091660381,439.25,
2023-07-19 11:00:00,HINDALCO,438.7,440.0,438.65,439.55,60507,0.8408757323031374,440.6175,442.8189126671696,441.9780369348665,439.2569630651335,438.4160873328304,,
2023-07-19 11:05:00,HINDALCO,439.55,440.0,439.55,440.0,101761,0.7627005858425077,440.53000000000003,442.52675013373573,441.7640495478932,439.29595045210687,438.5332498662643,,
2023-07-19 11:10:00,HINDALCO,440.0,440.0,439.35,439.45,45830,0.7401604686740016,440.4200000000001,442.3577401069886,441.6175796383146,439.2224203616855,438.48225989301153,,
2023-07-19 11:15:00,HINDALCO,439.45,439.55,438.6,438.6,121721,0.7821283749391991,440.32,442.3676120855908,441.5854837106516,439.0545162893484,438.2723879144092,,
2023-07-19 11:20:00,HINDALCO,438.65,439.0,438.5,438.75,133093,0.7257026999513593,440.2724999999999,442.1723896684726,441.44668696852125,439.0983130314786,438.37261033152726,,
2023-07-19 11:25:00,HINDALCO,438.75,440.0,438.75,439.7,118599,0.8305621599610874,440.235,442.40941173477813,441.57884957481707,438.89115042518296,438.0605882652219,,
2023-07-19 11:30:00,HINDALCO,439.85,440.0,439.5,439.95,36223,0.7644497279688699,440.15250000000003,442.15382938782255,441.38937965985366,438.9156203401464,438.1511706121775,,
2023-07-19 11:35:00,HINDALCO,440.0,440.9,439.6,440.4,54942,0.8715597823750869,440.1,442.381743510258,441.5101837278829,438.6898162721171,437.81825648974205,,
2023-07-19 11:40:00,HINDALCO,440.4,442.3,440.4,441.45,147901,1.0772478259000764,440.1424999999999,442.96273480820633,441.88548698230625,438.3995130176936,437.3222651917935,,
2023-07-19 11:45:00,HINDALCO,441.35,441.45,440.8,441.4,33701,0.9917982607200566,440.1700000000001,442.76652784656517,441.77472958584514,438.565270414155,437.573472153435,,
2023-07-19 11:50:00,HINDALCO,441.4,441.75,441.0,441.45,43759,0.9434386085760453,440.2025,442.67242227725205,441.72898366867605,438.6760163313239,437.7325777227479,,
2023-07-19 11:55:00,HINDALCO,441.5,441.6,440.7,441.6,36754,0.9347508868608432,440.19750000000005,442.64467782180174,441.7099269349409,438.6850730650592,437.75032217819836,,
2023-07-19 12:00:00,HINDALCO,441.45,443.5,441.4,443.05,122673,1.167800709488679,440.2625,443.3198022574413,442.1520015479527,438.3729984520473,437.20519774255865,,
2023-07-19 12:05:00,HINDALCO,443.0,443.15,442.1,442.85,60892,1.1442405675909342,440.3375,443.33312180595306,442.1888812383621,438.48611876163784,437.3418781940469,,
2023-07-19 12:10:00,HINDALCO,442.6,442.85,442.05,442.6,50705,1.0753924540727497,440.4225,443.2378774447625,442.16248499068973,438.6825150093103,437.60712255523754,,
2023-07-19 12:15:00,HINDALCO,442.8,442.8,442.25,442.45,36533,0.9703139632582022,440.5450000000001,443.08528195581005,442.11496799255184,438.9750320074483,438.0047180441901,,
2023-07-19 12:20:00,HINDALCO,442.35,442.8,442.3,442.75,33889,0.8762511706065618,440.69000000000005,442.98402556464805,442.1077743940415,439.2722256059586,438.39597443535206,,
2023-07-19 12:25:00,HINDALCO,442.6,443.05,442.4,443.0,49586,0.8310009364852562,440.85,443.02556045171843,442.19455951523315,439.5054404847669,438.6744395482816,,
2023-07-19 12:30:00,HINDALCO,443.0,443.0,441.65,442.2,36312,0.9348007491882095,440.99749999999995,443.44480836137467,442.5100076121865,439.4849923878134,438.5501916386252,443.0,
2023-07-19 12:35:00,HINDALCO,442.0,442.15,441.15,441.5,33132,0.9478405993505676,441.13499999999993,443.61644668909975,442.6686060897492,439.6013939102507,438.6535533109001,,
2023-07-19 12:40:00,HINDALCO,441.55,441.7,441.3,441.4,19987,0.8382724794804497,441.22749999999996,443.4220973512798,442.5838248717993,439.8711751282006,439.03290264872015,,
2023-07-19 12:45:00,HINDALCO,441.35,441.6,440.8,440.9,38176,0.830617983584362,441.27250000000004,443.4470578810239,442.61643989743953,439.92856010256054,439.09794211897616,,
2023-07-19 12:50:00,HINDALCO,440.9,441.2,440.9,441.15,24109,0.7244943868674919,441.35749999999996,443.25422630481904,442.52973191795155,440.18526808204837,439.4607736951809,,
2023-07-19 12:55:00,HINDALCO,441.2,441.2,440.2,440.2,52082,0.7795955094939935,441.4375,443.47848104385525,442.6988855343613,440.1761144656387,439.39651895614475,,
2023-07-19 13:00:00,HINDALCO,440.3,441.1,440.3,441.0,51778,0.8036764075952016,441.55,443.6540248350843,442.85034842748905,440.24965157251097,439.44597516491575,,
2023-07-19 13:05:00,HINDALCO,440.8,441.0,439.85,440.05,43120,0.8729411260761568,441.5675,443.85285986806736,442.97991874199124,440.15508125800875,439.28214013193264,,439.85
2023-07-19 13:10:00,HINDALCO,440.25,440.45,439.9,440.3,35257,0.8083529008609278,441.5849999999999,443.70126789445385,442.8929149935929,440.27708500640694,439.468732105546,,
2023-07-19 13:15:00,HINDALCO,440.3,440.95,440.1,440.5,62682,0.8166823206887355,441.59,443.7280743155631,442.91139199487435,440.2686080051256,439.45192568443684,,
2023-07-19 13:20:00,HINDALCO,440.45,440.6,440.25,440.3,19283,0.7233458565509929,441.5325000000001,443.4262194524506,442.7028735958996,440.3621264041006,439.6387805475496,,
2023-07-19 13:25:00,HINDALCO,440.3,440.65,440.15,440.3,27060,0.6786766852407944,441.47749999999996,443.25427556196036,442.5755988767196,440.37940112328033,439.7007244380396,,
2023-07-19 13:30:00,HINDALCO,440.25,440.3,439.9,440.0,40454,0.6229413481926424,441.40500000000003,443.03586044956836,442.41291910137573,440.3970808986243,439.7741395504317,,
2023-07-19 13:35:00,HINDALCO,440.05,440.25,439.9,440.15,20725,0.5683530785541184,441.3325,442.8204483596547,442.25209528110054,440.4129047188994,439.8445516403453,,
2023-07-19 13:40:00,HINDALCO,440.2,440.65,440.0,440.25,39144,0.5846824628432903,441.1925,442.7231986877237,442.13851622488045,440.24648377511954,439.6618013122763,,
2023-07-19 13:45:00,HINDALCO,440.1,440.25,440.0,440.2,19995,0.5177459702746323,441.06000000000006,442.4154589501791,441.89771297990444,440.2222870200957,439.70454104982105,,
2023-07-19 13:50:00,HINDALCO,440.15,440.6,440.1,440.6,30612,0.5141967762197058,440.96000000000004,442.3061671601432,441.7919703839235,440.12802961607656,439.61383283985685,,
2023-07-19 13:55:00,HINDALCO,440.55,440.85,440.25,440.4,32760,0.5313574209757692,440.85749999999996,442.24859372811454,441.71723630713876,439.99776369286116,439.4664062718854,,
2023-07-19 14:00:00,HINDALCO,440.5,440.7,440.2,440.2,35556,0.5250859367806154,440.7299999999999,442.10467498249153,441.5795890457109,439.8804109542889,439.3553250175083,,
2023-07-19 14:05:00,HINDALCO,440.1,440.1,439.35,439.55,49064,0.5700687494244924,440.5575,442.0499399859933,441.47987123656884,439.63512876343117,439.0650600140067,,
2023-07-19 14:10:00,HINDALCO,439.55,439.75,439.5,439.7,35274,0.506054999539594,440.4325,441.75735198879465,441.2512969892551,439.6137030107449,439.10764801120536,,
2023-07-19 14:15:00,HINDALCO,439.65,439.85,439.5,439.65,23877,0.4748439996316798,440.34000000000003,441.58314159103577,441.1082975914041,439.57170240859597,439.0968584089643,,
2023-07-19 14:20:00,HINDALCO,439.65,439.65,439.1,439.25,37339,0.4898751997053348,440.2325000000001,441.51499327282863,441.0251180731233,439.43988192687686,438.9500067271715,,
2023-07-19 14:25:00,HINDALCO,439.2,439.7,439.15,439.35,23522,0.5019001597642702,440.1549999999999,441.4689746182628,440.96707445849853,439.3429255415013,438.84102538173704,,
2023-07-19 14:30:00,HINDALCO,439.4,440.0,439.3,440.0,42942,0.5415201278114139,440.09749999999997,441.51519969461026,440.9736795667988,439.22132043320113,438.6798003053897,,
2023-07-19 14:35:00,HINDALCO,439.9,440.0,439.6,439.8,41736,0.5132161022491266,440.07750000000004,441.42109975568826,440.9078836534391,439.247116346561,438.7339002443118,,
2023-07-19 14:40:00,HINDALCO,439.85,440.0,439.55,439.95,50693,0.500572881799299,440.025,441.3354998045505,440.83492692275127,439.2150730772487,438.71450019544943,,
2023-07-19 14:45:00,HINDALCO,439.95,439.95,439.3,439.4,64607,0.5304583054394347,439.9925,441.38123984364046,440.85078153820103,439.134218461799,438.60376015635956,,
2023-07-19 14:50:00,HINDALCO,439.4,439.85,439.4,439.55,84217,0.5143666443515569,439.95500000000004,441.3016118749124,440.78724523056087,439.1227547694392,438.6083881250877,,
2023-07-19 14:55:00,HINDALCO,439.4,439.75,439.3,439.5,64128,0.5014933154812432,439.90500000000003,441.21790949992993,440.7164161844487,439.09358381555137,438.5920905000701,,
2023-07-19 15:00:00,HINDALCO,439.45,440.0,439.45,439.7,138380,0.5111946523849968,439.875,441.2133075999439,440.70211294755893,439.04788705244107,438.5366924000561,,
2023-07-19 15:05:00,HINDALCO,439.55,439.65,439.3,439.35,113820,0.4789557219079907,439.8275,441.0814060799551,440.6024503580471,439.05254964195285,438.57359392004486,,
2023-07-19 15:10:00,HINDALCO,439.3,439.55,439.15,439.2,120521,0.4631645775263994,439.7875,441.00006486396416,440.53690028643774,439.0380997135623,438.5749351360359,,
2023-07-19 15:15:00,HINDALCO,439.15,439.3,438.7,439.0,209415,0.4905316620211241,439.73,441.0142118911713,440.5236802291502,438.9363197708498,438.4457881088287,,
2023-07-19 15:20:00,HINDALCO,438.85,439.1,438.5,439.1,255417,0.5124253296169039,439.6725,441.01402951293704,440.5016041833202,438.84339581667984,438.330970487063,,
2023-07-19 15:25:00,HINDALCO,439.0,439.85,439.0,439.8,142779,0.5799402636935277,439.6525,441.17078361034964,440.59084334665613,438.7141566533438,438.1342163896503,,
2023-07-20 09:15:00,HINDALCO,442.0,442.0,438.3,438.6,318619,1.20395221095482,439.55249999999995,442.7044468882797,441.50049467732487,437.60450532267504,436.4005531117202,,
2023-07-20 09:20:00,HINDALCO,438.75,439.75,438.4,439.45,86129,1.2331617687638605,439.505,442.7334175106238,441.5002557418599,437.5097442581401,436.2765824893762,,
2023-07-20 09:25:00,HINDALCO,439.75,440.85,439.6,440.4,161434,1.2665294150110953,439.51500000000004,442.8307740084991,441.564244593488,437.4657554065121,436.199225991501,,
2023-07-20 09:30:00,HINDALCO,440.5,440.5,439.35,439.8,107219,1.2432235320088718,439.5275,442.7822592067992,441.53903567479034,437.5159643252096,436.27274079320074,,
2023-07-20 09:35:00,HINDALCO,439.8,440.3,439.05,439.05,101547,1.2445788256070975,439.49500000000006,442.75330736543947,441.50872853983236,437.48127146016776,436.23669263456065,,
2023-07-20 09:40:00,HINDALCO,439.0,439.5,438.65,439.1,111046,1.1656630604856826,439.4674999999999,442.5192058923514,441.35354283186575,437.5814571681341,436.4157941076484,,
2023-07-20 09:45:00,HINDALCO,439.1,439.3,439.0,439.25,32099,0.9925304483885484,439.4674999999999,442.06594471388115,441.0734142654926,437.86158573450723,436.8690552861187,,
2023-07-20 09:50:00,HINDALCO,439.25,440.85,439.2,440.6,106573,1.1240243587108456,439.53000000000003,442.472695771105,441.3486714123942,437.71132858760586,436.58730422889505,,
2023-07-20 09:55:00,HINDALCO,440.6,441.7,440.6,441.5,255051,1.1192194869686696,439.605,442.535116616884,441.4158971299153,437.7941028700847,436.674883383116,,
2023-07-20 10:00:00,HINDALCO,441.45,441.75,440.45,440.5,185938,1.155375589574938,439.64,442.66477329350715,441.5093977039322,437.77060229606775,436.6152267064928,,
2023-07-20 10:05:00,HINDALCO,440.55,440.85,439.7,440.4,105858,1.1543004716599572,439.6625,442.68445863480576,441.5301581631458,437.79484183685423,436.6405413651943,,
2023-07-20 10:10:00,HINDALCO,440.4,441.0,440.4,441.0,28481,1.0434403773279703,439.74249999999995,442.4742269078446,441.4307865305166,438.0542134694833,437.0107730921553,,
2023-07-20 10:15:00,HINDALCO,441.0,441.25,440.15,440.45,124331,1.054752301862381,439.7875,442.54884152627574,441.49408922441336,438.0809107755867,437.0261584737243,,
2023-07-20 10:20:00,HINDALCO,440.45,440.95,440.25,440.9,31271,0.9838018414899026,439.85749999999996,442.4330932210205,441.4492913795306,438.2657086204693,437.2819067789794,,
2023-07-20 10:25:00,HINDALCO,440.8,440.95,440.5,440.65,34141,0.8770414731919198,439.9049999999999,442.2010945768164,441.32405310362446,438.48594689637537,437.60890542318344,,
2023-07-20 10:30:00,HINDALCO,440.75,440.85,440.3,440.7,33379,0.8116331785535382,439.9725,442.0973556614532,441.28572248289964,438.6592775171004,437.84764433854684,,
2023-07-20 10:35:00,HINDALCO,440.7,441.15,440.5,440.65,19988,0.7793065428428261,440.04499999999996,442.0852245291625,441.3059179863196,438.7840820136803,438.00477547083744,,
2023-07-20 10:40:00,HINDALCO,440.65,441.25,440.65,441.0,40636,0.7434452342742655,440.145,442.09133962333,441.34789438905574,438.9421056109442,438.19866037667,,
2023-07-20 10:45:00,HINDALCO,441.0,441.3,440.65,441.05,53221,0.7247561874194193,440.2425,442.13991169866404,441.4151555112446,439.0698444887554,438.345088301336,,
2023-07-20 10:50:00,HINDALCO,441.05,441.15,440.95,440.95,21836,0.6198049499355331,440.3,441.9226493589312,441.3028444089957,439.2971555910043,438.6773506410688,,
2023-07-20 10:55:00,HINDALCO,440.95,442.8,440.85,442.3,165899,0.8858439599484242,440.485,442.804139487145,441.91829552719656,439.05170447280346,438.16586051285503,,
2023-07-20 11:00:00,HINDALCO,442.1,442.75,441.7,442.0,102893,0.9186751679587417,440.6125,443.017591589716,442.0989164217573,439.12608357824274,438.207408410284,,
2023-07-20 11:05:00,HINDALCO,441.95,442.05,441.1,441.45,44467,0.9249401343669912,440.66499999999996,443.0864932717727,442.16155313740575,439.1684468625942,438.2435067282272,,
2023-07-20 11:10:00,HINDALCO,441.5,441.65,440.6,440.6,52072,0.9499521074935839,440.70500000000004,443.1919746174182,442.24202250992465,439.16797749007543,438.21802538258186,,
2023-07-20 11:15:00,HINDALCO,440.6,440.65,440.1,440.1,45517,0.8699616859948581,440.7575,443.03505969393456,442.16509800793966,439.3499019920603,438.47994030606543,,
2023-07-20 11:20:00,HINDALCO,440.15,440.9,439.9,440.75,37471,0.8959693487958866,440.84000000000003,443.18564775514767,442.28967840635175,439.3903215936483,438.4943522448524,,
2023-07-20 11:25:00,HINDALCO,440.75,441.7,440.55,441.6,51060,0.9467754790367048,440.9575000000001,443.4361582041182,442.4893827250815,439.4256172749187,438.478841795882,,
2023-07-20 11:30:00,HINDALCO,441.65,441.8,441.0,441.75,86174,0.9174203832293661,441.01500000000004,443.41680656329453,442.49938618006513,439.53061381993496,438.61319343670556,,
2023-07-20 11:35:00,HINDALCO,441.75,441.85,441.4,441.8,21872,0.823936306583502,441.03000000000003,443.1870652506356,442.36312894405216,439.6968710559479,438.87293474936445,,
2023-07-20 11:40:00,HINDALCO,441.75,441.75,440.85,441.05,34768,0.8391490452667971,441.0575,443.2543922005085,442.4152431552417,439.6997568447583,438.8606077994915,,
2023-07-20 11:45:00,HINDALCO,441.1,441.25,440.55,440.65,17247,0.8113192362134354,441.07000000000005,443.1940337604068,442.3827145241934,439.7572854758067,438.9459662395933,,
2023-07-20 11:50:00,HINDALCO,440.65,440.85,440.4,440.5,23349,0.7390553889707574,441.0450000000001,442.9798470083255,442.24079161935475,439.8492083806454,439.1101529916746,,
2023-07-20 11:55:00,HINDALCO,440.5,440.9,440.35,440.7,12791,0.7012443111765968,441.0575,442.89335760666035,442.19211329548375,439.92288670451626,439.22164239333966,,
2023-07-20 12:00:00,HINDALCO,440.8,441.0,440.65,440.95,13174,0.630995448941282,441.06000000000006,442.71194608532835,442.08095063638706,440.03904936361306,439.40805391467177,,
2023-07-20 12:05:00,HINDALCO,440.95,441.2,440.5,441.05,39972,0.6447963591530235,441.08000000000004,442.76807686826265,442.12328050910963,440.03671949089045,439.3919231317374,,
2023-07-20 12:10:00,HINDALCO,441.15,441.15,440.6,440.9,21562,0.6258370873224097,441.09,442.72844149461,442.10260440728763,440.0773955927123,439.4515585053899,,
2023-07-20 12:15:00,HINDALCO,440.85,441.0,440.5,440.95,36795,0.6006696698579278,441.105,442.67755319568806,442.07688352583017,440.13311647416987,439.532446804312,,
2023-07-20 12:20:00,HINDALCO,441.0,441.0,440.75,440.75,9992,0.5305357358863423,441.09250000000003,442.48144255655046,441.95090682066416,440.2340931793359,439.7035574434496,,
2023-07-20 12:25:00,HINDALCO,440.8,440.9,440.35,440.45,57145,0.5344285887090647,441.0625,442.4616340452403,441.9272054565313,440.1977945434687,439.6633659547597,,
2023-07-20 12:30:00,HINDALCO,440.55,440.6,440.2,440.5,12607,0.5075428709672586,441.0400000000001,442.36874723619235,441.8612043652251,440.21879563477506,439.7112527638078,,
2023-07-20 12:35:00,HINDALCO,440.5,441.0,440.5,440.85,19675,0.5060342967738068,440.9674999999999,442.29229778895376,441.78626349217996,440.1487365078199,439.64270221104607,,
2023-07-20 12:40:00,HINDALCO,440.9,441.0,440.5,440.6,12789,0.5048274374190455,440.8974999999999,442.21913823116296,441.71431079374395,440.0806892062559,439.5758617688369,,
2023-07-20 12:45:00,HINDALCO,440.75,441.2,440.55,441.2,27662,0.5338619499352318,440.88500000000005,442.2826505849305,441.74878863499526,440.02121136500483,439.4873494150696,,
2023-07-20 12:50:00,HINDALCO,441.2,441.3,440.9,441.05,30071,0.5070895599481923,440.90749999999997,442.2350604679443,441.72797090799617,440.0870290920038,439.5799395320556,,
2023-07-20 12:55:00,HINDALCO,441.2,441.2,440.65,440.7,11225,0.5156716479585561,440.9375,442.2875283743555,441.77185672639695,440.10314327360305,439.5874716256445,,
2023-07-20 13:00:00,HINDALCO,440.75,440.9,440.25,440.3,55624,0.5425373183668404,440.91499999999996,442.33536269948434,441.7928253811175,440.03717461888243,439.4946373005156,,
2023-07-20 13:05:00,HINDALCO,440.3,440.55,440.25,440.3,14776,0.4940298546934746,440.85,442.14337015958756,441.64934030489405,440.050659695106,439.5566298404125,,
2023-07-20 13:10:00,HINDALCO,440.4,440.55,440.3,440.5,11145,0.44522388375477967,440.7875,441.95309612767005,441.50787224391524,440.0671277560848,439.62190387233,,
2023-07-20 13:15:00,HINDALCO,440.7,440.85,440.4,440.6,23856,0.4461791070038329,440.72749999999996,441.895596902136,441.44941779513215,440.0055822048678,439.55940309786394,,
2023-07-20 13:20:00,HINDALCO,440.7,440.8,440.4,440.45,11442,0.43694328560307316,440.69750000000005,441.8414175217089,441.40447423610584,439.99052576389425,439.5535824782912,,
2023-07-20 13:25:00,HINDALCO,440.55,440.85,440.4,440.45,18472,0.4395546284824676,440.6875,441.8382540173671,441.3986993888846,439.9763006111154,439.5367459826329,,
2023-07-20 13:30:00,HINDALCO,440.6,440.6,440.25,440.25,15679,0.4216437027859787,440.675,441.7788632138937,441.3572195111077,439.9927804888923,439.5711367861063,,
2023-07-20 13:35:00,HINDALCO,440.25,440.45,439.5,439.55,45363,0.5273149622287807,440.6175,441.99801057111495,441.47069560888616,439.76430439111385,439.23698942888507,,
2023-07-20 13:40:00,HINDALCO,439.6,440.35,439.55,440.15,56371,0.5818519697830269,440.5775,442.10078845689196,441.51893648710893,439.63606351289104,439.054211543108,,
2023-07-20 13:45:00,HINDALCO,440.2,441.15,440.0,440.25,114955,0.695481575826417,440.5375,442.35827076551357,441.66278918968715,439.4122108103129,438.7167292344865,,
2023-07-20 13:50:00,HINDALCO,440.45,440.55,439.95,440.5,55853,0.6763852606611381,440.51750000000004,442.2882766124109,441.61189135174976,439.4231086482503,438.74672338758916,,
2023-07-20 13:55:00,HINDALCO,440.5,441.25,440.1,441.05,56575,0.7711082085289059,440.52250000000004,442.5412612899287,441.7701530813998,439.27484691860025,438.5037387100714,,
2023-07-20 14:00:00,HINDALCO,441.15,441.55,440.9,441.2,120862,0.7468865668231317,440.54499999999996,442.5003490319429,441.7534624651198,439.3365375348801,438.589650968057,,
2023-07-20 14:05:00,HINDALCO,441.3,441.95,441.15,441.8,86772,0.7575092534585076,440.6125,442.59565922555436,441.8381499720959,439.38685002790413,438.62934077444567,,
2023-07-20 14:10:00,HINDALCO,441.55,442.15,441.15,441.95,184496,0.806007402766806,440.68499999999995,442.79512738044343,441.98911997767664,439.38088002232325,438.57487261955646,,
2023-07-20 14:15:00,HINDALCO,442.0,442.0,441.3,441.4,53253,0.7848059222134427,440.7125,442.7671219043548,441.9823159821413,439.44268401785865,438.6578780956452,,
2023-07-20 14:20:00,HINDALCO,441.5,441.55,440.65,440.65,34061,0.807844737770761,440.71500000000003,442.82993752348386,442.02209278571314,439.4079072142869,438.6000624765162,,
2023-07-20 14:25:00,HINDALCO,440.65,441.1,440.65,440.9,27588,0.7362757902166179,440.7,442.6275700187871,441.8912942285705,439.5087057714295,438.7724299812129,,
2023-07-20 14:30:00,HINDALCO,440.8,441.0,440.55,440.6,39014,0.6790206321732921,440.67750000000007,442.45517601502974,441.7761553828565,439.57884461714366,438.8998239849704,,
2023-07-20 14:35:00,HINDALCO,440.55,440.85,440.5,440.65,45131,0.6132165057386382,440.675,442.28040081202374,441.66718430628515,439.6828156937149,439.0695991879763,,
2023-07-20 14:40:00,HINDALCO,440.75,440.8,439.7,440.2,50645,0.7105732045909151,440.66999999999996,442.530280649619,441.8197074450281,439.52029255497183,438.80971935038093,,
2023-07-20 14:45:00,HINDALCO,439.9,440.3,439.7,440.1,32818,0.6884585636727366,440.65999999999997,442.4623845196952,441.7739259560225,439.54607404397746,438.85761548030473,,
2023-07-20 14:50:00,HINDALCO,440.25,440.5,440.0,440.5,45278,0.6507668509381893,440.65999999999997,442.36370761575614,441.712940764818,439.60705923518196,438.9562923842438,,
2023-07-20 14:55:00,HINDALCO,440.5,440.7,440.3,440.5,42301,0.600613480750547,440.65500000000003,442.22740609260495,441.6267926118544,439.68320738814566,439.0825939073951,,
2023-07-20 15:00:00,HINDALCO,440.65,441.5,440.65,440.85,103801,0.6804907846004375,440.675,442.456524874084,441.7760340894835,439.5739659105165,438.89347512591604,,
2023-07-20 15:05:00,HINDALCO,441.0,442.0,440.85,441.65,192646,0.7743926276803454,440.73499999999996,442.7623598992671,441.98796727158674,439.4820327284132,438.7076401007328,,
2023-07-20 15:10:00,HINDALCO,441.9,441.9,441.0,441.15,126352,0.7995141021442719,440.7799999999999,442.8731279194136,442.07361381726935,439.4863861827305,438.6868720805862,,
2023-07-20 15:15:00,HINDALCO,441.3,441.75,441.0,441.35,198607,0.7896112817154176,440.87,442.93720233553097,442.1475910538156,439.59240894618443,438.80279766446904,,
2023-07-20 15:20:00,HINDALCO,441.4,441.8,441.15,441.7,178553,0.761689025372341,440.94750000000005,442.9416018684248,442.1799128430525,439.7150871569476,438.9533981315753,,
2023-07-20 15:25:00,HINDALCO,441.75,442.9,441.35,441.8,148192,0.9193512202978638,441.025,443.4318614947398,442.5125102744419,439.53748972555803,438.61813850526016,,
2023-07-21 09:15:00,HINDALCO,441.45,441.45,438.5,439.0,177784,1.3254809762382886,440.95,444.42010919579184,443.09462821955356,438.8053717804464,437.47989080420814,,
2023-07-21 09:20:00,HINDALCO,439.0,439.75,438.45,439.25,159371,1.3203847809906333,440.85999999999996,444.3167673566334,442.9963825756428,438.7236174243571,437.4032326433665,,
2023-07-21 09:25:00,HINDALCO,439.2,440.0,438.9,438.9,201640,1.2763078247925113,440.745,444.0863738853068,442.81006606051426,438.67993393948575,437.4036261146932,,
2023-07-21 09:30:00,HINDALCO,438.8,439.25,438.4,438.6,119624,1.1910462598340137,440.5849999999999,443.70315910824536,442.51211284841133,438.6578871515885,437.4668408917545,,
2023-07-21 09:35:00,HINDALCO,438.45,438.8,437.6,437.6,80372,1.1928370078672088,440.3675,443.4903472865964,442.29751027872913,438.4374897212709,437.24465271340364,,
2023-07-21 09:40:00,HINDALCO,437.6,438.05,436.9,437.6,65994,1.1842696062937739,440.17750000000007,443.27791782927716,442.0936482229834,438.2613517770167,437.077082170723,,
2023-07-21 09:45:00,HINDALCO,437.65,439.0,437.55,438.8,58089,1.2374156850350169,440.0849999999999,443.3245542634216,442.0871385783866,438.08286142161325,436.84544573657826,,437.55
2023-07-21 09:50:00,HINDALCO,438.65,439.65,438.6,439.2,63951,1.1999325480280045,440.0,443.14142341073733,441.9414908627093,438.0585091372907,436.85857658926267,,
2023-07-21 09:55:00,HINDALCO,439.15,439.25,438.6,439.1,22971,1.0899460384223991,439.925,442.77847872858985,441.68853269016745,438.1614673098326,437.0715212714102,,
2023-07-21 10:00:00,HINDALCO,439.2,440.0,438.45,440.0,55118,1.1819568307379216,439.89250000000004,442.9868629828719,441.804906152134,437.9800938478661,436.79813701712817,,
2023-07-21 10:05:00,HINDALCO,440.0,440.0,438.45,438.65,216726,1.2555654645903396,439.81500000000005,443.10207038629756,441.8465049217072,437.7834950782929,436.52792961370255,,
2023-07-21 10:10:00,HINDALCO,438.65,438.65,438.1,438.65,46718,1.1144523716722627,439.7425,442.66013630903797,441.5456839373657,437.9393160626343,436.82486369096205,,
2023-07-21 10:15:00,HINDALCO,438.55,438.65,437.65,438.15,36010,1.0915618973378103,439.625,442.4827090472304,441.39114714989256,437.85885285010744,436.7672909527696,,
2023-07-21 10:20:00,HINDALCO,438.15,438.35,437.75,438.3,21671,0.9932495178702528,439.51500000000004,442.11532723778436,441.1220777199141,437.907922280086,436.91467276221573,,
2023-07-21 10:25:00,HINDALCO,438.3,438.35,437.25,437.55,27062,1.0145996142962068,439.35,442.00622179022747,440.9916221759313,437.70837782406875,436.6937782097726,,
2023-07-21 10:30:00,HINDALCO,437.85,438.05,437.5,437.5,12355,0.9216796914369678,439.14250000000004,441.55545743218204,440.6337777407451,437.651222259255,436.72954256781804,,
2023-07-21 10:35:00,HINDALCO,437.45,437.75,437.3,437.3,18973,0.8273437531495721,438.95,441.1159859457456,440.288642192596,437.611357807404,436.7840140542544,,
2023-07-21 10:40:00,HINDALCO,437.5,437.7,437.3,437.55,21742,0.7418750025196532,438.76000000000005,440.7022287565965,439.96035375407683,437.55964624592326,436.81777124340357,,
2023-07-21 10:45:00,HINDALCO,437.55,437.55,436.9,436.9,70080,0.7235000020157294,438.52,440.41412300527713,439.6906230032614,437.34937699673856,436.62587699472283,,
2023-07-21 10:50:00,HINDALCO,437.0,437.5,436.75,437.5,49749,0.7288000016125835,438.305,440.21299840422176,439.4841984026092,437.1258015973908,436.39700159577825,,
2023-07-21 10:55:00,HINDALCO,437.5,437.5,436.6,436.7,95439,0.7630400012900623,438.19000000000005,440.18763872337746,439.42459872208735,436.95540127791276,436.19236127662265,,
2023-07-21 11:00:00,HINDALCO,436.85,436.9,435.85,436.5,61410,0.8204320010320407,438.05250000000007,440.20039097870193,439.3799589776699,436.72504102233023,435.9046090212982,,
2023-07-21 11:05:00,HINDALCO,436.5,437.0,436.25,436.8,19525,0.8063456008256327,437.94750000000005,440.05851278296154,439.2521671821359,436.6428328178642,435.83648721703855,,
2023-07-21 11:10:00,HINDALCO,436.75,436.85,436.45,436.6,13844,0.725076480660513,437.8475,439.74575022636924,439.02067374570873,436.6743262542913,435.9492497736308,,
2023-07-21 11:15:00,HINDALCO,436.55,436.75,436.3,436.75,17867,0.6700611845284081,437.805,439.5592201810954,438.88915899656695,436.72084100343307,436.05077981890463,,
2023-07-21 11:20:00,HINDALCO,436.8,437.0,436.3,436.3,30428,0.6760489476227243,437.73999999999995,439.5098961448762,438.83384719725353,436.64615280274637,435.9701038551237,,
2023-07-21 11:25:00,HINDALCO,436.3,436.3,435.4,435.85,67341,0.7208391580981862,437.59250000000003,439.4796569159011,438.7588177578029,436.42618224219717,435.70534308409896,,
2023-07-21 11:30:00,HINDALCO,436.0,436.05,435.8,436.0,15031,0.6266713264785491,437.4325,439.07312553272084,438.4464542062423,436.4185457937577,435.7918744672792,,
2023-07-21 11:35:00,HINDALCO,436.0,437.2,435.5,437.05,31781,0.841337061182837,437.3299999999999,439.5326204261766,438.69128336499375,435.9687166350061,435.12737957382325,,
2023-07-21 11:40:00,HINDALCO,436.85,439.0,436.85,438.65,197098,1.1030696489462652,437.2625,440.1503363409413,439.04726669199505,435.47773330800493,434.3746636590587,,
2023-07-21 11:45:00,HINDALCO,438.6,439.85,437.95,438.2,98910,1.2624557191570192,437.23999999999995,440.545109072753,439.282653353596,435.1973466464039,433.9348909272469,,
2023-07-21 11:50:00,HINDALCO,438.0,439.6,438.0,439.15,67858,1.32996457532562,437.265,440.7468472582025,439.41688268287686,435.1131173171231,433.7831527417975,,
2023-07-21 11:55:00,HINDALCO,439.3,439.35,438.6,439.1,28583,1.213971660260496,437.3125,440.49067780656196,439.2767061463015,435.3482938536985,434.13432219343804,,
2023-07-21 12:00:00,HINDALCO,439.1,439.2,438.4,438.7,16880,1.1311773282083992,437.3325,440.2939222452496,439.16274491704115,435.5022550829588,434.3710777547504,,
2023-07-21 12:05:00,HINDALCO,438.85,439.1,438.8,438.9,15559,0.9849418625667262,437.4,439.97857779619966,438.99363593363296,435.806364066367,434.8214222038003,,
2023-07-21 12:10:00,HINDALCO,438.8,439.5,438.25,438.4,66790,1.037953490053381,437.445,440.1623622369597,439.12440874690634,435.76559125309365,434.72763776304026,,
2023-07-21 12:15:00,HINDALCO,438.4,438.95,438.4,438.7,9600,0.9403627920427071,437.51500000000004,439.97686978956784,439.0365069975251,435.99349300247496,435.05313021043224,,
2023-07-21 12:20:00,HINDALCO,438.65,439.5,438.55,439.25,54359,0.9422902336341634,437.6,440.0669158316543,439.1246255980201,436.07537440197996,435.13308416834576,439.5,
2023-07-21 12:25:00,HINDALCO,439.25,439.3,438.1,438.55,47579,0.9938321869073286,437.6825,440.2843526653234,439.29052047841606,436.07447952158395,435.0806473346766,,
2023-07-21 12:30:00,HINDALCO,438.55,438.6,438.1,438.4,12916,0.8950657495258628,437.72749999999996,440.07078213225867,439.1757163827328,436.27928361726714,435.38421786774126,,
2023-07-21 12:35:00,HINDALCO,438.55,438.6,438.05,438.2,16704,0.8260525996206927,437.80249999999995,439.96510570580693,439.1390531061862,436.4659468938137,435.63989429419297,,
2023-07-21 12:40:00,HINDALCO,438.2,438.5,437.85,438.5,23452,0.7908420796965496,437.9025,439.97292456464555,439.182082484949,436.622917515051,435.8320754353544,,
2023-07-21 12:45:00,HINDALCO,438.5,438.5,438.0,438.3,12745,0.7326736637572397,437.97749999999996,439.8956396517164,439.1629659879592,436.79203401204074,436.0593603482835,,
2023-07-21 12:50:00,HINDALCO,438.3,438.45,438.15,438.35,6749,0.6461389310057941,438.06499999999994,439.7565917213731,439.11045279036733,437.01954720963255,436.37340827862675,,
2023-07-21 12:55:00,HINDALCO,438.2,438.75,438.1,438.75,14100,0.6469111448046307,438.16499999999996,439.8586133770985,439.2117022322939,437.11829776770605,436.47138662290143,,
2023-07-21 13:00:00,HINDALCO,438.75,438.75,438.3,438.6,9401,0.6075289158437024,438.28000000000003,439.8705107016788,439.26298178583517,437.2970182141649,436.68948929832123,,
2023-07-21 13:05:00,HINDALCO,438.4,438.6,437.85,437.85,42482,0.6360231326749619,438.38,440.04510856134306,439.4090854286681,437.3509145713319,436.71489143865693,,
2023-07-21 13:10:00,HINDALCO,437.9,438.0,437.7,437.95,25964,0.5688185061399719,438.47749999999996,439.9666668490744,439.3978483429344,437.5571516570655,436.98833315092554,,
2023-07-21 13:15:00,HINDALCO,437.9,438.0,437.8,437.95,42557,0.4950548049119753,438.52250000000004,439.8185534792596,439.3234986743476,437.72150132565247,437.22644652074047,,
2023-07-21 13:20:00,HINDALCO,437.95,438.0,437.55,437.8,46352,0.486043843929578,438.4799999999999,439.75246278340757,439.26641893947794,437.69358106052186,437.20753721659224,,
2023-07-21 13:25:00,HINDALCO,437.75,438.0,437.65,437.85,28444,0.458835075143667,438.4625,439.6637302267261,439.20489515158243,437.7201048484175,437.26126977327385,,
2023-07-21 13:30:00,HINDALCO,437.9,437.9,437.45,437.45,25173,0.4570680601149314,438.37750000000005,439.57410418138096,439.11703612126604,437.63796387873407,437.18089581861915,,
2023-07-21 13:35:00,HINDALCO,437.5,437.9,437.4,437.8,14191,0.4656544480919451,438.3125,439.5315833451047,439.0659288970128,437.5590711029872,437.0934166548953,,
2023-07-21 13:40:00,HINDALCO,437.7,437.95,437.5,437.9,33921,0.46252355847355386,438.2724999999999,439.4833866760837,439.02086311761013,437.5241368823897,437.06161332391616,,
2023-07-21 13:45:00,HINDALCO,437.85,438.55,437.45,438.4,143259,0.5900188467788476,438.24750000000006,439.7921693408671,439.20215049408824,437.2928495059119,436.70283065913304,,
2023-07-21 13:50:00,HINDALCO,438.4,438.8,438.15,438.6,54221,0.602015077423085,438.2575,439.8335754726936,439.23156039527055,437.28343960472944,436.6814245273064,,
2023-07-21 13:55:00,HINDALCO,438.3,438.55,438.05,438.1,39643,0.581612061938468,438.22749999999996,439.7501603781549,439.1685483162164,437.2864516837835,436.70483962184505,,
2023-07-21 14:00:00,HINDALCO,438.3,438.6,437.6,437.9,40090,0.6652896495507745,438.15999999999997,439.9017283025239,439.2364386529731,437.08356134702683,436.41827169747603,,
2023-07-21 14:05:00,HINDALCO,438.0,438.0,437.05,437.25,29609,0.7222317196406174,438.09499999999997,439.9858026420191,439.2635709223785,436.92642907762144,436.20419735798083,,
2023-07-21 14:10:00,HINDALCO,437.2,437.45,436.75,436.75,24854,0.7177853757124917,438.0125,439.89166211361527,439.1738767379028,436.8511232620972,436.1333378863847,,
2023-07-21 14:15:00,HINDALCO,436.8,437.05,436.55,436.55,43089,0.6742283005699934,437.93,439.69512969089226,439.02090139032225,436.83909860967776,436.16487030910776,,
2023-07-21 14:20:00,HINDALCO,436.7,437.0,436.5,436.5,25239,0.6393826404559947,437.83000000000004,439.5039037527138,438.8645211122578,436.79547888774226,436.15609624728626,,
2023-07-21 14:25:00,HINDALCO,436.65,436.7,436.1,436.35,35663,0.631506112364789,437.7325000000001,439.3857830021711,438.7542768898063,436.71072311019384,436.07921699782906,,
2023-07-21 14:30:00,HINDALCO,436.4,436.6,436.1,436.3,30906,0.6052048898918312,437.63,439.21442640173683,438.60922151184496,436.650778488155,436.04557359826316,,
2023-07-21 14:35:00,HINDALCO,436.3,436.7,436.15,436.65,44863,0.5941639119134673,437.525,439.08052112138944,438.48635720947595,436.563642790524,435.9694788786105,,
2023-07-21 14:40:00,HINDALCO,436.4,436.55,435.35,435.5,82581,0.7153311295307716,437.37,439.24273689711157,438.5274057675808,436.21259423241924,435.49726310288844,,
2023-07-21 14:45:00,HINDALCO,435.35,435.7,434.65,435.2,70940,0.7822649036246196,437.2375,439.28546951768925,438.50320461406466,435.97179538593537,435.1895304823108,,
2023-07-21 14:50:00,HINDALCO,435.1,435.2,434.65,434.95,39227,0.7358119228996981,437.0875,439.0138556141514,438.2780436912517,435.89695630874826,435.16114438584856,,
2023-07-21 14:55:00,HINDALCO,434.85,435.0,434.7,434.75,43310,0.6486495383197608,436.92749999999995,438.62566449132106,437.97701495300134,435.87798504699856,435.22933550867884,,
2023-07-21 15:00:00,HINDALCO,434.9,435.3,434.0,434.2,152527,0.778919630655811,436.74750000000006,438.78671159305696,438.00779196240114,435.487208037599,434.70828840694315,,
2023-07-21 15:05:00,HINDALCO,434.2,434.65,434.0,434.55,77978,0.7531357045246443,436.5825,438.5542092744455,437.80107356992085,435.3639264300791,434.61079072555447,,
2023-07-21 15:10:00,HINDALCO,434.55,434.55,433.75,434.0,78203,0.7625085636197177,436.40999999999997,438.4062474195564,437.64373885593665,435.1762611440633,434.41375258044354,,
2023-07-21 15:15:00,HINDALCO,434.0,435.2,434.0,434.6,134504,0.850006850895772,436.25,438.47531793564514,437.62531108474934,434.87468891525066,434.02468206435486,,
2023-07-21 15:20:00,HINDALCO,434.8,435.1,434.35,434.35,165365,0.8300054807166176,436.07250000000005,438.24545434851615,437.4154488677995,434.7295511322006,433.89954565148395,,
2023-07-21 15:25:00,HINDALCO,434.45,434.85,434.2,434.2,74603,0.7940043845733009,435.8625,437.9412034788129,437.1471990942396,434.5778009057604,433.7837965211871,,
2023-07-24 09:15:00,HINDALCO,434.0,435.75,431.5,433.25,354257,1.4852035076586407,435.5950000000001,439.4832627830504,437.99805927539177,433.1919407246084,431.70673721694976,,
2023-07-24 09:20:00,HINDALCO,433.35,434.4,432.55,433.1,93531,1.558162806126906,435.34499999999997,439.4242702264402,437.8661074203133,432.8238925796866,431.2657297735597,,
2023-07-24 09:25:00,HINDALCO,433.3,434.45,433.05,434.0,88961,1.5265302449015201,435.15,439.14645618115213,437.61992593625064,432.6800740637493,431.1535438188478,,
2023-07-24 09:30:00,HINDALCO,433.95,435.95,433.95,435.75,72624,1.6212241959212164,435.075,439.31936494492174,437.6981407490005,432.45185925099946,430.83063505507823,,
2023-07-24 09:35:00,HINDALCO,435.75,436.4,435.15,435.7,70960,1.5469793567369732,435.02250000000004,439.07249195593744,437.52551259920045,432.5194874007996,430.97250804406264,,
2023-07-24 09:40:00,HINDALCO,435.75,435.75,434.2,434.65,68849,1.547583485389581,434.92749999999995,438.97907356474985,437.4314900793603,432.4235099206396,430.87592643525005,,
2023-07-24 09:45:00,HINDALCO,434.75,435.0,433.5,433.55,34740,1.5380667883116648,434.78000000000003,438.80665885179997,437.2685920634883,432.29140793651175,430.7533411482001,,
2023-07-24 09:50:00,HINDALCO,433.55,434.2,433.05,433.05,32385,1.4604534306493275,434.61499999999995,438.4384670814399,436.97801365079056,432.25198634920935,430.79153291856,,
2023-07-24 09:55:00,HINDALCO,433.1,434.45,433.1,434.45,49923,1.4483627445194576,434.52250000000004,438.314313665152,436.86595092063254,432.17904907936753,430.7306863348481,,
2023-07-24 10:00:00,HINDALCO,434.45,435.15,434.1,435.1,84001,1.368690195615557,434.445,438.0282309321215,436.65954073650596,432.230459263494,430.86176906787847,,
2023-07-24 10:05:00,HINDALCO,435.1,435.55,434.65,434.75,71322,1.2749521564924524,434.40749999999997,437.7453247456972,436.47037258920477,432.34462741079517,431.06967525430275,,
2023-07-24 10:10:00,HINDALCO,434.75,435.1,434.5,434.8,202182,1.1399617251939664,434.3875,437.3719197965578,436.2319580713638,432.54304192863617,431.4030802034422,,
2023-07-24 10:15:00,HINDALCO,434.8,435.15,434.55,435.1,49123,1.0319693801551664,434.3950000000001,437.09669583724633,436.0647264570912,432.725273542909,431.69330416275386,,
2023-07-24 10:20:00,HINDALCO,435.25,435.3,434.85,435.0,24535,0.9155755041241309,434.4075000000001,436.80447666979705,435.8889011656729,432.92609883432726,432.0105233302031,,
2023-07-24 10:25:00,HINDALCO,435.05,435.25,434.85,435.25,28188,0.8124604032993001,434.46000000000004,436.5870213358376,435.7745609325383,433.1454390674618,432.33297866416245,,
2023-07-24 10:30:00,HINDALCO,435.25,435.3,435.0,435.2,27322,0.7099683226394424,434.4925,436.35119706867005,435.6412287460306,433.3437712539694,432.63380293132997,,
2023-07-24 10:35:00,HINDALCO,435.15,436.25,435.0,436.0,62788,0.817974658111554,434.59250000000003,436.7339576549361,435.91598299682454,433.2690170031755,432.45104234506397,,
2023-07-24 10:40:00,HINDALCO,436.05,436.55,435.8,436.25,38382,0.8043797264892433,434.675,436.78086612394884,435.9764863974596,433.3735136025404,432.5691338760512,,
2023-07-24 10:45:00,HINDALCO,436.4,436.45,435.85,436.2,26898,0.7635037811913878,434.76750000000004,436.7663528991591,436.0028491179677,433.5321508820324,432.768647100841,,
2023-07-24 10:50:00,HINDALCO,436.25,436.25,435.8,436.0,18005,0.7008030249531081,434.85749999999996,436.6922023193272,435.9913992943741,433.7236007056258,433.02279768067274,,
2023-07-24 10:55:00,HINDALCO,436.0,436.35,435.55,436.35,31600,0.7206424199624888,435.0125,436.8991418554618,436.1784994354993,433.8465005645007,433.1258581445382,,
2023-07-24 11:00:00,HINDALCO,436.45,437.55,436.3,436.65,86913,0.826513935969991,435.19000000000005,437.3538134843695,436.5272995483995,433.8527004516006,433.0261865156306,,
2023-07-24 11:05:00,HINDALCO,436.7,436.7,436.2,436.4,13652,0.7612111487759928,435.31000000000006,437.30285078749563,436.54163963871963,434.0783603612805,433.3171492125045,436.7,
2023-07-24 11:10:00,HINDALCO,436.45,436.65,436.1,436.2,12983,0.7189689190207852,435.3325000000001,437.21476062999653,436.4957917109757,434.1692082890245,433.45023937000366,,
2023-07-24 11:15:00,HINDALCO,436.35,436.35,435.85,436.0,22198,0.6751751352166282,435.3475,437.11510850399713,436.43993336878054,434.2550666312195,433.5798914960029,,
2023-07-24 11:20:00,HINDALCO,436.0,436.7,435.8,436.7,20928,0.7201401081732981,435.45,437.3353268031977,436.61518669502436,434.2848133049756,433.5646731968023,,
2023-07-24 11:25:00,HINDALCO,436.7,436.7,435.8,435.85,12378,0.756112086538634,435.56499999999994,437.5445014425581,436.7883893560195,434.3416106439804,433.5854985574418,,
2023-07-24 11:30:00,HINDALCO,436.15,436.2,435.7,436.15,37734,0.7048896692309072,435.71999999999997,437.56540115404647,436.86051148481556,434.5794885151844,433.87459884595347,,
2023-07-24 11:35:00,HINDALCO,436.15,436.6,435.6,435.6,22622,0.7639117353847258,435.7775,437.7774209232372,437.01350918785243,434.5414908121475,433.7775790767628,,
2023-07-24 11:40:00,HINDALCO,435.75,435.95,435.55,435.85,23633,0.691129388307776,435.81500000000005,437.62437673858983,436.93324735028204,434.69675264971806,434.0056232614103,,
2023-07-24 11:45:00,HINDALCO,435.8,436.05,435.3,435.5,18390,0.7029035106462209,435.8525000000001,437.6927013908719,436.98979788022564,434.7152021197745,434.01229860912827,,
2023-07-24 11:50:00,HINDALCO,435.3,435.5,435.15,435.3,12671,0.6323228085169813,435.87749999999994,437.5329211126974,436.9005983041804,434.8544016958195,434.2220788873025,,
2023-07-24 11:55:00,HINDALCO,435.3,435.35,435.0,435.0,75431,0.5758582468135895,435.87249999999995,437.3800968901579,436.8042386433443,434.94076135665557,434.364903109842,,
2023-07-24 12:00:00,HINDALCO,435.1,435.75,435.0,435.5,73081,0.6106865974508717,435.8974999999999,437.4962775121263,436.88559091467545,434.9094090853244,434.29872248787353,,
2023-07-24 12:05:00,HINDALCO,435.5,435.6,435.5,435.5,41311,0.5085492779607019,435.90999999999997,437.2413820097011,436.73283273174036,435.0871672682596,434.5786179902988,,
2023-07-24 12:10:00,HINDALCO,435.5,435.6,434.5,434.55,31691,0.6268394223685662,435.87750000000005,437.51856560776093,436.8917261853924,434.86327381460774,434.2364343922392,,434.5
2023-07-24 12:15:00,HINDALCO,434.65,434.85,433.9,433.95,33294,0.6914715378948622,435.775,437.58527248620874,436.89380094831387,434.6561990516861,433.9647275137912,,
2023-07-24 12:20:00,HINDALCO,433.95,434.0,433.8,433.85,26707,0.5931772303158874,435.65500000000003,437.20793798896705,436.61476075865113,434.69523924134893,434.102062011033,,
2023-07-24 12:25:00,HINDALCO,433.85,433.95,433.15,433.8,26190,0.6345417842527122,435.53499999999997,437.1962303911736,436.5616886069209,434.50831139307905,433.87376960882636,,
2023-07-24 12:30:00,HINDALCO,433.8,434.4,433.8,434.05,38770,0.627633427402163,435.4375,437.0806443129389,436.4530108855367,434.4219891144633,433.7943556870611,,
2023-07-24 12:35:00,HINDALCO,434.05,434.5,434.05,434.25,23464,0.5921067419217282,435.3325,436.8826354503511,436.29052870842935,434.3744712915706,433.7823645496489,,
2023-07-24 12:40:00,HINDALCO,434.15,434.95,434.05,434.5,65101,0.6536853935373781,435.225,436.9363483602809,436.2826629667435,434.16733703325656,433.51365163971917,,434.05
2023-07-24 12:45:00,HINDALCO,434.5,435.0,434.5,434.85,36349,0.6229483148299024,435.14750000000004,436.77837868822473,436.15543037339484,434.13956962660524,433.51662131177534,,
2023-07-24 12:50:00,HINDALCO,434.85,435.0,434.8,434.95,24819,0.5383586518639197,435.0849999999999,436.4944229505797,435.9560642987157,434.21393570128413,433.67557704942016,,
2023-07-24 12:55:00,HINDALCO,435.0,435.0,434.55,434.9,31156,0.5206869214911335,435.0299999999999,436.3931583604637,435.8724714389726,434.18752856102725,433.66684163953613,,
2023-07-24 13:00:00,HINDALCO,434.85,435.25,434.6,434.7,60557,0.5465495371929023,434.93,436.360866688371,435.8143171511781,434.0456828488219,433.499133311629,,
2023-07-24 13:05:00,HINDALCO,434.7,434.75,434.15,434.75,20659,0.5572396297543265,434.875,436.3338533506968,435.7766137209425,433.9733862790575,433.4161466493032,,
2023-07-24 13:10:00,HINDALCO,434.75,435.25,434.45,435.05,71116,0.6057917038034635,434.82,436.4059626805575,435.800170976754,433.839829023246,433.2340373194425,,
2023-07-24 13:15:00,HINDALCO,435.1,435.15,434.05,434.3,26973,0.704633363042764,434.755,436.59973014444597,435.8950967814032,433.6149032185968,432.910269855554,,
2023-07-24 13:20:00,HINDALCO,434.3,434.75,434.25,434.55,11898,0.6637066904342113,434.68999999999994,436.4275841155567,435.7638774251225,433.6161225748774,432.95241588444316,,
2023-07-24 13:25:00,HINDALCO,434.5,434.95,434.4,434.6,20153,0.6409653523473714,434.645,436.3230472924454,435.68208194009804,433.6079180599019,432.9669527075546,,
2023-07-24 13:30:00,HINDALCO,434.65,434.7,434.3,434.4,14847,0.5927722818778927,434.6,436.15187783395635,435.55910555207845,433.6408944479216,433.0481221660437,,
2023-07-24 13:35:00,HINDALCO,434.3,434.85,434.3,434.75,16256,0.5842178255023165,434.5875,436.11698226716504,435.5327644416627,433.64223555833723,433.0580177328349,,
2023-07-24 13:40:00,HINDALCO,434.7,435.1,434.35,434.8,22569,0.6173742604018533,434.55250000000007,436.16878581373214,435.55141155333024,433.5535884466699,432.936214186268,,
2023-07-24 13:45:00,HINDALCO,434.9,434.9,434.3,434.3,14137,0.6138994083214758,434.4925,436.0996886509856,435.48578924266417,433.49921075733585,432.8853113490144,,
2023-07-24 13:50:00,HINDALCO,434.35,435.25,434.3,434.55,30336,0.6811195266571783,434.49249999999995,436.27567092078846,435.59455139413126,433.39044860586864,432.70932907921144,,
2023-07-24 13:55:00,HINDALCO,434.55,435.0,434.5,434.7,13264,0.6448956213257426,434.53000000000003,436.2183367366308,435.57344111530506,433.486558884695,432.84166326336924,,
2023-07-24 14:00:00,HINDALCO,434.7,435.0,434.5,434.9,12063,0.6159164970605941,434.5825,436.1949693893046,435.579052892244,433.58594710775594,432.97003061069535,,
2023-07-24 14:05:00,HINDALCO,434.7,434.9,434.0,434.15,22822,0.6727331976484708,434.6,436.36121551144373,435.68848231379525,433.5115176862048,432.8387844885563,,
2023-07-24 14:10:00,HINDALCO,434.15,434.8,434.1,434.5,17136,0.6781865581187745,434.62249999999995,436.3979924091549,435.71980585103614,433.52519414896375,432.847007590845,,
2023-07-24 14:15:00,HINDALCO,434.5,434.55,434.05,434.5,17274,0.6425492464950195,434.63499999999993,436.3171939273239,435.67464468082886,433.595355319171,432.95280607267597,,
2023-07-24 14:20:00,HINDALCO,434.55,434.8,434.25,434.25,19981,0.624039397196018,434.62249999999995,436.2562351418591,435.6321957446631,433.6128042553368,432.98876485814077,,
2023-07-24 14:25:00,HINDALCO,434.4,434.4,433.0,433.3,50829,0.7792315177568099,434.54499999999996,436.5850281134873,435.8057965957305,433.2842034042694,432.50497188651264,,
2023-07-24 14:30:00,HINDALCO,433.25,434.5,433.25,434.4,25559,0.8733852142054479,434.51750000000004,436.8040224907899,435.93063727658443,433.10436272341565,432.23097750921016,,
2023-07-24 14:35:00,HINDALCO,434.4,434.4,433.8,434.2,16884,0.8187081713643516,434.4825000000001,436.62587799263196,435.8071698212676,433.1578301787325,432.3391220073682,,
2023-07-24 14:40:00,HINDALCO,434.25,434.85,434.05,434.55,27584,0.8149665370914836,434.475,436.60858239410555,435.79361585701406,433.156384142986,432.3414176058945,,
2023-07-24 14:45:00,HINDALCO,434.55,434.75,434.2,434.55,23472,0.7619732296731893,434.465,436.4598459152844,435.6978726856112,433.2321273143888,432.47015408471555,,
2023-07-24 14:50:00,HINDALCO,434.4,434.5,434.15,434.3,14806,0.679578583738556,434.42750000000007,436.2066367322276,435.52705814848906,433.32794185151107,432.64836326777254,,
2023-07-24 14:55:00,HINDALCO,434.35,434.4,433.45,433.75,46357,0.7336628669908425,434.4,436.320729385782,435.5870665187912,433.2129334812088,432.47927061421797,,
2023-07-24 15:00:00,HINDALCO,433.75,433.95,432.5,432.5,78791,0.8769302935926717,434.2975,436.59330350862564,435.71637321503295,432.8786267849671,432.0016964913744,,
2023-07-24 15:05:00,HINDALCO,432.55,433.25,432.2,433.25,52817,0.9115442348741397,434.23,436.6164228069005,435.70487857202636,432.7551214279737,431.8435771930995,,
2023-07-24 15:10:00,HINDALCO,433.3,433.5,432.85,432.9,55648,0.8592353878993073,434.15500000000003,436.4044782455204,435.54524285762113,432.7647571423789,431.90552175447965,,
2023-07-24 15:15:00,HINDALCO,432.95,433.2,432.9,433.05,84092,0.7473883103194482,434.07,436.0266625964163,435.27927428609684,432.86072571390315,432.11333740358367,,
2023-07-24 15:20:00,HINDALCO,433.05,433.2,432.55,432.85,93886,0.7279106482555541,433.97249999999997,435.878170077133,435.15025942887746,432.7947405711225,432.06682992286693,,
2023-07-24 15:25:00,HINDALCO,432.8,433.45,432.55,433.2,57495,0.7623285186044387,433.9175,435.9132760617064,435.150947543102,432.68405245689803,431.9217239382936,433.45,
2023-07-25 09:15:00,HINDALCO,436.15,437.1,435.0,436.1,183139,1.389862814883558,433.995,437.6336608493652,436.2437980344816,431.7462019655184,430.3563391506348,,
2023-07-25 09:20:00,HINDALCO,436.05,436.9,435.7,436.7,117237,1.351890251906844,434.09499999999997,437.6342486794921,436.2823584275852,431.9076415724147,430.55575132050785,,
2023-07-25 09:25:00,HINDALCO,436.75,438.25,436.55,437.7,171371,1.421512201525473,434.235,437.9565189435937,436.5350067420682,431.9349932579318,430.5134810564063,,
2023-07-25 09:30:00,HINDALCO,437.65,439.0,437.6,438.8,159686,1.417209761220374,434.46750000000003,438.17775515487494,436.7605453936546,432.1744546063455,430.7572448451251,,
2023-07-25 09:35:00,HINDALCO,438.8,439.75,438.5,438.8,119426,1.3837678089762993,434.68250000000006,438.3052041239,436.9214363149237,432.4435636850764,431.0597958761001,,
2023-07-25 09:40:00,HINDALCO,438.75,439.75,438.75,439.3,113977,1.3070142471810393,434.9225,438.34426329912,437.03724905193894,432.8077509480611,431.50073670088005,,
2023-07-25 09:45:00,HINDALCO,439.25,439.75,438.8,439.7,75054,1.2356113977448293,435.19500000000005,438.42983063929603,437.1942192415512,433.1957807584489,431.96016936070407,,
2023-07-25 09:50:00,HINDALCO,439.7,441.2,439.7,441.15,160277,1.2884891181958635,435.5875,438.96076451143676,437.6722753932409,433.50272460675905,432.2142354885632,,
2023-07-25 09:55:00,HINDALCO,440.95,442.5,440.65,442.2,227718,1.4007912945566954,435.97749999999996,439.6447716091494,438.2439803145927,433.7110196854072,432.3102283908505,,
2023-07-25 10:00:00,HINDALCO,442.05,442.75,441.5,442.0,127894,1.3706330356453564,436.36749999999995,439.9558172873195,438.58518425167415,434.14981574832575,432.7791827126804,,
2023-07-25 10:05:00,HINDALCO,442.0,442.65,441.65,442.65,140454,1.296506428516285,436.77250000000004,440.1667538298557,438.8702474013394,434.6747525986607,433.3782461701444,,
2023-07-25 10:10:00,HINDALCO,442.7,443.0,441.75,441.75,107917,1.287205142813028,437.13250000000005,440.50240306388457,439.21519792107154,435.04980207892856,433.76259693611553,,
2023-07-25 10:15:00,HINDALCO,441.95,442.5,441.1,441.3,117395,1.309764114250418,437.48249999999996,440.9114624511076,439.6016983368571,435.3633016631428,434.05353754889234,,
2023-07-25 10:20:00,HINDALCO,441.35,441.45,440.55,441.05,165045,1.2278112914003299,437.84749999999997,441.06190996088606,439.8340986694857,435.86090133051425,434.6330900391139,,
2023-07-25 10:25:00,HINDALCO,441.1,441.45,440.4,440.6,139559,1.1922490331202662,438.25249999999994,441.3738079687088,440.18155893558855,436.3234410644113,435.1311920312911,,
2023-07-25 10:30:00,HINDALCO,440.8,441.4,440.55,441.0,103320,1.1237992264962062,438.64,441.58210637496705,440.45830714847085,436.8216928515291,435.6978936250329,,
2023-07-25 10:35:00,HINDALCO,441.25,441.3,440.7,440.9,53215,1.0190393811969696,439.03999999999996,441.7078450999736,440.6888057187767,437.39119428122325,436.3721549000263,,
2023-07-25 10:40:00,HINDALCO,440.7,441.3,440.7,440.8,72384,0.9352315049575802,439.42750000000007,441.875936079979,440.9407045750214,437.9142954249787,436.97906392002113,,
2023-07-25 10:45:00,HINDALCO,440.85,441.5,440.55,440.95,79646,0.938185203966062,439.8325,442.2886688639831,441.35048366001706,438.3145163399829,437.37633113601686,,
2023-07-25 10:50:00,HINDALCO,440.95,441.35,440.2,440.65,139022,0.9805481631728565,440.20500000000004,442.7720750911866,441.7915269280137,438.6184730719864,437.6379249088135,,
2023-07-25 10:55:00,HINDALCO,440.6,441.15,440.35,440.65,55557,0.9444385305382762,440.4325,442.9050400729492,441.9606015424109,438.9043984575891,437.9599599270508,,
2023-07-25 11:00:00,HINDALCO,440.75,441.3,440.65,440.85,60856,0.8855508244306278,440.64000000000004,442.95837205835943,442.0728212339288,439.2071787660713,438.32162794164066,,
2023-07-25 11:05:00,HINDALCO,440.85,441.05,440.3,440.35,71441,0.8584406595445023,440.7724999999999,443.0198976466874,442.1614569871429,439.38354301285693,438.52510235331243,,
2023-07-25 11:10:00,HINDALCO,440.55,440.8,440.3,440.5,111563,0.7867525276356019,440.85749999999996,442.91721811735,442.1304655897144,439.5845344102855,438.79778188264993,,
2023-07-25 11:15:00,HINDALCO,440.5,440.8,440.15,440.7,98072,0.7594020221084883,440.9525,442.94061449388,442.1812124717715,439.72378752822846,438.96438550612,,
2023-07-25 11:20:00,HINDALCO,440.7,440.75,440.1,440.3,43368,0.7375216176867861,441.00249999999994,442.93333159510394,442.1958099774172,439.8091900225827,439.07166840489595,,
2023-07-25 11:25:00,HINDALCO,440.45,440.6,440.15,440.5,61776,0.680017294149438,441.0424999999999,442.82278527608315,442.1427679819337,439.94223201806614,439.26221472391666,,
2023-07-25 11:30:00,HINDALCO,440.5,440.7,439.2,440.0,144477,0.8440138353195504,440.98499999999996,443.19462822086655,442.350614385547,439.61938561445294,438.77537177913337,,
2023-07-25 11:35:00,HINDALCO,440.15,440.45,439.6,440.4,71539,0.8452110682556335,440.8950000000001,443.10776257669335,442.2625515084377,439.5274484915625,438.68223742330684,,
2023-07-25 11:40:00,HINDALCO,440.4,440.4,439.9,440.3,47948,0.7761688546045068,440.81000000000006,442.84201006135464,442.0658412067502,439.55415879324994,438.7779899386455,,
2023-07-25 11:45:00,HINDALCO,440.2,440.3,439.75,439.9,38591,0.7309350836836078,440.67249999999996,442.5860880490836,441.8551529654,439.4898470345999,438.7589119509163,,
2023-07-25 11:50:00,HINDALCO,439.9,440.35,439.85,440.3,42989,0.6847480669468863,440.6,442.39267043926696,441.70792237232007,439.49207762768,438.8073295607331,,
2023-07-25 11:55:00,HINDALCO,440.45,440.5,439.85,440.15,42444,0.6777984535575045,440.5425,442.3169763514136,441.6391778978561,439.44582210214395,438.76802364858645,,
2023-07-25 12:00:00,HINDALCO,440.0,440.35,439.85,440.2,34602,0.6422387628460036,440.5,442.18138108113084,441.53914231828486,439.46085768171514,438.81861891886916,,
2023-07-25 12:05:00,HINDALCO,440.3,442.6,440.15,442.4,184339,1.003791010276812,440.59000000000003,443.2179248649047,442.2141338546279,438.96586614537216,437.96207513509535,,
2023-07-25 12:10:00,HINDALCO,442.4,443.7,441.95,443.6,196931,1.1530328082214496,440.71999999999997,443.73863989192375,442.58560708370226,438.8543929162977,437.7013601080762,,
2023-07-25 12:15:00,HINDALCO,443.6,444.15,443.05,443.9,153482,1.1424262465771529,440.87000000000006,443.86087191353903,442.7184456669619,439.02155433303824,437.8791280864611,,
2023-07-25 12:20:00,HINDALCO,443.9,444.0,442.75,443.6,71404,1.1639409972617223,441.00999999999993,444.0571975308311,442.8932565335694,439.12674346643047,437.96280246916876,,
2023-07-25 12:25:00,HINDALCO,443.6,443.6,442.9,443.1,47111,1.0711527978093869,441.1175,443.921778024665,442.8506252268556,439.38437477314443,438.313221975335,,
2023-07-25 12:30:00,HINDALCO,442.9,443.8,442.9,443.4,47987,1.0369222382475165,441.25499999999994,443.96966241973195,442.9327401814844,439.5772598185155,438.54033758026793,,
2023-07-25 12:35:00,HINDALCO,443.5,444.0,443.4,443.75,53390,0.9495377905980178,441.40999999999997,443.8958899357856,442.9463521451876,439.87364785481236,438.92411006421435,,
2023-07-25 12:40:00,HINDALCO,443.9,444.5,443.75,444.5,132029,0.9096302324784143,441.5924999999999,443.9739119486284,443.06428171615,440.12071828384984,439.2110880513714,,
2023-07-25 12:45:00,HINDALCO,444.5,444.9,443.8,443.9,91976,0.9477041859827248,441.7700000000001,444.2510895589029,443.30338537292016,440.23661462708003,439.2889104410973,,
2023-07-25 12:50:00,HINDALCO,443.9,444.65,443.65,444.5,62918,0.9581633487861798,441.9700000000001,444.4784716471223,443.52030829833615,440.419691701664,439.46152835287785,,
2023-07-25 12:55:00,HINDALCO,444.4,444.9,444.3,444.65,51748,0.8865306790289371,442.1675,444.4884373176978,443.6019066386688,440.7330933613312,439.84656268230225,,
2023-07-25 13:00:00,HINDALCO,444.7,445.5,444.6,445.35,158347,0.8892245432231453,442.4200000000001,444.7479898541583,443.8587653109351,440.98123468906505,440.09201014584187,,
2023-07-25 13:05:00,HINDALCO,445.45,445.5,444.7,444.75,69969,0.8713796345785185,442.63250000000005,444.9137718833266,444.0423922487481,441.222607751252,440.3512281166735,,
2023-07-25 13:10:00,HINDALCO,444.8,445.2,444.1,444.35,50504,0.917103707662808,442.85,445.25097750666123,444.33387379899847,441.3661262010016,440.4490224933388,,
2023-07-25 13:15:00,HINDALCO,444.25,444.9,444.1,444.6,51038,0.8936829661302373,443.05999999999995,445.39966200532893,444.5059790391987,441.6140209608012,440.72033799467096,,
2023-07-25 13:20:00,HINDALCO,444.6,444.7,443.3,443.5,57581,0.9949463729041854,443.21999999999997,445.8247696042631,444.82982323135894,441.610176768641,440.61523039573683,,
2023-07-25 13:25:00,HINDALCO,443.45,443.95,443.1,443.9,49644,0.9659570983233415,443.41999999999996,445.94887568341045,444.98291858508713,441.8570814149128,440.89112431658947,,
2023-07-25 13:30:00,HINDALCO,443.9,443.95,443.4,443.6,33236,0.8827656786586756,443.5849999999999,445.89608054672834,445.01331486806964,442.1566851319302,441.2739194532715,,
2023-07-25 13:35:00,HINDALCO,443.5,443.8,443.3,443.7,37900,0.8062125429269406,443.7625,445.87316443738274,445.06695189445577,442.4580481055442,441.65183556261724,,
2023-07-25 13:40:00,HINDALCO,443.7,444.25,443.35,444.0,46281,0.824970034341548,443.95250000000004,446.1122715499062,445.28730151556465,442.61769848443544,441.7927284500939,,
2023-07-25 13:45:00,HINDALCO,444.15,444.3,443.8,444.2,38586,0.7599760274732384,444.0424999999999,446.03211723992484,445.27214121245163,442.8128587875482,442.05288276007497,,
2023-07-25 13:50:00,HINDALCO,444.2,444.75,443.75,443.9,44031,0.8079808219785909,444.05750000000006,446.17279379194,445.3648129699614,442.7501870300387,441.9422062080601,,
2023-07-25 13:55:00,HINDALCO,443.9,444.75,443.75,444.75,37406,0.8463846575828728,444.1,446.315835033552,445.46945037596913,442.7305496240309,441.88416496644805,,
2023-07-25 14:00:00,HINDALCO,444.75,445.0,444.2,444.45,51675,0.8371077260663006,444.14250000000004,446.33404802684163,445.4969403007753,442.7880596992248,441.95095197315845,,
2023-07-25 14:05:00,HINDALCO,444.45,445.4,444.0,445.4,137975,0.949686180853036,444.2575,446.7437784214732,445.7940922406202,442.72090775937977,441.77122157852676,,
2023-07-25 14:10:00,HINDALCO,445.45,446.75,445.05,445.3,186445,1.0997489446824265,444.3525000000001,447.2316427371787,446.13189379249627,442.5731062075039,441.4733572628215,,
2023-07-25 14:15:00,HINDALCO,445.3,446.3,445.3,445.7,61424,1.0797991557459412,444.45,447.27691418974285,446.1971150339969,442.70288496600307,441.6230858102571,,
2023-07-25 14:20:00,HINDALCO,445.7,446.5,445.45,446.5,140774,1.0738393245967552,444.55,447.3613113517943,446.28747202719757,442.81252797280246,441.7386886482057,,
2023-07-25 14:25:00,HINDALCO,446.55,447.65,446.05,447.65,208128,1.1790714596773975,444.7375,447.82430908143544,446.64523762175804,442.829762378242,441.6506909185646,,
2023-07-25 14:30:00,HINDALCO,447.65,448.45,447.25,447.75,212616,1.1832571677419157,444.9,447.9977672651483,446.8145100974064,442.98548990259354,441.80223273485166,,
2023-07-25 14:35:00,HINDALCO,447.8,448.25,447.55,447.75,105803,1.0866057341935302,445.055,447.89973381211865,446.8131280779251,443.2968719220749,442.21026618788136,,
2023-07-25 14:40:00,HINDALCO,447.8,448.4,447.75,447.95,89643,0.9992845873548197,445.18499999999995,447.80112704969486,446.80184246234006,443.56815753765983,442.56887295030504,,
2023-07-25 14:45:00,HINDALCO,447.9,448.15,447.45,447.55,115019,0.9394276698838535,445.325,447.7844216397559,446.84499396987206,443.8050060301279,442.86557836024406,,
2023-07-25 14:50:00,HINDALCO,447.7,447.75,447.35,447.5,60650,0.8315421359070783,445.4825000000001,447.6594773118048,446.8279351758977,444.1370648241024,443.30552268819537,,
2023-07-25 14:55:00,HINDALCO,447.5,447.95,447.5,447.6,62682,0.7552337087256604,445.6325,447.60970184944375,446.8544681407181,444.4105318592819,443.65529815055623,,
2023-07-25 15:00:00,HINDALCO,447.75,449.6,447.55,449.1,319630,1.0141869669805308,445.9125,448.56764147955505,447.55345451257455,444.2715454874255,443.257358520445,,
2023-07-25 15:05:00,HINDALCO,449.1,449.1,448.1,448.6,178434,1.0113495735844247,446.14750000000004,448.7952131836441,447.78386361005965,444.5111363899404,443.499786816356,,
2023-07-25 15:10:00,HINDALCO,448.6,449.3,448.1,449.2,200136,1.0490796588675375,446.42750000000007,449.17399054691526,448.12491088804774,444.7300891119524,443.68100945308487,,
2023-07-25 15:15:00,HINDALCO,449.15,450.4,449.15,450.2,362145,1.0892637270940302,446.75249999999994,449.6041924375321,448.5149287104381,444.9900712895618,443.9008075624678,,
2023-07-25 15:20:00,HINDALCO,450.15,450.45,449.6,450.0,474029,1.0414109816752175,447.05249999999995,449.7789139500257,448.73750296835044,445.36749703164946,444.3260860499742,,
2023-07-25 15:25:00,HINDALCO,450.1,450.25,449.5,450.15,227586,0.9831287853401741,447.35,449.9238311600206,448.9407023746804,445.7592976253196,444.77616883997945,,
2023-07-26 09:15:00,HINDALCO,449.5,449.5,448.05,448.35,315694,1.076503028272137,447.57249999999993,450.3907849280164,449.31428189974423,445.83071810025564,444.7542150719835,449.5,
2023-07-26 09:20:00,HINDALCO,448.2,448.35,446.85,448.3,166537,1.1612024226177098,447.75,450.7900279424132,449.62882551979544,445.87117448020456,444.7099720575868,,
2023-07-26 09:25:00,HINDALCO,448.3,448.3,447.15,447.15,61302,1.1589619380941747,447.88500000000005,450.9191623539306,449.76020041583644,446.00979958416366,444.8508376460695,,
2023-07-26 09:30:00,HINDALCO,447.3,447.3,446.5,446.7,158604,1.087169550475342,447.95,450.79620988314446,449.7090403326691,446.1909596673309,445.1037901168555,,
2023-07-26 09:35:00,HINDALCO,446.55,447.45,446.55,446.95,82033,1.0497356403802691,448.03249999999997,450.7807079065155,449.73097226613527,446.3340277338647,445.28429209348445,,
2023-07-26 09:40:00,HINDALCO,446.85,447.1,446.65,447.1,67164,0.9297885123042244,448.1025000000001,450.53668632521254,449.6068978129083,446.59810218709185,445.6683136747876,,
2023-07-26 09:45:00,HINDALCO,447.1,448.8,446.85,448.65,148054,1.1338308098433774,448.21000000000004,451.17836906017,450.04453825032664,446.37546174967343,445.2416309398301,,
2023-07-26 09:50:00,HINDALCO,448.7,449.5,448.35,449.45,119178,1.1370646478746975,448.3,451.27683524813597,450.1397706002613,446.46022939973875,445.32316475186406,,
2023-07-26 09:55:00,HINDALCO,449.45,450.2,449.45,449.65,140979,1.059651718299758,448.395,451.16916819850877,450.109516480209,446.680483519791,445.6208318014912,,
2023-07-26 10:00:00,HINDALCO,449.65,449.95,449.4,449.7,44595,0.9577213746398088,448.49249999999995,450.999814558807,450.0420931841672,446.9429068158327,445.9851854411929,,
2023-07-26 10:05:00,HINDALCO,449.7,450.3,449.65,450.15,56400,0.8961770997118539,448.6025000000001,450.94869164704573,450.0525145473339,447.15248545266627,446.2563083529544,,
2023-07-26 10:10:00,HINDALCO,450.0,450.3,449.75,450.0,54607,0.8269416797694855,448.725,450.8899333176365,450.06299163786707,447.387008362133,446.5600666823635,,
2023-07-26 10:15:00,HINDALCO,450.0,450.0,449.1,449.3,49266,0.841553343815584,448.81499999999994,451.0181866541091,450.17663331029354,447.45336668970634,446.61181334589077,,
2023-07-26 10:20:00,HINDALCO,449.4,450.2,449.2,450.2,98567,0.8732426750524673,448.94500000000005,451.2311493232874,450.3579066482349,447.5320933517652,446.6588506767127,,
2023-07-26 10:25:00,HINDALCO,450.15,451.55,450.15,451.2,146022,0.9785941400419809,449.05,451.61195945862994,450.63336531858795,447.4666346814121,446.4880405413701,,
2023-07-26 10:30:00,HINDALCO,451.2,451.65,450.5,450.85,131804,1.0128753120335803,449.1625,451.8142075669039,450.8013322548704,447.52366774512967,446.5107924330961,,
2023-07-26 10:35:00,HINDALCO,451.0,451.0,449.25,449.5,69799,1.1603002496268644,449.17749999999995,452.2151660535231,451.05486580389623,447.30013419610367,446.1398339464768,,
2023-07-26 10:40:00,HINDALCO,449.5,449.95,448.6,449.75,91274,1.1982401997014847,449.15500000000003,452.2919928428185,451.09375264311706,447.216247356883,446.01800715718156,,
2023-07-26 10:45:00,HINDALCO,449.9,450.35,448.5,448.5,144446,1.3285921597611923,449.08000000000004,452.55825427425486,451.22966211449364,446.93033788550645,445.6017457257452,,
2023-07-26 10:50:00,HINDALCO,448.6,448.8,448.45,448.75,28830,1.1328737278089585,449.01000000000005,451.9758634194039,450.84298969159494,447.17701030840516,446.0441365805962,,
2023-07-26 10:55:00,HINDALCO,448.75,449.35,448.7,449.05,19663,1.0362989822471735,449.04499999999996,451.75803073552305,450.7217317532759,447.368268246724,446.33196926447687,,
2023-07-26 11:00:00,HINDALCO,449.1,449.75,449.1,449.55,28081,0.9690391857977365,449.10749999999996,451.6444445884184,450.6754054026207,447.5395945973792,446.5705554115815,,
2023-07-26 11:05:00,HINDALCO,449.5,449.95,449.35,449.6,24500,0.8952313486381824,449.23,451.57371567073477,450.6784843220966,447.7815156779034,446.88628432926527,,
2023-07-26 11:10:00,HINDALCO,449.65,449.85,449.4,449.55,16991,0.806185078910555,449.37250000000006,451.4830925365879,450.6769074576773,448.0680925423228,447.26190746341223,,
2023-07-26 11:15:00,HINDALCO,449.5,449.5,448.65,449.0,33812,0.8149480631284487,449.475,451.6085340292703,450.79358596614185,448.1564140338582,447.34146597072976,,
2023-07-26 11:20:00,HINDALCO,449.0,449.25,448.85,448.95,27512,0.7319584505027545,449.5675,451.4837672234162,450.7518087729135,448.3831912270865,447.6512327765838,,
2023-07-26 11:25:00,HINDALCO,448.9,449.2,448.45,448.5,35181,0.7355667604022037,449.56000000000006,451.48571377873304,450.75014701833084,448.3698529816693,447.6342862212671,,
2023-07-26 11:30:00,HINDALCO,448.55,448.85,448.05,448.4,30644,0.7484534083217652,449.5075,451.4669510229864,450.7184976146646,448.2965023853354,447.5480489770136,,
2023-07-26 11:35:00,HINDALCO,448.45,448.65,448.35,448.6,15215,0.6587627266574031,449.45500000000004,451.17964081838915,450.52087809173173,448.38912190826835,447.73035918161094,,
2023-07-26 11:40:00,HINDALCO,448.6,448.65,447.4,448.0,45779,0.7770101813259225,449.37000000000006,451.40421265471133,450.6272024733854,448.1127975266147,447.3357873452888,,447.4
2023-07-26 11:45:00,HINDALCO,448.0,448.25,447.8,448.2,18653,0.7116081450607358,449.2724999999999,451.13549012376893,450.4238819787082,448.12111802129164,447.4095098762309,,
2023-07-26 11:50:00,HINDALCO,448.2,448.5,448.0,448.5,22209,0.6692865160485886,449.19749999999993,450.9496920990151,450.2804055829665,448.11459441703335,447.44530790098474,,
2023-07-26 11:55:00,HINDALCO,448.55,448.95,448.4,448.75,27816,0.6454292128388732,449.16999999999996,450.8597336792121,450.2143044663733,448.12569553362664,447.4802663207878,,
2023-07-26 12:00:00,HINDALCO,448.75,449.05,448.5,449.0,18526,0.6263433702711009,449.10999999999996,450.7497669433697,450.1234235730986,448.0965764269013,447.4702330566302,,
2023-07-26 12:05:00,HINDALCO,449.0,449.55,448.85,449.25,18506,0.6410746962168785,449.0125,450.69083355469576,450.0497588584789,447.97524114152105,447.3341664453042,,
2023-07-26 12:10:00,HINDALCO,449.3,449.3,449.0,449.05,26808,0.5728597569735051,448.9225,450.4222468437566,449.84938708678317,447.99561291321686,447.4227531562434,,
2023-07-26 12:15:00,HINDALCO,449.2,449.2,448.9,449.0,13883,0.5182878055788064,448.89750000000004,450.25437747500536,449.7360896694265,448.05891033057355,447.5406225249947,,
2023-07-26 12:20:00,HINDALCO,449.0,449.05,448.15,448.15,20005,0.594630244463052,448.8175,450.3742419800043,449.7796117355412,447.8553882644588,447.2607580199957,,
2023-07-26 12:25:00,HINDALCO,448.6,448.65,448.3,448.45,23738,0.5757041955704416,448.81499999999994,450.32219358400334,449.7464893884329,447.883510611567,447.30780641599654,,
2023-07-26 12:30:00,HINDALCO,448.5,448.65,446.95,447.15,115321,0.800563356456351,448.735,450.83087486720274,450.0303115107464,447.4396884892536,446.6391251327973,,
2023-07-26 12:35:00,HINDALCO,447.2,447.25,446.45,447.1,70246,0.8004506851650831,448.6375,450.7330798937622,449.9326292085971,447.34237079140286,446.5419201062378,,
2023-07-26 12:40:00,HINDALCO,447.25,447.6,447.15,447.25,25012,0.7403605481320665,448.5224999999999,450.4607639150097,449.72040336687763,447.3245966331222,446.58423608499015,,
2023-07-26 12:45:00,HINDALCO,447.2,447.6,447.15,447.4,20901,0.6822884385056623,448.4125,450.1987311320078,449.5164426935022,447.30855730649785,446.6262688679922,,447.15
2023-07-26 12:50:00,HINDALCO,447.4,447.6,447.25,447.45,18501,0.6158307508045344,448.3075,449.91974490560625,449.30391415480176,447.31108584519825,446.69525509439376,,
2023-07-26 12:55:00,HINDALCO,447.45,448.45,447.45,448.1,33013,0.6926646006436276,448.2625,450.075895924485,449.38323132384136,447.1417686761586,446.449104075515,,
2023-07-26 13:00:00,HINDALCO,448.1,448.1,447.5,447.5,25623,0.6741316805149066,448.18999999999994,449.954876739588,449.28074505907307,447.0992549409268,446.4251232604119,,
2023-07-26 13:05:00,HINDALCO,447.65,447.9,446.9,447.05,28070,0.7393053444119253,448.11749999999995,450.05300139167036,449.3136960472584,446.9213039527415,446.18199860832954,,
2023-07-26 13:10:00,HINDALCO,447.1,447.75,447.0,447.5,25596,0.7414442755295403,448.07249999999993,450.0136011133363,449.27215683780673,446.87284316219313,446.1313988866636,,
2023-07-26 13:15:00,HINDALCO,447.5,447.8,447.5,447.65,13768,0.6531554204236345,448.025,449.7349608906691,449.0818054702454,446.96819452975456,446.3150391093309,,
2023-07-26 13:20:00,HINDALCO,447.7,447.8,447.55,447.6,13648,0.5725243363389076,448.00499999999994,449.5038687125352,448.9313443761963,447.07865562380357,446.50613128746465,,
2023-07-26 13:25:00,HINDALCO,447.7,448.15,447.65,448.05,20065,0.568019469071117,447.99750000000006,449.48457497002823,448.91655550095714,447.078444499043,446.5104250299719,,
2023-07-26 13:30:00,HINDALCO,448.15,448.15,447.65,447.85,16127,0.5544155752568937,447.96500000000003,449.41645997602257,448.8620444007657,447.0679555992344,446.5135400239775,,
2023-07-26 13:35:00,HINDALCO,447.9,448.35,447.65,447.75,24981,0.5835324602055241,447.9150000000001,449.44268798081816,448.8591555206126,446.97084447938755,446.387312019182,,
2023-07-26 13:40:00,HINDALCO,447.8,447.8,447.6,447.6,16706,0.506825968164417,447.84499999999997,449.1718703846544,448.66504441649,447.02495558350995,446.5181296153455,,
2023-07-26 13:45:00,HINDALCO,447.55,448.35,447.5,448.35,51455,0.5754607745315382,447.8,449.30655630772355,448.73109553319205,446.868904466808,446.29344369227647,,
2023-07-26 13:50:00,HINDALCO,448.35,448.4,447.5,447.7,24384,0.6403686196252261,447.73249999999996,449.4089850461788,448.7686164265536,446.6963835734463,446.0560149538211,,
2023-07-26 13:55:00,HINDALCO,447.7,448.0,447.05,447.25,37618,0.7022948957001786,447.645,449.48360803694305,448.7813131412429,446.5086868587571,445.8063919630569,,
2023-07-26 14:00:00,HINDALCO,447.35,447.8,447.35,447.65,17673,0.6718359165601452,447.62,449.3788664295545,448.7070305129943,446.5329694870057,445.86113357044553,,
2023-07-26 14:05:00,HINDALCO,447.75,448.45,447.7,448.35,30454,0.6974687332481184,447.61500000000007,449.44097314364365,448.74350441039553,446.4864955896046,445.7890268563565,,
2023-07-26 14:10:00,HINDALCO,448.35,448.5,448.0,448.15,20023,0.6579749865984947,447.66499999999996,449.3875785149148,448.7296035283163,446.6003964716836,445.9424214850851,,
2023-07-26 14:15:00,HINDALCO,448.2,448.85,448.1,448.35,26150,0.6763799892787958,447.7275000000001,449.49826281193197,448.82188282265315,446.633117177347,445.9567371880682,,
2023-07-26 14:20:00,HINDALCO,448.4,448.6,448.25,448.5,16652,0.6111039914230412,447.7900000000001,449.3898702495456,448.7787662581226,446.8012337418776,446.19012975045456,,
2023-07-26 14:25:00,HINDALCO,448.6,448.9,448.0,448.4,26633,0.6688831931384285,447.84,449.59113619963637,448.92225300649795,446.757746993502,446.0888638003636,,
2023-07-26 14:30:00,HINDALCO,448.45,448.7,448.45,448.5,19843,0.5951065545107451,447.89250000000004,449.45048895970916,448.85538240519844,446.92961759480164,446.3345110402909,,
2023-07-26 14:35:00,HINDALCO,448.6,448.85,448.25,448.4,19356,0.5960852436086006,447.90749999999997,449.46805116776727,448.8719659241587,446.94303407584124,446.34694883223267,,
2023-07-26 14:40:00,HINDALCO,448.4,448.5,447.75,448.2,46454,0.6268681948868805,447.9425,449.58364093421386,448.956772739327,446.928227260673,446.30135906578613,,
2023-07-26 14:45:00,HINDALCO,448.25,448.5,448.05,448.25,24560,0.5914945559095022,448.00250000000005,449.55103274737115,448.9595381914616,447.0454618085385,446.45396725262896,,
2023-07-26 14:50:00,HINDALCO,448.2,448.2,447.7,447.75,31431,0.5731956447276018,448.01500000000004,449.5156261978969,448.9424305531693,447.0875694468308,446.5143738021032,,
2023-07-26 14:55:00,HINDALCO,447.8,448.05,447.5,448.0,31357,0.5685565157820838,448.03249999999997,449.52098095831747,448.9524244425354,447.11257555746454,446.5440190416825,,
2023-07-26 15:00:00,HINDALCO,448.0,448.95,447.9,448.45,118325,0.6648452126256693,448.075,449.815564766654,449.15071955402834,446.99928044597164,446.33443523334597,,
2023-07-26 15:05:00,HINDALCO,448.45,448.45,448.1,448.4,70289,0.6018761701005286,448.09250000000003,449.66821181332324,449.06633564322266,447.1186643567774,446.5167881866768,,
2023-07-26 15:10:00,HINDALCO,448.4,448.4,447.85,448.35,81463,0.5915009360804139,448.11749999999995,449.6660494506585,449.07454851457805,447.16045148542185,446.5689505493414,,
2023-07-26 15:15:00,HINDALCO,448.35,449.15,448.35,449.1,113566,0.6332007488643221,448.18499999999995,449.84271956052675,449.2095188116624,447.1604811883375,446.52728043947315,,
2023-07-26 15:20:00,HINDALCO,449.1,450.0,449.1,449.8,163283,0.6865605990914532,448.2950000000001,450.0924156484215,449.40585504933006,447.1841449506701,446.49758435157867,450.0,
2023-07-26 15:25:00,HINDALCO,449.85,450.0,449.0,449.0,93693,0.7492484792731626,448.32750000000004,450.2890325187372,449.539784039464,447.1152159605361,446.3659674812629,,
2023-07-27 09:15:00,HINDALCO,451.0,454.8,450.5,454.5,285267,1.7593987834185325,448.6675,453.27360601498975,451.5142072315712,445.8207927684288,444.0613939850103,,
2023-07-27 09:20:00,HINDALCO,454.75,456.35,454.45,456.3,296688,1.7875190267348329,449.12,453.7997248119918,452.012205785257,446.227794214743,444.44027518800823,,
2023-07-27 09:25:00,HINDALCO,456.5,458.75,456.3,458.55,381252,1.920015221387864,449.66499999999996,454.6915998495934,452.7715846282055,446.5584153717944,444.63840015040654,,
2023-07-27 09:30:00,HINDALCO,458.7,459.45,457.35,457.65,423529,1.9560121771102845,450.13,455.25083987967474,453.2948277025644,446.9651722974356,445.00916012032525,,
2023-07-27 09:35:00,HINDALCO,458.0,458.0,456.75,457.8,151055,1.8148097416882276,450.6125,455.36367190373977,453.5488621620516,447.67613783794843,445.86132809626025,,
2023-07-27 09:40:00,HINDALCO,457.8,458.3,456.6,456.8,178142,1.79184779335058,451.03499999999997,455.72605752299177,453.9342097296412,448.1357902703587,446.34394247700817,,
2023-07-27 09:45:00,HINDALCO,456.7,456.8,456.05,456.5,176391,1.5834782346804643,451.43499999999995,455.5805460183934,453.99706778371296,448.8729322162869,447.28945398160647,,
2023-07-27 09:50:00,HINDALCO,456.35,458.0,456.3,457.95,108959,1.606782587744369,451.9125,456.1190568147148,454.5122742269704,449.3127257730296,447.70594318528526,,
2023-07-27 09:55:00,HINDALCO,457.95,458.5,456.75,456.75,194775,1.6354260701954955,452.325,456.6065454517718,454.9711193815763,449.6788806184237,448.04345454822817,,
2023-07-27 10:00:00,HINDALCO,456.95,457.95,456.75,457.55,51864,1.5483408561563943,452.78249999999997,456.83605636141743,455.287715505261,450.2772844947389,448.7289436385825,,
2023-07-27 10:05:00,HINDALCO,457.6,457.9,456.85,457.0,61353,1.4486726849251064,453.22249999999997,457.0151250891339,455.5664524042088,450.87854759579113,449.42987491086603,,
2023-07-27 10:10:00,HINDALCO,457.05,457.05,456.3,456.5,69462,1.308938147940085,453.63499999999993,457.06180007130706,455.752861923367,451.5171380766329,450.2081999286928,,
2023-07-27 10:15:00,HINDALCO,456.45,456.5,456.15,456.15,47977,1.1171505183520725,454.055,456.9797000570457,455.86254953869366,452.24745046130636,451.1302999429543,,
2023-07-27 10:20:00,HINDALCO,456.3,456.8,456.2,456.65,88538,1.0237204146816647,454.4875,457.1676000456366,456.1438796309549,452.8311203690451,451.8073999543634,,
2023-07-27 10:25:00,HINDALCO,456.55,456.7,456.1,456.1,35694,0.938976331745325,454.87000000000006,457.3282400365093,456.389263704764,453.3507362952361,452.4117599634908,456.7,
2023-07-27 10:30:00,HINDALCO,456.45,456.7,455.5,455.9,86499,0.9911810653962578,455.245,457.8399120292074,456.84873096381114,453.6412690361889,452.6500879707926,,
2023-07-27 10:35:00,HINDALCO,455.9,457.1,455.9,457.0,39871,1.0329448523170153,455.67750000000007,458.38174962336603,457.348804771049,454.0061952289511,452.9732503766341,,
2023-07-27 10:40:00,HINDALCO,457.0,457.1,456.2,456.4,26257,1.0063558818536191,456.0425,458.67713969869277,457.67078381683916,454.4142161831609,453.40786030130727,,
2023-07-27 10:45:00,HINDALCO,456.3,456.8,456.25,456.35,39361,0.9150847054828977,456.37,458.76569175895423,457.8506070534713,454.8893929465287,453.9743082410458,,
2023-07-27 10:50:00,HINDALCO,456.35,457.0,456.3,456.7,59507,0.872067764386316,456.75499999999994,459.0380734071633,458.166005642777,455.34399435722287,454.47192659283655,,
2023-07-27 10:55:00,HINDALCO,456.75,456.9,456.55,456.7,20105,0.767654211509046,456.86499999999995,458.87471872573065,458.1070645142216,455.6229354857783,454.85528127426926,,
2023-07-27 11:00:00,HINDALCO,456.7,457.3,456.55,457.0,67024,0.7641233692072369,456.9,458.90047498058453,458.1363516113773,455.6636483886227,454.8995250194154,,
2023-07-27 11:05:00,HINDALCO,457.2,457.25,456.65,456.9,28982,0.7312986953657941,456.8175,458.73203998446763,458.0007412891018,455.63425871089817,454.90296001553236,,
2023-07-27 11:10:00,HINDALCO,456.7,457.0,456.45,456.8,28880,0.6950389562926376,456.775,458.5946119875741,457.8995730312815,455.6504269687185,454.95538801242583,,
2023-07-27 11:15:00,HINDALCO,456.8,456.8,454.65,455.2,82654,0.9860311650341169,456.645,459.2264295900593,458.2403984250252,455.04960157497476,454.06357040994067,,
2023-07-27 11:20:00,HINDALCO,455.25,455.4,454.6,454.7,42380,0.9488249320272845,456.5400000000001,459.0240236720475,458.0751987400202,455.00480125997996,454.05597632795264,,454.6
2023-07-27 11:25:00,HINDALCO,454.75,454.75,453.2,454.0,131447,1.06905994562183,456.4150000000001,459.21379893763805,458.1447389920162,454.68526100798397,453.6162010623621,,
2023-07-27 11:30:00,HINDALCO,454.0,454.6,453.85,454.15,30169,1.0052479564974641,456.225,458.8567391501104,457.8514911936129,454.59850880638714,453.59326084988965,,
2023-07-27 11:35:00,HINDALCO,454.25,454.95,454.05,454.55,26906,0.9841983651979669,456.11499999999995,458.6916313200882,457.70743295489024,454.52256704510967,453.5383686799117,,454.05
2023-07-27 11:40:00,HINDALCO,454.45,454.7,453.8,453.9,21561,0.967358692158369,455.93250000000006,458.46504505607066,457.4976863639123,454.36731363608783,453.39995494392946,,
2023-07-27 11:45:00,HINDALCO,453.85,453.85,453.3,453.45,49934,0.8838869537266976,455.755,458.0690160448565,457.1851290911298,454.3248709088702,453.4409839551435,,
2023-07-27 11:50:00,HINDALCO,453.5,453.75,453.45,453.45,14359,0.7671095629813603,455.6025000000001,457.61079283588526,456.84368327290395,454.3613167270962,453.5942071641149,,
2023-07-27 11:55:00,HINDALCO,453.5,453.8,453.4,453.65,32863,0.6936876503850952,455.47749999999996,457.29357426870814,456.59988661832307,454.35511338167686,453.6614257312918,,
2023-07-27 12:00:00,HINDALCO,453.65,453.65,451.95,452.3,88090,0.8949501203080739,455.25999999999993,457.60297941496646,456.7080292946584,453.8119707053415,452.9170205850334,453.65,
2023-07-27 12:05:00,HINDALCO,452.5,452.5,452.0,452.3,16800,0.8159600962464592,455.07,457.20618353197324,456.39022343572674,453.74977656427325,452.93381646802675,,
2023-07-27 12:10:00,HINDALCO,452.3,452.5,451.7,451.85,28925,0.8127680769971696,454.8675,456.9953268255786,456.1825587485814,453.5524412514186,452.7396731744214,,
2023-07-27 12:15:00,HINDALCO,451.7,451.95,451.5,451.6,23857,0.7402144615977334,454.59749999999997,456.5353814604628,455.7951669988651,453.3998330011348,452.6596185395371,,
2023-07-27 12:20:00,HINDALCO,451.55,452.0,451.5,451.95,25028,0.6921715692781867,454.375,456.1871051683703,455.4949335990921,453.2550664009079,452.5628948316297,,
2023-07-27 12:25:00,HINDALCO,452.0,452.9,451.8,452.65,31153,0.7737372554225426,454.18999999999994,456.21564413469616,455.44190687927363,452.93809312072625,452.1643558653037,,
2023-07-27 12:30:00,HINDALCO,452.8,452.8,452.35,452.6,163107,0.7089898043380318,453.985,455.841135307757,455.13214550341894,452.8378544965811,452.12886469224304,,
2023-07-27 12:35:00,HINDALCO,452.5,452.65,452.0,452.35,18456,0.697191843470421,453.76750000000004,455.5927482462056,454.89555640273517,452.6394435972649,451.9422517537945,,
2023-07-27 12:40:00,HINDALCO,452.45,452.95,452.3,452.9,22899,0.6877534747763322,453.5625,455.36303859696443,454.6752851221881,452.4497148778119,451.76196140303557,,
2023-07-27 12:45:00,HINDALCO,452.9,453.0,452.45,452.95,21651,0.6602027798210681,453.36500000000007,455.0934108775716,454.43320809775054,452.2967919022496,451.6365891224285,,
2023-07-27 12:50:00,HINDALCO,452.95,453.0,452.5,452.7,94237,0.6281622238568545,453.15999999999997,454.8045287020572,454.17636647820035,452.1436335217996,451.5154712979427,,
2023-07-27 12:55:00,HINDALCO,452.7,452.8,452.4,452.6,13989,0.5825297790854904,453.03000000000003,454.55506296164583,453.97253318256037,452.0874668174397,451.5049370383542,,
2023-07-27 13:00:00,HINDALCO,452.7,452.8,451.75,452.0,22684,0.6760238232683946,452.895,454.66483036931663,453.98880654604824,451.8011934539517,451.12516963068333,,
2023-07-27 13:05:00,HINDALCO,451.95,452.8,451.95,452.8,15295,0.7108190586147203,452.8349999999999,454.69592429545327,453.98510523683854,451.6848947631613,450.9740757045466,,
2023-07-27 13:10:00,HINDALCO,452.6,453.0,452.5,453.0,30995,0.6686552468917762,452.7775,454.52803943636263,453.85938418947086,451.6956158105291,451.0269605636373,,
2023-07-27 13:15:00,HINDALCO,453.0,453.45,452.5,453.4,41659,0.7249241975134187,452.7200000000001,454.61785154909023,453.8929273515768,451.54707264842335,450.82214845090994,,
2023-07-27 13:20:00,HINDALCO,453.45,453.65,452.85,453.05,27829,0.739939358010726,452.67749999999995,454.61466123927204,453.8747218812613,451.4802781187386,450.74033876072787,,
2023-07-27 13:25:00,HINDALCO,453.05,453.15,452.2,452.6,26355,0.7819514864085785,452.63500000000005,454.6821489914177,453.90019750500915,451.36980249499095,450.5878510085824,,
2023-07-27 13:30:00,HINDALCO,452.3,452.45,451.55,451.7,26136,0.8055611891268584,452.54749999999996,454.6564591931341,453.8508980040072,451.2441019959927,450.43854080686583,,
2023-07-27 13:35:00,HINDALCO,452.0,452.3,451.75,451.9,19565,0.7644489513014913,452.46000000000004,454.4613273545073,453.69687840320586,451.2231215967942,450.45867264549275,,
2023-07-27 13:40:00,HINDALCO,451.7,452.45,451.65,452.35,36006,0.7715591610411953,452.4625,454.4824418836058,453.71088272256463,451.2141172774353,450.44255811639414,,
2023-07-27 13:45:00,HINDALCO,452.3,452.6,452.1,452.35,16588,0.7172473288329563,452.465,454.34275350688466,453.6255061780517,451.30449382194826,450.5872464931153,,
2023-07-27 13:50:00,HINDALCO,452.1,452.75,452.05,452.6,14887,0.7137978630663628,452.50249999999994,454.37122280550767,453.6574249424413,451.3475750575586,450.6337771944922,,
2023-07-27 13:55:00,HINDALCO,452.55,452.9,452.3,452.3,10127,0.6910382904530835,452.5375,454.3466382444062,453.65559995395313,451.4194000460469,450.7283617555938,,
2023-07-27 14:00:00,HINDALCO,452.45,452.5,451.8,451.85,14774,0.6928306323624647,452.53249999999997,454.3463305955249,453.65349996316246,451.4115000368375,450.71866940447507,,
2023-07-27 14:05:00,HINDALCO,451.8,452.35,451.75,452.0,33465,0.6742645058899763,452.5,454.26522447642,453.59095997053,451.40904002947,450.73477552358,,
2023-07-27 14:10:00,HINDALCO,452.0,452.7,451.95,452.55,19361,0.6894116047119812,452.49750000000006,454.30237958113605,453.61296797642404,451.3820320235761,450.69262041886407,,
2023-07-27 14:15:00,HINDALCO,452.75,452.75,452.05,452.3,11908,0.6915292837695828,452.495,454.30542366490874,453.6138943811392,451.37610561886083,450.68457633509126,,
2023-07-27 14:20:00,HINDALCO,452.25,452.25,451.5,451.6,29575,0.7032234270156663,452.43,454.271038931927,453.5678155049114,451.29218449508863,450.588961068073,,
2023-07-27 14:25:00,HINDALCO,451.6,452.0,450.85,451.75,52776,0.7925787416125285,452.37,454.4449711455416,453.65239240392907,451.08760759607094,450.2950288544584,,
2023-07-27 14:30:00,HINDALCO,451.75,451.9,451.1,451.4,23374,0.7940629932900137,452.305,454.3838569164333,453.58979392314325,451.02020607685677,450.22614308356674,,
2023-07-27 14:35:00,HINDALCO,451.5,451.55,450.15,450.5,50133,0.9152503946320178,452.2,454.5961255331466,453.6808751385146,450.7191248614854,449.80387446685336,,
2023-07-27 14:40:00,HINDALCO,450.45,450.75,450.15,450.5,35786,0.8522003157056188,452.125,454.35606042651733,453.5038601108117,450.7461398891883,449.89393957348267,,
2023-07-27 14:45:00,HINDALCO,450.6,450.95,450.2,450.45,22110,0.8317602525644952,452.00750000000005,454.18504834121387,453.3532880886494,450.6617119113507,449.82995165878623,,
2023-07-27 14:50:00,HINDALCO,450.3,450.65,449.85,450.0,43903,0.825408202051587,451.8575000000001,454.0184186729711,453.19301047091955,450.5219895290806,449.69658132702904,,
2023-07-27 14:55:00,HINDALCO,449.9,450.0,448.15,448.3,100044,1.0303265616412742,451.60249999999996,454.29989493837684,453.26956837673555,449.9354316232644,448.9051050616231,,
2023-07-27 15:00:00,HINDALCO,448.45,451.8,448.4,451.45,149458,1.5242612493130197,451.52250000000004,455.5130159507015,453.98875470138853,449.05624529861154,447.53198404929856,,
2023-07-27 15:05:00,HINDALCO,451.45,452.65,451.05,451.8,160985,1.539408999450409,451.48249999999996,455.51267276056114,453.97326376111073,448.9917362388892,447.4523272394388,,
2023-07-27 15:10:00,HINDALCO,451.9,452.2,451.0,451.55,162902,1.471527199560325,451.475,455.32745820844895,453.8559310088886,449.09406899111144,447.6225417915511,,
2023-07-27 15:15:00,HINDALCO,451.45,451.75,450.3,451.0,188226,1.4672217596482577,451.42999999999995,455.27118656675907,453.80396480711084,449.05603519288906,447.58881343324083,,
2023-07-27 15:20:00,HINDALCO,450.95,453.0,450.95,453.0,178903,1.5837774077186086,451.4625,455.6088292534073,454.02505184568867,448.8999481543113,447.31617074659266,,
2023-07-27 15:25:00,HINDALCO,453.0,453.0,451.7,452.7,102361,1.5270219261748892,451.48,455.4777434027259,453.950721476551,449.00927852344904,447.48225659727416,,
2023-07-28 09:15:00,HINDALCO,450.5,450.5,446.7,446.7,127200,1.9816175409399137,451.18500000000006,456.37287472218077,454.39125718124086,447.97874281875926,445.99712527781935,,
2023-07-28 09:20:00,HINDALCO,446.7,448.2,446.05,448.2,106261,2.0152940327519264,450.98,456.25603977774455,454.24074574499264,447.7192542550074,445.7039602222555,,446.05
2023-07-28 09:25:00,HINDALCO,448.1,448.6,446.7,446.8,64736,1.992235226201548,450.7275000000001,455.9431718221957,453.95093659599416,447.504063404006,445.51182817780443,,
2023-07-28 09:30:00,HINDALCO,446.8,446.85,445.1,445.9,105521,1.9437881809612385,450.4225,455.51133745775655,453.5675492767953,447.2774507232047,445.3336625422435,,
2023-07-28 09:35:00,HINDALCO,446.0,447.25,445.9,446.2,44744,1.8250305447689956,450.1049999999999,454.88292996620515,453.05789942143616,447.15210057856365,445.32707003379466,,
2023-07-28 09:40:00,HINDALCO,445.9,446.85,445.9,446.65,33290,1.6500244358152056,449.82250000000005,454.14226397296426,452.49223953714903,447.15276046285106,445.50273602703584,,
2023-07-28 09:45:00,HINDALCO,446.7,447.2,445.35,446.1,46669,1.6900195486521579,449.54749999999996,453.9719711783713,452.2819516297192,446.81304837028074,445.1230288216286,,
2023-07-28 09:50:00,HINDALCO,446.15,446.85,446.0,446.75,27046,1.522015638921731,449.29749999999996,453.28213694269704,451.7601213037753,446.8348786962246,445.3128630573029,,
2023-07-28 09:55:00,HINDALCO,446.75,446.75,444.15,444.3,132485,1.7376125111373892,448.9425,453.4915695541577,451.7539570430203,446.1310429569797,444.3934304458423,446.75,
2023-07-28 10:00:00,HINDALCO,444.25,445.1,444.1,444.6,60563,1.5900900089099115,448.64750000000004,452.8103556433262,451.22026563441625,446.0747343655838,444.48464435667387,,
2023-07-28 10:05:00,HINDALCO,444.6,444.75,443.6,443.6,50463,1.5020720071279248,448.30249999999995,452.23492451466086,450.7328525075329,445.872147492467,444.37007548533904,,
2023-07-28 10:10:00,HINDALCO,443.8,444.15,443.55,444.15,32190,1.321657605702333,447.9875,451.4475996117287,450.1259420060264,445.84905799397364,444.5274003882713,,
2023-07-28 10:15:00,HINDALCO,444.25,444.7,444.0,444.65,38285,1.197326084561864,447.71999999999997,450.85459968938295,449.65727360482106,445.7827263951789,444.585400310617,,
2023-07-28 10:20:00,HINDALCO,444.65,444.85,443.5,444.6,64199,1.227860867649496,447.535,450.7495397515064,449.5216788838569,445.54832111614314,444.32046024849365,,
2023-07-28 10:25:00,HINDALCO,444.65,446.2,444.5,446.05,61657,1.3222886941195946,447.265,450.72675180120507,449.40446310708546,445.1255368929145,443.8032481987949,,444.5
2023-07-28 10:30:00,HINDALCO,446.0,447.8,445.85,447.7,113974,1.4478309552956734,447.06000000000006,450.8504214409641,449.40259048566844,444.7174095143317,443.269578559036,,
2023-07-28 10:35:00,HINDALCO,447.65,448.0,447.25,447.45,63193,1.3082647642365388,446.855,450.2800371527713,448.97177238853476,444.7382276114653,443.42996284722875,,
2023-07-28 10:40:00,HINDALCO,447.5,448.0,447.5,447.75,31552,1.1566118113892334,446.6925,449.720509722217,448.5638979108278,444.8211020891722,443.664490277783,,
2023-07-28 10:45:00,HINDALCO,447.75,448.0,447.05,448.0,28498,1.1152894491113845,446.4425,449.3623277777736,448.2470383286622,444.6379616713378,443.5226722222264,,
2023-07-28 10:50:00,HINDALCO,448.0,448.1,447.05,447.25,33296,1.1022315592891099,446.16999999999996,449.05564222221886,447.95341066292974,444.3865893370702,443.28435777778105,,
2023-07-28 10:55:00,HINDALCO,447.2,447.2,446.5,446.8,27427,1.0217852474312856,446.175,448.85003377777514,447.82824853034384,444.5217514696562,443.4999662222249,,
2023-07-28 11:00:00,HINDALCO,446.85,447.8,446.7,447.65,34117,1.037428197945033,446.14750000000004,448.8634870222201,447.8260588242751,444.468941175725,443.43151297777996,,
2023-07-28 11:05:00,HINDALCO,447.6,448.05,447.6,448.05,28454,0.9199425583560242,446.2099999999999,448.61840961777597,447.69846705941995,444.7215329405799,443.8015903822239,448.05,
2023-07-28 11:10:00,HINDALCO,448.05,448.05,447.45,447.75,17034,0.855954046684824,446.30249999999995,448.5433876942208,447.687433647536,444.9175663524639,444.0616123057791,,
2023-07-28 11:15:00,HINDALCO,447.75,448.0,447.05,447.25,36866,0.874763237347857,446.355,448.6451301553767,447.77036691802886,444.9396330819712,444.06486984462333,,
2023-07-28 11:20:00,HINDALCO,447.3,448.2,447.25,448.2,30864,0.8898105898782833,446.4325,448.7620241243014,447.87221353442305,444.99278646557696,444.10297587569863,,
2023-07-28 11:25:00,HINDALCO,448.1,448.3,447.6,447.6,49651,0.8518484719026245,446.50750000000005,448.7376392994411,447.8857908275385,445.12920917246163,444.277360700559,,
2023-07-28 11:30:00,HINDALCO,447.85,447.85,447.5,447.6,17476,0.7514787775221041,446.55,448.5173714395529,447.76589266203075,445.3341073379693,444.5826285604471,,
2023-07-28 11:35:00,HINDALCO,447.6,448.2,447.55,448.1,14796,0.7311830220176788,446.73999999999995,448.65423715164223,447.9230541296246,445.55694587037533,444.82576284835767,,
2023-07-28 11:40:00,HINDALCO,448.05,448.05,446.65,446.65,40593,0.8649464176141499,446.8424999999999,449.10692972131375,448.2419833036996,445.4430166963002,444.5780702786861,,
2023-07-28 11:45:00,HINDALCO,446.35,446.4,445.85,446.05,68368,0.8019571340913109,446.96500000000003,449.0645237770511,448.26256664295977,445.6674333570403,444.865476222949,,
2023-07-28 11:50:00,HINDALCO,446.1,446.1,445.35,445.9,39187,0.7915657072730488,447.05249999999995,449.1248190216408,448.33325331436777,445.77174668563214,444.9801809783591,,
2023-07-28 11:55:00,HINDALCO,446.0,446.2,444.3,445.4,77863,1.0132525658184344,447.09,449.74269521731264,448.7294426514942,445.45055734850575,444.4373047826873,,
2023-07-28 12:00:00,HINDALCO,445.35,445.6,444.6,445.1,38664,1.0106020526547475,447.11499999999995,449.7607561738501,448.75015412119535,445.47984587880455,444.4692438261498,,
2023-07-28 12:05:00,HINDALCO,445.1,445.45,444.8,445.45,19116,0.9384816421237935,447.08500000000004,449.5419449390801,448.6034632969563,445.56653670304377,444.62805506091996,,
2023-07-28 12:10:00,HINDALCO,445.55,445.8,445.15,445.65,26228,0.8807853136990416,446.98249999999996,449.288395951264,448.407610637565,445.5573893624349,444.6766040487359,,445.15
2023-07-28 12:15:00,HINDALCO,445.75,446.55,444.55,444.8,31064,1.1046282509592333,446.85,449.7419167610113,448.6372885100521,445.06271148994796,443.95808323898876,,
2023-07-28 12:20:00,HINDALCO,444.75,445.25,444.25,445.25,36511,1.0837026007673867,446.725,449.562133408809,448.47843080804165,444.9715691919584,443.887866591191,,
2023-07-28 12:25:00,HINDALCO,445.15,447.65,445.15,447.05,35804,1.3669620806139093,446.67750000000007,450.2562067270473,448.8892446464334,444.46575535356675,443.09879327295283,,
2023-07-28 12:30:00,HINDALCO,447.2,449.95,447.05,448.75,107673,1.673569664491123,446.75250000000005,451.1339053816378,449.4603357171467,444.04466428285343,442.3710946183623,,
2023-07-28 12:35:00,HINDALCO,448.8,449.9,448.55,448.95,59254,1.6088557315928917,446.85999999999996,451.07198430531014,449.46312857371726,444.25687142628266,442.6480156946898,,
2023-07-28 12:40:00,HINDALCO,449.0,449.4,448.25,449.1,31289,1.5170845852743091,446.9325,450.90422744424814,449.38714285897385,444.47785714102616,442.9607725557519,,
2023-07-28 12:45:00,HINDALCO,449.0,449.7,448.5,448.7,52075,1.4536676682194452,446.96500000000003,450.7707019553985,449.31703428717907,444.612965712821,443.15929804460154,,
2023-07-28 12:50:00,HINDALCO,448.7,449.1,448.55,448.65,16502,1.2729341345755585,447.01000000000005,450.3425415643189,449.0696074297433,444.9503925702568,443.6774584356812,,
2023-07-28 12:55:00,HINDALCO,448.55,449.2,448.5,448.85,20995,1.1583473076604445,447.09000000000003,450.1225532514551,448.96420594379464,445.2157940562054,444.057446748545,,
2023-07-28 13:00:00,HINDALCO,448.85,449.25,448.75,449.1,17709,1.0266778461283557,447.13499999999993,449.822842601164,448.7961647550356,445.4738352449643,444.4471573988359,449.25,
2023-07-28 13:05:00,HINDALCO,449.0,449.35,448.75,448.9,22587,0.9413422769026891,447.2,449.66443408093124,448.7230918040285,445.67690819597146,444.73556591906873,,
2023-07-28 13:10:00,HINDALCO,448.9,449.65,448.85,449.3,27845,0.9130738215221422,447.285,449.675427264745,448.7623534432229,445.8076465567772,444.89457273525505,,
2023-07-28 13:15:00,HINDALCO,449.3,449.4,448.8,449.35,15298,0.8504590572177071,447.3475,449.574001811796,448.72354275457826,445.9714572454218,445.12099818820406,,
2023-07-28 13:20:00,HINDALCO,449.3,449.55,448.75,448.75,18040,0.840367245774168,447.45250000000004,449.6525814494368,448.8122142036626,446.09278579633747,445.2524185505633,,
2023-07-28 13:25:00,HINDALCO,448.8,448.8,448.4,448.4,20872,0.7522937966193413,447.57,449.53950515954944,448.78721136293007,446.3527886370699,445.60049484045055,,
2023-07-28 13:30:00,HINDALCO,448.4,448.5,448.25,448.45,20469,0.6518350372954731,447.69750000000005,449.4040041276396,448.7521690903441,446.64283090965597,445.9909958723605,,
2023-07-28 13:35:00,HINDALCO,448.45,448.85,448.4,448.4,32050,0.6114680298363876,447.8475,449.4483233021117,448.8368552722753,446.8581447277248,446.24667669788835,,
2023-07-28 13:40:00,HINDALCO,448.35,448.4,447.75,447.75,33151,0.6191744238691055,447.98,449.60099864168933,448.98182421782025,446.9781757821798,446.3590013583107,,
2023-07-28 13:45:00,HINDALCO,447.85,448.65,447.65,448.65,15862,0.6953395390952843,448.14,449.96039891335147,449.26505937425617,447.0149406257438,446.3196010866485,,
2023-07-28 13:50:00,HINDALCO,448.75,450.7,448.7,450.65,78244,0.9662716312762298,448.39,450.9196991306812,449.95342749940494,446.82657250059503,445.8603008693188,,
2023-07-28 13:55:00,HINDALCO,450.65,450.7,449.5,449.75,30207,1.0130173050209816,448.6375,451.28957930454493,450.27656199952395,446.998438000476,445.98542069545505,,
2023-07-28 14:00:00,HINDALCO,450.0,450.5,449.7,450.45,44342,0.9704138440167877,448.89750000000004,451.438043443636,450.4676295996192,447.32737040038086,446.3569565563641,,
2023-07-28 14:05:00,HINDALCO,450.5,450.7,450.0,450.0,62727,0.9163310752134279,449.04499999999996,451.4439547549087,450.5276236796953,447.5623763203046,446.6460452450912,,
2023-07-28 14:10:00,HINDALCO,450.0,450.15,449.85,450.05,13437,0.7930648601707333,449.10999999999996,451.1862438039269,450.3931789437562,447.8268210562437,447.033756196073,,
2023-07-28 14:15:00,HINDALCO,450.2,451.35,450.15,451.05,35166,0.894451888136589,449.21500000000003,451.55667504314164,450.66222315500505,447.767776844995,446.8733249568584,,
2023-07-28 14:20:00,HINDALCO,451.0,451.2,450.55,450.55,14889,0.8455615105092668,449.2875,451.5011800345133,450.655618524004,447.91938147599603,447.07381996548673,,
2023-07-28 14:25:00,HINDALCO,450.55,450.9,450.1,450.25,31987,0.8364492084074043,449.36499999999995,451.55482402761055,450.7183748192031,448.0116251807968,447.17517597238935,,
2023-07-28 14:30:00,HINDALCO,450.35,450.6,449.2,449.25,34475,0.9491593667259304,449.395,451.87989922208845,450.93073985536256,447.8592601446374,446.9101007779115,,
2023-07-28 14:35:00,HINDALCO,449.35,450.9,449.25,450.75,38655,1.0893274933807398,449.48999999999995,452.34185937767074,451.25253188428997,447.72746811570994,446.63814062232916,,
2023-07-28 14:40:00,HINDALCO,450.65,452.35,450.6,451.05,89872,1.221461994704592,449.5875,452.7852875021366,451.563825507432,447.61117449256795,446.38971249786334,,
2023-07-28 14:45:00,HINDALCO,451.0,452.5,450.45,452.4,97431,1.3871695957636758,449.7625,453.3941100017093,452.0069404059456,447.51805959405436,446.1308899982907,,
2023-07-28 14:50:00,HINDALCO,452.4,452.65,450.75,450.75,85372,1.4897356766109362,449.83500000000004,453.73512800136746,452.24539232475655,447.4246076752435,445.9348719986326,,
2023-07-28 14:55:00,HINDALCO,451.05,451.3,450.15,451.05,89741,1.4217885412887559,449.91999999999996,453.64224240109394,452.22045385980516,447.61954614019476,446.197757598906,,
2023-07-28 15:00:00,HINDALCO,451.0,451.85,450.45,451.35,120726,1.4174308330310117,450.05,453.7608339208752,452.3434030878442,447.7565969121558,446.3391660791248,,
2023-07-28 15:05:00,HINDALCO,451.35,451.35,450.55,451.05,93357,1.2939446664248118,450.1825,453.57004713670017,452.27610247027536,448.08889752972465,446.79495286329984,,
2023-07-28 15:10:00,HINDALCO,451.1,451.8,450.85,451.45,119822,1.2251557331398473,450.3325,453.5399577093601,452.3148019762203,448.3501980237797,447.12504229063984,,
2023-07-28 15:15:00,HINDALCO,451.4,452.0,451.2,452.0,117530,1.14012458651188,450.5125,453.4973461674881,452.3572215809762,448.66777841902376,447.5276538325119,,
2023-07-28 15:20:00,HINDALCO,452.2,452.55,451.8,451.85,142861,1.0620996692095042,450.71750000000003,453.4980769339905,452.435977264781,448.99902273521906,447.93692306600957,,
2023-07-28 15:25:00,HINDALCO,451.8,452.6,451.05,451.05,86173,1.1596797353676056,450.8375,453.87354154719236,452.71386181182476,448.9611381881752,447.8014584528076,,
2023-07-31 09:15:00,HINDALCO,453.05,457.0,453.0,454.3,182064,2.1177437882940824,451.02,456.5642532377539,454.4465094494598,447.59349055054014,445.47574676224605,,
2023-07-31 09:20:00,HINDALCO,454.05,457.5,454.05,457.45,109519,2.3841950306352637,451.40500000000003,457.64682259020316,455.2626275595679,447.5473724404322,445.1631774097969,,
2023-07-31 09:25:00,HINDALCO,457.5,458.65,455.65,456.2,231913,2.507356024508211,451.6925,458.2567580721625,455.74940204765426,447.63559795234573,445.1282419278375,,
2023-07-31 09:30:00,HINDALCO,456.15,457.15,455.5,457.15,97789,2.3358848196065645,452.05,458.16534645773,455.8294616381234,448.2705383618766,445.93465354227004,,
2023-07-31 09:35:00,HINDALCO,457.15,457.35,456.25,456.35,60232,2.0887078556852563,452.36500000000007,457.83323716618406,455.7445293104988,448.9854706895013,446.89676283381607,,
2023-07-31 09:40:00,HINDALCO,456.2,457.3,456.15,456.7,41896,1.900966284548212,452.6474999999999,457.62422973294713,455.72326344839894,449.5717365516009,447.6707702670527,,
2023-07-31 09:45:00,HINDALCO,456.55,457.45,456.0,457.2,57918,1.8107730276385676,452.98,457.7206037863578,455.90983075871924,450.0501692412808,448.23939621364224,,
2023-07-31 09:50:00,HINDALCO,457.45,457.5,455.6,456.25,149943,1.8286184221108497,453.28000000000003,458.06732302908625,456.2387046069754,450.3212953930247,448.4926769709138,,
2023-07-31 09:55:00,HINDALCO,456.15,456.5,455.75,456.35,32082,1.6128947376886797,453.63500000000005,457.857558423269,456.24466368558035,451.02533631441975,449.4124415767311,,
2023-07-31 10:00:00,HINDALCO,456.35,457.0,456.05,457.0,35624,1.4803157901509416,453.94750000000005,457.8229667386152,456.34265094846427,451.5523490515358,450.0720332613849,,
2023-07-31 10:05:00,HINDALCO,457.0,457.4,456.05,456.05,34066,1.4542526321207465,454.19750000000005,458.00473339089217,456.5504807587714,451.8445192412287,450.3902666091079,457.4,
2023-07-31 10:10:00,HINDALCO,456.2,457.15,456.0,456.8,17740,1.3934021056965928,454.4174999999999,458.0654267127136,456.67202460701697,452.16297539298284,450.7695732872862,,
2023-07-31 10:15:00,HINDALCO,456.65,457.95,456.0,456.75,98958,1.504721684557272,454.7174999999999,458.6568613701709,457.1521396856136,452.28286031438626,450.77813862982896,,
2023-07-31 10:20:00,HINDALCO,456.8,457.15,456.5,457.15,63670,1.333777347645813,455.02250000000004,458.51432909613675,457.180551748491,452.8644482515091,451.5306709038633,,
2023-07-31 10:25:00,HINDALCO,457.3,457.9,457.2,457.8,51914,1.2170218781166504,455.34499999999997,458.53116327690935,457.3141413987927,453.37585860120726,452.1588367230906,,
2023-07-31 10:30:00,HINDALCO,457.85,457.95,457.0,457.2,43936,1.163617502493318,455.65250000000003,458.6988506215275,457.5352331190342,453.76976688096585,452.60614937847254,,
2023-07-31 10:35:00,HINDALCO,457.2,458.2,457.2,458.2,48497,1.1308940019946545,455.98999999999995,458.950680497222,457.8197864952273,454.1602135047726,453.0293195027779,,
2023-07-31 10:40:00,HINDALCO,458.2,458.6,457.55,457.9,45122,1.1147152015957258,456.28499999999997,459.2033243977776,458.08860919618184,454.4813908038181,453.36667560222236,,
2023-07-31 10:45:00,HINDALCO,457.85,458.25,457.15,458.0,32584,1.1117721612765852,456.5924999999999,459.50311951822204,458.3913473569454,454.79365264305443,453.6818804817778,,
2023-07-31 10:50:00,HINDALCO,458.0,458.0,457.25,457.95,19523,1.039417729021268,456.9375,459.65869561457765,458.6192778855564,455.2557221144436,454.21630438542235,,
2023-07-31 10:55:00,HINDALCO,457.95,458.0,457.5,457.8,22373,0.9315341832170144,457.1125,459.5512564916622,458.61972230844515,455.6052776915549,454.67374350833785,,
2023-07-31 11:00:00,HINDALCO,457.85,460.0,457.5,459.75,205939,1.2452273465736114,457.22749999999996,460.4875051933297,459.24227784675605,455.2127221532439,453.96749480667023,,
2023-07-31 11:05:00,HINDALCO,459.85,461.0,459.0,461.0,179311,1.3961818772588892,457.4674999999999,461.12270415466367,459.7265222774048,455.20847772259503,453.81229584533617,,
2023-07-31 11:10:00,HINDALCO,460.85,462.0,460.5,461.6,211724,1.4169455018071115,457.68999999999994,461.39956332373094,459.98261782192384,455.39738217807604,453.98043667626894,,460.5
2023-07-31 11:15:00,HINDALCO,461.7,461.75,460.45,460.45,61362,1.3935564014456916,457.895,461.5433306589848,460.1497742575391,455.64022574246087,454.24666934101515,,
2023-07-31 11:20:00,HINDALCO,460.4,460.8,460.3,460.5,26551,1.2148451211565534,458.08500000000004,461.2654645271879,460.05061940603133,456.11938059396874,454.9045354728122,,
2023-07-31 11:25:00,HINDALCO,460.4,460.7,460.05,460.65,66858,1.1018760969252384,458.2575,461.1422116217503,460.040335524825,456.47466447517496,455.3727883782497,,
2023-07-31 11:30:00,HINDALCO,460.6,461.25,460.6,461.1,118486,1.0115008775401861,458.5,461.1481092974002,460.13660841986,456.86339158014,455.8518907025998,,
2023-07-31 11:35:00,HINDALCO,461.0,461.4,461.0,461.4,52388,0.8892007020321444,458.75249999999994,461.0804274379201,460.19122673588794,457.31377326411194,456.4245725620798,,
2023-07-31 11:40:00,HINDALCO,461.25,461.4,461.0,461.0,71806,0.7913605616257111,458.9525,461.0242819503361,460.2329213887104,457.6720786112896,456.88071804966387,,
2023-07-31 11:45:00,HINDALCO,461.0,461.1,460.75,461.05,83160,0.7030884493005735,459.2025,461.0431855602689,460.3400971109683,458.06490288903166,457.36181443973106,,
2023-07-31 11:50:00,HINDALCO,461.0,461.05,459.8,459.9,71063,0.8124707594404588,459.3575000000001,461.4845484482152,460.6720776887747,458.0429223112254,457.23045155178494,461.05,
2023-07-31 11:55:00,HINDALCO,460.0,460.05,459.75,460.0,30724,0.7099766075523694,459.5200000000001,461.3787187585722,460.66874215101984,458.37125784898035,457.661281241428,,
2023-07-31 12:00:00,HINDALCO,460.0,460.35,459.9,460.0,22937,0.6579812860419045,459.6625,461.38509500685774,460.72711372081585,458.5978862791842,457.9399049931423,,
2023-07-31 12:05:00,HINDALCO,460.0,460.15,459.65,460.0,23100,0.6263850288335236,459.77250000000004,461.4123760054862,460.78599097665267,458.7590090233474,458.1326239945139,,
2023-07-31 12:10:00,HINDALCO,460.0,460.5,460.0,460.2,26812,0.6011080230668189,459.92249999999996,461.4962008043889,460.8950927813221,458.9499072186778,458.34879919561104,,
2023-07-31 12:15:00,HINDALCO,460.05,460.5,460.0,460.0,27630,0.5808864184534551,460.0125,461.53326064351114,460.95237422505767,459.0726257749423,458.49173935648884,,
2023-07-31 12:20:00,HINDALCO,459.9,460.0,459.35,459.85,32822,0.5947091347627596,460.11,461.6669485148089,461.07223938004614,459.1477606199539,458.55305148519113,,
2023-07-31 12:25:00,HINDALCO,459.85,460.4,459.55,460.0,18677,0.6457673078102009,460.21000000000004,461.90061881184715,461.25485150403694,459.16514849596314,458.5193811881529,,
2023-07-31 12:30:00,HINDALCO,460.1,460.5,459.75,460.0,17153,0.6666138462481608,460.3125,462.0576950494777,461.39108120322953,459.23391879677047,458.5673049505223,,
2023-07-31 12:35:00,HINDALCO,460.0,460.2,459.75,459.9,20113,0.6232910769985264,460.4175,462.04927603958214,461.42598496258364,459.4090150374164,458.7857239604179,,
2023-07-31 12:40:00,HINDALCO,460.0,460.2,459.4,459.65,22758,0.6586328615988234,460.4125,462.13680083166577,461.4781679700669,459.3468320299331,458.6881991683343,,
2023-07-31 12:45:00,HINDALCO,459.55,459.65,458.55,459.3,40237,0.7469062892790519,460.32750000000004,462.2829006653326,461.53599437605357,459.1190056239465,458.3720993346675,,
2023-07-31 12:50:00,HINDALCO,459.3,459.3,458.45,459.1,19129,0.7675250314232461,460.20250000000004,462.2118805322661,461.44435550084285,458.96064449915724,458.193119467734,,
2023-07-31 12:55:00,HINDALCO,459.1,459.3,458.65,458.9,25192,0.7440200251386038,460.125,462.0728444258129,461.32882440067425,458.92117559932575,458.1771555741871,,458.65
2023-07-31 13:00:00,HINDALCO,458.9,459.05,458.75,459.05,18149,0.6552160201108853,460.05249999999995,461.76785554065026,461.11263952053935,458.99236047946056,458.33714445934964,,
2023-07-31 13:05:00,HINDALCO,458.95,459.1,458.7,459.0,16125,0.6041728160887151,459.96999999999997,461.55172443252025,460.9475516164315,458.99244838356844,458.3882755674797,,
2023-07-31 13:10:00,HINDALCO,459.0,459.65,458.9,459.15,23602,0.6333382528709721,459.87249999999995,461.53057954601616,460.89724129314516,458.84775870685473,458.21442045398373,,
2023-07-31 13:15:00,HINDALCO,459.25,459.6,459.05,459.45,17528,0.6166706022967801,459.775,461.3894436368129,460.77277303451615,458.7772269654838,458.160556363187,,
2023-07-31 13:20:00,HINDALCO,459.45,459.5,458.7,459.0,17407,0.6533364818374263,459.675,461.3854349094504,460.732098427613,458.61790157238704,457.9645650905496,,
2023-07-31 13:25:00,HINDALCO,459.0,459.3,458.8,459.1,15989,0.6226691854699411,459.57750000000004,461.20764792756034,460.5849787420904,458.5700212579097,457.94735207243974,,
2023-07-31 13:30:00,HINDALCO,458.9,459.25,458.8,459.05,25261,0.5881353483759506,459.53499999999997,461.0747383420482,460.48660299367225,458.5833970063277,457.99526165795174,,
2023-07-31 13:35:00,HINDALCO,458.95,459.9,458.9,459.75,15967,0.6705082787007606,459.5224999999999,461.2778906736385,460.60738239493776,458.4376176050621,457.7671093263613,,
2023-07-31 13:40:00,HINDALCO,459.75,460.0,459.6,459.9,26895,0.616406622960604,459.5174999999999,461.1312525389108,460.51484591595016,458.5201540840497,457.90374746108904,,
2023-07-31 13:45:00,HINDALCO,459.95,460.0,459.35,459.7,17957,0.6231252983684787,459.50249999999994,461.1338420311286,460.51071673276016,458.4942832672397,457.8711579688713,,
2023-07-31 13:50:00,HINDALCO,459.75,459.8,459.25,459.65,19902,0.6085002386947853,459.475,461.068053624903,460.4595533862082,458.49044661379185,457.8819463750971,,
2023-07-31 13:55:00,HINDALCO,459.55,460.15,459.2,460.1,30136,0.676800190955826,459.48,461.25186289992234,460.5750627089665,458.3849372910335,457.7081371000777,,
2023-07-31 14:00:00,HINDALCO,460.15,461.3,460.0,460.8,88767,0.8014401527646631,459.5275,461.62567031993785,460.8242301671732,458.23076983282675,457.4293296800621,,
2023-07-31 14:05:00,HINDALCO,460.8,461.1,460.55,460.8,31477,0.7511521222117328,459.5675,461.5340162559503,460.7828641337386,458.3521358662614,457.6009837440497,,
2023-07-31 14:10:00,HINDALCO,460.8,460.9,460.0,460.9,45764,0.7809216977693818,459.6125,461.6569530047602,460.87603130699085,458.34896869300917,457.5680469952398,,
2023-07-31 14:15:00,HINDALCO,460.85,461.5,460.65,461.05,66520,0.7947373582155101,459.66999999999996,461.75062240380817,460.95588504559265,458.38411495440727,457.58937759619175,,
2023-07-31 14:20:00,HINDALCO,461.05,461.35,460.85,461.1,33736,0.7357898865724081,459.7425,461.66879792304655,460.9330080364742,458.55199196352584,457.81620207695346,,
2023-07-31 14:25:00,HINDALCO,461.2,461.35,460.95,461.25,20897,0.6686319092579334,459.84,461.59047833843726,460.9218464291793,458.75815357082064,458.0895216615627,,
2023-07-31 14:30:00,HINDALCO,461.25,461.25,460.65,460.7,21909,0.6549055274063512,459.91999999999996,461.6345426707498,460.97963714334344,458.8603628566565,458.2054573292501,,
2023-07-31 14:35:00,HINDALCO,460.8,460.9,460.25,460.55,56470,0.6539244219250765,460.00249999999994,461.7144741365998,461.0605497146747,458.94445028532516,458.2905258634001,,
2023-07-31 14:40:00,HINDALCO,460.55,461.0,460.45,460.9,29993,0.6331395375400636,460.09499999999997,461.75255930927983,461.1194197717398,459.07058022826016,458.4374406907201,,
2023-07-31 14:45:00,HINDALCO,461.0,461.05,460.3,460.5,47137,0.6565116300320509,460.16999999999996,461.8887474474239,461.2322358173918,459.1077641826081,458.451252552576,,
2023-07-31 14:50:00,HINDALCO,460.45,460.7,460.0,460.35,53439,0.6652093040256386,460.23,461.9715179579391,461.3063086539135,459.15369134608653,458.4884820420609,,
2023-07-31 14:55:00,HINDALCO,460.3,460.65,460.0,460.65,50500,0.6621674432205064,460.28999999999996,462.0235543663513,461.36138692313074,459.2186130768692,458.55644563364865,,
2023-07-31 15:00:00,HINDALCO,460.6,462.85,460.45,462.85,234788,1.009733954576412,460.48249999999996,463.125983493081,462.1162495385046,458.84875046149534,457.83901650691894,,
2023-07-31 15:05:00,HINDALCO,462.9,463.0,462.1,462.95,182755,0.9877871636611251,460.675,463.26102679446484,462.2732396308037,459.07676036919634,458.0889732055352,,
2023-07-31 15:10:00,HINDALCO,463.0,463.2,462.4,462.55,233782,0.9502297309289024,460.85,463.3377014355719,462.38747170464296,459.3125282953571,458.36229856442816,,
2023-07-31 15:15:00,HINDALCO,462.7,463.0,462.55,462.95,189302,0.8501837847431197,461.01000000000005,463.23578114845753,462.3855973637144,459.6344026362857,458.78421885154256,,
2023-07-31 15:20:00,HINDALCO,462.95,463.0,462.85,462.95,221185,0.7101470277944913,461.1625,463.021664918766,462.3115178909715,460.01348210902853,459.303335081234,,
2023-07-31 15:25:00,HINDALCO,462.95,463.0,460.95,461.55,149114,0.9781176222355954,461.255,463.81571193501276,462.8375943127772,459.6724056872228,458.69428806498723,,
2023-08-01 09:15:00,HINDALCO,465.0,468.8,464.1,468.8,715332,2.2324940977884764,461.7125,467.5571695480102,465.3246754502217,458.10032454977824,455.86783045198973,,
2023-08-01 09:20:00,HINDALCO,468.8,470.0,467.75,469.55,418562,2.2359952782307815,462.18500000000006,468.0388356384083,465.80284036017747,458.56715963982265,456.33116436159185,,
2023-08-01 09:25:00,HINDALCO,469.7,471.5,468.75,469.0,465288,2.3387962225846253,462.5950000000001,468.7179685107266,466.379172288142,458.81082771185817,456.47203148927355,,
2023-08-01 09:30:00,HINDALCO,468.85,470.0,468.85,468.85,147611,2.101036978067696,462.99749999999995,468.49801480858116,466.3969778305135,459.5980221694864,457.49698519141873,,
2023-08-01 09:35:00,HINDALCO,468.65,468.75,466.3,468.55,392613,2.1708295824541546,463.38,469.063231846865,466.8924022644108,459.8675977355892,457.696768153135,,
2023-08-01 09:40:00,HINDALCO,468.25,468.6,467.3,467.9,108790,1.996663665963326,463.7225,468.949765477492,466.9531018115287,460.49189818847134,458.49523452250804,,
2023-08-01 09:45:00,HINDALCO,468.05,468.5,466.5,466.85,127271,1.997330932770661,464.01000000000005,469.23901238199363,467.241681449223,460.7783185507771,458.78098761800646,468.5,
2023-08-01 09:50:00,HINDALCO,466.85,467.4,466.55,467.25,74367,1.7678647462165222,464.31000000000006,468.9382699055949,467.1704051593784,461.4495948406217,459.6817300944052,,
2023-08-01 09:55:00,HINDALCO,467.35,467.6,466.9,466.95,64536,1.5542917969732268,464.62249999999995,468.69163592447586,467.1373441275026,462.1076558724973,460.55336407552403,,
2023-08-01 10:00:00,HINDALCO,467.05,467.35,466.05,466.4,86823,1.5034334375785838,464.9150000000001,468.8509887395808,467.3475553020022,462.48244469799795,460.9790112604193,,
2023-08-01 10:05:00,HINDALCO,466.55,466.9,465.8,465.8,88954,1.4227467500628603,465.16,468.8847509916646,467.46200424160173,462.8579957583983,461.43524900833546,,
2023-08-01 10:10:00,HINDALCO,465.8,466.0,465.35,465.8,50856,1.2681974000502838,465.425,468.74514079333164,467.4769433932814,463.37305660671865,462.1048592066684,,
2023-08-01 10:15:00,HINDALCO,465.9,466.6,465.8,466.25,76663,1.1745579200402294,465.71999999999997,468.7949926346653,467.62043471462505,463.8195652853749,462.64500736533466,,
2023-08-01 10:20:00,HINDALCO,466.5,467.5,466.3,466.9,56471,1.1896463360321836,466.0325000000001,469.1469941077323,467.95734777170014,464.1076522283,462.91800589226784,,
2023-08-01 10:25:00,HINDALCO,467.0,467.0,465.35,465.6,38714,1.2817170688257424,466.16999999999996,469.52553528618574,468.24381821736,464.0961817826399,462.8144647138142,,
2023-08-01 10:30:00,HINDALCO,465.65,465.85,463.75,464.6,118437,1.4453736550605987,466.25249999999994,470.0364882289486,468.591114573888,463.9138854261119,462.4685117710513,,
2023-08-01 10:35:00,HINDALCO,464.55,464.55,463.65,463.8,73120,1.3362989240484857,466.31500000000005,469.813430583159,468.4771316591105,464.1528683408896,462.8165694168411,,463.65
2023-08-01 10:40:00,HINDALCO,463.8,464.65,463.7,464.5,51485,1.2590391392387863,466.39250000000004,469.6886644665272,468.4296253272884,464.35537467271166,463.0963355334729,,
2023-08-01 10:45:00,HINDALCO,464.6,464.8,463.0,464.05,79362,1.3672313113910315,466.44750000000005,470.02691157322175,468.6596802618307,464.2353197381694,462.86808842677834,,
2023-08-01 10:50:00,HINDALCO,464.2,465.3,463.6,464.85,50131,1.433785049112823,466.6125,470.36614925857737,468.93236420946454,464.2926357905355,462.85885074142266,,
2023-08-01 10:55:00,HINDALCO,464.9,465.1,464.3,464.4,42005,1.307028039290261,466.39250000000004,469.81429940686195,468.50727136757166,464.2777286324284,462.97070059313813,,
2023-08-01 11:00:00,HINDALCO,464.5,464.7,464.05,464.3,32541,1.1756224314322041,466.12999999999994,469.20777952548946,468.03215709405725,464.2278429059426,463.0522204745104,,
2023-08-01 11:05:00,HINDALCO,464.35,464.5,463.65,464.1,54760,1.110497945145768,465.88499999999993,468.7922836203916,467.6817856752458,464.08821432475406,462.9777163796083,,
2023-08-01 11:10:00,HINDALCO,464.1,465.25,464.1,465.2,44546,1.11839835611661,465.70250000000004,468.63046689631335,467.5120685401967,463.8929314598034,462.77453310368674,,
2023-08-01 11:15:00,HINDALCO,465.25,466.4,465.05,466.4,51111,1.1647186848932811,465.59499999999997,468.64423351705057,467.4795148321573,463.71048516784265,462.5457664829494,,
2023-08-01 11:20:00,HINDALCO,466.1,466.3,465.75,466.2,46788,1.0417749479146272,465.51000000000005,468.23736681364056,467.19559186572593,463.82440813427417,462.78263318635953,,
2023-08-01 11:25:00,HINDALCO,466.3,466.3,465.9,466.1,20997,0.9134199583317086,465.47249999999997,467.8638334509124,466.95041349258065,463.9945865074193,463.0811665490875,,
2023-08-01 11:30:00,HINDALCO,466.1,466.1,465.5,465.6,20865,0.8507359666653715,465.39,467.6172267607299,466.76649079406457,464.0135092059354,463.16277323927005,,
2023-08-01 11:35:00,HINDALCO,465.35,465.5,464.7,464.9,30078,0.8405887733322995,465.2875,467.488161408584,466.64757263525166,463.9274273647484,463.08683859141604,,
2023-08-01 11:40:00,HINDALCO,464.95,465.7,464.5,465.2,19431,0.9124710186658375,465.22749999999996,467.61634912686714,466.7038781082013,463.7511218917986,462.8386508731328,,
2023-08-01 11:45:00,HINDALCO,465.35,465.35,464.75,464.85,17382,0.8499768149326745,465.18,467.40523930149374,466.55526248656105,463.80473751343897,462.9547606985063,,
2023-08-01 11:50:00,HINDALCO,464.8,464.8,463.85,463.95,76571,0.8699814519461374,465.0875,467.365111441195,466.4951299892488,463.67987001075113,462.80988855880497,,
2023-08-01 11:55:00,HINDALCO,464.0,464.0,463.3,463.85,49737,0.8359851615569076,464.96750000000003,467.156109152956,466.3201239913991,463.61487600860096,462.77889084704407,,
2023-08-01 12:00:00,HINDALCO,463.85,464.0,463.6,464.0,15875,0.7487881292455216,464.82249999999993,466.7828273223647,466.0340391931192,463.61096080688066,462.86217267763516,,
2023-08-01 12:05:00,HINDALCO,463.95,464.05,463.0,463.35,53158,0.8090305033964196,464.71000000000004,466.8280418578919,466.01901135449543,463.40098864550464,462.5919581421082,,
2023-08-01 12:10:00,HINDALCO,463.25,463.65,463.1,463.45,56214,0.7572244027171265,464.65250000000003,466.63491348631345,465.87768908359635,463.4273109164037,462.6700865136866,,
2023-08-01 12:15:00,HINDALCO,463.4,463.6,462.3,463.2,69326,0.8657795221737035,464.62249999999995,466.8891107890507,466.023331266877,463.2216687331229,462.3558892109492,,
2023-08-01 12:20:00,HINDALCO,463.0,463.15,462.5,462.6,35026,0.8226236177389583,464.5275,466.68112863124054,465.8585050135016,463.19649498649835,462.3738713687594,,
2023-08-01 12:25:00,HINDALCO,462.6,462.8,462.1,462.35,66038,0.7980988941911644,464.4425,466.5319229049925,465.7338240108013,463.1511759891987,462.3530770950075,,
2023-08-01 12:30:00,HINDALCO,462.3,462.8,462.3,462.75,115849,0.7384791153529315,464.3375,466.2708383239939,465.532359208641,463.14264079135893,462.404161676006,,
2023-08-01 12:35:00,HINDALCO,462.65,462.85,462.25,462.55,70093,0.7107832922823498,464.245,466.1058306591952,465.3950473669128,463.0949526330872,462.3841693408048,,
2023-08-01 12:40:00,HINDALCO,462.55,463.5,462.25,463.5,203033,0.8186266338258799,464.20500000000004,466.3481645273562,465.5295378935303,462.8804621064698,462.0618354726439,,462.25
2023-08-01 12:45:00,HINDALCO,463.45,464.7,463.45,464.35,68266,0.9049013070607039,464.21750000000003,466.58653162188494,465.68163031482425,462.7533696851758,461.8484683781151,,
2023-08-01 12:50:00,HINDALCO,464.5,464.5,463.4,464.2,172981,0.9439210456485677,464.1675,466.63868529750795,465.6947642518594,462.64023574814064,461.6963147024921,,
2023-08-01 12:55:00,HINDALCO,464.15,464.75,463.95,464.0,106742,0.9151368365188565,464.0475,466.44332823800636,465.5281914014875,462.5668085985125,461.65167176199367,,
2023-08-01 13:00:00,HINDALCO,464.0,464.0,463.4,464.0,73007,0.8521094692150898,463.9375,466.1683225904051,465.31621312119,462.55878687881,461.7066774095949,,
2023-08-01 13:05:00,HINDALCO,463.95,465.25,463.95,465.2,44153,0.9416875753720741,463.89250000000004,466.3578380723241,465.41615049695207,462.368849503048,461.42716192767597,,
2023-08-01 13:10:00,HINDALCO,465.05,466.0,464.65,465.95,72481,1.023350060297664,463.91,466.5891304578593,465.56578039756164,462.2542196024384,461.23086954214074,466.0,
2023-08-01 13:15:00,HINDALCO,465.9,465.9,465.15,465.15,31104,0.9686800482381313,463.9225,466.45850436628746,465.48982431804933,462.3551756819507,461.38649563371257,,
2023-08-01 13:20:00,HINDALCO,465.15,465.7,464.9,465.65,37093,0.9349440385905073,463.945,466.39268349302995,465.45773945443943,462.43226054556055,461.49731650697004,,
2023-08-01 13:25:00,HINDALCO,465.6,465.95,465.55,465.8,15426,0.8279552308724014,463.9925,466.16008679442393,465.33213156355157,462.65286843644844,461.8249132055761,,
2023-08-01 13:30:00,HINDALCO,465.8,465.9,465.4,465.45,22907,0.7623641846979211,464.0675,466.06336943553913,465.30100525084123,462.83399474915876,462.07163056446086,,
2023-08-01 13:35:00,HINDALCO,465.45,465.85,465.35,465.75,21502,0.709891347758337,464.1625,466.02099554843136,465.311104200673,463.01389579932703,462.3040044515687,,
2023-08-01 13:40:00,HINDALCO,465.8,465.9,465.2,465.4,25350,0.7079130782066674,464.23249999999996,466.08581643874504,465.37790336053837,463.08709663946155,462.3791835612549,,
2023-08-01 13:45:00,HINDALCO,465.4,466.2,465.25,466.0,42810,0.7563304625653317,464.36499999999995,466.345073150996,465.58874268843067,463.14125731156923,462.38492684900393,,
2023-08-01 13:50:00,HINDALCO,465.95,466.1,465.1,465.75,23591,0.8050643700522653,464.4799999999999,466.5876585207967,465.78259415074444,463.17740584925536,462.3723414792031,,
2023-08-01 13:55:00,HINDALCO,465.55,465.55,464.75,464.8,40558,0.8040514960418145,464.56000000000006,466.6650068166375,465.86095532059574,463.2590446794044,462.4549931833626,,
2023-08-01 14:00:00,HINDALCO,464.75,465.5,464.6,465.5,40067,0.8232411968334471,464.70500000000004,466.86024545331003,466.03700425647656,463.3729957435235,462.54975454669005,,
2023-08-01 14:05:00,HINDALCO,465.45,466.0,465.4,465.95,24376,0.7785929574667623,464.88499999999993,466.9233563626479,466.14476340518115,463.6252365948187,462.846643637352,,
2023-08-01 14:10:00,HINDALCO,465.95,466.45,465.9,466.2,36670,0.7328743659734122,465.0575,466.9761650901184,466.24329072414497,463.87170927585504,463.1388349098816,,
2023-08-01 14:15:00,HINDALCO,466.2,466.4,466.1,466.25,15676,0.6462994927787207,465.2425,466.9345120720947,466.288212579316,464.196787420684,463.5504879279053,,
2023-08-01 14:20:00,HINDALCO,466.1,466.4,466.1,466.4,18155,0.5770395942229675,465.3875,466.89818965767574,466.32115006345276,464.4538499365472,463.87681034232423,,
2023-08-01 14:25:00,HINDALCO,466.35,466.95,466.3,466.8,34277,0.5916316753783695,465.51000000000005,467.05889172614064,466.46726005076226,464.55273994923783,463.96110827385945,,
2023-08-01 14:30:00,HINDALCO,466.75,466.75,465.9,466.0,18263,0.6433053403027001,465.6,467.2841733809125,466.6408680406098,464.55913195939024,463.91582661908757,,
2023-08-01 14:35:00,HINDALCO,465.95,466.05,465.2,465.5,20011,0.6846442722421647,465.675,467.46739870473,466.7827544324878,464.5672455675122,463.88260129527004,,
2023-08-01 14:40:00,HINDALCO,465.55,465.55,465.15,465.25,9112,0.6277154177937386,465.7375,467.380858963784,466.75314354599027,464.72185645400975,464.094141036216,,
2023-08-01 14:45:00,HINDALCO,465.2,465.4,464.95,465.0,23113,0.5921723342349887,465.7275000000001,467.2778071710273,466.6856348367923,464.76936516320785,464.17719282897286,,
2023-08-01 14:50:00,HINDALCO,465.0,465.15,464.2,464.2,29987,0.6637378673879888,465.64,467.37766573682177,466.71392786943375,464.5660721305662,463.9023342631782,,
2023-08-01 14:55:00,HINDALCO,464.2,464.75,464.15,464.7,25585,0.6509902939103956,465.6175,467.3217925894574,466.67080229554705,464.56419770445297,463.9132074105426,,
2023-08-01 15:00:00,HINDALCO,464.7,465.3,463.85,464.3,93338,0.8107922351283143,465.55,467.67265407156594,466.86186183643764,464.2381381635624,463.4273459284341,,
2023-08-01 15:05:00,HINDALCO,464.3,465.1,464.0,464.75,55909,0.868633788102656,465.49749999999995,467.7715832572527,466.90294946915003,464.09205053084986,463.2234167427472,,
2023-08-01 15:10:00,HINDALCO,464.8,464.95,464.5,464.75,84083,0.7849070304821226,465.4625,467.5173866058022,466.73247957532004,464.1925204246799,463.40761339419777,,
2023-08-01 15:15:00,HINDALCO,464.9,464.9,463.9,463.9,141776,0.8279256243856981,465.37,467.53750928464177,466.70958366025604,464.03041633974397,463.20249071535824,,
2023-08-01 15:20:00,HINDALCO,464.0,464.0,463.1,463.1,177274,0.8423404995085539,465.255,467.4602474277134,466.61790692820483,463.89209307179516,463.0497525722866,,
2023-08-01 15:25:00,HINDALCO,463.1,463.95,463.05,463.9,98559,0.8538723996068387,465.15,467.38543794217065,466.53156554256384,463.7684344574361,462.9145620578293,,
2023-08-02 09:15:00,HINDALCO,460.0,460.0,456.05,456.85,279693,1.4730979196854688,464.70500000000004,468.5615703537366,467.08847243405114,462.32152756594894,460.84842964626347,,
2023-08-02 09:20:00,HINDALCO,456.9,457.85,456.0,457.15,212021,1.5484783357483796,464.32249999999993,468.37641628298917,466.8279379472408,461.81706205275907,460.2685837170107,,
2023-08-02 09:25:00,HINDALCO,457.15,457.35,455.8,456.75,186490,1.548782668598706,463.88499999999993,467.93971302639136,466.3909303577926,461.37906964220724,459.8302869736085,,
2023-08-02 09:30:00,HINDALCO,456.7,458.0,456.15,457.85,107130,1.6090261348789694,463.48,467.69243042111316,466.0834042862342,460.8765957137658,459.2675695788869,,
2023-08-02 09:35:00,HINDALCO,457.8,457.8,456.65,457.5,67244,1.5172209079031824,463.04499999999996,467.0170843368905,465.4998634289873,460.59013657101264,459.0729156631094,,
2023-08-02 09:40:00,HINDALCO,457.55,457.75,456.75,457.2,42879,1.413776726322546,462.59250000000003,466.29376746951243,464.8799907431899,460.30500925681014,458.8912325304876,,
2023-08-02 09:45:00,HINDALCO,457.2,458.45,457.2,458.4,93507,1.381021381058037,462.1925,465.8080139756099,464.4269925945519,459.9580074054481,458.57698602439007,,
2023-08-02 09:50:00,HINDALCO,458.4,458.6,458.05,458.6,45685,1.214817104846432,461.78249999999997,464.96289118048793,463.7480740756415,459.81692592435843,458.602108819512,,
2023-08-02 09:55:00,HINDALCO,458.35,459.4,458.05,458.7,93661,1.2418536838771388,461.4174999999999,464.66867294439027,463.4268192605131,459.4081807394867,458.16632705560954,,
2023-08-02 10:00:00,HINDALCO,458.6,458.75,457.8,458.45,45503,1.1834829471017088,461.06499999999994,464.16335835551223,462.9798754084105,459.15012459158936,457.96664164448765,,
2023-08-02 10:05:00,HINDALCO,458.25,458.35,457.5,457.55,25719,1.1167863576813717,460.67999999999995,463.60374668440977,462.4869603267284,458.8730396732715,457.75625331559013,,
2023-08-02 10:10:00,HINDALCO,457.85,458.5,457.6,458.0,23832,1.0834290861450953,460.3299999999999,463.1664173475278,462.0829882613827,458.57701173861716,457.49358265247207,,
2023-08-02 10:15:00,HINDALCO,457.95,458.5,457.75,458.5,44435,1.0167432689160762,460.04499999999996,462.7068338780222,461.69009060910616,458.39990939089375,457.3831661219777,,457.75
2023-08-02 10:20:00,HINDALCO,458.35,461.2,458.3,460.65,182616,1.3933946151328565,459.84250000000003,463.49040710241786,462.097012487285,457.5879875127151,456.1945928975822,,
2023-08-02 10:25:00,HINDALCO,460.7,460.7,459.5,459.95,61192,1.354715692106283,459.625,463.17164568193425,461.81692998982794,457.43307001017206,456.07835431806575,,
2023-08-02 10:30:00,HINDALCO,460.0,460.1,458.75,459.8,73499,1.353772553685031,459.37750000000005,462.9216765455475,461.5679039918624,457.1870960081377,455.8333234544526,,
2023-08-02 10:35:00,HINDALCO,459.85,460.15,459.0,459.4,44095,1.3130180429480203,459.11,462.54748123643793,461.2344631934899,456.98553680651014,455.6725187635621,,
2023-08-02 10:40:00,HINDALCO,459.5,460.15,459.15,459.7,43245,1.2504144343584163,458.9,462.1735849891503,460.9231705547919,456.87682944520805,455.62641501084966,,
2023-08-02 10:45:00,HINDALCO,459.7,460.15,459.05,459.8,58334,1.2203315474867265,458.735,461.9298279913203,460.70949644383353,456.7605035561665,455.54017200867975,,
2023-08-02 10:50:00,HINDALCO,459.65,459.95,459.45,459.6,37272,1.0762652379893813,458.5200000000001,461.3376623930563,460.2613971550669,456.7786028449333,455.7023376069439,,
2023-08-02 10:55:00,HINDALCO,459.6,459.6,458.55,459.5,50748,1.0710121903915075,458.65250000000003,461.456409914445,460.3853977240535,456.91960227594654,455.8485900855551,,
2023-08-02 11:00:00,HINDALCO,459.5,459.7,458.2,458.45,47185,1.1568097523132062,458.71750000000003,461.746027931556,460.5892181792428,456.8457818207573,455.68897206844406,,
2023-08-02 11:05:00,HINDALCO,458.3,458.75,457.3,457.8,126744,1.2154478018505628,458.7700000000001,461.9520423452449,460.7365945433943,456.8034054566059,455.5879576547553,,
2023-08-02 11:10:00,HINDALCO,457.65,457.9,456.8,457.15,108150,1.1923582414804434,458.735,461.8565938761958,460.6642356347154,456.80576436528463,455.6134061238042,,
2023-08-02 11:15:00,HINDALCO,457.15,457.15,456.5,456.8,70064,1.0838865931843502,458.7,461.5376151009566,460.45372850777227,456.9462714922277,455.8623848990434,,
2023-08-02 11:20:00,HINDALCO,456.8,457.65,456.65,457.55,46025,1.0671092745474802,458.71750000000003,461.51119208076534,460.44408280621786,456.9909171937822,455.9238079192347,,
2023-08-02 11:25:00,HINDALCO,457.7,458.05,457.45,457.7,30709,0.9736874196379888,458.6825,461.23161366461227,460.25792624497427,457.10707375502574,456.13338633538774,,
2023-08-02 11:30:00,HINDALCO,457.8,457.8,456.7,456.9,32957,0.9989499357103956,458.59749999999997,461.2127509316898,460.2138009959794,456.98119900402054,455.9822490683101,,
2023-08-02 11:35:00,HINDALCO,457.0,457.05,455.65,456.05,127696,1.0791599485683234,458.46500000000003,461.2902407453519,460.21108079678356,456.7189192032165,455.63975925464814,,
2023-08-02 11:40:00,HINDALCO,456.1,457.15,456.0,457.15,48424,1.0933279588546543,458.4,461.26233259628145,460.1690046374268,456.6309953625732,455.5376674037185,,
2023-08-02 11:45:00,HINDALCO,457.1,457.1,456.5,456.7,24161,0.994662367083728,458.3575000000001,460.96152607702527,459.96686370994155,456.7481362900586,455.7534739229749,,
2023-08-02 11:50:00,HINDALCO,456.8,456.8,456.25,456.4,33936,0.9057298936669848,458.27750000000003,460.64870086162017,459.7429709679532,456.81202903204684,455.9062991383799,,
2023-08-02 11:55:00,HINDALCO,456.4,456.75,456.15,456.6,16434,0.8445839149335924,458.18250000000006,460.3936206892962,459.5490367743626,456.8159632256375,455.9713793107039,,
2023-08-02 12:00:00,HINDALCO,456.75,456.75,455.75,456.5,31967,0.8756671319468741,457.975,460.2674965514369,459.3918294194901,456.55817058050997,455.6825034485631,,
2023-08-02 12:05:00,HINDALCO,456.5,456.75,456.25,456.6,22304,0.8005337055574993,457.8075,459.9032972411495,459.10276353559203,456.512236464408,455.7117027588505,,
2023-08-02 12:10:00,HINDALCO,456.6,456.75,456.3,456.45,17597,0.7304269644459972,457.64,459.5522577929196,458.8218308284736,456.4581691715264,455.7277422070804,,
2023-08-02 12:15:00,HINDALCO,456.5,456.95,456.0,456.15,47677,0.7743415715567955,457.47749999999996,459.50472623433564,458.7303846627789,456.22461533722105,455.4502737656643,,
2023-08-02 12:20:00,HINDALCO,456.25,456.7,456.25,456.65,21313,0.7294732572454388,457.325,459.2347609874685,458.50528773022313,456.14471226977685,455.41523901253146,,
2023-08-02 12:25:00,HINDALCO,456.7,456.95,456.55,456.9,13222,0.6635786057963464,457.17999999999995,458.9172487899748,458.2536701841784,456.1063298158215,455.4427512100251,,
2023-08-02 12:30:00,HINDALCO,456.8,456.9,456.0,456.15,34365,0.7108628846370727,457.0075,458.8685390319798,458.1576761473428,455.8573238526572,455.14646096802016,,
2023-08-02 12:35:00,HINDALCO,456.4,457.4,456.25,457.3,27419,0.8186903077096582,456.8974999999999,459.0408312255838,458.2221409178741,455.5728590821257,454.75416877441603,,
2023-08-02 12:40:00,HINDALCO,457.3,457.75,457.05,457.55,25641,0.7949522461677243,456.85249999999996,458.9336849804671,458.13873273429937,455.56626726570056,454.77131501953284,,
2023-08-02 12:45:00,HINDALCO,457.55,457.8,457.35,457.8,16359,0.7259617969341773,456.85249999999996,458.7530679843736,458.0271061874395,455.67789381256046,454.9519320156263,,
2023-08-02 12:50:00,HINDALCO,457.8,457.8,456.15,456.2,30500,0.9107694375473487,456.80499999999995,459.1893943874989,458.27862494995156,455.33137505004834,454.420605612501,,
2023-08-02 12:55:00,HINDALCO,456.25,456.4,455.85,456.05,85930,0.8386155500378699,456.76750000000004,458.9629955099992,458.1243799599613,455.4106200400388,454.5720044900009,,
2023-08-02 13:00:00,HINDALCO,456.1,456.5,456.0,456.1,45964,0.770892440030296,456.695,458.7131964079993,457.942303967969,455.447696032031,454.6768035920007,,
2023-08-02 13:05:00,HINDALCO,456.15,457.0,455.95,456.8,76338,0.8267139520242391,456.65,458.81433712639944,457.9876231743752,455.31237682562477,454.4856628736005,,
2023-08-02 13:10:00,HINDALCO,456.85,457.25,456.45,456.55,24747,0.8213711616193936,456.63250000000005,458.78284970111963,457.9614785395002,455.3035214604999,454.48215029888047,,
2023-08-02 13:15:00,HINDALCO,456.4,456.7,455.85,456.45,63179,0.827096929295508,456.6525,458.8178397608956,457.99074283160013,455.3142571683998,454.48716023910436,,
2023-08-02 13:20:00,HINDALCO,456.4,456.5,454.25,454.9,279233,1.1116775434364066,456.53999999999996,459.45037180871645,458.3386942652801,454.74130573471984,453.6296281912835,,
2023-08-02 13:25:00,HINDALCO,454.95,455.65,454.45,454.85,66252,1.129342034749123,456.44749999999993,459.40411744697315,458.274775412224,454.62022458777585,453.4908825530267,,
2023-08-02 13:30:00,HINDALCO,454.9,455.2,454.2,454.45,43521,1.1034736277992985,456.35,459.23889395757857,458.13542032977927,454.5645796702208,453.4611060424215,,
2023-08-02 13:35:00,HINDALCO,454.1,454.35,453.65,454.0,201511,1.0227789022394478,456.21999999999997,458.89763516606286,457.8748562638234,454.56514373617654,453.5423648339371,,
2023-08-02 13:40:00,HINDALCO,454.0,454.05,453.1,453.85,263113,1.008223121791556,456.0875,458.72702813285025,457.7188050110587,454.45619498894126,453.4479718671497,,
2023-08-02 13:45:00,HINDALCO,453.85,453.9,450.5,451.95,402699,1.4865784974332403,455.855,459.74686250628025,458.260284008847,453.449715991153,451.9631374937198,453.9,
2023-08-02 13:50:00,HINDALCO,452.1,453.65,451.85,453.65,92578,1.5492627979465834,455.715,459.77097000502414,458.22170720707754,453.2082927929224,451.6590299949758,,
2023-08-02 13:55:00,HINDALCO,453.55,453.9,452.6,453.1,38899,1.4994102383572576,455.5625,459.4879560040193,457.988545765662,453.136454234338,451.6370439959807,,
2023-08-02 14:00:00,HINDALCO,453.05,453.15,452.15,452.3,29738,1.3995281906858061,455.3450000000001,459.0089648032155,457.6094366125297,453.0805633874705,451.68103519678465,,
2023-08-02 14:05:00,HINDALCO,452.35,452.55,451.75,451.8,49831,1.2796225525486473,455.09,458.44005184257236,457.16042929002367,453.0195707099763,451.7399481574276,,
2023-08-02 14:10:00,HINDALCO,451.8,451.95,450.3,450.95,110709,1.3536980420389133,454.83000000000004,458.3739814740579,457.020283432019,452.63971656798105,451.28601852594215,,
2023-08-02 14:15:00,HINDALCO,450.9,450.95,450.2,450.4,71534,1.2329584336311306,454.485,457.7128851792463,456.47992674561516,452.49007325438487,451.2571148207537,,
2023-08-02 14:20:00,HINDALCO,450.5,451.0,450.3,451.0,39188,1.1263667469049021,454.1575000000001,457.1063281433971,455.97996139649223,452.33503860350794,451.2086718566031,,
2023-08-02 14:25:00,HINDALCO,451.0,451.6,451.0,451.6,33868,1.0210933975239262,453.8475,456.52072251471765,455.49962911719376,452.1953708828063,451.1742774852824,,
2023-08-02 14:30:00,HINDALCO,451.6,452.2,450.3,450.5,72183,1.1968747180191364,453.5625,456.6959180117741,455.49904329375494,451.62595670624506,450.4290819882259,,
2023-08-02 14:35:00,HINDALCO,450.45,451.75,450.0,451.5,202954,1.3074997744153092,453.33500000000004,456.75803440941934,455.45053463500403,451.21946536499604,449.91196559058073,,
2023-08-02 14:40:00,HINDALCO,451.5,451.95,451.0,451.7,68848,1.235999819532245,453.11499999999995,456.3508475275354,455.11484770800314,451.11515229199676,449.8791524724645,,
2023-08-02 14:45:00,HINDALCO,451.65,452.2,451.6,452.15,27503,1.1087998556257892,452.8825,455.7853380220283,454.6765381664025,451.0884618335975,449.97966197797166,,
2023-08-02 14:50:00,HINDALCO,452.1,452.25,451.9,452.2,26431,0.9570398845006359,452.66499999999996,455.1705304176226,454.213490533122,451.1165094668779,450.1594695823773,,
2023-08-02 14:55:00,HINDALCO,452.2,453.0,452.2,452.95,41316,0.9256319076005111,452.48999999999995,454.9133043340981,453.98767242649757,450.99232757350234,450.0666956659018,,
2023-08-02 15:00:00,HINDALCO,453.15,454.85,453.15,454.6,95049,1.1205055260804158,452.475,455.40848346727853,454.2879779411981,450.66202205880194,449.5415165327215,,
2023-08-02 15:05:00,HINDALCO,454.7,454.75,453.95,454.05,87442,1.056404420864335,452.43500000000006,455.2006667738229,454.14426235295855,450.72573764704157,449.66933322617723,,
2023-08-02 15:10:00,HINDALCO,454.2,455.1,454.2,455.1,86031,1.0551235366914704,452.46750000000003,455.2298134190583,454.1746898823668,450.76031011763325,449.70518658094176,,
2023-08-02 15:15:00,HINDALCO,455.05,455.45,454.7,455.45,118755,0.9940988293531764,452.53999999999996,455.1425507352466,454.1484519058934,450.9315480941065,449.93744926475335,,
2023-08-02 15:20:00,HINDALCO,455.45,455.6,453.55,453.55,176242,1.2052790634825434,452.525,455.68042058819725,454.47514152471473,450.5748584752852,449.3695794118027,,
2023-08-02 15:25:00,HINDALCO,453.75,453.9,452.0,453.15,115905,1.34422325078603,452.58500000000004,456.1041764705579,454.75995321977183,450.41004678022824,449.0658235294422,,
2023-08-03 09:15:00,HINDALCO,450.0,451.3,448.3,450.35,173388,1.6753786006288243,452.4200000000001,456.8061411764463,455.1307625758175,449.7092374241826,448.0338588235538,,
2023-08-03 09:20:00,HINDALCO,450.35,451.75,450.25,451.15,88680,1.6403028805030595,452.32250000000005,456.61681294115704,454.976510060654,449.6684899393461,448.02818705884306,,
2023-08-03 09:25:00,HINDALCO,451.4,451.6,448.65,449.35,143501,1.9022423044024568,452.175,457.15507035292563,455.2528280485232,449.0971719514768,447.1949296470744,,
2023-08-03 09:30:00,HINDALCO,449.3,449.7,446.05,446.95,194862,2.251793843521961,451.9325,457.8276962823405,455.57590243881856,448.28909756118145,446.0373037176595,,
2023-08-03 09:35:00,HINDALCO,446.95,447.55,445.7,447.0,243014,2.1714350748175733,451.73499999999996,457.41981702587236,455.2483819510548,448.2216180489451,446.05018297412755,,
2023-08-03 09:40:00,HINDALCO,446.75,448.75,446.5,448.55,67386,2.1871480598540587,451.64250000000004,457.36845362069795,455.1813055608439,448.1036944391562,445.91654637930213,,446.5
2023-08-03 09:45:00,HINDALCO,448.6,449.45,447.55,448.7,63066,2.1297184478832425,451.5275,457.1031028965583,454.97338444867506,448.0816155513249,445.95189710344164,,
2023-08-03 09:50:00,HINDALCO,448.3,448.95,447.75,448.75,56532,1.9437747583065919,451.38499999999993,456.47380231724657,454.53002755894,448.2399724410599,446.2961976827533,,
2023-08-03 09:55:00,HINDALCO,448.65,448.95,447.0,447.35,101179,1.9450198066452713,451.22749999999996,456.31956185379727,454.37454204715203,448.0804579528479,446.13543814620266,,
2023-08-03 10:00:00,HINDALCO,447.3,448.4,446.45,448.25,49842,1.9460158453162149,451.06499999999994,456.1596694830378,454.21365363772156,447.9163463622783,445.97033051696206,,
2023-08-03 10:05:00,HINDALCO,448.3,449.45,448.05,448.8,60305,1.8368126762529675,450.91999999999996,455.72877558643023,453.89196291017726,447.94803708982266,446.1112244135697,,
2023-08-03 10:10:00,HINDALCO,448.7,450.25,448.7,450.15,72792,1.7794501410023764,450.82000000000005,455.4786004691443,453.6991503281419,447.9408496718582,446.1613995308558,,
2023-08-03 10:15:00,HINDALCO,450.2,450.5,448.5,449.6,80375,1.8235601128019012,450.68999999999994,455.4640803753153,453.6405202625134,447.7394797374865,445.9159196246846,,
2023-08-03 10:20:00,HINDALCO,449.4,449.65,448.95,449.15,20573,1.5988480902415187,450.5,454.6857843002523,453.0869362100108,447.9130637899892,446.3142156997477,,
2023-08-03 10:25:00,HINDALCO,449.15,449.15,448.25,448.8,40502,1.4590784721932106,450.21000000000004,454.0298674402019,452.5707889680086,447.84921103199144,446.3901325597982,,
2023-08-03 10:30:00,HINDALCO,448.6,450.0,448.6,449.3,41213,1.4472627777545641,449.97249999999997,453.76143395216144,452.31417117440685,447.6308288255931,446.1835660478385,,
2023-08-03 10:35:00,HINDALCO,449.55,449.9,448.8,449.65,35549,1.3778102222036446,449.7,453.3071071617291,451.9292969395255,447.4707030604745,446.09289283827087,,
2023-08-03 10:40:00,HINDALCO,449.65,451.0,449.6,450.3,62505,1.3822481777629112,449.4425,453.0612257293833,451.6789775516204,447.2060224483796,445.8237742706167,,
2023-08-03 10:45:00,HINDALCO,450.3,450.45,449.6,449.7,23063,1.2757985422103222,449.25,452.5900405835066,451.3142420412963,447.1857579587037,445.9099594164934,,
2023-08-03 10:50:00,HINDALCO,449.65,450.9,449.65,450.85,34765,1.2706388337682577,449.13499999999993,452.46153246680524,451.190893633037,447.0791063669629,445.80846753319463,,
2023-08-03 10:55:00,HINDALCO,450.8,451.95,450.8,451.55,51089,1.2465110670146018,449.195,452.45836597344424,451.2118549064296,447.1781450935704,445.93163402655574,451.95,
2023-08-03 11:00:00,HINDALCO,451.6,452.8,451.55,452.8,71346,1.2472088536116814,449.2775,452.54269277875534,451.2954839251437,447.25951607485626,446.0123072212446,,
2023-08-03 11:05:00,HINDALCO,452.7,453.3,452.4,453.25,75813,1.177767082889352,449.47249999999997,452.5558942230043,451.37812714011494,447.566872859885,446.3891057769956,,
2023-08-03 11:10:00,HINDALCO,453.25,453.45,452.4,452.8,36778,1.152213666311484,449.76500000000004,452.7814953784035,451.62928171209205,447.90071828790803,446.74850462159657,,
2023-08-03 11:15:00,HINDALCO,452.6,452.75,451.8,452.3,29680,1.111770933049185,450.03000000000003,452.9406163027228,451.8288453696736,448.23115463032644,447.11938369727727,,
2023-08-03 11:20:00,HINDALCO,452.4,452.55,451.8,452.0,19501,1.039416746439348,450.2025,452.9236930421782,451.88427629573886,448.5207237042611,447.4813069578218,,
2023-08-03 11:25:00,HINDALCO,452.1,452.1,450.0,450.3,48732,1.251533397151483,450.28249999999997,453.55901443374256,452.30748103659107,448.25751896340887,447.0059855662574,,
2023-08-03 11:30:00,HINDALCO,450.3,450.8,449.7,450.05,40498,1.221226717721191,450.3475,453.5446715469941,452.3234448292729,448.37155517072716,447.15032845300595,,
2023-08-03 11:35:00,HINDALCO,449.95,450.45,449.65,450.4,20741,1.1369813741769552,450.5,453.4766172375953,452.3396358634183,448.6603641365817,447.5233827624047,,
2023-08-03 11:40:00,HINDALCO,450.4,450.65,449.9,450.25,18173,1.059585099341564,450.6,453.3739937900762,452.3144086907347,448.88559130926535,447.82600620992383,,
2023-08-03 11:45:00,HINDALCO,450.2,450.2,449.05,449.45,31000,1.0776680794732467,450.63250000000005,453.453835032061,452.37616695258777,448.88883304741233,447.8111649679391,,
2023-08-03 11:50:00,HINDALCO,449.45,449.9,448.5,449.9,27450,1.1421344635785928,450.62,453.61010802564874,452.46797356207014,448.77202643792987,447.62989197435127,,
2023-08-03 11:55:00,HINDALCO,449.7,449.7,449.0,449.0,24136,1.053707570862872,450.59000000000003,453.34860642051905,452.29489884965614,448.8851011503439,447.831393579481,,
2023-08-03 12:00:00,HINDALCO,449.05,449.5,448.55,448.65,21452,1.0329660566902954,450.56499999999994,453.26930513641514,452.2363390797248,448.89366092027507,447.86069486358474,,
2023-08-03 12:05:00,HINDALCO,448.65,448.85,448.35,448.6,21404,0.9263728453522363,450.555,452.9802441091322,452.0538712637799,449.0561287362201,448.12975589086784,,
2023-08-03 12:10:00,HINDALCO,448.55,448.8,448.05,448.15,22653,0.8910982762817891,450.49750000000006,452.8303952873058,451.939297011024,449.0557029889761,448.1646047126943,,
2023-08-03 12:15:00,HINDALCO,448.1,448.9,448.0,448.75,27006,0.8928786210254268,450.4525,452.79005622984454,451.8971776088191,449.00782239118087,448.11494377015543,,
2023-08-03 12:20:00,HINDALCO,448.75,448.75,447.65,447.85,32746,0.9343028968203461,450.33000000000004,452.7760049838757,451.84170208705535,448.81829791294473,447.8839950161244,,
2023-08-03 12:25:00,HINDALCO,447.8,448.0,447.2,447.7,30164,0.9074423174562791,450.2299999999999,452.60568398710046,451.6982416696442,448.76175833035563,447.85431601289935,,
2023-08-03 12:30:00,HINDALCO,447.75,448.45,447.7,448.05,25162,0.8759538539650233,450.09000000000003,452.38324718968045,451.5072933357154,448.67270666428465,447.7967528103196,,
2023-08-03 12:35:00,HINDALCO,448.0,448.3,447.65,447.7,31474,0.8307630831720256,449.8974999999999,452.0724377517443,451.2416746685723,448.5533253314276,447.72256224825554,,
2023-08-03 12:40:00,HINDALCO,447.55,448.5,447.5,447.65,27886,0.8646104665376206,449.64000000000004,451.90355020139555,451.03893973485793,448.24106026514215,447.37644979860454,,
2023-08-03 12:45:00,HINDALCO,447.65,447.9,447.35,447.7,17710,0.8016883732300875,449.3625,451.46132016111636,450.65963178788627,448.06536821211375,447.26367983888366,,
2023-08-03 12:50:00,HINDALCO,447.8,448.3,446.8,447.1,37490,0.9413506985840701,449.0775,451.5419561288931,450.60060543030903,447.55439456969094,446.61304387110687,,
2023-08-03 12:55:00,HINDALCO,447.2,447.25,446.05,446.8,30157,0.9930805588672539,448.80249999999995,451.4023849031144,450.4093043442472,447.19569565575273,446.2026150968855,,
2023-08-03 13:00:00,HINDALCO,446.9,446.9,446.1,446.2,21765,0.9544644470937941,448.5125,451.01128792249153,450.0568234753977,446.96817652460226,446.01371207750844,,
2023-08-03 13:05:00,HINDALCO,446.2,446.4,445.15,445.3,91630,1.0135715576750353,448.2625,450.9160303379932,449.90245878031817,446.6225412196818,445.60896966200676,,
2023-08-03 13:10:00,HINDALCO,445.25,446.35,445.2,446.35,25066,1.0408572461400352,448.0775,450.8024642703946,449.76160702425454,446.3933929757454,445.3525357296054,,
2023-08-03 13:15:00,HINDALCO,446.35,447.1,445.65,445.65,20287,1.1226857969120372,447.84,450.7791914163157,449.6565056194037,446.0234943805963,444.90080858368424,,
2023-08-03 13:20:00,HINDALCO,445.75,446.25,445.7,446.0,14621,1.0181486375296345,447.62749999999994,450.2930131330525,449.2748644955229,445.980135504477,444.96198686694737,,445.7
2023-08-03 13:25:00,HINDALCO,446.0,446.85,445.6,445.75,19134,1.0645189100237076,447.44249999999994,450.229410506442,449.1648915964183,445.7201084035816,444.6555894935579,,
2023-08-03 13:30:00,HINDALCO,445.65,446.65,445.65,446.5,30823,1.051615128018966,447.2724999999999,450.02562840515355,448.9740132771346,445.57098672286526,444.5193715948463,,
2023-08-03 13:35:00,HINDALCO,446.5,448.0,446.45,447.7,38287,1.1512921024151752,447.2075,450.2215827241229,449.0702906217077,445.34470937829224,444.19341727587704,,
2023-08-03 13:40:00,HINDALCO,447.75,448.0,447.1,447.2,15759,1.1010336819321356,447.13500000000005,450.0175061792984,448.91647249736627,445.3535275026338,444.2524938207017,,
2023-08-03 13:45:00,HINDALCO,447.25,447.6,446.9,447.3,21795,1.0208269455457175,447.07,449.7425249434387,448.721697997893,445.418302002107,444.3974750565613,,
2023-08-03 13:50:00,HINDALCO,447.4,448.5,447.15,448.15,36583,1.0866615564365785,447.07,449.914879954751,448.8282183983144,445.3117816016856,444.225120045249,,
2023-08-03 13:55:00,HINDALCO,448.1,448.4,447.45,447.65,23736,1.0593292451492604,447.015,449.78832396380074,448.7289947186515,445.30100528134847,444.24167603619924,,
2023-08-03 14:00:00,HINDALCO,447.65,448.8,447.55,448.4,33415,1.0974633961194082,447.0424999999999,449.9156591710405,448.8181957749211,445.2668042250787,444.1693408289593,,
2023-08-03 14:05:00,HINDALCO,448.35,448.5,447.2,447.7,31331,1.1379707168955289,447.0425,450.0217073368325,448.883736619937,445.20126338006304,444.06329266316754,,
2023-08-03 14:10:00,HINDALCO,447.65,449.0,447.65,448.9,53934,1.1803765735164276,447.0849999999999,450.1752258694659,448.9948492959495,445.17515070405034,443.9947741305339,,
2023-08-03 14:15:00,HINDALCO,448.85,449.45,448.35,448.9,76108,1.1643012588131354,447.145,450.19314069557277,449.02883943675965,445.2611605632403,444.0968593044272,,
2023-08-03 14:20:00,HINDALCO,449.0,449.85,448.65,448.85,34625,1.1714410070505175,447.2049999999999,450.2718325564582,449.1003915494077,445.3096084505922,444.13816744354165,,
2023-08-03 14:25:00,HINDALCO,448.95,449.55,448.65,449.3,30002,1.117152805640421,447.285,450.2097060451666,449.09255323952624,445.4774467604738,444.3602939548334,449.55,
2023-08-03 14:30:00,HINDALCO,449.4,449.5,448.15,448.75,28526,1.1637222445123414,447.3675,450.41412483613334,449.25040259162097,445.48459740837905,444.3208751638667,,
2023-08-03 14:35:00,HINDALCO,449.0,449.3,448.65,449.15,23180,1.06097779560988,447.485,450.26263986890666,449.2016620732968,445.7683379267032,444.70736013109337,,
2023-08-03 14:40:00,HINDALCO,449.15,449.5,448.1,448.15,47523,1.1287822364878997,447.5825,450.5376518951253,449.4088696586374,445.75613034136256,444.62734810487467,,
2023-08-03 14:45:00,HINDALCO,448.2,448.9,447.5,447.6,27498,1.183025789190315,447.69750000000005,450.7946615161003,449.61163572691,445.7833642730901,444.6003384838998,,
2023-08-03 14:50:00,HINDALCO,447.6,447.95,447.25,447.7,33564,1.0864206313522498,447.765,450.6092492128802,449.5228285815279,446.00717141847207,444.9207507871198,,
2023-08-03 14:55:00,HINDALCO,447.8,449.35,447.8,449.05,32983,1.1991365050818068,447.93500000000006,451.07433937030424,449.87520286522243,445.9947971347777,444.7956606296959,,
2023-08-03 15:00:00,HINDALCO,449.3,450.9,448.8,450.85,97643,1.3793092040654387,448.17750000000007,451.78853149624337,450.40922229217796,445.9457777078222,444.56646850375677,,
2023-08-03 15:05:00,HINDALCO,450.85,451.1,450.2,450.85,79797,1.2834473632523578,448.43250000000006,451.79256519699476,450.5091178337424,446.35588216625774,445.07243480300536,,
2023-08-03 15:10:00,HINDALCO,450.9,453.2,450.45,453.2,144470,1.5767578906018862,448.76750000000004,452.8954521575958,451.3186942669939,446.2163057330062,444.6395478424043,,
2023-08-03 15:15:00,HINDALCO,453.1,456.3,453.1,456.15,169113,1.901406312481507,449.18999999999994,454.16788172607653,452.266475413595,446.1135245864049,444.21211827392335,,
2023-08-03 15:20:00,HINDALCO,455.95,456.7,454.95,455.15,167959,1.871125049985206,449.5874999999999,454.4861053808612,452.614980330876,446.56001966912385,444.68889461913864,,
2023-08-03 15:25:00,HINDALCO,455.15,458.5,455.0,457.2,68277,2.196900039988165,450.0825,455.833984304689,453.63708426470083,446.52791573529913,444.33101569531095,,
2023-08-04 09:15:00,HINDALCO,464.0,466.0,461.5,463.0,685399,3.517520031990535,450.825,460.0338674437512,456.51634741176065,445.13365258823933,441.6161325562488,,
2023-08-04 09:20:00,HINDALCO,463.05,465.15,461.1,462.35,721600,3.624016025592419,451.56000000000006,461.047673955001,457.4236579294086,445.6963420705915,442.0723260449991,,
2023-08-04 09:25:00,HINDALCO,462.3,465.2,461.45,465.1,445044,3.6492128204739354,452.395,461.9486391640007,458.2994263435268,446.49057365647315,442.84136083599924,,
2023-08-04 09:30:00,HINDALCO,465.2,465.3,463.4,464.75,220977,3.2993702563791554,453.24750000000006,461.88525133120066,458.58588107482154,447.9091189251786,444.60974866879945,,
2023-08-04 09:35:00,HINDALCO,464.7,465.0,462.15,462.45,214172,3.209496205103329,453.925,462.3274610649605,459.1179648598572,448.73203514014284,445.5225389350395,,
2023-08-04 09:40:00,HINDALCO,462.3,463.8,461.5,462.35,164689,3.0275969640826657,454.5975,462.52374885196843,459.4961518878858,449.69884811211426,446.6712511480316,,
2023-08-04 09:45:00,HINDALCO,462.35,463.4,461.85,461.95,79158,2.7320775712661236,455.25250000000005,462.40507908157474,459.67300151030867,450.83199848969144,448.09992091842537,,
2023-08-04 09:50:00,HINDALCO,461.5,461.5,460.25,460.25,200426,2.435662057012899,455.8,462.1765632652598,459.7409012082469,451.8590987917531,449.4234367347402,,
2023-08-04 09:55:00,HINDALCO,459.75,460.9,459.35,459.5,206501,2.2585296456103103,456.3375,462.2503306122078,459.99180096659745,452.6831990334025,450.42466938779216,,
2023-08-04 10:00:00,HINDALCO,459.5,459.75,458.0,459.5,310609,2.1568237164882484,456.855,462.5015644897662,460.344740773278,453.36525922672206,451.2084355102338,,
2023-08-04 10:05:00,HINDALCO,459.5,459.6,458.65,459.0,89883,1.915458973190608,457.39750000000004,462.41217159181303,460.49671261862244,454.29828738137763,452.38282840818704,,
2023-08-04 10:10:00,HINDALCO,458.95,459.5,457.3,457.65,227636,1.9723671785524841,457.9,463.06365727345036,461.0912900948979,454.70870990510207,452.7363427265496,,
2023-08-04 10:15:00,HINDALCO,457.8,458.45,457.3,457.9,59754,1.807893742841983,458.41,463.14306581876036,461.33517207591836,455.4848279240817,453.6769341812397,,
2023-08-04 10:20:00,HINDALCO,457.6,458.6,456.6,457.0,319044,1.8463149942735866,458.8075,463.6411526550082,461.7948376607347,455.8201623392653,453.9738473449918,,
2023-08-04 10:25:00,HINDALCO,456.95,458.4,455.9,458.15,231636,1.9770519954188694,459.17249999999996,464.34842212400656,462.37137012858767,455.97362987141224,453.99657787599335,,
2023-08-04 10:30:00,HINDALCO,457.95,457.95,456.3,456.5,114329,1.911641596335091,459.4549999999999,464.4596776992052,462.5480361028701,456.3619638971297,454.45032230079465,,
2023-08-04 10:35:00,HINDALCO,456.4,456.65,455.7,455.8,145055,1.7193132770680706,459.58500000000004,464.0861621593642,462.36684888229615,456.8031511177039,455.08383784063585,,
2023-08-04 10:40:00,HINDALCO,455.9,457.15,455.45,456.45,175589,1.7154506216544543,459.6,464.0910497274914,462.37559910583695,456.8244008941631,455.10895027250865,,
2023-08-04 10:45:00,HINDALCO,456.5,456.6,455.75,455.95,85014,1.542360497323568,459.64000000000004,463.6778997819931,462.13553928466956,457.1444607153305,455.60210021800697,,
2023-08-04 10:50:00,HINDALCO,456.0,456.45,455.8,455.9,104232,1.36388839785885,459.575,463.14565982559446,461.78177142773563,457.36822857226434,456.0043401744055,,
2023-08-04 10:55:00,HINDALCO,456.0,457.25,455.85,456.5,150484,1.3711107182870754,459.25,462.83956786047554,461.46845714218847,457.03154285781153,455.66043213952446,,
2023-08-04 11:00:00,HINDALCO,456.5,456.75,455.8,456.0,34349,1.286888574629658,458.9325,462.30157428838044,461.0146857137508,456.8503142862492,455.5634257116196,,
2023-08-04 11:05:00,HINDALCO,455.8,455.95,454.7,454.9,99743,1.2795108597037266,458.42249999999996,461.7722594307043,460.49274857100056,456.35225142899935,455.0727405692956,,
2023-08-04 11:10:00,HINDALCO,454.9,455.3,453.9,454.95,81374,1.3036086877629882,457.9325,461.3453475445635,460.0417388568005,455.8232611431995,454.5196524554365,,
2023-08-04 11:15:00,HINDALCO,454.8,455.75,454.75,455.6,32531,1.2428869502103905,457.59000000000003,460.84387803565085,459.60099108544046,455.5790089145596,454.3361219643492,,454.75
2023-08-04 11:20:00,HINDALCO,455.75,456.5,455.55,456.35,68714,1.1843095601683102,457.28999999999996,460.3905224285206,459.2062128683523,455.37378713164765,454.1894775714793,,
2023-08-04 11:25:00,HINDALCO,456.35,456.95,455.6,456.5,72757,1.2174476481346415,457.0174999999999,460.2047779428164,458.9873302946818,455.04766970531807,453.83022205718345,,
2023-08-04 11:30:00,HINDALCO,456.35,456.5,454.8,455.95,191236,1.313958118507711,456.80249999999995,460.2424423542531,458.92848423574543,454.6765157642545,453.3625576457468,,
2023-08-04 11:35:00,HINDALCO,455.9,456.1,455.1,455.95,48704,1.2511664948061687,456.625,459.90055388340255,458.6493873885964,454.6006126114036,453.34944611659745,,
2023-08-04 11:40:00,HINDALCO,455.9,457.8,455.9,457.8,91055,1.3809331958449418,456.53999999999996,460.15528310672204,458.7743499108771,454.3056500891228,452.9247168932779,,
2023-08-04 11:45:00,HINDALCO,457.8,459.3,457.75,458.75,106852,1.4147465566759558,456.5275,460.2313064853776,458.8165599287017,454.23844007129827,452.82369351462233,,
2023-08-04 11:50:00,HINDALCO,458.7,459.65,458.55,459.45,50355,1.3517972453407578,456.6175,460.1565051883021,458.80470794296133,454.4302920570387,453.0784948116979,459.65,
2023-08-04 11:55:00,HINDALCO,459.4,461.0,459.3,460.95,85552,1.421437796272604,456.77,460.4913241506417,459.06988635436903,454.47011364563093,453.0486758493583,,
2023-08-04 12:00:00,HINDALCO,460.95,461.3,460.15,461.0,58015,1.3671502370180901,456.96999999999997,460.5491993205133,459.18204908349526,454.7579509165047,453.39080067948663,,
2023-08-04 12:05:00,HINDALCO,461.15,461.45,460.85,461.1,48946,1.2137201896144654,457.1175,460.29501945641067,459.08129926679624,455.1537007332038,453.93998054358934,,
2023-08-04 12:10:00,HINDALCO,461.1,461.9,460.9,461.55,53197,1.1709761516915724,457.37,460.43561556512856,459.26463941343695,455.47536058656306,454.30438443487145,,
2023-08-04 12:15:00,HINDALCO,461.9,462.5,460.8,461.95,84325,1.2767809213532557,457.67749999999995,461.02011245210275,459.7433315307495,455.6116684692504,454.33488754789715,,
2023-08-04 12:20:00,HINDALCO,461.95,461.95,461.05,461.15,47565,1.2014247370826001,457.9125,461.0578299616823,459.85640522459965,455.9685947754004,454.7671700383178,,
2023-08-04 12:25:00,HINDALCO,461.15,461.9,460.55,461.75,44558,1.2311397896660734,458.2025,461.4256239693458,460.1944841796797,456.21051582032027,454.9793760306542,,
2023-08-04 12:30:00,HINDALCO,461.7,461.8,460.95,460.95,20453,1.1549118317328633,458.45500000000004,461.4785591754767,460.3236473437438,456.5863526562563,455.4314408245234,,
2023-08-04 12:35:00,HINDALCO,460.95,461.1,460.2,460.8,19286,1.1039294653862974,458.66999999999996,461.5600873403813,460.456157874995,456.88384212500495,455.7799126596186,,
2023-08-04 12:40:00,HINDALCO,460.8,460.8,460.0,460.25,22657,1.0431435723090403,458.8825,461.61344987230507,460.57030629999605,457.19469370000394,456.1515501276949,460.8,
2023-08-04 12:45:00,HINDALCO,460.2,461.0,460.0,460.9,20257,1.0345148578472323,459.1825,461.89085989784405,460.8563450399968,457.5086549600032,456.47414010215596,,
2023-08-04 12:50:00,HINDALCO,460.7,460.85,459.35,459.7,41408,1.127611886277786,459.41999999999996,462.3720879182752,461.2444760319974,457.5955239680025,456.4679120817247,,
2023-08-04 12:55:00,HINDALCO,459.7,459.7,459.0,459.65,62566,1.0420895090222266,459.62249999999995,462.35069033462014,461.3086008255979,457.93639917440197,456.89430966537975,,
2023-08-04 13:00:00,HINDALCO,459.6,459.8,459.4,459.4,17795,0.9136716072177882,459.775,462.1669922676962,461.2533206604784,458.2966793395216,457.3830077323038,,
2023-08-04 13:05:00,HINDALCO,459.5,459.55,459.0,459.45,31491,0.8409372857742329,459.9225,462.12407381415693,461.2831365283827,458.5618634716173,457.7209261858431,,
2023-08-04 13:10:00,HINDALCO,459.5,459.75,459.1,459.5,39497,0.8027498286193818,460.1,462.20159905132556,461.3988492227062,458.80115077729386,457.9984009486745,,
2023-08-04 13:15:00,HINDALCO,459.5,459.8,459.0,459.65,22482,0.8021998628955077,460.28499999999997,462.3851592410604,461.5829593781649,458.98704062183504,458.1848407589395,,
2023-08-04 13:20:00,HINDALCO,459.7,459.7,458.6,458.85,24113,0.8617598903163994,460.3375,462.5935873928483,461.7318275025319,458.943172497468,458.08141260715166,,458.6
2023-08-04 13:25:00,HINDALCO,458.85,459.45,458.65,459.45,25568,0.8494079122531218,460.37250000000006,462.59624991427876,461.74684200202563,458.9981579979745,458.14875008572136,,
2023-08-04 13:30:00,HINDALCO,459.5,459.7,458.1,458.55,54460,0.9995263298024907,460.3275,462.9442599314229,461.94473360162044,458.71026639837953,457.7107400685771,,
2023-08-04 13:35:00,HINDALCO,458.55,459.55,457.85,459.25,47270,1.1396210638419904,460.2425,463.22602794513836,462.08640688129634,458.3985931187037,457.25897205486166,,
2023-08-04 13:40:00,HINDALCO,459.35,459.65,458.85,459.2,14047,1.0716968510735834,460.15250000000003,462.9582023561107,461.88650550503706,458.418494494963,457.3467976438894,,
2023-08-04 13:45:00,HINDALCO,459.35,460.0,459.05,459.7,33133,1.0473574808588646,460.0825,462.8244818848885,461.7771244040296,458.38787559597034,457.3405181151115,,
2023-08-04 13:50:00,HINDALCO,459.7,459.95,459.0,459.0,23205,1.0278859846870896,459.95500000000004,462.64600550791084,461.61811952322375,458.2918804767763,457.26399449208924,,
2023-08-04 13:55:00,HINDALCO,459.1,459.6,458.3,458.5,18815,1.082308787749674,459.78249999999997,462.6159844063286,461.53367561857897,458.031324381421,456.94901559367133,,
2023-08-04 14:00:00,HINDALCO,458.45,458.5,457.35,458.35,29596,1.0958470301997347,459.64250000000004,462.51142752506297,461.4155804948632,457.8694195051369,456.7735724749371,,
2023-08-04 14:05:00,HINDALCO,458.2,458.55,457.7,457.7,28851,1.0466776241597924,459.44000000000005,462.1802020200504,461.1335243958906,457.7464756041095,456.6997979799497,,
2023-08-04 14:10:00,HINDALCO,457.75,458.5,457.55,458.5,21798,1.0273420993278317,459.3175,462.00708161604024,460.9797395167124,457.6552604832876,456.62791838395975,,
2023-08-04 14:15:00,HINDALCO,458.5,459.1,458.4,459.05,26021,0.9618736794622745,459.23,461.74818529283226,460.78631161337,457.67368838663003,456.7118147071678,,
2023-08-04 14:20:00,HINDALCO,459.05,459.65,459.0,459.25,17064,0.8994989435698151,459.18,461.5348882342658,460.63538929069597,457.72461070930405,456.8251117657342,,
2023-08-04 14:25:00,HINDALCO,459.2,459.65,458.55,459.5,23488,0.9395991548558453,459.11,461.5698705874126,460.63027143255675,457.5897285674433,456.65012941258743,,
2023-08-04 14:30:00,HINDALCO,459.55,459.6,458.7,458.95,14934,0.9316793238846831,459.07250000000005,461.5116364699301,460.57995714604544,457.56504285395465,456.63336353006997,,
2023-08-04 14:35:00,HINDALCO,458.95,459.0,458.5,458.85,10135,0.8453434591077466,459.03249999999997,461.245609175944,460.4002657168363,457.6647342831636,456.8193908240559,,
2023-08-04 14:40:00,HINDALCO,458.85,459.5,458.6,458.75,18326,0.8562747672861928,459.0,461.24172734075523,460.3854525734691,457.6145474265309,456.75827265924477,,
2023-08-04 14:45:00,HINDALCO,458.75,459.0,458.0,458.2,35596,0.8850198138289542,458.9375,461.2544818726042,460.36946205877524,457.50553794122476,456.6205181273958,,
2023-08-04 14:50:00,HINDALCO,458.25,458.35,457.4,457.85,26857,0.8980158510631726,458.855,461.2060054980834,460.30798964702024,457.4020103529798,456.5039945019166,,
2023-08-04 14:55:00,HINDALCO,457.85,457.85,456.5,457.45,66390,0.9884126808505427,458.745,461.3326643984667,460.3442517176162,457.1457482823838,456.1573356015333,,
2023-08-04 15:00:00,HINDALCO,457.45,458.4,456.15,456.35,53915,1.2407301446804342,458.62,461.86823151877337,460.62750137409296,456.61249862590705,455.37176848122664,,
2023-08-04 15:05:00,HINDALCO,456.5,457.85,456.4,457.5,52747,1.2925841157443474,458.5224999999999,461.9064852150186,460.6139010992743,456.43109890072554,455.1385147849812,,
2023-08-04 15:10:00,HINDALCO,457.7,457.7,456.4,457.15,74906,1.2940672925954801,458.4525,461.84036817201496,460.54630087941945,456.3586991205805,455.064631827985,,
2023-08-04 15:15:00,HINDALCO,457.05,457.2,456.5,456.8,74655,1.1752538340763818,458.33000000000004,461.40681453761204,460.23156070353565,456.42843929646443,455.25318546238805,,
2023-08-04 15:20:00,HINDALCO,456.75,457.55,456.4,457.0,88656,1.1702030672611123,458.21999999999997,461.2835916300896,460.11338856282845,456.3266114371715,455.15640836991037,,
2023-08-04 15:25:00,HINDALCO,456.95,457.5,456.2,457.1,57150,1.1961624538088922,458.09000000000003,461.22155330407173,460.0253908502628,456.15460914973727,454.95844669592833,,
2023-08-07 09:15:00,HINDALCO,459.2,464.4,459.2,464.05,185193,2.416929963047105,458.34250000000003,464.67002264325737,462.2530926802103,454.4319073197898,452.0149773567427,,
2023-08-07 09:20:00,HINDALCO,463.6,464.15,461.55,463.0,153205,2.453543970437677,458.5675,464.99087811460583,462.53733414416814,454.59766585583185,452.14412188539416,,
2023-08-07 09:25:00,HINDALCO,463.0,464.8,463.0,464.4,128437,2.322835176350144,458.87,464.9511824916847,462.62834731533457,455.11165268466544,452.78881750831533,,
2023-08-07 09:30:00,HINDALCO,464.35,464.55,462.65,463.55,92787,2.238268141080122,459.1625,465.0222859933478,462.78401785226765,455.5409821477324,453.30271400665225,,
2023-08-07 09:35:00,HINDALCO,463.55,463.75,462.0,462.2,82880,2.1406145128640977,459.34749999999997,464.9516287946782,462.8110142818141,455.88398571818584,453.74337120532175,,
2023-08-07 09:40:00,HINDALCO,462.2,462.75,460.9,462.6,110021,2.0824916102912825,459.525,464.97696303574253,462.8944714254513,456.15552857454867,454.0730369642574,,
2023-08-07 09:45:00,HINDALCO,462.4,462.7,460.9,460.95,76799,2.0259932882330283,459.61,464.91405042859407,462.88805714036107,456.33194285963896,454.30594957140596,,
2023-08-07 09:50:00,HINDALCO,461.35,461.35,460.5,460.95,70824,1.7907946305864273,459.6825,464.37080034287527,462.5800057122888,456.7849942877112,454.99419965712474,,
2023-08-07 09:55:00,HINDALCO,461.0,461.1,460.7,460.95,34640,1.5126357044691487,459.78249999999997,463.7425802743002,462.22994456983105,457.3350554301689,455.8224197256997,,
2023-08-07 10:00:00,HINDALCO,461.0,461.0,460.0,460.35,42904,1.410108563575319,459.8575000000001,463.5491642194403,462.1390556558649,457.5759443441352,456.16583578055986,,
2023-08-07 10:05:00,HINDALCO,460.35,460.95,460.35,460.5,22409,1.2480868508602485,459.94500000000005,463.2124913755522,461.96440452469193,457.92559547530817,456.6775086244479,,
2023-08-07 10:10:00,HINDALCO,460.4,461.0,459.6,460.05,48944,1.2784694806881944,460.0375,463.38453310044173,462.1060636197535,457.96893638024653,456.6904668995583,,
2023-08-07 10:15:00,HINDALCO,460.05,461.0,460.05,461.0,21466,1.2127755845505532,460.195,463.3700464803533,462.1572708958028,458.2327291041972,457.01995351964666,,
2023-08-07 10:20:00,HINDALCO,460.95,462.15,460.95,461.5,49790,1.2102204676404404,460.39750000000004,463.5658571842827,462.35563671664227,458.4393632833578,457.22914281571735,,
2023-08-07 10:25:00,HINDALCO,461.5,463.0,461.5,462.6,51784,1.2681763741123524,460.71000000000004,464.0300857474262,462.7619093733138,458.65809062668626,457.3899142525739,,
2023-08-07 10:30:00,HINDALCO,462.5,462.85,462.15,462.4,22616,1.154541099289891,460.95500000000004,463.97758859794095,462.8230474986511,459.086952501349,457.93241140205913,,
2023-08-07 10:35:00,HINDALCO,462.35,463.65,462.3,463.55,30886,1.193632879431906,461.275,464.39993087835273,463.2062979989208,459.3437020010792,458.1500691216472,,
2023-08-07 10:40:00,HINDALCO,463.7,464.35,463.25,463.9,53205,1.1749063035455294,461.63,464.7059047026822,463.53099839913665,459.72900160086334,458.5540952973178,,
2023-08-07 10:45:00,HINDALCO,464.0,464.4,463.65,463.75,32102,1.0899250428364236,461.96750000000003,464.8209237621458,463.73099871930935,460.2040012806907,459.11407623785425,,
2023-08-07 10:50:00,HINDALCO,463.65,463.65,462.7,462.9,24839,1.0619400342691367,462.2575,465.0376590097166,463.9757189754475,460.5392810245525,459.4773409902834,,
2023-08-07 10:55:00,HINDALCO,462.7,463.45,462.25,463.05,44577,1.0895520274153072,462.2075,465.05994720777323,463.97039518035797,460.444604819642,459.35505279222673,,
2023-08-07 11:00:00,HINDALCO,463.05,463.35,462.45,462.9,23060,1.0516416219322526,462.2025,464.95569776621863,463.90405614428636,460.5009438557136,459.44930223378134,,
2023-08-07 11:05:00,HINDALCO,462.9,463.1,461.8,462.45,48397,1.1013132975458044,462.105,464.9882382129749,463.8869249154291,460.3230750845709,459.2217617870251,,
2023-08-07 11:10:00,HINDALCO,462.7,463.25,462.1,462.15,79959,1.1110506380366392,462.03499999999997,464.9437305703799,463.83267993234324,460.2373200676567,459.12626942962004,,
2023-08-07 11:15:00,HINDALCO,462.1,462.9,462.0,462.9,16002,1.0688405104293068,462.07,464.8682244563039,463.79938394587464,460.34061605412535,459.2717755436961,,
2023-08-07 11:20:00,HINDALCO,462.8,463.5,462.8,463.5,22420,0.9950724083434432,462.11499999999995,464.7200995650431,463.72502715669964,460.50497284330027,459.5099004349568,,
2023-08-07 11:25:00,HINDALCO,463.6,463.6,463.1,463.45,20800,0.8960579266747546,462.23999999999995,464.58587965203446,463.6898217253597,460.7901782746402,459.89412034796544,,
2023-08-07 11:30:00,HINDALCO,463.45,463.45,462.2,462.2,30881,0.9668463413398037,462.30250000000007,464.83370372162767,463.86685738028785,460.7381426197123,459.77129627837246,,
2023-08-07 11:35:00,HINDALCO,462.2,462.8,461.8,462.65,27832,0.973477073071843,462.3875,464.9360629773021,463.96258590423025,460.8124140957697,459.8389370226979,,
2023-08-07 11:40:00,HINDALCO,462.65,463.45,462.5,463.25,22015,0.9687816584574721,462.53249999999997,465.06877038184166,464.0999887233842,460.96501127661577,459.9962296181583,,
2023-08-07 11:45:00,HINDALCO,463.25,463.4,463.15,463.35,8331,0.8250253267659777,462.675,464.8349163054733,464.00989097870735,461.3401090212927,460.5150836945267,,
2023-08-07 11:50:00,HINDALCO,463.25,463.4,463.1,463.4,11978,0.7200202614127732,462.84250000000003,464.72751304437867,464.00749278296587,461.6775072170342,460.9574869556214,,
2023-08-07 11:55:00,HINDALCO,463.35,463.5,463.15,463.5,15697,0.6460162091302231,462.96750000000003,464.65877043550296,464.01275422637275,461.9222457736273,461.2762295644971,,
2023-08-07 12:00:00,HINDALCO,463.6,463.75,463.5,463.6,22954,0.5668129673041785,463.07250000000005,464.55641634840237,463.9896033810982,462.1553966189019,461.58858365159773,,
2023-08-07 12:05:00,HINDALCO,463.6,463.75,463.25,463.6,17320,0.5534503738433428,463.12249999999995,464.57143307872184,464.0179827048785,462.2270172951214,461.67356692127805,,
2023-08-07 12:10:00,HINDALCO,463.5,463.55,462.9,463.2,15742,0.5727602990746812,463.1625,464.66198646297755,464.0892261639029,462.23577383609717,461.6630135370225,,
2023-08-07 12:15:00,HINDALCO,463.2,463.7,463.15,463.65,19137,0.5682082392597473,463.1675,464.65506917038203,464.0868609311223,462.2481390688777,461.679930829618,,
2023-08-07 12:20:00,HINDALCO,463.65,466.0,463.5,465.45,139301,0.9545665914077979,463.245,465.7440553363056,464.7894887448978,461.7005112551022,460.7459446636944,,
2023-08-07 12:25:00,HINDALCO,465.6,465.6,464.5,464.9,56593,0.9836532731262428,463.30249999999995,465.87770426904444,464.89405099591824,461.71094900408167,460.72729573095546,,
2023-08-07 12:30:00,HINDALCO,464.9,465.3,464.25,464.45,36411,0.9969226185009966,463.37999999999994,465.98994341523553,464.9930207967345,461.76697920326535,460.77005658476435,,
2023-08-07 12:35:00,HINDALCO,464.4,464.65,464.3,464.65,14247,0.8675380948007905,463.46000000000004,465.7312147321885,464.8636766373877,462.0563233626124,461.18878526781157,,
2023-08-07 12:40:00,HINDALCO,464.7,464.7,463.75,464.5,27888,0.8840304758406301,463.5400000000001,465.85439178575086,464.97036130991023,462.1096386900899,461.2256082142493,,
2023-08-07 12:45:00,HINDALCO,464.6,466.25,464.5,466.0,102529,1.0572243806725041,463.71750000000003,466.48531342860065,465.42808904792815,462.0069109520719,460.9496865713994,,
2023-08-07 12:50:00,HINDALCO,465.95,466.1,465.5,465.65,46674,0.9657795045380079,463.89250000000004,466.42091074288055,465.4551312383425,462.32986876165756,461.36408925711953,,
2023-08-07 12:55:00,HINDALCO,465.5,465.7,465.0,465.1,22338,0.9126236036304041,464.00250000000005,466.39174859430443,465.47912499067405,462.52587500932606,461.6132514056957,465.7,
2023-08-07 13:00:00,HINDALCO,465.0,466.0,464.9,465.55,48729,0.9500988829043279,464.105,466.59235887544355,465.6422599925392,462.5677400074608,461.6176411245565,,
2023-08-07 13:05:00,HINDALCO,465.55,466.2,465.2,466.2,52296,0.9600791063234624,464.2425,466.75598710035484,465.7959079940314,462.68909200596863,461.72901289964517,,
2023-08-07 13:10:00,HINDALCO,466.5,467.35,465.7,466.1,136165,1.0980632850587768,464.4375,467.31222968028385,466.2141663952251,462.6608336047749,461.56277031971615,,
2023-08-07 13:15:00,HINDALCO,466.1,466.4,465.9,466.15,28520,0.9784506280470214,464.6125,467.1740837442271,466.1956331161801,463.02936688381993,462.0509162557729,,
2023-08-07 13:20:00,HINDALCO,466.2,466.35,465.85,465.85,19005,0.8827605024376172,464.74249999999995,467.05356699538163,466.170806492944,463.3141935070559,462.43143300461827,,
2023-08-07 13:25:00,HINDALCO,465.85,466.45,465.85,466.4,21902,0.826208401950087,464.895,467.05801359630533,466.2318051943552,463.55819480564475,462.73198640369463,,
2023-08-07 13:30:00,HINDALCO,466.35,466.45,465.1,465.55,51946,0.9309667215600628,465.00249999999994,467.43977087704417,466.50880415548414,463.49619584451574,462.5652291229557,,
2023-08-07 13:35:00,HINDALCO,465.55,465.95,465.45,465.7,21140,0.8447733772480502,465.1125,467.32411670163543,466.47934332438734,463.7456566756127,462.9008832983646,,
2023-08-07 13:40:00,HINDALCO,465.7,465.85,465.15,465.8,22887,0.8158187017984494,465.22249999999997,467.3583133613083,466.5424946595099,463.90250534049005,463.0866866386916,,
2023-08-07 13:45:00,HINDALCO,465.75,465.9,465.4,465.6,20985,0.7526549614387595,465.32250000000005,467.29295068904673,466.54029572760794,464.10470427239215,463.35204931095336,,
2023-08-07 13:50:00,HINDALCO,465.65,465.65,464.3,464.95,43239,0.8721239691510008,465.41,467.69322055123735,466.82109658208634,463.9989034179137,463.1267794487627,,
2023-08-07 13:55:00,HINDALCO,464.9,465.4,464.55,464.65,125713,0.8676991753207938,465.46000000000004,467.73163644098986,466.8639372656691,464.05606273433096,463.1883635590102,,
2023-08-07 14:00:00,HINDALCO,464.65,465.55,464.65,465.3,23187,0.8741593402566419,465.4525,467.7410491527919,466.86688981253525,464.0381101874647,463.16395084720807,,
2023-08-07 14:05:00,HINDALCO,465.3,465.9,464.85,464.85,33467,0.9093274722053044,465.45,467.8306193222335,466.9212918500282,463.9787081499718,463.0693806777665,,
2023-08-07 14:10:00,HINDALCO,464.95,465.3,464.7,465.0,23136,0.8474619777642481,465.47749999999996,467.69615545778674,466.8486934800225,464.1063065199774,463.2588445422132,,
2023-08-07 14:15:00,HINDALCO,465.0,465.4,464.0,464.6,43917,0.957969582211394,465.475,467.98296436622945,467.0249947840181,463.92500521598197,462.9670356337706,,
2023-08-07 14:20:00,HINDALCO,464.6,465.2,464.55,464.75,28340,0.8963756657691108,465.4875,467.83421149298357,466.9378358272144,464.0371641727856,463.14078850701645,,
2023-08-07 14:25:00,HINDALCO,464.6,465.3,464.35,465.25,27435,0.9071005326152863,465.45,467.8247891943868,466.91768866177154,463.98231133822844,463.07521080561315,,
2023-08-07 14:30:00,HINDALCO,465.3,465.55,464.55,464.8,29269,0.9256804260922291,465.40749999999997,467.83093135550945,466.9052509294172,463.90974907058273,462.9840686444905,,
2023-08-07 14:35:00,HINDALCO,464.8,464.85,464.4,464.8,26410,0.8305443408737924,465.39250000000004,467.56686508440765,466.73632074353384,464.04867925646624,463.21813491559243,,
2023-08-07 14:40:00,HINDALCO,464.8,465.0,464.4,464.95,25758,0.7844354726990385,465.3625,467.41615206752607,466.6317165948271,464.09328340517294,463.30884793247395,,
2023-08-07 14:45:00,HINDALCO,464.9,465.45,464.7,464.8,34292,0.7775483781592308,465.2925,467.3281216540209,466.55057327586167,464.03442672413837,463.25687834597915,,
2023-08-07 14:50:00,HINDALCO,464.9,464.9,464.3,464.8,73913,0.7420387025273779,465.22749999999996,467.17015732321664,466.42811862068925,464.0268813793107,463.2848426767833,,
2023-08-07 14:55:00,HINDALCO,464.8,465.0,464.35,464.7,32215,0.7236309620218978,465.15500000000003,467.04946585857334,466.32583489655144,463.9841651034486,463.2605341414267,,
2023-08-07 15:00:00,HINDALCO,464.85,465.4,464.65,465.3,61984,0.7289047696175183,465.12749999999994,467.0357726868586,466.3068679172411,463.9481320827588,463.2192273131413,,
2023-08-07 15:05:00,HINDALCO,465.3,465.5,465.1,465.3,57921,0.66312381569401,465.07249999999993,466.8085581494868,466.1454343337928,463.99956566620705,463.33644185051304,,
2023-08-07 15:10:00,HINDALCO,465.3,465.45,464.3,464.7,89126,0.7604990525552034,465.03000000000003,467.02098651958954,466.26048746703435,463.7995125329657,463.0390134804105,,
2023-08-07 15:15:00,HINDALCO,464.7,465.0,464.5,464.9,146181,0.7083992420441628,464.98999999999995,466.8445892156716,466.1361899736274,463.8438100263725,463.1354107843283,,
2023-08-07 15:20:00,HINDALCO,464.9,465.35,464.1,464.15,138446,0.8167193936353303,464.90749999999997,467.04567137253724,466.22895197890193,463.586048021098,462.7693286274627,,
2023-08-07 15:25:00,HINDALCO,464.15,464.7,463.25,464.15,42571,0.9433755149082621,464.83500000000004,467.3047570980299,466.3613815831216,463.30861841687846,462.3652429019702,,463.25
2023-08-08 09:15:00,HINDALCO,464.85,466.6,462.5,464.75,176370,1.5747004119266144,464.825,468.94756567842387,467.37286526649723,462.27713473350275,460.7024343215761,,
2023-08-08 09:20:00,HINDALCO,464.95,465.25,463.75,464.4,144697,1.5597603295412916,464.8125,468.8959525427391,467.3361922131978,462.2888077868022,460.7290474572609,,
2023-08-08 09:25:00,HINDALCO,464.3,466.0,464.3,466.0,97194,1.5878082636330313,464.8475,469.0043820341913,467.4165737705583,462.2784262294418,460.69061796580877,,
2023-08-08 09:30:00,HINDALCO,466.0,467.25,465.25,465.9,107616,1.6702466109064251,464.9,469.272705627353,467.6024590164466,462.1975409835534,460.52729437264696,,
2023-08-08 09:35:00,HINDALCO,466.0,466.0,464.85,465.6,85086,1.5661972887251356,464.93,469.0303045018824,467.46410721315726,462.39589278684275,460.8296954981176,,
2023-08-08 09:40:00,HINDALCO,465.6,465.6,463.0,463.75,149154,1.772957830980113,464.8875,469.52910360150594,467.7561457705258,462.0188542294742,460.24589639849404,,
2023-08-08 09:45:00,HINDALCO,463.9,464.5,463.45,463.85,49695,1.6283662647840926,464.8424999999999,469.10556288120466,467.4771966164206,462.20780338357923,460.57943711879517,,
2023-08-08 09:50:00,HINDALCO,463.9,464.35,463.35,464.25,44232,1.502693011827274,464.7924999999999,468.7265503049637,467.22385729313646,462.36114270686335,460.8584496950361,,
2023-08-08 09:55:00,HINDALCO,464.35,464.45,463.1,463.35,79432,1.4721544094618124,464.71999999999997,468.574100243971,467.1019458345092,462.33805416549075,460.86589975602897,,
2023-08-08 10:00:00,HINDALCO,463.1,463.45,462.45,463.4,116200,1.37772352756945,464.65,468.2568801951768,466.87915666760733,462.4208433323926,461.04311980482316,,
2023-08-08 10:05:00,HINDALCO,463.4,463.95,463.2,463.5,47207,1.2521788220555599,464.5775,467.8557041561414,466.6035253340859,462.5514746659141,461.29929584385854,,
2023-08-08 10:10:00,HINDALCO,463.6,463.75,462.55,462.75,45444,1.2417430576444457,464.475,467.7258833249132,466.48414026726874,462.4658597327313,461.22411667508686,,
2023-08-08 10:15:00,HINDALCO,462.6,463.0,462.05,462.6,79033,1.1833944461155543,464.36499999999995,467.4631266599305,466.2797322138149,462.450267786185,461.2668733400694,,
2023-08-08 10:20:00,HINDALCO,462.6,462.65,461.5,461.5,67526,1.176715556892439,464.2049999999999,467.28564132794435,466.1089257710519,462.301074228948,461.1243586720555,,
2023-08-08 10:25:00,HINDALCO,461.5,462.0,461.1,461.45,40945,1.1213724455139467,464.0125,466.9482530623555,465.82688061684155,462.1981193831584,461.0767469376445,,
2023-08-08 10:30:00,HINDALCO,461.6,461.6,460.0,460.4,178559,1.217097956411162,463.76750000000004,466.95386244988447,465.7367644934733,461.7982355065268,460.5811375501156,,
2023-08-08 10:35:00,HINDALCO,460.45,460.9,460.3,460.7,34594,1.0936783651289228,463.5675,466.43074995990753,465.3370715947786,461.7979284052214,460.70425004009246,,
2023-08-08 10:40:00,HINDALCO,460.7,461.9,460.25,461.8,44676,1.2049426921031337,463.4125,466.567039967926,465.3620972758229,461.4629027241771,460.25796003207404,,460.25
2023-08-08 10:45:00,HINDALCO,461.7,461.7,460.4,461.05,60884,1.2239541536825091,463.25750000000005,466.46181197434083,465.23785782065835,461.27714217934175,460.05318802565927,,
2023-08-08 10:50:00,HINDALCO,460.95,461.35,460.5,460.5,38692,1.1491633229460119,463.075,466.08350957947266,464.9343462565266,461.21565374347335,460.0664904205273,,
2023-08-08 10:55:00,HINDALCO,460.5,461.0,459.95,460.75,41417,1.1293306583568117,462.875,465.83158766357815,464.7022570052213,461.0477429947787,459.91841233642185,,
2023-08-08 11:00:00,HINDALCO,460.7,460.7,458.1,459.8,111143,1.4234645266854427,462.645,466.37163013086246,464.948165604177,460.34183439582296,458.9183698691375,,
2023-08-08 11:05:00,HINDALCO,459.7,459.7,457.7,457.9,79436,1.5387716213483542,462.23999999999995,466.26850410468995,464.7297324833416,459.7502675166583,458.21149589530995,459.7,
2023-08-08 11:10:00,HINDALCO,457.9,458.55,457.4,458.1,59487,1.4610172970786903,461.85,465.67494328375204,464.21392598667336,459.4860740133267,458.025056716248,,
2023-08-08 11:15:00,HINDALCO,458.1,458.7,457.5,457.95,38373,1.40881383766295,461.4674999999999,465.1557746270015,463.7469607893386,459.18803921066126,457.7792253729983,,
2023-08-08 11:20:00,HINDALCO,457.7,459.0,457.7,458.8,36403,1.3870510701303622,461.21999999999997,464.85129970160125,463.4642486314709,458.975751368529,457.5887002983987,,
2023-08-08 11:25:00,HINDALCO,458.7,458.75,457.7,457.75,38229,1.319640856104292,460.91499999999996,464.369819761281,463.0501789051767,458.7798210948232,457.4601802387189,,
2023-08-08 11:30:00,HINDALCO,457.8,458.5,456.7,457.7,78198,1.415712684883436,460.5875,464.2938358090248,462.8781231241414,458.2968768758586,456.88116419097514,,
2023-08-08 11:35:00,HINDALCO,457.7,457.75,456.2,457.6,79460,1.4425701479067512,460.3,464.0766486472199,462.63407849931315,457.9659215006869,456.52335135278014,,
2023-08-08 11:40:00,HINDALCO,457.75,458.5,457.4,458.2,37265,1.3740561183254056,460.03999999999996,463.63727891777586,462.2632227994505,457.81677720054944,456.44272108222407,,457.4
2023-08-08 11:45:00,HINDALCO,458.1,458.2,457.7,458.0,27033,1.1992448946603247,459.765,462.90462313422074,461.7053782395604,457.8246217604396,456.62537686577923,,
2023-08-08 11:50:00,HINDALCO,457.75,458.4,456.85,458.4,47630,1.2693959157282508,459.54749999999996,462.87077850737654,461.60138259164825,457.49361740835167,456.22422149262337,,
2023-08-08 11:55:00,HINDALCO,458.4,458.45,457.8,457.85,29630,1.1455167325825961,459.31000000000006,462.3089628059013,461.1634460733187,457.4565539266814,456.31103719409884,,
2023-08-08 12:00:00,HINDALCO,457.8,458.4,457.65,458.3,34755,1.066413386066077,459.15,461.941870244721,460.8754568586549,457.42454314134505,456.358129755279,,
2023-08-08 12:05:00,HINDALCO,458.25,458.3,457.25,457.75,26097,1.0631307088528639,458.965,461.7482761957768,460.6851454869239,457.24485451307606,456.18172380422317,,
2023-08-08 12:10:00,HINDALCO,457.75,458.25,457.4,458.25,29653,1.0205045670822956,458.85749999999996,461.5291809566214,460.5086763895391,457.2063236104608,456.1858190433785,,
2023-08-08 12:15:00,HINDALCO,458.25,458.25,457.25,457.45,28801,1.0164036536658365,458.695,461.3559447652972,460.3395411116313,457.05045888836867,456.0340552347028,,
2023-08-08 12:20:00,HINDALCO,457.4,457.4,456.5,456.95,36272,0.9931229229326648,458.4525,461.0524958122377,460.05937288930505,456.8456271106949,455.8525041877623,,
2023-08-08 12:25:00,HINDALCO,456.85,457.0,456.15,457.0,24976,0.9644983383461365,458.25,460.7750566497902,459.810558311444,456.689441688556,455.7249433502098,,
2023-08-08 12:30:00,HINDALCO,457.0,457.0,456.15,456.55,42967,0.9415986706769138,458.05250000000007,460.5176053198322,459.5760066491553,456.5289933508448,455.5873946801679,,
2023-08-08 12:35:00,HINDALCO,456.55,456.8,456.0,456.2,39281,0.9132789365415334,457.825,460.21596425586574,459.3026853193242,456.34731468067577,455.43403574413423,,
2023-08-08 12:40:00,HINDALCO,456.2,456.3,455.5,456.25,49428,0.8906231492332289,457.64750000000004,459.97915140469263,459.0885282554594,456.2064717445407,455.31584859530744,,
2023-08-08 12:45:00,HINDALCO,456.2,457.0,456.1,457.0,21818,0.8924985193865786,457.60249999999996,459.939061123754,459.04656260436747,456.15843739563246,455.2659388762459,,
2023-08-08 12:50:00,HINDALCO,457.0,457.0,456.2,456.25,33570,0.8739988155092652,457.51000000000005,459.7981288990033,458.92413008349405,456.09586991650605,455.2218711009968,,
2023-08-08 12:55:00,HINDALCO,456.45,457.0,455.95,456.8,22008,0.9091990524074145,457.4525,459.8327831192026,458.9235840667952,455.9814159332048,455.0722168807974,,
2023-08-08 13:00:00,HINDALCO,456.75,457.0,456.65,457.0,26433,0.7973592419259361,457.3625,459.4499864953621,458.65262725343615,456.0723727465639,455.2750135046379,,
2023-08-08 13:05:00,HINDALCO,457.0,457.0,456.55,456.85,24723,0.7278873935407467,457.3175,459.22310919628967,458.4952218027489,456.1397781972511,455.4118908037103,,
2023-08-08 13:10:00,HINDALCO,456.8,456.85,456.05,456.6,36345,0.7423099148325997,457.2625000000001,459.2058673570318,458.46355744219926,456.06144255780094,455.3191326429684,,
2023-08-08 13:15:00,HINDALCO,456.55,456.85,456.15,456.3,26330,0.7338479318660889,457.19750000000005,459.1187138856255,458.3848659537594,456.0101340462407,455.2762861143746,,
2023-08-08 13:20:00,HINDALCO,456.25,456.9,455.6,455.9,36749,0.847078345492862,457.0825,459.3001511085003,458.4530727630074,455.71192723699255,454.86484889149966,,
2023-08-08 13:25:00,HINDALCO,455.85,461.3,455.5,457.55,433632,1.837662676394292,457.06000000000006,461.8710008868003,460.03333821040604,454.0866617895941,452.24899911319983,,
2023-08-08 13:30:00,HINDALCO,457.65,458.7,456.35,457.3,325522,1.9401301411154268,457.005,462.0842607094402,460.1441305683248,453.8658694316752,451.9257392905598,,
2023-08-08 13:35:00,HINDALCO,457.15,457.3,455.4,456.75,235412,1.9321041128923484,456.95,462.00824856755213,460.0761444546598,453.82385554534017,451.89175143244785,,
2023-08-08 13:40:00,HINDALCO,457.0,457.0,452.6,452.8,391376,2.4256832903138745,456.675,463.02543885404174,460.59975556372785,452.75024443627217,450.3245611459583,,
2023-08-08 13:45:00,HINDALCO,452.75,454.8,452.0,453.0,263796,2.500546632251102,456.4375,462.98393108323336,460.48338445098227,452.39161554901773,449.89106891676664,,
2023-08-08 13:50:00,HINDALCO,453.0,454.35,453.0,454.1,131851,2.270437305800886,456.23,462.17400486658676,459.90356756078586,452.5564324392142,450.2859951334133,,
2023-08-08 13:55:00,HINDALCO,454.05,454.35,453.0,453.7,110180,2.0863498446407136,456.0425,461.5045638932694,459.41821404862867,452.66678595137137,450.58043610673064,,
2023-08-08 14:00:00,HINDALCO,453.65,454.0,452.8,453.2,58507,1.9090798757125687,455.855,460.8529711146155,458.94389123890295,452.7661087610971,450.8570288853845,,
2023-08-08 14:05:00,HINDALCO,453.35,454.0,452.6,453.85,63915,1.8072639005700504,455.69749999999993,460.4289168916923,458.6216529911223,452.7733470088776,450.96608310830754,,
2023-08-08 14:10:00,HINDALCO,453.9,454.4,453.4,454.3,63714,1.6458111204560404,455.58500000000004,459.89373351335394,458.2479223928979,452.92207760710215,451.27626648664614,,
2023-08-08 14:15:00,HINDALCO,454.35,454.65,453.8,453.9,71756,1.4866488963648257,455.46999999999997,459.36204681068307,457.8753979143183,453.06460208568166,451.5779531893169,,
2023-08-08 14:20:00,HINDALCO,453.95,454.8,453.55,454.6,57076,1.4393191170918607,455.3875000000001,459.1556374485466,457.7163183314547,453.0586816685455,451.6193625514536,,
2023-08-08 14:25:00,HINDALCO,454.65,454.75,454.05,454.7,34294,1.2914552936734862,455.2724999999999,458.6535299588371,457.3620746651636,453.1829253348362,451.89147004116273,,
2023-08-08 14:30:00,HINDALCO,454.55,455.55,454.5,454.65,92542,1.2431642349387912,455.1925,458.4471039670698,457.20393973213095,453.18106026786904,451.9378960329302,,
2023-08-08 14:35:00,HINDALCO,454.65,455.2,453.7,454.45,91722,1.2945313879510332,455.075,458.4640831736558,457.16955178570475,452.9804482142952,451.68591682634417,,
2023-08-08 14:40:00,HINDALCO,454.35,454.75,453.7,453.8,62330,1.245625110360829,454.91499999999996,458.1760465389246,456.93042142856376,452.89957857143617,451.65395346107533,,
2023-08-08 14:45:00,HINDALCO,453.85,454.4,453.75,454.2,42150,1.1265000882886587,454.78249999999997,457.73167723113966,456.605177142851,452.95982285714894,451.8333227688603,,
2023-08-08 14:50:00,HINDALCO,454.2,455.25,453.65,454.9,86998,1.2212000706309316,454.69749999999993,457.8946017849117,456.67340171428077,452.7215982857191,451.5003982150882,,
2023-08-08 14:55:00,HINDALCO,455.0,455.6,454.7,454.8,61276,1.1569600565047522,454.62250000000006,457.6514214279295,456.49446137142473,452.7505386285754,451.5935785720706,,
2023-08-08 15:00:00,HINDALCO,454.95,455.1,454.45,454.45,101313,1.0555680452038085,454.55,457.3134771423436,456.25790909713976,452.84209090286026,451.78652285765645,,
2023-08-08 15:05:00,HINDALCO,454.45,455.0,454.35,454.65,97480,0.9744544361630423,454.4049999999999,456.9561217138748,455.9816672777117,452.8283327222881,451.85387828612505,,
2023-08-08 15:10:00,HINDALCO,454.7,454.75,454.0,454.15,124057,0.9295635489304339,454.24750000000006,456.68109737109995,455.7515338221695,452.7434661778306,451.81390262890017,,
2023-08-08 15:15:00,HINDALCO,454.2,454.75,454.15,454.75,179297,0.8636508391443517,454.14750000000004,456.4085378968799,455.5448870577356,452.7501129422645,451.88646210312015,,
2023-08-08 15:20:00,HINDALCO,454.8,455.45,454.75,455.4,215086,0.8309206713154791,454.27750000000003,456.45285031750393,455.6219296461885,452.93307035381156,452.10214968249613,,
2023-08-08 15:25:00,HINDALCO,455.45,455.85,454.9,455.25,104336,0.8547365370523925,454.39000000000004,456.62770025400323,455.7729637169508,453.0070362830493,452.15229974599686,455.85,
2023-08-09 09:15:00,HINDALCO,454.75,457.5,454.45,455.1,493828,1.2937892296419164,454.43999999999994,457.8271402032025,456.5333509735606,452.3466490264393,451.0528597967974,,
2023-08-09 09:20:00,HINDALCO,454.8,457.45,453.65,457.3,179457,1.7950313837135354,454.62,459.31939216256205,457.5243607788485,451.7156392211515,449.92060783743796,,
2023-08-09 09:25:00,HINDALCO,457.35,458.05,455.5,456.35,92018,1.946025106970831,454.77750000000003,459.8721937300497,457.9261686230788,451.62883137692126,449.6828062699504,,
2023-08-09 09:30:00,HINDALCO,456.45,457.9,455.5,457.4,90985,2.0368200855766605,454.95500000000004,460.28739498403974,458.25057489846307,451.659425101537,449.62260501596035,,
2023-08-09 09:35:00,HINDALCO,457.15,457.6,456.6,457.5,76478,1.8294560684613284,455.11499999999995,459.9045159872317,458.07505991877036,452.15494008122954,450.3254840127682,,
2023-08-09 09:40:00,HINDALCO,457.5,457.5,456.5,456.5,42597,1.6635648547690627,455.245,459.6002127897854,457.93664793501637,452.55335206498364,450.8897872102146,,
2023-08-09 09:45:00,HINDALCO,456.5,456.7,454.5,454.8,78340,1.770851883815248,455.25499999999994,459.89109023182823,458.120238348013,452.3897616519869,450.61890976817165,,
2023-08-09 09:50:00,HINDALCO,454.25,455.9,454.2,455.6,66384,1.7566815070521962,455.3,459.89899218546265,458.14231067841047,452.45768932158956,450.7010078145374,,
2023-08-09 09:55:00,HINDALCO,455.75,455.75,454.95,455.6,30729,1.5653452056417594,455.3475,459.4455737483702,457.8802285427284,452.81477145727166,451.24942625162987,,
2023-08-09 10:00:00,HINDALCO,455.8,455.8,454.55,455.0,43873,1.5022761645134075,455.375,459.3079589986961,457.8056828341827,452.9443171658173,451.4420410013039,,
2023-08-09 10:05:00,HINDALCO,455.0,455.6,454.8,455.45,37128,1.3618209316107284,455.4575000000001,459.022747198957,457.66092626734627,453.2540737326539,451.8922528010432,,
2023-08-09 10:10:00,HINDALCO,455.45,456.0,454.9,455.5,65797,1.3094567452885875,455.52250000000004,458.95065775916555,457.641201013877,453.4037989861231,452.0943422408345,,
2023-08-09 10:15:00,HINDALCO,455.55,455.55,454.4,454.8,26863,1.2775653962308768,455.51750000000004,458.86216620733245,457.5846008111016,453.4503991888985,452.17283379266763,,
2023-08-09 10:20:00,HINDALCO,454.65,455.0,453.85,454.3,58137,1.252052316984697,455.49249999999995,458.7703729658659,457.5183206488812,453.4666793511187,452.214627034134,,
2023-08-09 10:25:00,HINDALCO,454.3,454.95,452.45,452.7,182549,1.5016418535877578,455.40500000000003,459.3362983726928,457.834656519105,452.97534348089505,451.47370162730726,,
2023-08-09 10:30:00,HINDALCO,453.0,453.6,452.0,453.35,138014,1.5213134828702108,455.34000000000003,459.32279869815426,457.80148521528406,452.878514784716,451.3572013018458,,
2023-08-09 10:35:00,HINDALCO,453.45,453.65,453.2,453.4,38430,1.3070507862961664,455.30250000000007,458.72435895852345,457.41730817222725,453.1876918277729,451.8806410414767,,
2023-08-09 10:40:00,HINDALCO,453.3,454.35,453.25,454.2,31150,1.2656406290369377,455.275,458.5884471668187,457.32280653778173,453.2271934622182,451.96155283318126,,
2023-08-09 10:45:00,HINDALCO,454.2,454.2,453.0,453.1,32210,1.252512503229548,455.15999999999997,458.43907773345495,457.18656523022537,453.13343476977457,451.880922266545,,
2023-08-09 10:50:00,HINDALCO,453.1,453.1,451.0,451.75,102333,1.422010002583643,454.98499999999996,458.7078221867639,457.2858121841803,452.6841878158196,451.262177813236,,
2023-08-09 10:55:00,HINDALCO,451.75,453.0,451.45,452.85,41808,1.4476080020669169,454.87249999999995,458.6623377494111,457.2147297473442,452.53027025265567,451.0826622505888,,451.45
2023-08-09 11:00:00,HINDALCO,452.85,453.45,452.25,452.95,47678,1.3980864016535313,454.65500000000003,458.31519019952896,456.9171037978754,452.39289620212463,450.9948098004711,,
2023-08-09 11:05:00,HINDALCO,453.0,453.2,452.6,453.0,24992,1.2384691213228183,454.4875,457.7298121596231,456.49134303830033,452.4836569616997,451.2451878403769,,
2023-08-09 11:10:00,HINDALCO,453.0,453.9,452.95,453.85,33082,1.1807752970582523,454.31000000000006,457.40126972769855,456.2204944306403,452.3995055693598,451.21873027230157,,
2023-08-09 11:15:00,HINDALCO,453.85,454.5,453.4,453.6,68703,1.1646202376466066,454.11499999999995,457.1639757821588,455.9993555445122,452.2306444554877,451.0660242178411,,
2023-08-09 11:20:00,HINDALCO,453.8,453.85,451.5,452.0,224771,1.40169619011729,453.89,457.55964062572707,456.15794443560975,451.6220555643902,450.2203593742729,,
2023-08-09 11:25:00,HINDALCO,451.95,451.95,451.0,451.1,68699,1.3113569520938297,453.70500000000004,457.13813250058166,455.82677554848783,451.58322445151225,450.2718674994184,,
2023-08-09 11:30:00,HINDALCO,451.2,452.4,451.2,452.25,32609,1.3090855616750547,453.5375,456.9646860004653,455.65560043879026,451.4193995612098,450.11031399953475,,
2023-08-09 11:35:00,HINDALCO,452.25,452.85,452.0,452.75,40349,1.2172684493400485,453.395,456.58180880037224,455.3645403510322,451.4254596489678,450.2081911996277,,
2023-08-09 11:40:00,HINDALCO,452.8,452.8,451.6,452.0,43975,1.2138147594720365,453.245,456.4227670402978,455.20895228082577,451.28104771917424,450.0672329597022,,
2023-08-09 11:45:00,HINDALCO,452.0,452.4,451.6,452.2,27844,1.1310518075776201,453.0825,456.0435936322382,454.9125418246606,451.25245817533937,450.1214063677618,,
2023-08-09 11:50:00,HINDALCO,452.25,452.25,451.6,451.9,25091,1.0348414460620916,452.9025,455.6117149057905,454.57687345972846,451.2281265402715,450.19328509420944,,
2023-08-09 11:55:00,HINDALCO,451.9,452.0,451.55,451.95,27270,0.9178731568496711,452.76000000000005,455.1629919246325,454.2451187677828,451.2748812322173,450.3570080753676,,
2023-08-09 12:00:00,HINDALCO,452.0,452.4,451.55,452.4,21549,0.9042985254797301,452.6650000000001,455.032453539706,454.1281550142263,451.20184498577385,450.29754646029414,,
2023-08-09 12:05:00,HINDALCO,452.4,452.7,452.3,452.65,23891,0.8034388203837797,452.6625,454.7659028317648,453.962464011381,451.3625359886191,450.55909716823527,,
2023-08-09 12:10:00,HINDALCO,452.65,452.65,452.3,452.65,21619,0.712751056307017,452.62749999999994,454.4934822654117,453.7807312091047,451.47426879089517,450.76151773458815,,
2023-08-09 12:15:00,HINDALCO,452.65,452.65,452.3,452.65,27327,0.6402008450456068,452.59,454.26604581232937,453.62584496728374,451.5541550327162,450.9139541876706,,
2023-08-09 12:20:00,HINDALCO,452.65,453.5,452.35,453.25,38547,0.742160676036481,452.5424999999999,454.4854766498634,453.74331597382695,451.34168402617286,450.5995233501364,,
2023-08-09 12:25:00,HINDALCO,453.25,453.3,453.0,453.25,25071,0.6537285408291871,452.55,454.2614613198908,453.6077327790616,451.4922672209384,450.8385386801092,,
2023-08-09 12:30:00,HINDALCO,453.25,454.25,453.05,454.25,39886,0.7629828326633474,452.675,454.67248905591265,453.9095062232493,451.4404937767507,450.6775109440874,454.25,
2023-08-09 12:35:00,HINDALCO,454.25,454.35,453.7,453.9,31131,0.7403862661306848,452.72749999999996,454.6658312447301,453.9254449785994,451.52955502140054,450.7891687552698,,
2023-08-09 12:40:00,HINDALCO,454.0,454.05,453.35,453.75,36043,0.7323090129045455,452.7674999999999,454.68468499578404,453.95237598287946,451.5826240171204,450.8503150042158,,
2023-08-09 12:45:00,HINDALCO,453.8,454.1,453.45,453.5,33071,0.7158472103236433,452.7924999999999,454.6665879966272,453.9507407863036,451.6342592136962,450.9184120033726,,
2023-08-09 12:50:00,HINDALCO,453.7,454.6,453.55,454.55,40014,0.7926777682589192,452.8275,454.9027303973018,454.1100526290429,451.54494737095706,450.75226960269816,,
2023-08-09 12:55:00,HINDALCO,454.5,454.85,454.35,454.8,35340,0.7341422146071354,452.8875,454.80948431784145,454.07534210323433,451.69965789676564,450.9655156821585,,
2023-08-09 13:00:00,HINDALCO,454.8,454.9,454.2,454.35,32028,0.7273137716857061,453.005,454.90910745427317,454.18179368258745,451.82820631741254,451.1008925457268,,
2023-08-09 13:05:00,HINDALCO,454.45,455.0,454.2,454.9,59278,0.7418510173485672,453.195,455.13716596341857,454.39531494606996,451.99468505393,451.2528340365814,,
2023-08-09 13:10:00,HINDALCO,455.0,458.3,454.8,458.15,227383,1.2934808138788538,453.48999999999995,456.8763327707348,455.58285195685596,451.39714804314394,450.1036672292651,,
2023-08-09 13:15:00,HINDALCO,458.15,459.25,456.85,457.05,112767,1.5147846511030787,453.70500000000004,457.6707062165879,456.15592156548485,451.25407843451524,449.73929378341217,,
2023-08-09 13:20:00,HINDALCO,457.25,461.85,457.0,461.15,221450,2.1818277208824677,454.1625,459.8745249732703,457.69269725238786,450.6323027476122,448.45047502672975,,
2023-08-09 13:25:00,HINDALCO,461.1,461.7,459.65,459.9,120029,2.1554621767059765,454.54749999999996,460.19049997861623,458.0350378019102,451.0599621980897,448.9045000213837,,
2023-08-09 13:30:00,HINDALCO,459.95,461.45,459.9,460.6,71071,2.0343697413647837,454.98249999999996,460.30847998289295,458.2741102415282,451.6908897584717,449.65652001710697,,
2023-08-09 13:35:00,HINDALCO,460.7,461.1,459.6,460.25,67165,1.927495793091827,455.3974999999999,460.44368398631434,458.5161881932225,452.27881180677736,450.3513160136855,,
2023-08-09 13:40:00,HINDALCO,460.0,460.35,459.2,459.9,52556,1.7719966344734686,455.7724999999999,460.4115871890515,458.639590554578,452.90540944542187,451.13341281094836,,
2023-08-09 13:45:00,HINDALCO,459.85,460.85,459.6,460.7,50924,1.667597307578775,456.175,460.54076975124127,458.8731724436625,453.4768275563375,451.80923024875875,,
2023-08-09 13:50:00,HINDALCO,460.7,461.35,460.55,461.3,58936,1.4940778460630224,456.60749999999996,460.51899580099297,459.02491795492995,454.19008204506997,452.69600419900695,,
2023-08-09 13:55:00,HINDALCO,461.35,461.35,460.45,460.85,41447,1.3752622768504248,457.01750000000004,460.6179366407944,459.24267436394405,454.79232563605603,453.41706335920566,,
2023-08-09 14:00:00,HINDALCO,460.85,462.0,460.75,461.1,65058,1.35020982148034,457.41,460.94484931263554,459.5946394911552,455.22536050884486,453.8751506873645,,
2023-08-09 14:05:00,HINDALCO,461.1,461.6,460.5,460.6,46476,1.3001678571842767,457.77750000000003,461.18133945010845,459.8811715929242,455.67382840707586,454.3736605498916,,
2023-08-09 14:10:00,HINDALCO,460.55,461.75,460.3,461.7,50259,1.3301342857474192,458.15,461.63229156008674,460.3021572743393,455.99784272566063,454.6677084399132,,
2023-08-09 14:15:00,HINDALCO,461.65,461.85,461.1,461.8,37062,1.2141074285979356,458.54499999999996,461.7235332480694,460.5094258194714,456.5805741805285,455.36646675193055,,
2023-08-09 14:20:00,HINDALCO,461.85,462.85,461.85,462.25,57534,1.1812859428783509,458.9700000000001,462.0626065984556,460.88132065557727,457.0586793444229,455.87739340154457,,
2023-08-09 14:25:00,HINDALCO,462.25,463.0,462.2,462.9,45260,1.105028754302683,459.44000000000005,462.3329652787645,461.22793652446177,457.65206347553834,456.5470347212356,,
2023-08-09 14:30:00,HINDALCO,462.85,463.6,462.7,463.0,76340,1.0640230034421534,459.8625,462.6481122230116,461.5840892195694,458.1409107804306,457.0768877769884,,
2023-08-09 14:35:00,HINDALCO,463.0,463.95,462.8,463.95,63499,1.0812184027537182,460.32000000000005,463.15062977840927,462.0694113756556,458.5705886243445,457.48937022159083,,
2023-08-09 14:40:00,HINDALCO,463.85,465.9,463.0,465.85,177620,1.44497472220297,460.895,464.67794382272734,463.2329691005244,458.5570308994756,457.1120561772726,,
2023-08-09 14:45:00,HINDALCO,465.85,467.35,465.2,466.9,287947,1.585979777762383,461.49500000000006,465.647095058182,464.0611152804196,458.92888471958054,457.3429049418181,,
2023-08-09 14:50:00,HINDALCO,467.0,467.8,466.65,467.15,130397,1.4987838222099132,461.945,465.86881604654553,464.37003222433566,459.5199677756643,458.02118395345445,,
2023-08-09 14:55:00,HINDALCO,467.15,468.3,467.15,467.75,106726,1.4290270577679376,462.48,466.22119283723646,464.7921657794685,460.1678342205315,458.7388071627636,,
2023-08-09 15:00:00,HINDALCO,467.9,469.8,467.75,468.85,198495,1.5532216462143524,462.86499999999995,466.93133426978915,465.3781126235748,460.3518873764251,458.79866573021076,,
2023-08-09 15:05:00,HINDALCO,468.85,469.3,468.65,469.1,109678,1.3725773169714888,463.325,466.9184074158313,465.5458300988599,461.1041699011401,459.73159258416865,,
2023-08-09 15:10:00,HINDALCO,469.1,469.3,468.4,468.7,114319,1.278061853577198,463.73,467.0759659326651,465.7979040790879,461.6620959209121,460.38403406733494,,
2023-08-09 15:15:00,HINDALCO,468.55,469.15,468.5,469.0,143559,1.1524494828617537,464.1675,467.1846127461321,466.0321632632703,462.3028367367297,461.15038725386796,,
2023-08-09 15:20:00,HINDALCO,469.0,469.4,468.4,468.85,177698,1.121959586289403,464.61500000000007,467.55229019690574,466.4303306106163,462.79966938938384,461.6777098030944,,
2023-08-09 15:25:00,HINDALCO,468.85,469.1,468.0,468.25,132098,1.117567669031527,464.9925,467.91829215752455,466.800724488493,463.184275511507,462.06670784247547,,
2023-08-10 09:15:00,HINDALCO,468.0,470.7,467.0,469.45,318761,1.6340541352252194,465.4,469.6779537260196,468.0438995907944,462.75610040920554,461.12204627398035,,
2023-08-10 09:20:00,HINDALCO,469.6,470.5,468.65,469.75,118066,1.67724330818018,465.84499999999997,470.2360229808157,468.5587796726355,463.1312203273644,461.45397701918426,,
2023-08-10 09:25:00,HINDALCO,469.65,470.0,468.45,468.45,91684,1.6517946465441464,466.2125,470.53689838465255,468.8851037381084,463.53989626189156,461.8881016153474,470.0,
2023-08-10 09:30:00,HINDALCO,468.45,468.8,467.7,467.9,92046,1.541435717235322,466.5775,470.61297870772205,469.07154299048676,464.0834570095132,462.5420212922779,,
2023-08-10 09:35:00,HINDALCO,467.9,468.45,467.15,467.6,83546,1.49314857378826,466.87250000000006,470.7815629661777,469.2884143923895,464.45658560761063,462.9634370338224,,
2023-08-10 09:40:00,HINDALCO,467.6,467.9,466.55,467.5,75477,1.464518859030601,467.15749999999997,470.9916103729421,469.5270915139115,464.78790848608844,463.32338962705785,,
2023-08-10 09:45:00,HINDALCO,467.55,467.65,466.2,466.8,73449,1.4616150872244786,467.38499999999993,471.21150829835364,469.7498932111291,465.02010678887075,463.55849170164623,,
2023-08-10 09:50:00,HINDALCO,466.9,467.45,466.25,467.45,46910,1.4092920697795808,467.6125,471.30202663868295,469.8927345689034,465.33226543109663,463.9229733613171,,
2023-08-10 09:55:00,HINDALCO,467.35,468.25,467.0,467.75,53115,1.3774336558236646,467.85,471.4561213109464,470.07868765512274,465.6213123448773,464.24387868905364,,
2023-08-10 10:00:00,HINDALCO,467.95,468.3,466.75,467.85,41103,1.411946924658934,468.04499999999996,471.7414770487571,470.32953012409814,465.7604698759018,464.34852295124284,,
2023-08-10 10:05:00,HINDALCO,467.85,468.25,467.0,467.0,53147,1.3795575397271473,468.1025000000001,471.71418163900574,470.3346240992786,465.87037590072157,464.4908183609944,,
2023-08-10 10:10:00,HINDALCO,467.0,467.35,467.0,467.1,31569,1.1736460317817223,468.11250000000007,471.1851053112046,470.0114592794229,466.2135407205772,465.0398946887955,,
2023-08-10 10:15:00,HINDALCO,467.05,467.6,466.0,467.0,62759,1.2589168254253824,468.105,471.40084424896366,470.1419274235383,466.06807257646176,464.80915575103637,,
2023-08-10 10:20:00,HINDALCO,467.0,467.05,464.65,465.0,120960,1.4871334603403128,467.96750000000003,471.860815399171,470.37368193883066,465.5613180611694,464.0741846008291,,464.65
2023-08-10 10:25:00,HINDALCO,465.15,465.15,464.0,464.1,66140,1.4197067682722457,467.7299999999999,471.4467923193366,470.0270855510644,465.43291444893543,464.0132076806632,,
2023-08-10 10:30:00,HINDALCO,464.0,464.35,463.0,464.35,72637,1.4057654146178011,467.4925,471.1727938554694,469.7670284408516,465.2179715591484,463.8122061445306,,
2023-08-10 10:35:00,HINDALCO,464.25,464.5,463.7,464.5,53569,1.2846123316942433,467.28249999999997,470.6456150843755,469.36100275268126,465.2039972473187,463.91938491562445,,
2023-08-10 10:40:00,HINDALCO,464.55,464.7,463.6,464.05,38965,1.247689865355388,467.035,470.3014520675004,469.05376220214504,465.016237797855,463.76854793249964,,
2023-08-10 10:45:00,HINDALCO,464.05,465.6,463.45,465.0,65149,1.4281518922843173,466.84250000000003,470.5814016540004,469.15324976171604,464.531750238284,463.10359834599967,,463.45
2023-08-10 10:50:00,HINDALCO,464.95,466.45,464.5,465.7,53580,1.5325215138274515,466.715,470.72714132320027,469.1946198093728,464.23538019062715,462.7028586767997,,
2023-08-10 10:55:00,HINDALCO,465.7,466.2,465.3,465.4,36621,1.4060172110619569,466.5125,470.1934530585602,468.7874358474982,464.23756415250176,462.8315469414398,,
2023-08-10 11:00:00,HINDALCO,465.4,466.0,465.0,466.0,36038,1.3248137688495656,466.325,469.79336244684816,468.46854867799857,464.1814513220014,462.8566375531518,,
2023-08-10 11:05:00,HINDALCO,466.0,466.7,465.8,466.0,32366,1.239851015079648,466.2025,469.4484299574785,468.20857894239884,464.1964210576011,462.9565700425215,,
2023-08-10 11:10:00,HINDALCO,466.0,466.4,465.85,466.05,22118,1.1018808120637094,466.11,468.9947239659828,467.8928431539191,464.3271568460809,463.2252760340172,,
2023-08-10 11:15:00,HINDALCO,465.9,466.2,465.85,466.1,20130,0.9515046496509607,466.035,468.5260391727862,467.5745345231353,464.49546547686475,463.5439608272138,,
2023-08-10 11:20:00,HINDALCO,466.05,466.3,465.05,465.6,34065,1.0112037197207686,465.93999999999994,468.5873313382289,467.57612761850817,464.3038723814917,463.29266866177096,,
2023-08-10 11:25:00,HINDALCO,465.65,465.9,465.3,465.6,19177,0.9289629757766081,465.88,468.31202507058316,467.3830620948066,464.3769379051934,463.44797492941683,,
2023-08-10 11:30:00,HINDALCO,465.5,466.4,465.35,466.4,16660,0.9531703806212775,465.8275,468.3229000564665,467.36972967584524,464.28527032415474,463.3320999435335,,
2023-08-10 11:35:00,HINDALCO,466.4,466.4,465.7,465.85,27026,0.9025363044970198,465.73249999999996,468.09534004517315,467.19280374067614,464.2721962593238,463.3696599548268,,
2023-08-10 11:40:00,HINDALCO,465.85,466.45,465.55,466.45,21855,0.9020290435976114,465.6625,468.0240120361386,467.12198299254095,464.2030170074591,463.3009879638615,,
2023-08-10 11:45:00,HINDALCO,466.45,467.0,465.65,465.65,40747,0.9916232348780937,465.59499999999997,468.19106962891084,467.19944639403275,463.9905536059672,462.9989303710891,,
2023-08-10 11:50:00,HINDALCO,465.7,466.6,465.7,466.5,23365,0.983298587902484,465.56499999999994,468.13927570312865,467.15597711522616,463.9740228847737,462.99072429687124,,
2023-08-10 11:55:00,HINDALCO,466.5,466.6,465.7,466.2,36975,0.9666388703219941,465.525,468.05566056250296,467.08902169218095,463.960978307819,462.994339437497,,
2023-08-10 12:00:00,HINDALCO,466.4,468.25,466.3,468.2,58421,1.1833110962575977,465.68499999999995,468.7829084500023,467.59959735374474,463.77040264625515,462.5870915499976,468.25,
2023-08-10 12:05:00,HINDALCO,468.2,469.05,468.0,468.95,62881,1.1566488770060803,465.92750000000007,468.95560676000196,467.7989578829959,464.0560421170042,462.8993932399982,,
2023-08-10 12:10:00,HINDALCO,468.9,468.95,467.7,467.7,46387,1.1753191016048643,466.09499999999997,469.1719854080015,467.99666630639666,464.1933336936033,463.01801459199845,468.95,
2023-08-10 12:15:00,HINDALCO,467.65,467.7,467.25,467.35,28099,1.0302552812838892,466.2375,468.9347083264012,467.90445304511735,464.5705469548827,463.5402916735988,,
2023-08-10 12:20:00,HINDALCO,467.35,468.0,466.95,468.0,29731,1.0342042250271137,466.43499999999995,469.14254666112095,468.10834243609384,464.76165756390606,463.72745333887895,,
2023-08-10 12:25:00,HINDALCO,467.9,467.95,467.0,467.5,39076,1.0173633800216888,466.55999999999995,469.2234573288967,468.20609394887504,464.91390605112485,463.8965426711032,,
2023-08-10 12:30:00,HINDALCO,467.6,467.6,466.5,466.65,33720,1.0338907040173557,466.60749999999996,469.3142258631174,468.28033515910005,464.93466484089987,463.90077413688255,,
2023-08-10 12:35:00,HINDALCO,466.7,466.8,466.1,466.75,21911,0.9671125632138824,466.675,469.20690069049397,468.23978812728006,465.11021187271996,464.14309930950606,,
2023-08-10 12:40:00,HINDALCO,466.7,467.45,466.4,467.4,78057,0.9836900505711083,466.74500000000006,469.3203005523952,468.3366105018241,465.153389498176,464.1696994476049,,
2023-08-10 12:45:00,HINDALCO,467.4,467.95,467.4,467.9,29252,0.8969520404568889,466.84000000000003,469.18822044191614,468.29126840145926,465.3887315985408,464.4917795580839,,
2023-08-10 12:50:00,HINDALCO,467.9,469.4,467.9,469.1,43138,1.0175616323655112,466.9925,469.6564763535329,468.6389147211674,465.3460852788326,464.3285236464671,,
2023-08-10 12:55:00,HINDALCO,469.15,469.25,467.9,468.7,57745,1.0840493058924134,467.12249999999995,469.9605410828263,468.87649177693385,465.36850822306604,464.2844589171736,,
2023-08-10 13:00:00,HINDALCO,468.55,469.8,468.3,469.75,52609,1.167239444713931,467.33000000000004,470.3858328662611,469.21859342154715,465.4414065784529,464.27416713373896,,
2023-08-10 13:05:00,HINDALCO,469.65,470.3,469.4,469.8,97063,1.1137915557711517,467.5400000000001,470.455906293009,469.3421147372378,465.73788526276235,464.6240937069912,,
2023-08-10 13:10:00,HINDALCO,469.75,471.0,469.6,470.25,68829,1.171033244616917,467.7325000000001,470.79826503440717,469.62723178979024,465.8377682102099,464.666734965593,,
2023-08-10 13:15:00,HINDALCO,470.25,470.95,469.45,469.65,81899,1.2368265956935336,467.9225,471.16051202752567,469.92368543183215,465.9213145681679,464.68448797247436,,
2023-08-10 13:20:00,HINDALCO,469.6,470.25,468.85,469.4,56568,1.2694612765548223,468.07,471.3934496220205,470.1239883454657,466.0160116545343,464.7465503779795,,
2023-08-10 13:25:00,HINDALCO,469.45,469.45,467.35,467.45,97616,1.4355690212438512,468.16,471.9183196976164,470.4827506763726,465.8372493236275,464.4016803023836,,
2023-08-10 13:30:00,HINDALCO,467.5,467.9,467.1,467.8,37389,1.308455216995072,468.225,471.6505357580931,470.342080541098,466.107919458902,464.79946424190695,,
2023-08-10 13:35:00,HINDALCO,467.8,467.8,467.15,467.55,45252,1.1767641735960646,468.2924999999999,471.3732686064744,470.1965044328783,466.3884955671215,465.2117313935254,,
2023-08-10 13:40:00,HINDALCO,467.5,467.5,466.2,466.55,46447,1.201411338876854,468.21000000000004,471.35529488517966,470.1538835463028,466.2661164536973,465.0647051148204,,
2023-08-10 13:45:00,HINDALCO,466.65,467.35,466.4,467.3,30939,1.1511290711014923,468.12749999999994,471.1411559081437,469.99002683704214,466.26497316295774,465.1138440918562,,
2023-08-10 13:50:00,HINDALCO,467.2,467.2,465.05,465.7,74173,1.3509032568811894,468.02750000000003,471.564164726515,470.2132614696338,465.8417385303663,464.49083527348506,,465.05
2023-08-10 13:55:00,HINDALCO,465.55,466.65,465.45,465.95,34403,1.3207226055049492,467.9575,471.41515178121193,470.094429175707,465.820570824293,464.49984821878803,,
2023-08-10 14:00:00,HINDALCO,465.9,466.4,465.0,465.65,41034,1.3365780844039548,467.84,471.3391614249695,470.0025833405656,465.67741665943436,464.34083857503043,,
2023-08-10 14:05:00,HINDALCO,465.4,466.8,465.4,466.75,44191,1.3492624675231708,467.80249999999995,471.33486913997564,469.98560667245243,465.61939332754747,464.27013086002427,,
2023-08-10 14:10:00,HINDALCO,466.8,467.3,466.25,467.3,34389,1.2894099740185392,467.83500000000004,471.2106753119806,469.92126533796204,465.74873466203803,464.4593246880195,,
2023-08-10 14:15:00,HINDALCO,467.3,467.75,467.0,467.65,35705,1.1815279792148314,467.88,470.9732402495844,469.7917122703696,465.9682877296304,464.78675975041557,,
2023-08-10 14:20:00,HINDALCO,467.7,467.85,467.4,467.65,22661,1.0352223833718743,467.8924999999999,470.6027121996675,469.5674898162956,466.21751018370423,465.18228780033235,,
2023-08-10 14:25:00,HINDALCO,467.55,468.2,467.55,467.9,33709,0.9581779066974949,467.8924999999999,470.401009759734,469.44283185303647,466.3421681469634,465.38399024026586,,
2023-08-10 14:30:00,HINDALCO,467.8,468.0,467.45,468.0,26403,0.8765423253579983,467.8374999999999,470.1322878077872,469.2557454824292,466.41925451757066,465.54271219221266,,
2023-08-10 14:35:00,HINDALCO,467.95,468.5,467.6,468.25,38740,0.8812338602863942,467.81499999999994,470.1220702462297,469.24083638594334,466.38916361405654,465.50792975377016,,
2023-08-10 14:40:00,HINDALCO,468.3,468.5,467.6,468.35,38378,0.8849870882291109,467.745,470.0618961969838,469.1769091087547,466.3130908912453,465.4281038030162,,
2023-08-10 14:45:00,HINDALCO,468.3,468.4,467.25,467.25,35349,0.9379896705832842,467.61749999999995,470.073156957587,469.1351672870037,466.0998327129962,465.1618430424129,,
2023-08-10 14:50:00,HINDALCO,467.1,467.45,466.75,467.2,37017,0.8903917364666252,467.465,469.7960455660696,468.90565382960295,466.024346170397,465.13395443393034,,
2023-08-10 14:55:00,HINDALCO,467.45,468.5,467.3,467.65,57731,0.9723133891733025,467.36499999999995,469.91051645285563,468.93820306368235,465.79179693631755,464.8194835471443,,
2023-08-10 15:00:00,HINDALCO,467.75,468.2,466.65,467.75,103365,1.0878507113386444,467.28249999999997,470.13049316228455,469.0426424509459,465.52235754905405,464.4345068377154,,
2023-08-10 15:05:00,HINDALCO,467.6,469.65,467.6,469.5,86655,1.2802805690709065,467.38500000000005,470.7367745298277,469.4564939607568,465.3135060392433,464.0332254701724,,
2023-08-10 15:10:00,HINDALCO,469.45,470.0,469.25,469.45,64836,1.1742244552567254,467.46750000000003,470.5416196238621,469.3673951686054,465.56760483139465,464.39338037613794,,
2023-08-10 15:15:00,HINDALCO,469.45,469.8,469.1,469.25,145447,1.079379564205378,467.55250000000007,470.37831569908974,469.29893613488434,465.8060638651158,464.7266843009104,,
2023-08-10 15:20:00,HINDALCO,469.15,469.6,468.6,468.6,117444,1.0635036513643026,467.6549999999999,470.43925255927167,469.37574890790734,465.9342510920925,464.87074744072817,,
2023-08-10 15:25:00,HINDALCO,468.65,469.1,468.55,468.9,53658,0.9608029210914444,467.735,470.2503820474174,469.289579126326,466.18042087367405,465.2196179525826,,
2023-08-11 09:15:00,HINDALCO,467.0,467.4,465.7,466.45,145533,1.1086423368731533,467.7724999999999,470.6749256379338,469.5662833010607,465.97871669893914,464.870074362066,,
2023-08-11 09:20:00,HINDALCO,466.45,466.5,464.2,465.05,102466,1.346913869498525,467.7275000000001,471.2537205103472,469.9068066408487,465.54819335915147,464.20127948965296,,
2023-08-11 09:25:00,HINDALCO,465.4,465.4,463.65,464.6,90185,1.42753109559882,467.675,471.4122764082777,469.9847453126789,465.3652546873211,463.9377235917223,,
2023-08-11 09:30:00,HINDALCO,464.6,464.9,463.35,463.35,90996,1.452024876479047,467.505,471.3064011266221,469.8543762501431,465.1556237498569,463.70359887337787,,
2023-08-11 09:35:00,HINDALCO,463.4,464.15,462.2,463.5,89573,1.5516199011832355,467.31499999999994,471.37714090129765,469.8255210001144,464.8044789998855,463.25285909870223,,
2023-08-11 09:40:00,HINDALCO,463.5,463.85,462.45,463.35,67601,1.5212959209465953,467.1,471.0827527210382,469.5614568000916,464.63854319990844,463.1172472789618,,
2023-08-11 09:45:00,HINDALCO,463.5,463.9,462.6,462.85,88640,1.4770367367572672,466.86,470.72688217683054,469.2498454400733,464.47015455992675,462.9931178231695,,
2023-08-11 09:50:00,HINDALCO,462.7,462.7,460.65,460.7,177824,1.5916293894058162,466.5,470.6668857414644,469.0752563520586,463.9247436479414,462.3331142585356,,
2023-08-11 09:55:00,HINDALCO,460.5,461.7,460.5,461.7,74556,1.513303511524651,466.18500000000006,470.1468285931716,468.63352508164695,463.73647491835317,462.2231714068285,,
2023-08-11 10:00:00,HINDALCO,461.65,462.0,461.0,462.0,69458,1.4106428092197207,465.87250000000006,469.5655628745373,468.1549200653176,463.59007993468254,462.1794371254628,,
2023-08-11 10:05:00,HINDALCO,462.3,462.4,460.4,461.25,98369,1.5285142473757767,465.51750000000004,469.5191502996298,467.99063605225405,463.04436394774604,461.51584970037027,,
2023-08-11 10:10:00,HINDALCO,461.3,462.05,460.7,461.8,40661,1.492811397900626,465.24500000000006,469.1531802397039,467.6603688418033,462.82963115819683,461.33681976029624,,
2023-08-11 10:15:00,HINDALCO,461.85,461.85,460.9,461.45,71616,1.38424911832051,464.9575,468.5814641917631,467.1972150734426,462.7177849265574,461.3335358082369,,
2023-08-11 10:20:00,HINDALCO,461.45,463.65,461.3,463.2,81173,1.5773992946564013,464.735,468.86463135341046,467.28723205875406,462.18276794124597,460.60536864658957,,461.3
2023-08-11 10:25:00,HINDALCO,463.1,464.5,463.1,464.2,141497,1.5419194357251165,464.5575,468.5942450827284,467.0523256470032,462.0626743529968,460.52075491727163,,
2023-08-11 10:30:00,HINDALCO,464.0,464.8,463.9,464.7,81627,1.4135355485801,464.3175,468.0181360661827,466.6046005176026,462.0303994823974,460.6168639338173,,
2023-08-11 10:35:00,HINDALCO,464.7,464.7,462.85,462.85,52523,1.5008284388640734,463.9875,467.91666885294615,466.4158404140821,461.55915958591794,460.0583311470539,,
2023-08-11 10:40:00,HINDALCO,462.85,463.55,462.5,462.95,34420,1.410662751091261,463.67249999999996,467.3656150823569,465.95495233126564,461.39004766873427,459.979384917643,,
2023-08-11 10:45:00,HINDALCO,463.0,463.4,462.6,462.95,35064,1.2885302008729997,463.39000000000004,466.76337206588556,465.47484186501254,461.30515813498755,460.0166279341145,,
2023-08-11 10:50:00,HINDALCO,462.9,463.05,462.6,462.9,28812,1.1208241606983975,463.09,466.02431765270836,464.90349349201,461.27650650798995,460.1556823472916,,
2023-08-11 10:55:00,HINDALCO,462.85,463.0,462.1,462.15,44047,1.0766593285587136,462.875,465.69369412216673,464.617034793608,461.132965206392,460.05630587783327,,
2023-08-11 11:00:00,HINDALCO,462.15,462.15,461.3,461.95,40740,1.0313274628469642,462.71999999999997,465.4200152977333,464.38868783488635,461.0513121651136,460.01998470226664,,
2023-08-11 11:05:00,HINDALCO,462.0,462.4,461.8,461.9,23010,0.9450619702775647,462.58500000000004,465.0591722381867,464.11411026790915,461.0558897320909,460.11082776181337,,
2023-08-11 11:10:00,HINDALCO,461.9,462.9,461.85,462.25,31236,0.9660495762220427,462.53000000000003,465.05911779054935,464.0930682143273,460.9669317856728,460.0008822094507,,
2023-08-11 11:15:00,HINDALCO,462.3,464.0,462.3,463.8,49793,1.1228396609776343,462.54499999999996,465.4845942324394,464.36175457146174,460.7282454285382,459.6054057675605,,
2023-08-11 11:20:00,HINDALCO,463.8,464.8,463.2,464.25,78016,1.218271728782112,462.59,465.77943538595156,464.56116365716946,460.6188363428305,459.4005646140484,,
2023-08-11 11:25:00,HINDALCO,464.25,464.8,463.9,464.2,55557,1.1546173830256965,462.65749999999997,465.68028830876125,464.52567092573554,460.7893290742644,459.6347116912387,,
2023-08-11 11:30:00,HINDALCO,464.4,464.4,462.85,462.85,42964,1.233693906420548,462.76500000000004,465.99481064700905,464.7611167405885,460.7688832594116,459.53518935299104,,
2023-08-11 11:35:00,HINDALCO,462.9,462.95,461.8,461.85,54937,1.2169551251364341,462.77250000000004,465.95848851760724,464.7415333924708,460.8034666075293,459.58651148239284,,
2023-08-11 11:40:00,HINDALCO,461.85,462.85,461.75,462.55,18311,1.193564100109152,462.8,465.92475081408577,464.7311867139766,460.8688132860234,459.67524918591425,,
2023-08-11 11:45:00,HINDALCO,462.6,462.7,461.05,461.35,56228,1.284851280087317,462.805,466.1687406512686,464.8838893711813,460.72611062881873,459.4412593487314,,
2023-08-11 11:50:00,HINDALCO,461.35,462.35,461.25,461.85,27900,1.2478810240698583,462.8075,466.0744525210149,464.826571496945,460.788428503055,459.5405474789851,,
2023-08-11 11:55:00,HINDALCO,461.85,461.95,461.25,461.7,47136,1.1383048192558844,462.82,465.80008201681187,464.66177719755603,460.97822280244395,459.8399179831881,,
2023-08-11 12:00:00,HINDALCO,461.7,462.55,461.45,461.85,28333,1.1306438554047122,462.75249999999994,465.7125256134495,464.58188175804474,460.92311824195514,459.7924743865504,,
2023-08-11 12:05:00,HINDALCO,461.85,462.45,461.7,462.2,18555,1.0545150843237698,462.65250000000003,465.41322049075967,464.3587054064359,460.9462945935642,459.8917795092404,,
2023-08-11 12:10:00,HINDALCO,462.35,462.4,461.7,462.2,30246,0.9836120674590136,462.5275,465.10259639260767,464.11898432514863,460.9360156748513,459.9524036073923,,
2023-08-11 12:15:00,HINDALCO,462.15,462.4,462.0,462.2,35295,0.8668896539672064,462.495,464.7645171140862,463.89762746011894,461.09237253988107,460.22548288591383,,
2023-08-11 12:20:00,HINDALCO,462.2,462.5,462.0,462.5,25528,0.7935117231737652,462.4725,464.54991369126896,463.7564019680952,461.18859803190486,460.3950863087311,,
2023-08-11 12:25:00,HINDALCO,462.4,462.95,462.4,462.45,34968,0.7448093785390145,462.44749999999993,464.3974109530151,463.6526015744761,461.2423984255238,460.4975890469848,,
2023-08-11 12:30:00,HINDALCO,462.45,462.85,462.1,462.25,23570,0.7458475028312117,462.41499999999996,464.3676287624121,463.62178125958087,461.20821874041906,460.46237123758783,,
2023-08-11 12:35:00,HINDALCO,462.3,462.7,461.9,462.25,22740,0.7566780022649716,462.41999999999996,464.40098300992963,463.6443050076647,461.19569499233523,460.4390169900703,,
2023-08-11 12:40:00,HINDALCO,462.25,462.5,462.1,462.15,22743,0.6853424018119727,462.43,464.2242264079438,463.53888400613175,461.32111599386826,460.63577359205624,,
2023-08-11 12:45:00,HINDALCO,462.15,462.65,462.1,462.35,23618,0.6582739214495691,462.4525,464.17586112635496,463.5175872049054,461.3874127950946,460.729138873645,,
2023-08-11 12:50:00,HINDALCO,462.3,462.4,461.65,461.95,28216,0.6766191371596553,462.4375,464.208888901084,463.5322697639243,461.3427302360757,460.666111098916,,
2023-08-11 12:55:00,HINDALCO,461.8,463.45,461.75,462.6,49938,0.881295309727722,462.37750000000005,464.68473112086724,463.80343581113954,460.9515641888606,460.07026887913287,,
2023-08-11 13:00:00,HINDALCO,462.4,463.35,462.15,463.35,29533,0.9450362477821868,462.3325000000001,464.80660489669384,463.86156864891166,460.80343135108853,459.85839510330635,,
2023-08-11 13:05:00,HINDALCO,463.15,463.35,462.8,463.2,23270,0.8660289982257517,462.28249999999997,464.549763917355,463.6837349191292,460.8812650808707,460.01523608264495,,
2023-08-11 13:10:00,HINDALCO,463.2,463.3,462.8,462.9,17943,0.7928231985806015,462.28499999999997,464.360611133884,463.5677879353034,461.00221206469655,460.20938886611594,,
2023-08-11 13:15:00,HINDALCO,462.85,463.0,462.75,462.95,20852,0.6842585588644813,462.34,464.1313889071072,463.4471303482427,461.23286965175726,460.54861109289277,,
2023-08-11 13:20:00,HINDALCO,462.9,463.2,462.5,462.6,21812,0.6874068470915828,462.34250000000003,464.1421311256858,463.4547242785942,461.23027572140586,460.54286887431425,,
2023-08-11 13:25:00,HINDALCO,462.5,462.5,461.35,461.4,45033,0.7799254776732617,462.34499999999997,464.38684490054857,463.6069194228753,461.08308057712463,460.3031550994514,,
2023-08-11 13:30:00,HINDALCO,461.35,461.5,460.05,460.4,92918,0.9139403821386072,462.2724999999999,464.6651959204388,463.7512555383002,460.79374446169965,459.87980407956104,,
2023-08-11 13:35:00,HINDALCO,460.3,461.1,460.2,460.2,51855,0.9111523057108926,462.19750000000005,464.5828967363512,463.6717444306403,460.7232555693598,459.8121032636489,,
2023-08-11 13:40:00,HINDALCO,460.2,461.05,460.05,460.95,39589,0.9289218445687142,462.1525,464.58441738908084,463.6554955445122,460.6495044554878,459.7205826109191,,
2023-08-11 13:45:00,HINDALCO,460.75,461.25,460.4,461.1,27451,0.9131374756549759,462.09749999999997,464.4880939112647,463.5749564356097,460.62004356439024,459.70690608873525,,
2023-08-11 13:50:00,HINDALCO,461.1,461.65,460.9,461.25,24215,0.8805099805239808,462.05,464.3551751290118,463.4746651484878,460.6253348515122,459.7448248709882,,
2023-08-11 13:55:00,HINDALCO,461.15,461.7,461.15,461.7,19841,0.8144079844191869,462.025,464.1571201032094,463.34271211879025,460.7072878812097,459.89287989679053,,
2023-08-11 14:00:00,HINDALCO,461.65,461.8,460.95,461.65,34388,0.8215263875353542,461.98249999999996,464.1332560825675,463.31172969503217,460.65327030496775,459.8317439174324,,
2023-08-11 14:05:00,HINDALCO,461.65,462.7,461.5,462.55,80064,0.8972211100282812,461.9875,464.3364248660541,463.4392037560258,460.53579624397423,459.63857513394595,,
2023-08-11 14:10:00,HINDALCO,462.55,463.3,462.45,463.3,87665,0.8877768880226296,462.0400000000001,464.3641998928433,463.4764230048207,460.6035769951795,459.71580010715684,,
2023-08-11 14:15:00,HINDALCO,463.25,463.65,463.25,463.65,76352,0.7902215104180992,462.11,464.1787999142746,463.3885784038565,460.8314215961435,460.04120008572545,463.65,
2023-08-11 14:20:00,HINDALCO,463.7,464.25,463.2,463.45,84739,0.8421772083344817,462.175,464.37981993141966,463.5376427230852,460.81235727691484,459.97018006858036,,
2023-08-11 14:25:00,HINDALCO,463.4,464.1,463.4,464.1,42379,0.8137417666675946,462.2625,464.39287594513576,463.57913417846817,460.9458658215318,460.1321240548642,,
2023-08-11 14:30:00,HINDALCO,464.2,464.5,463.75,464.15,37222,0.8009934133340757,462.37250000000006,464.4695007561087,463.6685073427746,461.0764926572255,460.27549924389143,,
2023-08-11 14:35:00,HINDALCO,464.2,464.4,464.0,464.2,35953,0.720794730667256,462.4525,464.33954060488685,463.6187458742196,461.2862541257804,460.5654593951131,,
2023-08-11 14:40:00,HINDALCO,464.05,464.05,462.55,463.45,62246,0.8766357845338049,462.4575,464.7525324839095,463.8758966993757,461.0391033006243,460.1624675160905,,
2023-08-11 14:45:00,HINDALCO,463.35,463.95,463.15,463.3,43088,0.8613086276270462,462.4625,464.71740598712756,463.85609735950055,461.0689026404994,460.2075940128724,,
2023-08-11 14:50:00,HINDALCO,463.4,463.4,462.5,462.95,43936,0.8690469021016325,462.46500000000003,464.7401647897021,463.87111788760046,461.0588821123996,460.189835210298,,
2023-08-11 14:55:00,HINDALCO,462.95,463.0,462.5,462.95,36133,0.795237521681306,462.465,464.54693183176164,463.7516943100803,461.1783056899196,460.3830681682383,,
2023-08-11 15:00:00,HINDALCO,462.95,463.0,461.55,461.65,90948,0.9261900173450426,462.4175,464.84226546540935,463.9160754480643,460.91892455193573,459.9927345345907,,
2023-08-11 15:05:00,HINDALCO,461.75,462.35,461.6,462.05,78095,0.8909520138760342,462.45,464.78251237232746,463.8915603584514,461.0084396415486,460.1174876276725,,
2023-08-11 15:10:00,HINDALCO,462.05,462.35,461.7,461.85,81874,0.8427616111008343,462.52250000000004,464.728849897862,463.8860882867612,461.15891171323887,460.31615010213807,,
2023-08-11 15:15:00,HINDALCO,461.9,463.0,461.8,462.75,178696,0.9142092888806652,462.65,465.04339991828954,464.12919062940887,461.1708093705911,460.2566000817104,,
2023-08-11 15:20:00,HINDALCO,462.75,463.4,462.55,462.75,223862,0.9013674311045253,462.74000000000007,465.0997799346317,464.1984125035272,461.2815874964729,460.3802200653684,,
2023-08-11 15:25:00,HINDALCO,462.7,462.95,460.1,461.9,92708,1.2910939448836136,462.78000000000003,466.16008394770535,464.8689900028217,460.69100999717836,459.3999160522947,,
2023-08-14 09:15:00,HINDALCO,458.6,458.6,451.7,451.7,200698,2.4128751559068977,462.30250000000007,468.61940715816434,466.2065320022574,458.3984679977427,455.9855928418358,,
2023-08-14 09:20:00,HINDALCO,450.85,451.85,448.8,448.95,292673,2.540300124725521,461.66499999999996,468.3155057265314,465.77520560180585,457.5547943981941,455.01449427346853,,
2023-08-14 09:25:00,HINDALCO,448.95,449.65,448.5,449.65,189750,2.262240099780412,461.06499999999994,466.98754458122505,464.72530448144465,457.40469551855523,455.14245541877483,,
2023-08-14 09:30:00,HINDALCO,449.5,449.65,447.6,448.25,175475,2.219792079824321,460.35,466.1614156649801,463.94162358515575,456.7583764148443,454.53858433501995,,
2023-08-14 09:35:00,HINDALCO,448.45,449.05,448.0,448.9,134998,1.985833663859459,459.63,464.82891253198403,462.8430788681246,456.41692113187537,454.43108746801596,,
2023-08-14 09:40:00,HINDALCO,448.75,450.7,448.75,450.4,137359,1.9786669310875649,458.96750000000003,464.14765002558727,462.1689830944997,455.76601690550035,453.7873499744128,,
2023-08-14 09:45:00,HINDALCO,450.5,451.85,450.35,451.45,67371,1.882933544870052,458.36749999999995,463.29702002046974,461.4140864755997,455.3209135244002,453.43797997953016,,
2023-08-14 09:50:00,HINDALCO,451.4,451.8,450.5,450.5,57736,1.766346835896044,457.6875,462.31179601637587,460.5454491804798,454.8295508195202,453.06320398362413,,
2023-08-14 09:55:00,HINDALCO,450.55,451.9,450.1,451.45,170264,1.7730774687168263,457.05249999999995,461.6944168131006,459.9213393443838,454.1836606556161,452.4105831868993,,
2023-08-14 10:00:00,HINDALCO,451.45,451.6,450.3,451.2,65118,1.6784619749734633,456.40250000000003,460.7967134504806,459.1182514755071,453.68674852449294,452.0082865495195,,
2023-08-14 10:05:00,HINDALCO,451.15,452.9,451.15,452.9,134302,1.6927695799787708,455.875,460.3066707603844,458.61390118040566,453.13609881959434,451.4433292396156,,
2023-08-14 10:10:00,HINDALCO,453.25,453.9,452.35,453.7,69695,1.6642156639830077,455.395,459.7519166083075,458.08770094432447,452.7022990556755,451.03808339169245,,
2023-08-14 10:15:00,HINDALCO,453.7,453.7,452.9,453.0,42159,1.4913725311864086,454.8974999999999,458.8019132866459,457.31054075545956,452.4844592445403,450.99308671335393,,
2023-08-14 10:20:00,HINDALCO,453.0,453.25,452.2,452.2,31808,1.4030980249491294,454.36,458.0333106293168,456.6302126043677,452.0897873956323,450.6866893706832,,
2023-08-14 10:25:00,HINDALCO,452.1,452.6,451.95,452.2,29384,1.2524784199593104,453.8875,457.1664885034535,455.91401008349413,451.86098991650584,450.6085114965465,,
2023-08-14 10:30:00,HINDALCO,452.4,452.5,451.2,451.9,34693,1.2619827359674507,453.38,456.6838708027628,455.4218880667953,451.3381119332047,450.0761291972372,,
2023-08-14 10:35:00,HINDALCO,451.75,451.85,450.5,450.8,67518,1.279586188773965,452.8275,456.17745664221025,454.89787045343627,450.7571295465637,449.4775433577897,,
2023-08-14 10:40:00,HINDALCO,450.9,450.9,450.05,450.45,45472,1.1936689510191654,452.2125,455.33752531376814,454.143856362749,450.281143637251,449.0874746862318,,
2023-08-14 10:45:00,HINDALCO,450.35,451.15,450.1,450.25,64426,1.1649351608153233,451.5875,454.6373002510145,453.47236509019916,449.7026349098008,448.53769974898546,,
2023-08-14 10:50:00,HINDALCO,450.2,450.85,448.7,449.2,236909,1.3619481286522657,450.9525,454.5180802008116,453.1561320721594,448.7488679278406,447.3869197991884,,
2023-08-14 10:55:00,HINDALCO,449.3,449.4,448.05,448.8,154922,1.3595585029218058,450.8075,454.3668241606493,453.0072656577275,448.6077343422725,447.2481758393507,,
2023-08-14 11:00:00,HINDALCO,448.85,449.0,448.15,448.9,120679,1.2576468023374492,450.805,454.09751932851947,452.839872526182,448.77012747381804,447.51248067148055,,
2023-08-14 11:05:00,HINDALCO,448.95,450.0,448.65,449.9,58748,1.276117441869964,450.8175,454.15837546281557,452.8822580209456,448.7527419790544,447.4766245371844,,
2023-08-14 11:10:00,HINDALCO,449.85,450.8,449.8,450.4,42558,1.220893953495971,450.925,454.12130037025247,452.9004064167565,448.94959358324354,447.72869962974755,,
2023-08-14 11:15:00,HINDALCO,450.55,451.5,450.55,451.3,37345,1.1967151627967816,451.04499999999996,454.17800029620196,452.98128513340515,449.10871486659477,447.91199970379796,,
2023-08-14 11:20:00,HINDALCO,451.3,452.15,450.8,450.95,40223,1.2273721302374185,451.07249999999993,454.2857602369615,453.05838810672407,449.0866118932758,447.8592397630384,,
2023-08-14 11:25:00,HINDALCO,450.9,451.45,450.35,451.0,31312,1.201897704189928,451.05,454.19656818956923,452.9946704853793,449.10532951462073,447.9034318104308,,
2023-08-14 11:30:00,HINDALCO,451.0,451.8,451.0,451.5,34268,1.1215181633519447,451.1,454.03613455165544,452.91461638830344,449.2853836116966,448.1638654483446,,
2023-08-14 11:35:00,HINDALCO,451.4,451.7,450.5,450.6,44477,1.1372145306815535,451.0575,454.0347276413243,452.89751311064276,449.21748688935725,448.0802723586757,,
2023-08-14 11:40:00,HINDALCO,450.65,451.6,450.6,451.45,27467,1.109771624545243,451.07,453.9753821130594,452.8656104885142,449.27438951148577,448.16461788694056,,
2023-08-14 11:45:00,HINDALCO,451.55,451.7,450.9,451.3,24315,1.0478172996361967,450.98999999999995,453.7331856904475,452.68536839081133,449.29463160918857,448.2468143095524,,
2023-08-14 11:50:00,HINDALCO,451.35,451.75,451.05,451.5,27315,0.9782538397089551,450.88,453.44106855235805,452.4628147126491,449.2971852873509,448.31893144764194,,
2023-08-14 11:55:00,HINDALCO,451.4,451.65,451.15,451.6,24597,0.8826030717671641,450.81000000000006,453.1206548418865,452.23805177011934,449.3819482298808,448.4993451581136,,
2023-08-14 12:00:00,HINDALCO,451.65,451.8,451.0,451.2,21569,0.8660824574137336,450.75999999999993,453.0274038735091,452.16132141609535,449.3586785839045,448.49259612649075,,
2023-08-14 12:05:00,HINDALCO,451.05,452.2,451.05,452.2,30533,0.9228659659309824,450.76000000000005,453.17606309880733,452.2531971328764,449.2668028671237,448.34393690119276,,
2023-08-14 12:10:00,HINDALCO,452.15,452.6,452.15,452.45,24854,0.828292772744795,450.7875,452.9559704790459,452.1276777063011,449.44732229369896,448.61902952095414,,
2023-08-14 12:15:00,HINDALCO,452.45,452.45,451.85,452.4,33250,0.7826342181958292,450.8675,452.9164363832367,452.13380216504083,449.6011978349592,448.8185636167633,,
2023-08-14 12:20:00,HINDALCO,452.4,452.4,451.5,451.65,27305,0.8061073745566589,450.92749999999995,453.03788910658926,452.23178173203263,449.6232182679673,448.81711089341064,,
2023-08-14 12:25:00,HINDALCO,451.5,452.0,451.05,452.0,29155,0.8348858996453249,451.015,453.20073128527144,452.36584538562613,449.66415461437384,448.8292687147285,,
2023-08-14 12:30:00,HINDALCO,452.0,452.35,451.6,451.8,27327,0.81790871971626,451.145,453.28628502821715,452.46837630850086,449.8216236914991,449.0037149717828,,
2023-08-14 12:35:00,HINDALCO,451.8,452.2,451.6,452.05,14829,0.7743269757730012,451.3075,453.33468802257374,452.5603610468007,450.0546389531993,449.28031197742627,,
2023-08-14 12:40:00,HINDALCO,452.05,452.2,451.6,451.75,19666,0.7394615806183943,451.45,453.3859104180589,452.6464488374406,450.2535511625594,449.51408958194105,,
2023-08-14 12:45:00,HINDALCO,451.7,451.9,450.65,450.9,29970,0.8415692644947155,451.5,453.70322833444715,452.86165906995245,450.13834093004755,449.29677166555285,,
2023-08-14 12:50:00,HINDALCO,450.85,451.05,450.3,450.75,22305,0.8232554115957724,451.51750000000004,453.6727826675578,452.849527255962,450.18547274403807,449.3622173324423,,
2023-08-14 12:55:00,HINDALCO,450.8,450.95,450.3,450.6,36449,0.7886043292766134,451.48249999999996,453.54706613404613,452.7584618047695,450.2065381952304,449.4179338659538,,
2023-08-14 13:00:00,HINDALCO,450.6,450.6,450.3,450.5,24787,0.690883463421293,451.46000000000004,453.268732907237,452.5778494438157,450.3421505561844,449.6512670927631,,
2023-08-14 13:05:00,HINDALCO,450.4,450.55,450.2,450.25,28474,0.622706770737039,451.4225,453.0527463257896,452.43003955505253,450.4149604449475,449.79225367421043,,
2023-08-14 13:10:00,HINDALCO,450.2,450.25,449.05,449.45,59309,0.738165416589629,451.32,453.25251706063165,452.514351644042,450.125648355958,449.38748293936834,,
2023-08-14 13:15:00,HINDALCO,449.4,450.2,449.3,449.75,24695,0.7705323332716987,451.2775,453.29475364850526,452.5242213152336,450.03077868476635,449.2602463514947,,
2023-08-14 13:20:00,HINDALCO,449.75,450.2,449.7,449.95,30539,0.716425866617359,451.2025,453.07810291880423,452.36167705218685,450.0433229478131,449.32689708119574,,
2023-08-14 13:25:00,HINDALCO,450.1,451.8,450.1,451.8,39128,0.9431406932938917,451.22749999999996,453.69664233504335,452.7535016417495,449.70149835825043,448.7583576649566,,
2023-08-14 13:30:00,HINDALCO,451.85,452.0,451.45,451.7,43628,0.8645125546351158,451.2375,453.50079386803475,452.63628131339965,449.8387186866004,448.9742061319653,,
2023-08-14 13:35:00,HINDALCO,451.8,452.4,451.5,452.3,40175,0.8716100437080881,451.2724999999999,453.5543750944277,452.6827650507196,449.86223494928026,448.99062490557213,,
2023-08-14 13:40:00,HINDALCO,452.25,452.6,451.85,452.0,28417,0.8472880349664705,451.3125,453.5307000755422,452.6834120405758,449.9415879594242,449.0942999244578,,
2023-08-14 13:45:00,HINDALCO,452.05,452.9,451.8,452.85,37577,0.8978304279731697,451.34499999999997,453.69552006043375,452.79768963246056,449.8923103675394,448.9944799395662,,
2023-08-14 13:50:00,HINDALCO,452.9,452.95,452.25,452.25,38458,0.8582643423785334,451.3349999999999,453.5819360483469,452.7236717059684,449.94632829403145,449.08806395165294,,
2023-08-14 13:55:00,HINDALCO,452.45,452.8,452.0,452.05,30742,0.8466114739028291,451.3175,453.5339288386776,452.6873173647748,449.9476826352252,449.1010711613224,,
2023-08-14 14:00:00,HINDALCO,452.0,452.45,451.85,452.2,26107,0.7972891791222565,451.34499999999997,453.43230307094206,452.63501389181977,450.0549861081802,449.2576969290579,,
2023-08-14 14:05:00,HINDALCO,452.25,452.8,452.0,452.15,32746,0.7978313432978075,451.35249999999996,453.4412224567536,452.64339111345583,450.0616088865441,449.2637775432463,,
2023-08-14 14:10:00,HINDALCO,452.1,452.5,452.0,452.45,32384,0.738265074638246,451.38500000000005,453.31777796540297,452.5795128907647,450.1904871092354,449.4522220345971,,
2023-08-14 14:15:00,HINDALCO,452.5,452.75,452.1,452.4,26439,0.7206120597105923,451.4025,453.2890623723223,452.56845031261173,450.2365496873882,449.51593762767766,,
2023-08-14 14:20:00,HINDALCO,452.3,452.3,451.4,451.55,34374,0.7564896477684807,451.39250000000004,453.3729898978579,452.6165002500894,450.16849974991067,449.4120101021422,,
2023-08-14 14:25:00,HINDALCO,451.6,451.75,450.8,451.15,39059,0.7951917182147823,451.40500000000003,453.4868119182863,452.69162020007155,450.1183797999285,449.32318808171374,,
2023-08-14 14:30:00,HINDALCO,451.2,451.7,450.8,451.5,21058,0.8161533745718214,451.4425,453.57918953462905,452.7630361600572,450.1219638399428,449.30581046537094,,
2023-08-14 14:35:00,HINDALCO,451.5,451.95,450.95,451.6,22768,0.852922699657457,451.4925,453.72545162770325,452.87252892804577,450.11247107195425,449.25954837229676,,
2023-08-14 14:40:00,HINDALCO,451.6,451.8,451.25,451.5,24284,0.792338159725968,451.5425,453.6168413021626,452.82450314243664,450.2604968575634,449.46815869783745,,
2023-08-14 14:45:00,HINDALCO,451.6,451.95,451.35,451.85,24207,0.7538705277807677,451.62249999999995,453.59613304173,452.8422625139492,450.4027374860507,449.6488669582699,,
2023-08-14 14:50:00,HINDALCO,451.85,451.95,451.55,451.7,21695,0.6830964222246096,451.735,453.52334643338406,452.8402500111594,450.6297499888406,449.94665356661596,,
2023-08-14 14:55:00,HINDALCO,451.65,452.2,451.55,451.75,31810,0.6764771377796832,451.83500000000004,453.60601714670725,452.9295400089276,450.7404599910725,450.0639828532928,,
2023-08-14 15:00:00,HINDALCO,451.75,452.4,451.15,451.6,93103,0.7911817102237466,451.9175,453.9888137173658,453.19763200714203,450.637367992858,449.8461862826342,,
2023-08-14 15:05:00,HINDALCO,451.35,452.0,450.8,450.8,77892,0.8729453681789952,451.8675,454.1528709738926,453.27992560571363,450.4550743942864,449.5821290261074,,
2023-08-14 15:10:00,HINDALCO,450.95,451.05,450.2,450.45,87183,0.8683562945432007,451.805,454.07835677911413,453.2100004845709,450.3999995154291,449.5316432208859,,
2023-08-14 15:15:00,HINDALCO,450.45,450.95,450.1,450.55,106705,0.8646850356345538,451.71750000000003,453.9812454232913,453.11656038765676,450.3184396123433,449.4537545767088,,
2023-08-14 15:20:00,HINDALCO,450.55,450.55,450.0,450.2,101917,0.8017480285076454,451.62750000000005,453.72647633863306,452.92472831012543,450.3302716898747,449.52852366136705,,
2023-08-14 15:25:00,HINDALCO,450.0,450.4,449.5,449.85,70671,0.8213984228061119,451.4775000000001,453.6279210709065,452.8065226481004,450.14847735189977,449.32707892909366,,
2023-08-16 09:15:00,HINDALCO,447.0,447.0,442.0,442.7,405550,1.6571187382448895,451.0,455.3383368567251,453.6812181184802,448.3187818815198,446.6616631432749,,
2023-08-16 09:20:00,HINDALCO,442.8,445.0,442.5,444.9,162317,1.8256949905959117,450.6424999999999,455.42216948538004,453.5964744947841,447.68852550521575,445.8628305146198,,
2023-08-16 09:25:00,HINDALCO,444.75,444.85,443.05,443.4,106580,1.8205559924767318,450.20250000000004,454.9687155883041,453.1481595958274,447.2568404041727,445.43628441169596,,
2023-08-16 09:30:00,HINDALCO,443.15,443.6,441.25,441.5,185165,1.9264447939813902,449.6700000000001,454.71343247064334,452.78698767666197,446.5530123233382,444.6265675293568,,
2023-08-16 09:35:00,HINDALCO,441.45,442.25,440.25,441.1,178182,1.9411558351851124,449.10249999999996,454.1844459765146,452.24329014132945,445.9617098586705,444.0205540234853,,
2023-08-16 09:40:00,HINDALCO,441.05,442.0,440.45,441.0,121903,1.8629246681480922,448.53249999999997,453.4096367812117,451.54671211306356,445.5182878869364,443.65536321878824,,
2023-08-16 09:45:00,HINDALCO,441.0,441.5,440.7,440.85,72280,1.6503397345184763,447.99749999999995,452.31808942496934,450.6677496904508,445.3272503095491,443.67691057503055,,
2023-08-16 09:50:00,HINDALCO,440.75,442.0,440.7,441.5,79791,1.5802717876147834,447.515,451.6521515399755,450.0718797523607,444.9581202476393,443.3778484600245,,
2023-08-16 09:55:00,HINDALCO,441.45,441.75,440.8,441.1,88499,1.4542174300918245,446.995,450.8021412319804,449.34792380188856,444.64207619811145,443.1878587680196,,
2023-08-16 10:00:00,HINDALCO,441.2,441.45,440.05,440.85,187600,1.4433739440734552,446.4575,450.2362529855843,448.79287904151084,444.1221209584891,442.67874701441565,,
2023-08-16 10:05:00,HINDALCO,440.9,441.8,440.55,441.6,58778,1.4046991552587642,445.9625,449.6400023884674,448.23530323320864,443.6896967667913,442.28499761153256,,
2023-08-16 10:10:00,HINDALCO,441.7,441.75,441.25,441.25,52197,1.2237593242070115,445.43250000000006,448.636301910774,447.412542586567,443.45245741343314,442.2286980892261,,
2023-08-16 10:15:00,HINDALCO,441.3,441.5,441.2,441.3,73185,1.0390074593656116,444.9125,447.6326215286192,446.5936140692536,443.23138593074646,442.19237847138083,,
2023-08-16 10:20:00,HINDALCO,441.3,441.3,440.55,440.85,58600,0.9812059674924893,444.3675,446.93629722289535,445.95509125540286,442.77990874459715,441.79870277710467,,
2023-08-16 10:25:00,HINDALCO,440.9,440.9,440.3,440.4,70210,0.9049647739939848,443.8075,446.1766977783163,445.2717330043223,442.3432669956777,441.4383022216837,,
2023-08-16 10:30:00,HINDALCO,440.4,440.5,439.8,439.85,126507,0.8639718191951855,443.26000000000005,445.521878222653,444.65790640345784,441.86209359654225,440.9981217773471,,
2023-08-16 10:35:00,HINDALCO,439.95,440.0,439.4,439.75,126265,0.811177455356153,442.725,444.84866257812246,444.03748512276627,441.4125148772338,440.6013374218776,,
2023-08-16 10:40:00,HINDALCO,439.75,439.9,439.5,439.75,67938,0.728941964284918,442.18500000000006,444.09337006249797,443.36442809821307,441.00557190178705,440.27662993750215,,
2023-08-16 10:45:00,HINDALCO,439.75,439.75,439.25,439.3,142856,0.6831535714279344,441.64,443.42849604999833,442.74534247857036,440.5346575214296,439.85150395000164,,
2023-08-16 10:50:00,HINDALCO,439.25,440.2,439.1,440.15,67608,0.7665228571423408,441.1549999999999,443.1617568399986,442.3952339828562,439.9147660171436,439.14824316000124,,439.1
2023-08-16 10:55:00,HINDALCO,440.2,440.4,439.5,439.85,64698,0.7932182857138682,441.0125,443.0891454719989,442.29592718628504,439.72907281371494,438.9358545280011,,
2023-08-16 11:00:00,HINDALCO,439.7,440.25,439.6,440.2,21185,0.76457462857109,440.77750000000003,442.7791563775991,442.0145817490281,439.540418250972,438.77584362240094,,
2023-08-16 11:05:00,HINDALCO,440.2,440.25,439.95,440.1,28427,0.6716597028568744,440.6125,442.3709051020793,441.69924539922243,439.5257546007776,438.85409489792073,,
2023-08-16 11:10:00,HINDALCO,440.0,440.1,439.65,440.05,46217,0.6273277622855086,440.53999999999996,442.1823440816634,441.5550163193779,439.52498368062203,438.8976559183365,,
2023-08-16 11:15:00,HINDALCO,440.4,441.05,440.25,440.85,188988,0.7018622098284069,440.52750000000003,442.3649752653308,441.6631130555024,439.3918869444977,438.69002473466924,,
2023-08-16 11:20:00,HINDALCO,440.85,440.85,440.1,440.3,29451,0.7114897678627256,440.4925,442.3551802122646,441.6436904444019,439.3413095555981,438.6298197877354,,
2023-08-16 11:25:00,HINDALCO,440.1,440.85,440.1,440.45,34314,0.7191918142901805,440.4725,442.3553441698117,441.6361523555215,439.30884764447853,438.58965583018835,,
2023-08-16 11:30:00,HINDALCO,440.45,440.5,440.35,440.5,16668,0.6053534514321399,440.4225,442.00731533584934,441.40196188441723,439.4430381155828,438.8376846641507,,
2023-08-16 11:35:00,HINDALCO,440.4,440.4,439.65,440.0,41389,0.634282761145712,440.3675,442.02805226867946,441.39376950753376,439.34123049246625,438.70694773132055,,
2023-08-16 11:40:00,HINDALCO,440.0,440.4,439.6,440.2,59676,0.6674262089165606,440.33500000000004,442.0823218149436,441.414895606027,439.25510439397306,438.58767818505646,,
2023-08-16 11:45:00,HINDALCO,440.2,441.0,440.05,441.0,70689,0.7239409671332462,440.305,442.20027745195483,441.4763364848216,439.1336635151784,438.4097225480452,,
2023-08-16 11:50:00,HINDALCO,440.95,441.35,440.5,441.2,93459,0.7491527737066016,440.30249999999995,442.26378196156384,441.5146291878572,439.0903708121427,438.34121803843607,,
2023-08-16 11:55:00,HINDALCO,441.1,442.8,441.1,442.4,283491,0.939322218965279,440.35749999999996,442.8166455692511,441.8773233502858,438.8376766497141,437.89835443074884,442.8,
2023-08-16 12:00:00,HINDALCO,442.45,443.2,442.35,442.7,171690,0.9214577751722164,440.45,442.86237645540086,441.94091868022866,438.9590813197713,438.0376235445991,,
2023-08-16 12:05:00,HINDALCO,442.7,443.15,442.6,443.0,64820,0.847166220137764,440.58000000000004,442.7978811643207,441.95071494418295,439.20928505581713,438.3621188356794,,
2023-08-16 12:10:00,HINDALCO,443.0,443.5,442.45,442.45,34221,0.8877329761102135,440.71000000000004,443.03408493145656,442.14635195534635,439.2736480446537,438.3859150685435,,
2023-08-16 12:15:00,HINDALCO,442.4,442.7,442.1,442.15,35482,0.8301863808881641,440.83000000000004,443.00342794516524,442.1732415642771,439.486758435723,438.65657205483484,442.7,
2023-08-16 12:20:00,HINDALCO,442.1,443.1,442.1,442.75,35542,0.8641491047105314,440.98,443.2423423561322,442.37819325142164,439.5818067485784,438.7176576438678,,
2023-08-16 12:25:00,HINDALCO,442.75,442.9,442.55,442.8,19230,0.7613192837684184,441.15500000000003,443.14813388490575,442.3868146011373,439.92318539886276,439.1618661150943,,
2023-08-16 12:30:00,HINDALCO,442.75,442.95,442.55,442.9,18720,0.6890554270147302,441.2925,443.0964471079246,442.4073916809098,440.1776083190902,439.48855289207546,,
2023-08-16 12:35:00,HINDALCO,442.7,443.1,442.65,442.9,22603,0.6412443416117932,441.445,443.1237776863397,442.48253334472787,440.4074666552721,439.7662223136603,,
2023-08-16 12:40:00,HINDALCO,442.9,443.45,442.9,443.45,17716,0.6229954732894369,441.60749999999996,443.2385021490717,442.6155066757823,440.59949332421763,439.97649785092824,,442.9
2023-08-16 12:45:00,HINDALCO,443.3,443.9,442.8,443.5,43285,0.7183963786315428,441.7775,443.6582617192574,442.93986534062583,440.6151346593741,439.89673828074257,,
2023-08-16 12:50:00,HINDALCO,443.0,443.6,443.0,443.45,18178,0.6947171029052388,441.94750000000005,443.76626937540595,443.0715522725007,440.8234477274994,440.12873062459414,,
2023-08-16 12:55:00,HINDALCO,443.6,444.4,443.5,444.4,57056,0.7457736823241888,442.125,444.0774355003247,443.33166181800055,440.91833818199945,440.1725644996753,,
2023-08-16 13:00:00,HINDALCO,444.4,444.5,443.3,443.7,44529,0.8366189458593488,442.29499999999996,444.4852684002597,443.6486494544004,440.9413505455995,440.1047315997402,,
2023-08-16 13:05:00,HINDALCO,443.65,444.9,443.65,444.5,50955,0.9192951566874791,442.49749999999995,444.9042147202078,443.9849195635203,441.0100804364796,440.0907852797921,,
2023-08-16 13:10:00,HINDALCO,444.5,444.8,444.25,444.35,25271,0.8454361253499856,442.68999999999994,444.9033517761662,444.0579156508162,441.3220843491837,440.4766482238337,,
2023-08-16 13:15:00,HINDALCO,444.35,444.7,444.35,444.7,13083,0.7463489002799817,442.925,444.878941420933,444.132592520653,441.717407479347,440.971058579067,,
2023-08-16 13:20:00,HINDALCO,444.45,445.55,444.45,444.75,81705,0.8170791202239899,443.1525,445.2916131367464,444.4745340165224,441.83046598347755,441.0133868632536,,
2023-08-16 13:25:00,HINDALCO,444.75,445.1,444.4,444.45,16750,0.7936632961792011,443.32499999999993,445.40281050939706,444.60914721321785,442.040852786782,441.2471894906028,445.1,
2023-08-16 13:30:00,HINDALCO,444.4,445.0,444.4,445.0,10918,0.7549306369433655,443.515,445.4914084075177,444.73647777057437,442.2935222294256,441.53859159248225,,
2023-08-16 13:35:00,HINDALCO,444.9,445.0,444.65,444.7,12637,0.673944509554697,443.63,445.3943867260142,444.7204422164595,442.5395577835405,441.8656132739858,,
2023-08-16 13:40:00,HINDALCO,444.75,444.8,444.25,444.5,23639,0.6491556076437599,443.71999999999997,445.41948938081134,444.7703337731676,442.66966622683236,442.0205106191886,,
2023-08-16 13:45:00,HINDALCO,444.35,444.9,444.2,444.75,31817,0.6593244861150056,443.8075,445.5336115046491,444.87428701853406,442.74071298146595,442.0813884953509,,
2023-08-16 13:50:00,HINDALCO,444.8,444.9,444.15,444.5,14442,0.6774595888920045,443.91,445.6835892037193,445.0061296148273,442.8138703851728,442.13641079628076,,
2023-08-16 13:55:00,HINDALCO,444.4,444.8,444.4,444.65,12376,0.6219676711136105,444.03499999999997,445.6633113629754,445.0413436918618,443.0286563081381,442.40668863702456,,
2023-08-16 14:00:00,HINDALCO,444.75,444.85,444.6,444.85,10502,0.5475741368908884,444.14,445.5735490903803,445.0259749534894,443.25402504651055,442.70645090961966,,
2023-08-16 14:05:00,HINDALCO,444.7,444.9,443.6,444.35,37737,0.6980593095127017,444.21750000000003,446.0450192723043,445.3469599627916,443.0880400372085,442.3899807276958,,
2023-08-16 14:10:00,HINDALCO,444.35,444.5,443.85,444.35,13877,0.6884474476101569,444.2900000000001,446.09235541784346,445.4039079702333,443.17609202976683,442.4876445821567,,
2023-08-16 14:15:00,HINDALCO,444.35,445.0,444.35,444.6,22092,0.680757958088121,444.375,446.1572243342747,445.4764663761866,443.2735336238134,442.5927756657253,,
2023-08-16 14:20:00,HINDALCO,444.5,444.85,444.35,444.85,9713,0.6446063664704968,444.445,446.13257946741976,445.48797310094926,443.4020268990507,442.7574205325802,,
2023-08-16 14:25:00,HINDALCO,444.85,445.0,444.6,444.75,10609,0.5956850931763931,444.5075,446.0670035739358,445.4713184807594,443.5436815192406,442.9479964260642,,
2023-08-16 14:30:00,HINDALCO,444.7,444.95,444.55,444.55,14071,0.55654807454111,444.5625,446.0195428591486,445.46299478460753,443.66200521539247,443.1054571408514,,
2023-08-16 14:35:00,HINDALCO,444.55,445.0,444.55,444.85,9782,0.5352384596328857,444.58500000000004,445.98625428731896,445.45101582768604,443.71898417231404,443.1837457126811,,
2023-08-16 14:40:00,HINDALCO,444.8,445.5,444.8,445.15,34110,0.5681907677063063,444.6575000000001,446.1450234298552,445.5768326621489,443.7381673378513,443.16997657014497,,
2023-08-16 14:45:00,HINDALCO,445.0,445.1,444.75,444.8,10601,0.5245526141650496,444.6725,446.0457787438841,445.5212261297191,443.82377387028095,443.2992212561159,,
2023-08-16 14:50:00,HINDALCO,444.9,444.95,444.1,444.1,22359,0.5896420913320329,444.66,446.2036829951073,445.6140409037753,443.7059590962248,443.1163170048928,,
2023-08-16 14:55:00,HINDALCO,444.25,444.6,444.1,444.45,22969,0.5717136730656264,444.64750000000004,446.14424639608586,445.57253272302023,443.72246727697984,443.1507536039142,,
2023-08-16 15:00:00,HINDALCO,444.95,446.1,444.95,446.05,82090,0.7873709384525079,444.7125,446.77383711686866,445.98646617841615,443.4385338215838,442.6511628831313,,
2023-08-16 15:05:00,HINDALCO,446.2,446.6,445.35,445.5,83514,0.8798967507620064,444.76500000000004,447.06856969349496,446.188672942733,443.3413270572671,442.4614303065051,,
2023-08-16 15:10:00,HINDALCO,445.55,445.8,444.7,444.9,79297,0.9239174006096097,444.76000000000005,447.178815754796,446.2548983541864,443.2651016458137,442.3411842452041,,
2023-08-16 15:15:00,HINDALCO,444.85,445.5,444.75,445.15,102448,0.8891339204876878,444.78249999999997,447.1102526038367,446.22111868334906,443.3438813166509,442.4547473961632,,
2023-08-16 15:20:00,HINDALCO,445.15,445.5,444.4,444.4,100627,0.9313071363901548,444.7775,447.2156620830694,446.28435494667923,443.2706450533207,442.33933791693056,,
2023-08-16 15:25:00,HINDALCO,444.3,444.8,443.15,444.0,81778,1.0750457091121306,444.73999999999995,447.55446966645553,446.4794239573434,443.0005760426565,441.9255303335444,,443.15
2023-08-17 09:15:00,HINDALCO,443.0,445.1,442.1,444.55,116777,1.4600365672897047,444.7425,448.56487573316446,447.10483916587475,442.38016083412526,440.92012426683556,,
2023-08-17 09:20:00,HINDALCO,444.5,446.0,444.25,444.55,72437,1.518029253831764,444.7375,448.71170058653155,447.1936713326998,442.2813286673002,440.7632994134685,,
2023-08-17 09:25:00,HINDALCO,444.7,444.7,443.0,443.75,78800,1.554423403065409,444.6825,448.75198046922526,447.19755706615985,442.16744293384016,440.61301953077475,,
2023-08-17 09:30:00,HINDALCO,443.65,443.9,443.2,443.6,25273,1.383538722452325,444.645,448.26710437538014,446.88356565292787,442.4064343470721,441.0228956246198,,
2023-08-17 09:35:00,HINDALCO,443.4,444.05,443.15,443.25,73436,1.286830977961867,444.59,447.95892350030414,446.67209252234227,442.5079074776577,441.2210764996958,,
2023-08-17 09:40:00,HINDALCO,443.55,443.55,442.65,443.4,71704,1.2094647823695004,444.53000000000003,447.6963788002434,446.48691401787386,442.5730859821262,441.36362119975666,,
2023-08-17 09:45:00,HINDALCO,443.45,443.75,443.25,443.6,18716,1.0675718258956004,444.46750000000003,447.2624030401947,446.1948312142991,442.740168785701,441.67259695980533,,
2023-08-17 09:50:00,HINDALCO,443.6,443.6,441.65,441.65,77552,1.2440574607164896,444.3125,447.56944243215577,446.3253849714393,442.2996150285607,441.05555756784423,,
2023-08-17 09:55:00,HINDALCO,441.8,442.0,441.4,441.95,61974,1.1152459685731961,444.1825,447.10221394572466,445.98696797715144,442.3780320228486,441.26278605427535,,
2023-08-17 10:00:00,HINDALCO,441.95,442.2,441.25,441.7,43309,1.0821967748585548,444.0249999999999,446.8581911565796,445.77599438172103,442.2740056182788,441.19180884342023,,
2023-08-17 10:05:00,HINDALCO,441.7,442.35,441.6,441.85,19681,1.0157574198868438,443.85999999999996,446.5192529252637,445.50349550537686,442.21650449462305,441.2007470747362,,
2023-08-17 10:10:00,HINDALCO,441.85,442.15,441.5,441.5,25731,0.9426059359094705,443.695,446.16274234021097,445.2201364043015,442.1698635956985,441.227257659789,,
2023-08-17 10:15:00,HINDALCO,441.65,441.8,441.5,441.75,16680,0.8140847487275787,443.5775,445.70877387216876,444.8946891234412,442.2603108765588,441.4462261278312,,
2023-08-17 10:20:00,HINDALCO,441.75,442.3,441.65,441.9,20343,0.7812677989820698,443.44999999999993,445.495359097735,444.7140912987529,442.18590870124694,441.4046409022649,,
2023-08-17 10:25:00,HINDALCO,441.85,442.1,441.65,441.9,23235,0.715014239185665,443.2425,445.1144072781881,444.3993930390024,442.0856069609976,441.37059272181193,,
2023-08-17 10:30:00,HINDALCO,442.0,442.65,441.85,442.2,36561,0.7320113913485229,443.0775,444.9939058225504,444.2618944312019,441.8931055687981,441.16109417744957,,
2023-08-17 10:35:00,HINDALCO,442.2,442.2,441.85,442.1,27365,0.6556091130788115,442.9375,444.65388465804034,443.99827554496153,441.87672445503847,441.22111534195966,,
2023-08-17 10:40:00,HINDALCO,442.05,442.3,441.6,441.6,24566,0.664487290463047,442.76000000000005,444.4996277264323,443.83514043596927,441.68485956403083,441.0203722735678,,
2023-08-17 10:45:00,HINDALCO,441.7,441.75,441.4,441.75,36631,0.6015898323704422,442.62750000000005,444.20246218114585,443.60087234877545,441.65412765122466,441.05253781885426,,
2023-08-17 10:50:00,HINDALCO,441.6,442.2,441.6,442.05,25237,0.601271865896347,442.53000000000003,444.1041297449167,443.5028578790203,441.55714212097973,440.95587025508337,,
2023-08-17 10:55:00,HINDALCO,442.1,442.1,441.7,442.05,13042,0.5610174927170845,442.40500000000003,443.87374379593336,443.31272630321627,441.4972736967838,440.9362562040667,,
2023-08-17 11:00:00,HINDALCO,442.1,442.1,441.8,441.9,15184,0.5088139941736698,442.27250000000004,443.6045750367467,443.09576104257303,441.44923895742704,440.94042496325335,,
2023-08-17 11:05:00,HINDALCO,441.85,441.95,441.75,441.8,16749,0.44705119533893356,442.175,443.34538002939735,442.8983288340584,441.4516711659416,441.0046199706027,,
2023-08-17 11:10:00,HINDALCO,441.8,442.0,441.5,441.8,29868,0.45764095627114687,442.08500000000004,443.2831040235179,442.82546306724674,441.34453693275333,440.88689597648215,,
2023-08-17 11:15:00,HINDALCO,441.8,441.85,441.0,441.0,77044,0.5361127650169221,441.9725,443.37604321881435,442.8399304537974,441.1050695462026,440.5689567811857,,
2023-08-17 11:20:00,HINDALCO,441.05,441.55,441.0,441.4,58433,0.5388902120135399,441.87250000000006,443.2833145750515,442.744424363038,441.00057563696214,440.4616854249486,,
2023-08-17 11:25:00,HINDALCO,441.3,441.85,441.25,441.4,15370,0.5511121696108365,441.7625,443.20531166004116,442.6541994904303,440.8708005095697,440.3196883399588,,
2023-08-17 11:30:00,HINDALCO,441.4,441.65,441.05,441.2,17927,0.5608897356886624,441.74000000000007,443.208409328033,442.64751959234434,440.8324804076558,440.27159067196715,,
2023-08-17 11:35:00,HINDALCO,441.2,441.7,441.05,441.6,23999,0.5787117885509254,441.72249999999997,443.2375674624263,442.6588556738754,440.78614432612454,440.20743253757365,,
2023-08-17 11:40:00,HINDALCO,441.55,441.7,441.5,441.6,8704,0.5029694308407381,441.71750000000003,443.03427396994107,442.53130453910035,440.9036954608997,440.400726030059,,
2023-08-17 11:45:00,HINDALCO,441.6,441.85,441.6,441.8,15581,0.4523755446725905,441.71500000000003,442.8993191759529,442.4469436312803,440.98305636871976,440.5306808240472,,
2023-08-17 11:50:00,HINDALCO,441.7,441.95,441.05,441.1,18580,0.5419004357380679,441.69500000000005,443.1136953407623,442.57179490502426,440.81820509497584,440.2763046592378,,
2023-08-17 11:55:00,HINDALCO,441.05,441.1,440.5,440.55,40738,0.553520348590459,441.63500000000005,443.0841162726099,442.5305959240194,440.7394040759807,440.1858837273902,,
2023-08-17 12:00:00,HINDALCO,440.5,441.0,440.5,441.0,26740,0.5428162788723672,441.59000000000003,443.0110930180879,442.4682767392155,440.71172326078454,440.1689069819122,,
2023-08-17 12:05:00,HINDALCO,441.0,441.3,440.9,441.15,21364,0.5142530230979006,441.55249999999995,442.8988144144703,442.38456139137236,440.72043860862755,440.2061855855296,,
2023-08-17 12:10:00,HINDALCO,441.15,441.3,440.85,441.25,26228,0.5014024184783182,441.505,442.81767153157625,442.3162691130979,440.6937308869021,440.19232846842374,,
2023-08-17 12:15:00,HINDALCO,441.25,441.8,441.0,441.75,22893,0.5611219347826569,441.4875,442.956517225261,442.39539529047835,440.5796047095217,440.018482774739,,
2023-08-17 12:20:00,HINDALCO,441.75,442.0,441.5,441.9,28705,0.5488975478261255,441.50249999999994,442.93951378020876,442.3906162323826,440.61438376761726,440.0654862197911,,
2023-08-17 12:25:00,HINDALCO,441.9,443.2,441.85,443.0,62430,0.7091180382608937,441.56499999999994,443.421471024167,442.7123529859061,440.4176470140938,439.7085289758329,,
2023-08-17 12:30:00,HINDALCO,443.0,443.45,442.9,443.3,47270,0.6772944306087173,441.62750000000005,443.4006568193337,442.723362388725,440.53163761127513,439.85434318066643,,
2023-08-17 12:35:00,HINDALCO,443.3,443.45,443.05,443.4,23544,0.6218355444869694,441.695,443.3229654554669,442.7011299109799,440.6888700890201,440.0670345445331,,
2023-08-17 12:40:00,HINDALCO,443.4,443.4,443.0,443.2,21582,0.577468435589571,441.75999999999993,443.27181236437343,442.69434392878384,440.82565607121603,440.24818763562644,,
2023-08-17 12:45:00,HINDALCO,443.15,444.35,443.15,444.15,75811,0.7019747484716659,441.87750000000005,443.71526989149885,443.0132951430272,440.7417048569729,440.03973010850126,,
2023-08-17 12:50:00,HINDALCO,444.25,444.35,443.6,443.9,32682,0.7115797987773327,441.98249999999996,443.845415913199,443.1338361144217,440.83116388557823,440.1195840868009,,
2023-08-17 12:55:00,HINDALCO,443.9,444.2,443.65,443.8,29498,0.6792638390218685,442.12249999999995,443.9008127305592,443.22154889153734,441.02345110846255,440.3441872694407,,
2023-08-17 13:00:00,HINDALCO,443.8,444.65,443.65,444.45,36032,0.7434110712174948,442.275,444.2212501844474,443.4778391132299,441.07216088677006,440.32874981555256,,
2023-08-17 13:05:00,HINDALCO,444.45,444.7,443.95,443.95,27146,0.7447288569739959,442.4025,444.3522001475579,443.6074712905839,441.1975287094161,440.45279985244207,,
2023-08-17 13:10:00,HINDALCO,444.0,444.15,443.6,443.6,15977,0.7057830855791877,442.5224999999999,444.37024011804624,443.66445703246706,441.3805429675328,440.6747598819536,444.15,
2023-08-17 13:15:00,HINDALCO,443.6,444.2,443.6,444.05,24089,0.6846264684633434,442.6450000000001,444.43735209443713,443.75272562597377,441.5372743740264,440.85264790556306,,
2023-08-17 13:20:00,HINDALCO,444.05,444.1,444.0,444.0,10221,0.5677011747706793,442.76500000000004,444.2512416755497,443.683540500779,441.8464594992211,441.2787583244504,,
2023-08-17 13:25:00,HINDALCO,444.05,444.05,443.6,443.75,21319,0.5441609398165411,442.8625,444.2871133404397,443.74295240062315,441.98204759937687,441.4378866595603,,
2023-08-17 13:30:00,HINDALCO,443.75,444.6,443.55,444.25,44006,0.6453287518532352,443.0200000000001,444.70947067235187,444.0641419204986,441.97585807950156,441.3305293276483,,
2023-08-17 13:35:00,HINDALCO,444.1,444.35,443.5,443.75,29682,0.6862630014825928,443.18,444.97663653788146,444.2903735363988,442.0696264636012,441.38336346211855,,
2023-08-17 13:40:00,HINDALCO,443.85,444.1,443.7,443.9,11337,0.6290104011860811,443.325,444.97174923030514,444.34273882911907,442.3072611708809,441.67825076969484,,
2023-08-17 13:45:00,HINDALCO,443.9,444.35,443.85,444.25,13448,0.6032083209488649,443.48,445.05919938424415,444.4559910632953,442.50400893670474,441.9008006157559,,
2023-08-17 13:50:00,HINDALCO,444.4,444.45,444.05,444.05,30457,0.5625666567590875,443.62,445.0927995073953,444.5302328506362,442.7097671493638,442.1472004926047,,
2023-08-17 13:55:00,HINDALCO,444.15,444.3,444.0,444.1,12855,0.5100533254072723,443.7375,445.07281960591627,444.562766280509,442.91223371949104,442.40218039408376,,
2023-08-17 14:00:00,HINDALCO,444.15,444.15,443.35,443.5,29837,0.5680426603258089,443.8175,445.30463568473294,444.73659302440717,442.8984069755928,442.33036431526705,,
2023-08-17 14:05:00,HINDALCO,443.5,444.15,443.5,443.5,14749,0.5844341282606426,443.84250000000003,445.3725485477864,444.78811441952575,442.8968855804743,442.3124514522137,,
2023-08-17 14:10:00,HINDALCO,443.6,444.25,443.6,443.95,11247,0.6175473026085141,443.875,445.4917388382291,444.8741915356206,442.8758084643794,442.2582611617709,,
2023-08-17 14:15:00,HINDALCO,444.0,444.25,443.95,444.1,20582,0.5540378420868135,443.90999999999997,445.36047107058323,444.8064332284964,443.0135667715035,442.4595289294167,,
2023-08-17 14:20:00,HINDALCO,444.15,444.4,444.0,444.2,26909,0.5232302736694463,443.96000000000004,445.32981685646666,444.8065865827972,443.1134134172029,442.5901831435334,,
2023-08-17 14:25:00,HINDALCO,444.1,445.3,444.1,445.0,74045,0.6585842189355549,444.00249999999994,445.72667348517325,445.0680892662377,442.9369107337622,442.27832651482663,,
2023-08-17 14:30:00,HINDALCO,445.0,445.95,445.0,445.9,39657,0.7168673751484417,444.10249999999996,445.97925878813857,445.26239141299016,442.9426085870098,442.22574121186136,,
2023-08-17 14:35:00,HINDALCO,445.8,446.5,445.7,446.4,64558,0.7334939001187556,444.23249999999996,446.15278703051086,445.41929313039213,443.0457068696078,442.31221296948905,,445.7
2023-08-17 14:40:00,HINDALCO,446.25,447.1,446.1,446.7,62084,0.7867951200950045,444.34499999999997,446.4048296244087,445.6180345043137,443.07196549568624,442.28517037559124,,
2023-08-17 14:45:00,HINDALCO,446.7,447.0,446.0,446.8,41106,0.8294360960760037,444.4875,446.65896369952696,445.82952760345097,443.14547239654905,442.31603630047306,,
2023-08-17 14:50:00,HINDALCO,446.65,447.8,446.65,447.25,63004,0.8935488768608099,444.66999999999996,447.0093109596216,446.11576208276074,443.2242379172392,442.33068904037833,,
2023-08-17 14:55:00,HINDALCO,447.3,447.3,446.25,446.6,47783,0.9248391014886502,444.79749999999996,447.21872876769726,446.2938896662086,443.3011103337913,442.37627123230266,,
2023-08-17 15:00:00,HINDALCO,446.5,447.8,446.25,446.65,134884,1.0498712811909225,444.92999999999995,447.67856301415776,446.62869173296684,443.23130826703306,442.18143698584214,,
2023-08-17 15:05:00,HINDALCO,446.75,447.75,446.25,446.85,168929,1.139897024952738,445.0849999999999,448.0692504113262,446.92935338637346,443.2406466136264,442.10074958867364,,
2023-08-17 15:10:00,HINDALCO,446.8,448.05,446.8,447.8,303686,1.1619176199621903,445.2625,448.304400329061,447.14248270909883,443.38251729090115,442.22059967093895,,
2023-08-17 15:15:00,HINDALCO,447.8,448.45,447.4,448.0,190139,1.1395340959697546,445.475,448.4583002632488,447.3187661672791,443.63123383272097,442.49169973675123,,
2023-08-17 15:20:00,HINDALCO,448.0,448.85,447.9,448.4,162358,1.1016272767758128,445.7,448.5840602105991,447.48243293382325,443.91756706617673,442.8159397894009,,
2023-08-17 15:25:00,HINDALCO,448.4,449.2,446.0,446.1,150202,1.5213018214206482,445.7925,449.7752681684793,448.2539663470586,443.3310336529414,441.80973183152076,,
2023-08-18 09:15:00,HINDALCO,447.5,447.5,444.0,445.2,98924,1.9170414571365186,445.85,450.86881453478344,448.9517730776469,442.7482269223531,440.8311854652166,,
