Symbol,Timestamp,Open,High,Low,Close,Volume
ADANIENT,2023-08-01T09:15:00+05:30,2504.85,2508.35,2492.95,2504.5,91812
ADANIENT,2023-08-01T09:20:00+05:30,2504.5,2514.0,2500.95,2507.1,85933
ADANIENT,2023-08-01T09:25:00+05:30,2507.65,2507.65,2497.05,2498.2,57473
ADANIENT,2023-08-01T09:30:00+05:30,2499.0,2503.0,2495.1,2499.7,33460
ADANIENT,2023-08-01T09:35:00+05:30,2500.9,2501.65,2495.55,2496.05,19404
ADANIENT,2023-08-01T09:40:00+05:30,2497.45,2497.95,2486.15,2492.95,68843
ADANIENT,2023-08-01T09:45:00+05:30,2492.95,2494.05,2486.35,2487.5,46239
ADANIENT,2023-08-01T09:50:00+05:30,2488.0,2491.35,2481.25,2484.5,38404
ADANIENT,2023-08-01T09:55:00+05:30,2484.8,2487.55,2482.0,2483.0,18021
ADANIENT,2023-08-01T10:00:00+05:30,2483.2,2488.55,2481.2,2482.75,24049
ADANIENT,2023-08-01T10:05:00+05:30,2482.1,2489.65,2482.1,2485.5,17906
ADANIENT,2023-08-01T10:10:00+05:30,2485.55,2485.75,2478.15,2483.0,33897
ADANIENT,2023-08-01T10:15:00+05:30,2483.0,2484.0,2479.0,2482.65,19904
ADANIENT,2023-08-01T10:20:00+05:30,2483.0,2483.5,2475.0,2476.45,19971
ADANIENT,2023-08-01T10:25:00+05:30,2476.45,2479.1,2474.25,2474.25,28147
ADANIENT,2023-08-01T10:30:00+05:30,2474.0,2474.25,2469.35,2471.0,38342
ADANIENT,2023-08-01T10:35:00+05:30,2471.0,2472.5,2468.0,2469.9,20294
ADANIENT,2023-08-01T10:40:00+05:30,2470.2,2470.85,2465.0,2465.2,25990
ADANIENT,2023-08-01T10:45:00+05:30,2465.15,2466.3,2455.4,2461.65,58145
ADANIENT,2023-08-01T10:50:00+05:30,2461.05,2464.5,2457.0,2462.0,23876
ADANIENT,2023-08-01T10:55:00+05:30,2462.4,2467.95,2460.35,2467.95,33854
ADANIENT,2023-08-01T11:00:00+05:30,2467.85,2469.15,2460.25,2462.0,34361
ADANIENT,2023-08-01T11:05:00+05:30,2462.0,2464.0,2461.0,2462.25,9747
ADANIENT,2023-08-01T11:10:00+05:30,2462.0,2467.6,2458.95,2464.75,21404
ADANIENT,2023-08-01T11:15:00+05:30,2464.75,2465.5,2462.7,2464.95,5475
ADANIENT,2023-08-01T11:20:00+05:30,2464.95,2464.95,2461.15,2464.0,8706
ADANIENT,2023-08-01T11:25:00+05:30,2464.0,2466.1,2462.9,2465.15,7899
ADANIENT,2023-08-01T11:30:00+05:30,2465.95,2467.9,2462.0,2462.5,14079
ADANIENT,2023-08-01T11:35:00+05:30,2463.0,2464.45,2460.4,2464.45,8946
ADANIENT,2023-08-01T11:40:00+05:30,2464.05,2467.0,2462.3,2465.15,4377
ADANIENT,2023-08-01T11:45:00+05:30,2465.0,2472.0,2465.0,2470.0,14473
ADANIENT,2023-08-01T11:50:00+05:30,2470.25,2471.0,2468.0,2470.0,9089
ADANIENT,2023-08-01T11:55:00+05:30,2470.0,2473.0,2469.4,2471.25,9096
ADANIENT,2023-08-01T12:00:00+05:30,2471.75,2471.75,2469.0,2469.0,4184
ADANIENT,2023-08-01T12:05:00+05:30,2469.0,2469.5,2465.05,2466.55,8237
ADANIENT,2023-08-01T12:10:00+05:30,2466.55,2470.6,2466.55,2470.4,10553
ADANIENT,2023-08-01T12:15:00+05:30,2470.5,2470.5,2465.55,2468.0,5339
ADANIENT,2023-08-01T12:20:00+05:30,2468.1,2469.45,2466.8,2468.95,4846
ADANIENT,2023-08-01T12:25:00+05:30,2468.95,2469.0,2466.0,2467.25,5407
ADANIENT,2023-08-01T12:30:00+05:30,2467.25,2467.95,2466.0,2466.4,5907
ADANIENT,2023-08-01T12:35:00+05:30,2467.0,2468.95,2461.25,2461.45,28984
ADANIENT,2023-08-01T12:40:00+05:30,2461.75,2464.7,2460.0,2462.95,17899
ADANIENT,2023-08-01T12:45:00+05:30,2462.5,2464.5,2461.7,2463.0,6082
ADANIENT,2023-08-01T12:50:00+05:30,2463.0,2467.1,2461.95,2463.45,7294
ADANIENT,2023-08-01T12:55:00+05:30,2462.0,2465.1,2461.5,2465.0,6304
ADANIENT,2023-08-01T13:00:00+05:30,2465.0,2465.8,2464.05,2465.25,1953
ADANIENT,2023-08-01T13:05:00+05:30,2464.25,2469.35,2464.15,2469.0,8127
ADANIENT,2023-08-01T13:10:00+05:30,2469.0,2471.7,2466.5,2469.45,8896
ADANIENT,2023-08-01T13:15:00+05:30,2469.55,2470.95,2468.45,2469.5,6057
ADANIENT,2023-08-01T13:20:00+05:30,2469.5,2470.95,2468.65,2470.8,7888
ADANIENT,2023-08-01T13:25:00+05:30,2470.4,2470.8,2468.2,2468.95,4012
ADANIENT,2023-08-01T13:30:00+05:30,2468.95,2472.95,2468.5,2471.9,18292
ADANIENT,2023-08-01T13:35:00+05:30,2471.5,2472.5,2470.4,2471.4,11047
ADANIENT,2023-08-01T13:40:00+05:30,2471.0,2471.0,2468.55,2470.0,4998
ADANIENT,2023-08-01T13:45:00+05:30,2470.3,2474.85,2468.8,2474.0,11384
ADANIENT,2023-08-01T13:50:00+05:30,2474.0,2476.0,2473.25,2474.7,19587
ADANIENT,2023-08-01T13:55:00+05:30,2473.65,2474.0,2471.3,2472.0,3742
ADANIENT,2023-08-01T14:00:00+05:30,2471.9,2473.8,2471.2,2473.2,5980
ADANIENT,2023-08-01T14:05:00+05:30,2473.2,2477.95,2472.9,2476.0,12057
ADANIENT,2023-08-01T14:10:00+05:30,2476.0,2479.0,2475.2,2477.0,10576
ADANIENT,2023-08-01T14:15:00+05:30,2476.8,2478.0,2475.6,2475.8,4773
ADANIENT,2023-08-01T14:20:00+05:30,2475.9,2480.45,2475.55,2480.45,19959
ADANIENT,2023-08-01T14:25:00+05:30,2481.35,2484.0,2480.0,2482.05,19088
ADANIENT,2023-08-01T14:30:00+05:30,2482.6,2485.0,2481.25,2482.45,23537
ADANIENT,2023-08-01T14:35:00+05:30,2482.5,2486.0,2481.3,2485.75,25375
ADANIENT,2023-08-01T14:40:00+05:30,2485.0,2486.0,2483.3,2483.3,12505
ADANIENT,2023-08-01T14:45:00+05:30,2483.65,2485.85,2482.0,2483.7,17033
ADANIENT,2023-08-01T14:50:00+05:30,2484.05,2485.45,2481.4,2483.2,15244
ADANIENT,2023-08-01T14:55:00+05:30,2481.8,2484.55,2481.3,2483.7,13686
ADANIENT,2023-08-01T15:00:00+05:30,2484.95,2488.45,2484.0,2485.95,24970
ADANIENT,2023-08-01T15:05:00+05:30,2485.95,2486.05,2478.1,2478.2,31557
ADANIENT,2023-08-01T15:10:00+05:30,2479.55,2485.75,2478.3,2483.0,28110
ADANIENT,2023-08-01T15:15:00+05:30,2482.95,2483.6,2478.0,2479.0,46640
ADANIENT,2023-08-01T15:20:00+05:30,2478.95,2483.3,2476.6,2481.3,55285
ADANIENT,2023-08-01T15:25:00+05:30,2482.0,2482.0,2479.2,2481.9,31008
ADANIENT,2023-08-02T09:15:00+05:30,2493.0,2493.0,2461.2,2479.1,85879
ADANIENT,2023-08-02T09:20:00+05:30,2480.35,2494.7,2475.0,2490.75,76702
ADANIENT,2023-08-02T09:25:00+05:30,2490.05,2500.4,2490.05,2493.5,76497
ADANIENT,2023-08-02T09:30:00+05:30,2493.0,2497.0,2485.05,2491.0,48176
ADANIENT,2023-08-02T09:35:00+05:30,2491.85,2504.5,2491.8,2501.0,107965
ADANIENT,2023-08-02T09:40:00+05:30,2501.0,2503.0,2496.0,2501.0,53684
ADANIENT,2023-08-02T09:45:00+05:30,2501.45,2509.4,2497.3,2508.35,93960
ADANIENT,2023-08-02T09:50:00+05:30,2508.35,2510.0,2501.0,2505.0,51302
ADANIENT,2023-08-02T09:55:00+05:30,2504.0,2504.9,2494.4,2495.25,46297
ADANIENT,2023-08-02T10:00:00+05:30,2495.25,2497.0,2490.0,2490.55,42822
ADANIENT,2023-08-02T10:05:00+05:30,2490.05,2492.0,2486.7,2490.85,31418
ADANIENT,2023-08-02T10:10:00+05:30,2490.8,2491.45,2485.05,2486.9,17271
ADANIENT,2023-08-02T10:15:00+05:30,2486.85,2490.0,2485.6,2489.0,10430
ADANIENT,2023-08-02T10:20:00+05:30,2489.0,2494.0,2487.35,2492.95,19867
ADANIENT,2023-08-02T10:25:00+05:30,2492.95,2498.8,2490.0,2495.0,20316
ADANIENT,2023-08-02T10:30:00+05:30,2495.0,2495.0,2487.0,2487.0,17179
ADANIENT,2023-08-02T10:35:00+05:30,2487.2,2494.45,2486.65,2493.3,12188
ADANIENT,2023-08-02T10:40:00+05:30,2493.3,2494.8,2488.35,2493.05,27909
ADANIENT,2023-08-02T10:45:00+05:30,2493.0,2495.8,2489.8,2495.6,16161
ADANIENT,2023-08-02T10:50:00+05:30,2495.95,2508.0,2492.8,2508.0,63380
ADANIENT,2023-08-02T10:55:00+05:30,2508.7,2512.7,2500.45,2511.05,133423
ADANIENT,2023-08-02T11:00:00+05:30,2512.0,2514.0,2501.0,2502.55,124207
ADANIENT,2023-08-02T11:05:00+05:30,2502.55,2503.75,2492.4,2496.0,72362
ADANIENT,2023-08-02T11:10:00+05:30,2495.6,2496.0,2491.0,2493.6,39058
ADANIENT,2023-08-02T11:15:00+05:30,2494.0,2494.0,2490.5,2493.8,30318
ADANIENT,2023-08-02T11:20:00+05:30,2495.25,2503.15,2491.35,2503.15,29393
ADANIENT,2023-08-02T11:25:00+05:30,2503.0,2505.0,2494.85,2495.0,26007
ADANIENT,2023-08-02T11:30:00+05:30,2495.0,2495.8,2486.05,2488.25,43904
ADANIENT,2023-08-02T11:35:00+05:30,2488.0,2489.0,2481.0,2481.0,53723
ADANIENT,2023-08-02T11:40:00+05:30,2481.15,2485.0,2477.0,2483.8,41461
ADANIENT,2023-08-02T11:45:00+05:30,2483.8,2486.0,2479.5,2486.0,22813
ADANIENT,2023-08-02T11:50:00+05:30,2486.0,2486.9,2483.15,2485.5,8715
ADANIENT,2023-08-02T11:55:00+05:30,2485.0,2485.5,2483.5,2484.8,5123
ADANIENT,2023-08-02T12:00:00+05:30,2484.9,2485.0,2475.05,2478.95,28021
ADANIENT,2023-08-02T12:05:00+05:30,2479.35,2485.45,2478.0,2483.95,15999
ADANIENT,2023-08-02T12:10:00+05:30,2483.25,2484.8,2481.0,2481.9,5255
ADANIENT,2023-08-02T12:15:00+05:30,2481.8,2481.8,2475.0,2477.1,20118
ADANIENT,2023-08-02T12:20:00+05:30,2477.1,2481.55,2476.0,2481.55,10672
ADANIENT,2023-08-02T12:25:00+05:30,2481.4,2481.95,2476.0,2476.0,8471
ADANIENT,2023-08-02T12:30:00+05:30,2476.25,2481.9,2476.05,2478.25,34791
ADANIENT,2023-08-02T12:35:00+05:30,2478.0,2489.25,2478.0,2486.0,21494
ADANIENT,2023-08-02T12:40:00+05:30,2486.1,2489.0,2486.05,2488.5,19573
ADANIENT,2023-08-02T12:45:00+05:30,2488.0,2491.45,2488.0,2490.0,15383
ADANIENT,2023-08-02T12:50:00+05:30,2490.0,2490.4,2482.85,2484.3,12708
ADANIENT,2023-08-02T12:55:00+05:30,2484.0,2485.8,2482.1,2482.1,5507
ADANIENT,2023-08-02T13:00:00+05:30,2482.1,2484.0,2478.0,2478.95,11788
ADANIENT,2023-08-02T13:05:00+05:30,2478.0,2482.95,2476.65,2481.7,10785
ADANIENT,2023-08-02T13:10:00+05:30,2481.7,2486.0,2481.25,2482.0,10168
ADANIENT,2023-08-02T13:15:00+05:30,2482.45,2482.45,2477.0,2478.95,11180
ADANIENT,2023-08-02T13:20:00+05:30,2478.0,2479.95,2472.55,2475.45,29162
ADANIENT,2023-08-02T13:25:00+05:30,2475.0,2477.35,2470.0,2472.0,37404
ADANIENT,2023-08-02T13:30:00+05:30,2472.0,2478.0,2470.3,2475.0,20997
ADANIENT,2023-08-02T13:35:00+05:30,2475.25,2476.8,2471.0,2473.05,16844
ADANIENT,2023-08-02T13:40:00+05:30,2473.0,2473.95,2466.3,2467.75,41878
ADANIENT,2023-08-02T13:45:00+05:30,2467.15,2473.65,2467.0,2468.95,15728
ADANIENT,2023-08-02T13:50:00+05:30,2469.0,2472.85,2468.8,2472.5,15420
ADANIENT,2023-08-02T13:55:00+05:30,2472.5,2477.15,2463.4,2465.95,31603
ADANIENT,2023-08-02T14:00:00+05:30,2465.95,2468.45,2462.0,2463.3,15206
ADANIENT,2023-08-02T14:05:00+05:30,2463.25,2466.35,2459.0,2464.0,32341
ADANIENT,2023-08-02T14:10:00+05:30,2464.85,2465.05,2456.3,2458.65,27763
ADANIENT,2023-08-02T14:15:00+05:30,2458.85,2458.85,2451.1,2451.9,39431
ADANIENT,2023-08-02T14:20:00+05:30,2451.9,2458.45,2451.0,2452.0,28156
ADANIENT,2023-08-02T14:25:00+05:30,2452.5,2456.95,2452.0,2456.2,19299
ADANIENT,2023-08-02T14:30:00+05:30,2456.3,2458.0,2453.0,2455.55,15975
ADANIENT,2023-08-02T14:35:00+05:30,2455.05,2460.0,2453.0,2460.0,19129
ADANIENT,2023-08-02T14:40:00+05:30,2460.0,2464.65,2458.25,2462.0,16272
ADANIENT,2023-08-02T14:45:00+05:30,2462.45,2463.55,2460.0,2461.9,8257
ADANIENT,2023-08-02T14:50:00+05:30,2462.55,2467.85,2462.55,2467.8,14029
ADANIENT,2023-08-02T14:55:00+05:30,2467.8,2472.9,2467.6,2471.85,28888
ADANIENT,2023-08-02T15:00:00+05:30,2471.0,2479.0,2470.0,2472.85,40739
ADANIENT,2023-08-02T15:05:00+05:30,2472.85,2475.9,2470.15,2471.0,41144
ADANIENT,2023-08-02T15:10:00+05:30,2473.55,2475.0,2471.85,2474.0,21124
ADANIENT,2023-08-02T15:15:00+05:30,2473.85,2476.6,2472.0,2473.8,52576
ADANIENT,2023-08-02T15:20:00+05:30,2473.75,2475.0,2470.0,2472.45,46552
ADANIENT,2023-08-02T15:25:00+05:30,2472.75,2474.35,2469.3,2473.2,30847
ADANIENT,2023-08-03T09:15:00+05:30,2469.9,2495.75,2462.25,2492.05,125469
ADANIENT,2023-08-03T09:20:00+05:30,2493.0,2499.0,2485.3,2495.75,80986
ADANIENT,2023-08-03T09:25:00+05:30,2496.65,2502.75,2491.45,2496.35,101920
ADANIENT,2023-08-03T09:30:00+05:30,2496.05,2502.0,2484.6,2487.95,77682
ADANIENT,2023-08-03T09:35:00+05:30,2487.6,2488.0,2475.2,2476.3,64223
ADANIENT,2023-08-03T09:40:00+05:30,2476.2,2481.9,2473.0,2476.9,41821
ADANIENT,2023-08-03T09:45:00+05:30,2477.5,2483.9,2473.0,2479.8,30355
ADANIENT,2023-08-03T09:50:00+05:30,2477.95,2483.95,2477.6,2482.05,21130
ADANIENT,2023-08-03T09:55:00+05:30,2482.0,2489.1,2480.0,2481.6,22889
ADANIENT,2023-08-03T10:00:00+05:30,2481.0,2482.7,2477.0,2482.7,18657
ADANIENT,2023-08-03T10:05:00+05:30,2483.35,2487.0,2480.9,2482.6,17964
ADANIENT,2023-08-03T10:10:00+05:30,2482.6,2495.0,2482.25,2494.75,34214
ADANIENT,2023-08-03T10:15:00+05:30,2494.45,2499.0,2491.75,2492.4,46288
ADANIENT,2023-08-03T10:20:00+05:30,2493.0,2496.8,2489.0,2493.1,27068
ADANIENT,2023-08-03T10:25:00+05:30,2493.1,2496.1,2488.85,2496.1,16737
ADANIENT,2023-08-03T10:30:00+05:30,2495.7,2509.55,2495.0,2505.6,125703
ADANIENT,2023-08-03T10:35:00+05:30,2506.4,2510.0,2500.0,2504.7,82616
ADANIENT,2023-08-03T10:40:00+05:30,2504.65,2522.0,2502.0,2521.45,210402
ADANIENT,2023-08-03T10:45:00+05:30,2521.6,2543.75,2521.6,2534.35,312976
ADANIENT,2023-08-03T10:50:00+05:30,2535.05,2539.55,2531.45,2533.0,201392
ADANIENT,2023-08-03T10:55:00+05:30,2533.05,2538.25,2526.15,2528.25,97831
ADANIENT,2023-08-03T11:00:00+05:30,2528.35,2538.35,2528.25,2535.3,131299
ADANIENT,2023-08-03T11:05:00+05:30,2535.1,2537.0,2528.5,2529.0,75880
ADANIENT,2023-08-03T11:10:00+05:30,2529.0,2529.8,2516.1,2524.5,80557
ADANIENT,2023-08-03T11:15:00+05:30,2524.0,2525.85,2517.1,2519.9,31814
ADANIENT,2023-08-03T11:20:00+05:30,2519.9,2521.9,2515.0,2515.6,48092
ADANIENT,2023-08-03T11:25:00+05:30,2515.6,2528.0,2511.7,2524.5,72027
ADANIENT,2023-08-03T11:30:00+05:30,2525.0,2527.55,2521.0,2521.15,23285
ADANIENT,2023-08-03T11:35:00+05:30,2522.0,2522.95,2520.0,2520.0,13988
ADANIENT,2023-08-03T11:40:00+05:30,2520.0,2528.0,2516.75,2526.0,33759
ADANIENT,2023-08-03T11:45:00+05:30,2526.0,2530.0,2524.05,2524.65,73921
ADANIENT,2023-08-03T11:50:00+05:30,2525.55,2532.0,2520.8,2524.55,61135
ADANIENT,2023-08-03T11:55:00+05:30,2524.55,2524.55,2519.95,2519.95,11240
ADANIENT,2023-08-03T12:00:00+05:30,2520.0,2521.0,2512.45,2514.0,32824
ADANIENT,2023-08-03T12:05:00+05:30,2513.1,2521.75,2513.1,2519.1,20423
ADANIENT,2023-08-03T12:10:00+05:30,2518.1,2519.9,2515.6,2519.8,11633
ADANIENT,2023-08-03T12:15:00+05:30,2517.75,2519.55,2513.0,2514.1,28779
ADANIENT,2023-08-03T12:20:00+05:30,2515.0,2516.0,2502.05,2509.4,68320
ADANIENT,2023-08-03T12:25:00+05:30,2508.0,2512.45,2505.7,2509.1,24439
ADANIENT,2023-08-03T12:30:00+05:30,2509.15,2510.8,2506.0,2507.2,17396
ADANIENT,2023-08-03T12:35:00+05:30,2507.2,2511.0,2503.0,2503.0,18236
ADANIENT,2023-08-03T12:40:00+05:30,2503.5,2507.0,2503.5,2505.9,11893
ADANIENT,2023-08-03T12:45:00+05:30,2504.55,2505.85,2498.15,2501.5,43328
ADANIENT,2023-08-03T12:50:00+05:30,2501.5,2504.0,2500.0,2500.55,11827
ADANIENT,2023-08-03T12:55:00+05:30,2500.1,2501.0,2494.15,2499.2,26666
ADANIENT,2023-08-03T13:00:00+05:30,2499.3,2499.6,2491.05,2491.05,30211
ADANIENT,2023-08-03T13:05:00+05:30,2490.95,2500.0,2490.1,2494.4,26624
ADANIENT,2023-08-03T13:10:00+05:30,2493.2,2502.5,2491.0,2499.8,19521
ADANIENT,2023-08-03T13:15:00+05:30,2500.65,2501.95,2491.6,2493.05,31271
ADANIENT,2023-08-03T13:20:00+05:30,2493.1,2497.25,2489.0,2490.6,40901
ADANIENT,2023-08-03T13:25:00+05:30,2490.1,2493.65,2490.0,2492.5,13123
ADANIENT,2023-08-03T13:30:00+05:30,2492.5,2500.0,2491.55,2497.1,17730
ADANIENT,2023-08-03T13:35:00+05:30,2497.55,2499.9,2492.8,2497.85,10310
ADANIENT,2023-08-03T13:40:00+05:30,2497.25,2499.4,2493.0,2493.95,10636
ADANIENT,2023-08-03T13:45:00+05:30,2493.4,2494.0,2486.2,2492.65,34165
ADANIENT,2023-08-03T13:50:00+05:30,2492.25,2494.25,2491.0,2493.6,11879
ADANIENT,2023-08-03T13:55:00+05:30,2493.6,2493.9,2485.85,2485.9,17071
ADANIENT,2023-08-03T14:00:00+05:30,2485.9,2491.3,2485.25,2488.8,13171
ADANIENT,2023-08-03T14:05:00+05:30,2489.6,2492.2,2488.2,2489.45,11133
ADANIENT,2023-08-03T14:10:00+05:30,2489.3,2493.8,2486.3,2492.55,12716
ADANIENT,2023-08-03T14:15:00+05:30,2492.6,2493.05,2487.6,2490.05,10033
ADANIENT,2023-08-03T14:20:00+05:30,2490.4,2497.95,2490.3,2494.35,20031
ADANIENT,2023-08-03T14:25:00+05:30,2494.55,2505.75,2494.1,2505.4,38919
ADANIENT,2023-08-03T14:30:00+05:30,2504.95,2510.0,2503.6,2505.8,44799
ADANIENT,2023-08-03T14:35:00+05:30,2505.8,2514.65,2504.1,2511.2,46178
ADANIENT,2023-08-03T14:40:00+05:30,2511.25,2511.65,2506.0,2506.0,58658
ADANIENT,2023-08-03T14:45:00+05:30,2506.4,2510.0,2505.85,2508.65,34758
ADANIENT,2023-08-03T14:50:00+05:30,2508.75,2509.6,2505.25,2507.45,41851
ADANIENT,2023-08-03T14:55:00+05:30,2507.45,2521.0,2498.05,2505.65,182334
ADANIENT,2023-08-03T15:00:00+05:30,2503.45,2516.45,2502.3,2515.85,120236
ADANIENT,2023-08-03T15:05:00+05:30,2516.85,2531.15,2514.0,2529.4,305912
ADANIENT,2023-08-03T15:10:00+05:30,2529.65,2540.0,2518.6,2540.0,182733
ADANIENT,2023-08-03T15:15:00+05:30,2540.0,2550.0,2537.0,2546.0,387112
ADANIENT,2023-08-03T15:20:00+05:30,2545.15,2546.85,2528.8,2535.15,119243
ADANIENT,2023-08-03T15:25:00+05:30,2535.0,2535.7,2527.5,2534.5,90836
ADANIENT,2023-08-04T09:15:00+05:30,2545.3,2555.5,2525.6,2550.0,372230
ADANIENT,2023-08-04T09:20:00+05:30,2548.9,2551.85,2538.2,2541.0,243511
ADANIENT,2023-08-04T09:25:00+05:30,2540.65,2557.5,2540.0,2541.9,133057
ADANIENT,2023-08-04T09:30:00+05:30,2540.55,2550.9,2531.65,2550.05,179823
ADANIENT,2023-08-04T09:35:00+05:30,2550.0,2550.0,2518.95,2520.5,145334
ADANIENT,2023-08-04T09:40:00+05:30,2518.9,2522.4,2502.05,2507.7,125189
ADANIENT,2023-08-04T09:45:00+05:30,2508.0,2513.4,2504.4,2507.6,57438
ADANIENT,2023-08-04T09:50:00+05:30,2508.3,2531.0,2506.0,2530.85,166239
ADANIENT,2023-08-04T09:55:00+05:30,2531.0,2539.3,2527.45,2535.35,99676
ADANIENT,2023-08-04T10:00:00+05:30,2535.25,2545.0,2535.25,2544.05,84858
ADANIENT,2023-08-04T10:05:00+05:30,2544.0,2550.0,2538.1,2543.35,90328
ADANIENT,2023-08-04T10:10:00+05:30,2543.5,2548.0,2539.0,2546.0,68981
ADANIENT,2023-08-04T10:15:00+05:30,2547.0,2548.0,2539.0,2540.7,51071
ADANIENT,2023-08-04T10:20:00+05:30,2540.7,2542.85,2536.0,2536.1,15515
ADANIENT,2023-08-04T10:25:00+05:30,2536.0,2539.95,2534.0,2538.7,19750
ADANIENT,2023-08-04T10:30:00+05:30,2538.7,2542.4,2532.5,2534.9,28947
ADANIENT,2023-08-04T10:35:00+05:30,2534.6,2535.6,2530.35,2533.95,20618
ADANIENT,2023-08-04T10:40:00+05:30,2533.35,2534.8,2528.0,2531.0,23009
ADANIENT,2023-08-04T10:45:00+05:30,2531.0,2531.0,2526.0,2527.45,20871
ADANIENT,2023-08-04T10:50:00+05:30,2528.3,2532.0,2526.95,2529.05,13543
ADANIENT,2023-08-04T10:55:00+05:30,2528.0,2530.8,2524.0,2526.0,14660
ADANIENT,2023-08-04T11:00:00+05:30,2527.0,2531.7,2523.0,2531.0,16224
ADANIENT,2023-08-04T11:05:00+05:30,2531.75,2534.5,2528.4,2530.0,11719
ADANIENT,2023-08-04T11:10:00+05:30,2530.0,2531.55,2526.0,2526.0,7499
ADANIENT,2023-08-04T11:15:00+05:30,2526.7,2529.0,2525.0,2527.5,43768
ADANIENT,2023-08-04T11:20:00+05:30,2527.5,2527.5,2521.0,2521.05,20101
ADANIENT,2023-08-04T11:25:00+05:30,2521.6,2522.65,2516.55,2519.2,76061
ADANIENT,2023-08-04T11:30:00+05:30,2519.75,2523.95,2518.3,2522.1,12184
ADANIENT,2023-08-04T11:35:00+05:30,2523.25,2523.25,2521.2,2522.0,20257
ADANIENT,2023-08-04T11:40:00+05:30,2521.3,2529.85,2520.8,2528.8,7531
ADANIENT,2023-08-04T11:45:00+05:30,2529.7,2532.5,2529.0,2529.15,14886
ADANIENT,2023-08-04T11:50:00+05:30,2530.0,2530.95,2527.5,2528.0,7681
ADANIENT,2023-08-04T11:55:00+05:30,2528.1,2530.95,2526.6,2529.2,7921
ADANIENT,2023-08-04T12:00:00+05:30,2530.5,2530.75,2527.0,2527.5,6678
ADANIENT,2023-08-04T12:05:00+05:30,2527.7,2529.75,2525.0,2528.55,7857
ADANIENT,2023-08-04T12:10:00+05:30,2530.95,2535.0,2530.85,2532.0,18219
ADANIENT,2023-08-04T12:15:00+05:30,2532.5,2535.0,2531.4,2534.95,9778
ADANIENT,2023-08-04T12:20:00+05:30,2535.0,2539.9,2533.1,2538.0,36324
ADANIENT,2023-08-04T12:25:00+05:30,2538.2,2538.2,2535.05,2536.6,9547
ADANIENT,2023-08-04T12:30:00+05:30,2536.6,2542.5,2535.45,2536.85,34858
ADANIENT,2023-08-04T12:35:00+05:30,2538.0,2538.25,2533.0,2533.1,10004
ADANIENT,2023-08-04T12:40:00+05:30,2533.95,2535.8,2530.15,2530.55,9293
ADANIENT,2023-08-04T12:45:00+05:30,2531.05,2538.6,2530.2,2533.45,11287
ADANIENT,2023-08-04T12:50:00+05:30,2533.5,2537.35,2531.25,2533.45,6516
ADANIENT,2023-08-04T12:55:00+05:30,2533.45,2536.0,2531.75,2536.0,8184
ADANIENT,2023-08-04T13:00:00+05:30,2535.5,2539.9,2535.05,2536.65,16542
ADANIENT,2023-08-04T13:05:00+05:30,2537.4,2538.0,2534.0,2534.75,6857
ADANIENT,2023-08-04T13:10:00+05:30,2534.75,2535.0,2532.5,2533.05,3912
ADANIENT,2023-08-04T13:15:00+05:30,2532.5,2536.0,2531.1,2531.2,7994
ADANIENT,2023-08-04T13:20:00+05:30,2531.2,2532.95,2530.15,2530.15,5699
ADANIENT,2023-08-04T13:25:00+05:30,2528.1,2531.5,2528.1,2529.55,13744
ADANIENT,2023-08-04T13:30:00+05:30,2528.45,2529.55,2524.0,2524.0,18802
ADANIENT,2023-08-04T13:35:00+05:30,2524.0,2528.0,2522.0,2527.0,17816
ADANIENT,2023-08-04T13:40:00+05:30,2528.35,2529.1,2525.0,2528.0,9766
ADANIENT,2023-08-04T13:45:00+05:30,2527.35,2528.25,2524.0,2527.9,8155
ADANIENT,2023-08-04T13:50:00+05:30,2527.85,2527.95,2525.0,2526.55,55889
ADANIENT,2023-08-04T13:55:00+05:30,2527.4,2531.95,2525.0,2525.0,13716
ADANIENT,2023-08-04T14:00:00+05:30,2525.0,2525.45,2521.0,2523.25,16043
ADANIENT,2023-08-04T14:05:00+05:30,2523.55,2524.65,2522.1,2523.6,4404
ADANIENT,2023-08-04T14:10:00+05:30,2523.0,2528.3,2522.5,2528.1,17004
ADANIENT,2023-08-04T14:15:00+05:30,2528.3,2530.0,2524.9,2529.8,16452
ADANIENT,2023-08-04T14:20:00+05:30,2528.95,2531.0,2526.7,2527.65,12238
ADANIENT,2023-08-04T14:25:00+05:30,2527.6,2528.9,2525.0,2525.7,5764
ADANIENT,2023-08-04T14:30:00+05:30,2526.3,2536.4,2526.3,2536.05,52682
ADANIENT,2023-08-04T14:35:00+05:30,2536.05,2542.0,2534.75,2539.75,90776
ADANIENT,2023-08-04T14:40:00+05:30,2539.75,2540.0,2536.0,2536.6,17954
ADANIENT,2023-08-04T14:45:00+05:30,2537.55,2541.0,2534.0,2534.0,29924
ADANIENT,2023-08-04T14:50:00+05:30,2536.25,2540.5,2533.1,2533.55,22719
ADANIENT,2023-08-04T14:55:00+05:30,2533.5,2537.0,2532.25,2535.0,13024
ADANIENT,2023-08-04T15:00:00+05:30,2535.6,2540.9,2535.6,2537.0,24399
ADANIENT,2023-08-04T15:05:00+05:30,2537.0,2542.55,2536.75,2542.0,77647
ADANIENT,2023-08-04T15:10:00+05:30,2541.3,2545.5,2540.05,2543.1,91753
ADANIENT,2023-08-04T15:15:00+05:30,2543.95,2545.0,2540.0,2540.9,99335
ADANIENT,2023-08-04T15:20:00+05:30,2540.9,2542.6,2538.15,2540.0,66648
ADANIENT,2023-08-04T15:25:00+05:30,2541.8,2542.0,2536.15,2536.15,60145
ADANIENT,2023-08-07T09:15:00+05:30,2550.95,2555.0,2530.0,2532.9,128473
ADANIENT,2023-08-07T09:20:00+05:30,2532.95,2535.0,2523.2,2531.9,65951
ADANIENT,2023-08-07T09:25:00+05:30,2530.85,2537.0,2526.0,2533.5,55922
ADANIENT,2023-08-07T09:30:00+05:30,2532.55,2534.35,2523.25,2525.05,34475
ADANIENT,2023-08-07T09:35:00+05:30,2526.5,2530.65,2523.0,2530.0,34465
ADANIENT,2023-08-07T09:40:00+05:30,2529.15,2530.3,2525.0,2527.85,13201
ADANIENT,2023-08-07T09:45:00+05:30,2527.0,2529.5,2523.0,2524.55,21420
ADANIENT,2023-08-07T09:50:00+05:30,2525.0,2527.0,2520.5,2523.0,21240
ADANIENT,2023-08-07T09:55:00+05:30,2522.75,2522.9,2516.4,2519.0,37206
ADANIENT,2023-08-07T10:00:00+05:30,2519.9,2527.5,2519.0,2527.0,27577
ADANIENT,2023-08-07T10:05:00+05:30,2527.0,2531.0,2526.1,2530.0,23279
ADANIENT,2023-08-07T10:10:00+05:30,2530.0,2536.0,2528.0,2529.5,43021
ADANIENT,2023-08-07T10:15:00+05:30,2529.5,2529.75,2523.05,2523.05,28122
ADANIENT,2023-08-07T10:20:00+05:30,2524.6,2530.0,2522.45,2529.9,36678
ADANIENT,2023-08-07T10:25:00+05:30,2530.0,2533.9,2528.65,2532.75,38615
ADANIENT,2023-08-07T10:30:00+05:30,2533.85,2543.0,2531.0,2536.0,91362
ADANIENT,2023-08-07T10:35:00+05:30,2535.95,2536.0,2532.0,2534.85,39960
ADANIENT,2023-08-07T10:40:00+05:30,2534.0,2535.0,2531.85,2532.45,34127
ADANIENT,2023-08-07T10:45:00+05:30,2535.0,2536.0,2532.55,2534.8,34263
ADANIENT,2023-08-07T10:50:00+05:30,2533.45,2543.7,2531.2,2540.45,58613
ADANIENT,2023-08-07T10:55:00+05:30,2540.25,2548.0,2536.35,2542.55,102932
ADANIENT,2023-08-07T11:00:00+05:30,2542.5,2545.0,2540.0,2545.0,48807
ADANIENT,2023-08-07T11:05:00+05:30,2543.75,2545.0,2540.0,2541.95,57888
ADANIENT,2023-08-07T11:10:00+05:30,2540.0,2542.0,2539.15,2541.15,36487
ADANIENT,2023-08-07T11:15:00+05:30,2541.1,2545.0,2537.35,2537.95,72702
ADANIENT,2023-08-07T11:20:00+05:30,2537.95,2544.0,2537.1,2543.85,34320
ADANIENT,2023-08-07T11:25:00+05:30,2543.05,2548.95,2540.05,2548.95,91117
ADANIENT,2023-08-07T11:30:00+05:30,2547.6,2549.0,2537.35,2538.6,82691
ADANIENT,2023-08-07T11:35:00+05:30,2538.0,2540.0,2537.1,2540.0,31027
ADANIENT,2023-08-07T11:40:00+05:30,2538.8,2542.0,2538.35,2542.0,33351
ADANIENT,2023-08-07T11:45:00+05:30,2541.95,2545.55,2540.35,2542.95,46670
ADANIENT,2023-08-07T11:50:00+05:30,2542.9,2545.0,2540.65,2544.65,51759
ADANIENT,2023-08-07T11:55:00+05:30,2543.5,2545.0,2538.6,2538.85,116374
ADANIENT,2023-08-07T12:00:00+05:30,2538.6,2541.95,2538.0,2541.15,31236
ADANIENT,2023-08-07T12:05:00+05:30,2540.1,2544.75,2539.9,2543.1,28723
ADANIENT,2023-08-07T12:10:00+05:30,2543.1,2546.0,2541.2,2542.0,58129
ADANIENT,2023-08-07T12:15:00+05:30,2541.2,2544.0,2538.95,2540.0,60932
ADANIENT,2023-08-07T12:20:00+05:30,2540.0,2543.0,2538.25,2540.0,34942
ADANIENT,2023-08-07T12:25:00+05:30,2540.0,2542.95,2538.55,2540.9,32124
ADANIENT,2023-08-07T12:30:00+05:30,2540.75,2543.0,2540.25,2542.0,30712
ADANIENT,2023-08-07T12:35:00+05:30,2541.95,2546.0,2541.8,2545.05,38181
ADANIENT,2023-08-07T12:40:00+05:30,2545.0,2550.0,2545.0,2550.0,120952
ADANIENT,2023-08-07T12:45:00+05:30,2549.95,2550.0,2543.2,2545.45,79530
ADANIENT,2023-08-07T12:50:00+05:30,2545.0,2547.0,2543.0,2545.0,32587
ADANIENT,2023-08-07T12:55:00+05:30,2544.75,2547.0,2542.8,2546.0,34885
ADANIENT,2023-08-07T13:00:00+05:30,2545.95,2549.0,2545.0,2547.6,43064
ADANIENT,2023-08-07T13:05:00+05:30,2548.4,2550.0,2546.15,2550.0,58560
ADANIENT,2023-08-07T13:10:00+05:30,2550.0,2550.0,2543.45,2543.75,89490
ADANIENT,2023-08-07T13:15:00+05:30,2543.7,2545.0,2541.0,2542.8,37783
ADANIENT,2023-08-07T13:20:00+05:30,2542.75,2545.0,2540.2,2541.7,47207
ADANIENT,2023-08-07T13:25:00+05:30,2542.65,2547.0,2541.7,2547.0,40325
ADANIENT,2023-08-07T13:30:00+05:30,2547.0,2547.0,2542.0,2546.25,120725
ADANIENT,2023-08-07T13:35:00+05:30,2545.25,2547.0,2542.0,2545.0,105046
ADANIENT,2023-08-07T13:40:00+05:30,2545.0,2550.0,2543.5,2549.25,102223
ADANIENT,2023-08-07T13:45:00+05:30,2548.25,2557.9,2543.65,2548.0,230244
ADANIENT,2023-08-07T13:50:00+05:30,2547.95,2550.0,2545.2,2548.6,40601
ADANIENT,2023-08-07T13:55:00+05:30,2550.0,2550.0,2544.0,2544.6,47255
ADANIENT,2023-08-07T14:00:00+05:30,2544.6,2548.95,2544.2,2548.4,39525
ADANIENT,2023-08-07T14:05:00+05:30,2547.75,2550.0,2544.55,2546.45,40663
ADANIENT,2023-08-07T14:10:00+05:30,2545.65,2550.0,2544.0,2548.95,43583
ADANIENT,2023-08-07T14:15:00+05:30,2549.35,2552.0,2547.6,2550.0,65736
ADANIENT,2023-08-07T14:20:00+05:30,2551.7,2564.6,2549.9,2553.0,200972
ADANIENT,2023-08-07T14:25:00+05:30,2553.0,2554.95,2548.05,2553.45,63114
ADANIENT,2023-08-07T14:30:00+05:30,2552.25,2554.0,2545.7,2550.65,55250
ADANIENT,2023-08-07T14:35:00+05:30,2550.65,2552.0,2544.0,2545.75,60678
ADANIENT,2023-08-07T14:40:00+05:30,2546.6,2559.8,2545.2,2558.25,131741
ADANIENT,2023-08-07T14:45:00+05:30,2557.7,2563.0,2556.15,2562.45,116443
ADANIENT,2023-08-07T14:50:00+05:30,2562.05,2569.0,2560.05,2565.7,168884
ADANIENT,2023-08-07T14:55:00+05:30,2565.65,2565.65,2555.1,2556.55,127449
ADANIENT,2023-08-07T15:00:00+05:30,2556.1,2557.3,2550.05,2553.0,51398
ADANIENT,2023-08-07T15:05:00+05:30,2553.8,2556.0,2552.1,2555.9,23325
ADANIENT,2023-08-07T15:10:00+05:30,2555.95,2556.0,2547.6,2548.2,55929
ADANIENT,2023-08-07T15:15:00+05:30,2548.5,2550.0,2544.2,2548.0,74011
ADANIENT,2023-08-07T15:20:00+05:30,2548.0,2552.8,2546.8,2551.0,97293
ADANIENT,2023-08-07T15:25:00+05:30,2551.3,2552.4,2548.5,2552.0,42855
ADANIENT,2023-08-08T09:15:00+05:30,2563.25,2563.25,2532.05,2541.6,116520
ADANIENT,2023-08-08T09:20:00+05:30,2540.05,2541.6,2533.0,2536.2,84117
ADANIENT,2023-08-08T09:25:00+05:30,2536.55,2537.3,2523.0,2525.6,111382
ADANIENT,2023-08-08T09:30:00+05:30,2522.85,2528.7,2513.85,2522.8,107695
ADANIENT,2023-08-08T09:35:00+05:30,2522.8,2537.0,2517.3,2532.75,100911
ADANIENT,2023-08-08T09:40:00+05:30,2532.65,2544.3,2530.0,2540.95,62650
ADANIENT,2023-08-08T09:45:00+05:30,2540.8,2542.7,2536.0,2536.0,20941
ADANIENT,2023-08-08T09:50:00+05:30,2536.2,2539.5,2535.0,2535.9,11434
ADANIENT,2023-08-08T09:55:00+05:30,2536.0,2537.55,2532.75,2536.0,12901
ADANIENT,2023-08-08T10:00:00+05:30,2535.9,2535.9,2528.7,2529.55,22527
ADANIENT,2023-08-08T10:05:00+05:30,2530.0,2538.85,2529.2,2534.25,41510
ADANIENT,2023-08-08T10:10:00+05:30,2534.1,2539.0,2532.75,2537.4,46224
ADANIENT,2023-08-08T10:15:00+05:30,2537.45,2545.0,2535.15,2543.55,47877
ADANIENT,2023-08-08T10:20:00+05:30,2542.85,2546.9,2542.35,2542.4,51119
ADANIENT,2023-08-08T10:25:00+05:30,2542.85,2546.7,2540.0,2541.95,47825
ADANIENT,2023-08-08T10:30:00+05:30,2541.95,2543.9,2532.3,2536.05,79725
ADANIENT,2023-08-08T10:35:00+05:30,2536.0,2540.0,2536.0,2538.0,41329
ADANIENT,2023-08-08T10:40:00+05:30,2540.0,2540.0,2535.35,2537.25,60696
ADANIENT,2023-08-08T10:45:00+05:30,2537.3,2539.1,2530.4,2532.35,61957
ADANIENT,2023-08-08T10:50:00+05:30,2532.8,2534.1,2526.0,2528.95,78053
ADANIENT,2023-08-08T10:55:00+05:30,2529.0,2530.0,2527.0,2529.35,51970
ADANIENT,2023-08-08T11:00:00+05:30,2530.0,2535.9,2521.65,2523.3,73431
ADANIENT,2023-08-08T11:05:00+05:30,2522.8,2526.9,2520.0,2523.95,65509
ADANIENT,2023-08-08T11:10:00+05:30,2523.25,2523.25,2501.0,2501.15,177298
ADANIENT,2023-08-08T11:15:00+05:30,2501.6,2508.3,2490.0,2505.4,120790
ADANIENT,2023-08-08T11:20:00+05:30,2505.4,2509.9,2496.95,2500.6,77347
ADANIENT,2023-08-08T11:25:00+05:30,2500.5,2505.0,2499.2,2503.85,71964
ADANIENT,2023-08-08T11:30:00+05:30,2503.45,2504.05,2494.55,2497.95,65135
ADANIENT,2023-08-08T11:35:00+05:30,2496.4,2497.2,2477.9,2490.5,135695
ADANIENT,2023-08-08T11:40:00+05:30,2490.0,2497.15,2489.05,2497.15,59343
ADANIENT,2023-08-08T11:45:00+05:30,2495.05,2496.8,2488.3,2491.9,52603
ADANIENT,2023-08-08T11:50:00+05:30,2490.75,2499.3,2490.5,2498.05,51906
ADANIENT,2023-08-08T11:55:00+05:30,2498.05,2498.5,2490.75,2496.05,81835
ADANIENT,2023-08-08T12:00:00+05:30,2492.9,2496.95,2492.0,2492.65,56488
ADANIENT,2023-08-08T12:05:00+05:30,2492.6,2493.9,2488.0,2490.45,65505
ADANIENT,2023-08-08T12:10:00+05:30,2490.45,2495.0,2487.6,2490.8,75812
ADANIENT,2023-08-08T12:15:00+05:30,2489.65,2491.0,2485.45,2486.05,66575
ADANIENT,2023-08-08T12:20:00+05:30,2486.3,2491.0,2481.0,2489.8,81679
ADANIENT,2023-08-08T12:25:00+05:30,2489.75,2492.45,2479.0,2480.8,125313
ADANIENT,2023-08-08T12:30:00+05:30,2480.75,2483.7,2470.35,2476.0,132151
ADANIENT,2023-08-08T12:35:00+05:30,2476.0,2480.0,2468.85,2468.9,81589
ADANIENT,2023-08-08T12:40:00+05:30,2468.95,2479.75,2468.9,2479.6,71948
ADANIENT,2023-08-08T12:45:00+05:30,2480.0,2480.05,2473.1,2474.25,62696
ADANIENT,2023-08-08T12:50:00+05:30,2474.25,2476.95,2472.65,2474.2,60440
ADANIENT,2023-08-08T12:55:00+05:30,2473.6,2476.0,2470.45,2476.0,60775
ADANIENT,2023-08-08T13:00:00+05:30,2475.95,2481.05,2474.5,2479.05,67690
ADANIENT,2023-08-08T13:05:00+05:30,2479.0,2481.25,2478.0,2480.2,61064
ADANIENT,2023-08-08T13:10:00+05:30,2480.15,2481.8,2474.5,2477.1,63721
ADANIENT,2023-08-08T13:15:00+05:30,2477.0,2479.0,2470.55,2471.75,78428
ADANIENT,2023-08-08T13:20:00+05:30,2471.85,2474.5,2470.5,2472.05,81237
ADANIENT,2023-08-08T13:25:00+05:30,2472.05,2473.4,2468.1,2469.75,78380
ADANIENT,2023-08-08T13:30:00+05:30,2469.0,2469.65,2461.35,2469.6,79591
ADANIENT,2023-08-08T13:35:00+05:30,2469.25,2472.6,2468.05,2469.65,56331
ADANIENT,2023-08-08T13:40:00+05:30,2468.95,2472.1,2467.6,2470.15,54104
ADANIENT,2023-08-08T13:45:00+05:30,2470.15,2472.55,2462.95,2466.0,70823
ADANIENT,2023-08-08T13:50:00+05:30,2465.3,2470.5,2465.05,2469.5,47194
ADANIENT,2023-08-08T13:55:00+05:30,2469.5,2473.5,2468.0,2471.0,64671
ADANIENT,2023-08-08T14:00:00+05:30,2470.7,2480.7,2470.0,2475.1,120402
ADANIENT,2023-08-08T14:05:00+05:30,2475.65,2477.3,2471.35,2475.0,78681
ADANIENT,2023-08-08T14:10:00+05:30,2474.95,2489.3,2474.45,2488.05,105310
ADANIENT,2023-08-08T14:15:00+05:30,2488.0,2495.0,2485.2,2486.7,199865
ADANIENT,2023-08-08T14:20:00+05:30,2485.4,2492.4,2476.1,2488.7,119853
ADANIENT,2023-08-08T14:25:00+05:30,2488.7,2494.45,2483.0,2493.0,114669
ADANIENT,2023-08-08T14:30:00+05:30,2492.95,2499.0,2490.4,2497.1,166809
ADANIENT,2023-08-08T14:35:00+05:30,2497.1,2505.0,2495.85,2497.95,191156
ADANIENT,2023-08-08T14:40:00+05:30,2497.7,2504.85,2490.0,2493.0,136114
ADANIENT,2023-08-08T14:45:00+05:30,2491.0,2496.85,2484.45,2495.25,105028
ADANIENT,2023-08-08T14:50:00+05:30,2494.55,2499.9,2487.25,2490.3,179072
ADANIENT,2023-08-08T14:55:00+05:30,2490.3,2492.0,2485.0,2485.0,36165
ADANIENT,2023-08-08T15:00:00+05:30,2486.65,2494.95,2482.75,2483.0,47387
ADANIENT,2023-08-08T15:05:00+05:30,2483.05,2483.05,2475.0,2480.0,57940
ADANIENT,2023-08-08T15:10:00+05:30,2480.7,2481.5,2476.5,2478.05,45774
ADANIENT,2023-08-08T15:15:00+05:30,2478.15,2478.15,2468.0,2468.15,103423
ADANIENT,2023-08-08T15:20:00+05:30,2468.95,2476.6,2463.35,2476.6,195049
ADANIENT,2023-08-08T15:25:00+05:30,2476.6,2480.85,2469.35,2477.05,81778
ADANIENT,2023-08-09T09:15:00+05:30,2488.35,2490.0,2472.0,2475.8,120411
ADANIENT,2023-08-09T09:20:00+05:30,2475.9,2497.25,2475.3,2491.25,84974
ADANIENT,2023-08-09T09:25:00+05:30,2491.25,2495.0,2489.5,2492.7,40313
ADANIENT,2023-08-09T09:30:00+05:30,2493.55,2497.0,2481.2,2485.8,80883
ADANIENT,2023-08-09T09:35:00+05:30,2487.6,2488.4,2480.0,2482.25,35338
ADANIENT,2023-08-09T09:40:00+05:30,2482.25,2485.0,2480.0,2481.0,16741
ADANIENT,2023-08-09T09:45:00+05:30,2480.6,2490.0,2480.5,2490.0,47522
ADANIENT,2023-08-09T09:50:00+05:30,2489.25,2495.0,2487.2,2487.25,83435
ADANIENT,2023-08-09T09:55:00+05:30,2487.0,2491.35,2482.0,2485.85,79176
ADANIENT,2023-08-09T10:00:00+05:30,2485.8,2490.0,2482.6,2486.75,68257
ADANIENT,2023-08-09T10:05:00+05:30,2486.5,2490.0,2484.5,2485.2,70926
ADANIENT,2023-08-09T10:10:00+05:30,2485.2,2490.0,2484.0,2487.55,79530
ADANIENT,2023-08-09T10:15:00+05:30,2487.3,2493.35,2486.55,2490.95,75789
ADANIENT,2023-08-09T10:20:00+05:30,2491.5,2495.0,2488.1,2494.35,66503
ADANIENT,2023-08-09T10:25:00+05:30,2493.65,2500.0,2486.7,2488.05,164619
ADANIENT,2023-08-09T10:30:00+05:30,2488.7,2490.0,2483.15,2486.6,65031
ADANIENT,2023-08-09T10:35:00+05:30,2486.6,2494.95,2485.25,2489.95,58062
ADANIENT,2023-08-09T10:40:00+05:30,2488.85,2492.0,2486.6,2490.3,68745
ADANIENT,2023-08-09T10:45:00+05:30,2489.1,2494.4,2486.25,2488.1,67825
ADANIENT,2023-08-09T10:50:00+05:30,2487.95,2494.95,2484.95,2487.35,75157
ADANIENT,2023-08-09T10:55:00+05:30,2487.15,2493.0,2484.0,2484.25,71940
ADANIENT,2023-08-09T11:00:00+05:30,2484.25,2490.0,2483.35,2486.35,70352
ADANIENT,2023-08-09T11:05:00+05:30,2486.35,2490.0,2484.35,2488.75,70468
ADANIENT,2023-08-09T11:10:00+05:30,2488.7,2498.8,2488.15,2496.95,101102
ADANIENT,2023-08-09T11:15:00+05:30,2495.95,2498.6,2491.4,2494.5,62009
ADANIENT,2023-08-09T11:20:00+05:30,2494.4,2497.4,2494.05,2496.65,69641
ADANIENT,2023-08-09T11:25:00+05:30,2496.65,2499.0,2490.0,2491.0,82314
ADANIENT,2023-08-09T11:30:00+05:30,2490.7,2493.0,2490.05,2491.2,74566
ADANIENT,2023-08-09T11:35:00+05:30,2491.25,2493.0,2488.65,2491.4,86545
ADANIENT,2023-08-09T11:40:00+05:30,2492.25,2498.1,2490.1,2496.95,82117
ADANIENT,2023-08-09T11:45:00+05:30,2496.9,2505.55,2495.25,2499.6,133459
ADANIENT,2023-08-09T11:50:00+05:30,2499.6,2501.0,2496.0,2500.0,57012
ADANIENT,2023-08-09T11:55:00+05:30,2499.2,2507.3,2498.05,2505.2,92903
ADANIENT,2023-08-09T12:00:00+05:30,2505.45,2508.0,2500.1,2504.75,120815
ADANIENT,2023-08-09T12:05:00+05:30,2504.3,2508.0,2502.6,2505.75,94047
ADANIENT,2023-08-09T12:10:00+05:30,2506.0,2509.0,2498.0,2500.55,81710
ADANIENT,2023-08-09T12:15:00+05:30,2502.05,2504.9,2496.35,2497.35,84827
ADANIENT,2023-08-09T12:20:00+05:30,2498.2,2502.85,2497.0,2500.55,69410
ADANIENT,2023-08-09T12:25:00+05:30,2500.7,2501.95,2497.0,2497.5,72094
ADANIENT,2023-08-09T12:30:00+05:30,2497.45,2500.0,2497.15,2499.05,62719
ADANIENT,2023-08-09T12:35:00+05:30,2499.0,2500.0,2497.3,2498.2,57287
ADANIENT,2023-08-09T12:40:00+05:30,2500.0,2500.0,2497.1,2498.55,56215
ADANIENT,2023-08-09T12:45:00+05:30,2498.5,2509.3,2498.5,2502.05,77049
ADANIENT,2023-08-09T12:50:00+05:30,2503.35,2505.0,2501.6,2503.7,58435
ADANIENT,2023-08-09T12:55:00+05:30,2503.65,2505.95,2501.2,2503.05,64200
ADANIENT,2023-08-09T13:00:00+05:30,2503.0,2506.95,2502.1,2505.8,70031
ADANIENT,2023-08-09T13:05:00+05:30,2505.1,2507.8,2502.25,2506.0,81729
ADANIENT,2023-08-09T13:10:00+05:30,2505.05,2510.0,2504.6,2508.45,123689
ADANIENT,2023-08-09T13:15:00+05:30,2508.55,2510.0,2505.3,2509.75,73271
ADANIENT,2023-08-09T13:20:00+05:30,2509.75,2511.95,2505.1,2507.6,120754
ADANIENT,2023-08-09T13:25:00+05:30,2507.6,2512.0,2504.0,2510.3,58978
ADANIENT,2023-08-09T13:30:00+05:30,2511.3,2511.8,2500.6,2503.0,118932
ADANIENT,2023-08-09T13:35:00+05:30,2502.95,2505.0,2502.1,2503.55,52220
ADANIENT,2023-08-09T13:40:00+05:30,2503.55,2509.9,2502.8,2508.1,52172
ADANIENT,2023-08-09T13:45:00+05:30,2508.15,2510.0,2507.0,2508.6,54951
ADANIENT,2023-08-09T13:50:00+05:30,2508.7,2512.0,2507.9,2510.2,69663
ADANIENT,2023-08-09T13:55:00+05:30,2510.15,2511.75,2507.55,2510.65,65708
ADANIENT,2023-08-09T14:00:00+05:30,2508.25,2514.9,2507.0,2508.0,142106
ADANIENT,2023-08-09T14:05:00+05:30,2508.0,2509.95,2504.0,2506.1,95845
ADANIENT,2023-08-09T14:10:00+05:30,2506.3,2509.95,2505.95,2508.8,70385
ADANIENT,2023-08-09T14:15:00+05:30,2508.3,2510.0,2505.95,2507.8,82819
ADANIENT,2023-08-09T14:20:00+05:30,2507.65,2510.0,2505.0,2506.4,77510
ADANIENT,2023-08-09T14:25:00+05:30,2506.5,2510.0,2506.05,2507.65,70591
ADANIENT,2023-08-09T14:30:00+05:30,2508.0,2510.0,2503.5,2509.1,87802
ADANIENT,2023-08-09T14:35:00+05:30,2509.0,2512.0,2507.0,2510.2,178713
ADANIENT,2023-08-09T14:40:00+05:30,2510.05,2514.9,2508.15,2511.55,180281
ADANIENT,2023-08-09T14:45:00+05:30,2512.15,2516.35,2511.05,2516.0,122686
ADANIENT,2023-08-09T14:50:00+05:30,2515.0,2516.25,2508.5,2510.0,28653
ADANIENT,2023-08-09T14:55:00+05:30,2510.0,2512.65,2505.5,2506.85,28539
ADANIENT,2023-08-09T15:00:00+05:30,2505.85,2510.6,2505.0,2506.05,22855
ADANIENT,2023-08-09T15:05:00+05:30,2506.05,2509.0,2505.45,2508.05,18576
ADANIENT,2023-08-09T15:10:00+05:30,2508.6,2509.4,2506.85,2508.1,17758
ADANIENT,2023-08-09T15:15:00+05:30,2508.05,2510.0,2507.0,2509.0,43780
ADANIENT,2023-08-09T15:20:00+05:30,2508.5,2509.0,2505.1,2507.2,53532
ADANIENT,2023-08-09T15:25:00+05:30,2507.05,2509.5,2504.25,2506.0,106592
ADANIENT,2023-08-10T09:15:00+05:30,2510.0,2535.8,2510.0,2526.65,258887
ADANIENT,2023-08-10T09:20:00+05:30,2526.15,2533.95,2523.75,2533.0,145578
ADANIENT,2023-08-10T09:25:00+05:30,2533.0,2542.0,2530.1,2535.6,176509
ADANIENT,2023-08-10T09:30:00+05:30,2536.0,2548.0,2534.05,2542.9,159613
ADANIENT,2023-08-10T09:35:00+05:30,2541.2,2541.2,2532.2,2532.2,51108
ADANIENT,2023-08-10T09:40:00+05:30,2532.2,2542.0,2532.2,2536.0,72765
ADANIENT,2023-08-10T09:45:00+05:30,2536.0,2538.9,2533.1,2535.1,20700
ADANIENT,2023-08-10T09:50:00+05:30,2535.6,2546.0,2534.0,2541.9,105594
ADANIENT,2023-08-10T09:55:00+05:30,2543.0,2548.0,2531.9,2533.65,180242
ADANIENT,2023-08-10T10:00:00+05:30,2532.55,2541.0,2529.45,2539.95,78572
ADANIENT,2023-08-10T10:05:00+05:30,2539.6,2545.0,2535.55,2545.0,64754
ADANIENT,2023-08-10T10:10:00+05:30,2543.8,2544.7,2538.1,2541.95,64373
ADANIENT,2023-08-10T10:15:00+05:30,2541.95,2545.35,2539.55,2545.0,61808
ADANIENT,2023-08-10T10:20:00+05:30,2545.0,2546.0,2536.95,2538.1,78846
ADANIENT,2023-08-10T10:25:00+05:30,2537.9,2542.0,2535.0,2538.65,74007
ADANIENT,2023-08-10T10:30:00+05:30,2538.65,2542.0,2528.3,2532.0,113577
ADANIENT,2023-08-10T10:35:00+05:30,2530.65,2533.35,2525.45,2529.95,92209
ADANIENT,2023-08-10T10:40:00+05:30,2530.15,2533.25,2528.0,2529.0,78727
ADANIENT,2023-08-10T10:45:00+05:30,2528.1,2535.0,2528.1,2533.15,71028
ADANIENT,2023-08-10T10:50:00+05:30,2533.15,2544.0,2531.25,2543.3,131074
ADANIENT,2023-08-10T10:55:00+05:30,2543.4,2545.0,2538.5,2543.05,187014
ADANIENT,2023-08-10T11:00:00+05:30,2544.8,2549.9,2542.2,2545.0,196743
ADANIENT,2023-08-10T11:05:00+05:30,2545.0,2547.0,2538.95,2539.35,88322
ADANIENT,2023-08-10T11:10:00+05:30,2540.0,2543.95,2538.95,2542.15,73637
ADANIENT,2023-08-10T11:15:00+05:30,2542.1,2548.0,2541.1,2547.05,82325
ADANIENT,2023-08-10T11:20:00+05:30,2547.15,2550.0,2546.65,2549.4,252174
ADANIENT,2023-08-10T11:25:00+05:30,2550.0,2550.0,2546.25,2548.1,89581
ADANIENT,2023-08-10T11:30:00+05:30,2547.75,2550.0,2546.0,2549.55,61894
ADANIENT,2023-08-10T11:35:00+05:30,2548.7,2561.75,2548.1,2560.3,161625
ADANIENT,2023-08-10T11:40:00+05:30,2552.0,2554.85,2542.3,2542.8,175325
ADANIENT,2023-08-10T11:45:00+05:30,2542.45,2544.1,2539.15,2540.5,100383
ADANIENT,2023-08-10T11:50:00+05:30,2541.0,2546.7,2540.95,2543.45,75577
ADANIENT,2023-08-10T11:55:00+05:30,2543.15,2546.95,2541.0,2541.0,74215
ADANIENT,2023-08-10T12:00:00+05:30,2541.0,2543.9,2536.65,2542.5,87008
ADANIENT,2023-08-10T12:05:00+05:30,2542.7,2547.9,2541.15,2545.4,75043
ADANIENT,2023-08-10T12:10:00+05:30,2545.2,2548.8,2542.6,2544.1,81738
ADANIENT,2023-08-10T12:15:00+05:30,2544.15,2555.0,2544.05,2548.85,109175
ADANIENT,2023-08-10T12:20:00+05:30,2549.75,2550.0,2547.0,2548.55,93418
ADANIENT,2023-08-10T12:25:00+05:30,2548.55,2553.95,2547.25,2552.1,56805
ADANIENT,2023-08-10T12:30:00+05:30,2552.0,2560.0,2551.85,2553.7,121686
ADANIENT,2023-08-10T12:35:00+05:30,2556.0,2558.0,2552.1,2558.0,109503
ADANIENT,2023-08-10T12:40:00+05:30,2558.0,2567.55,2557.15,2562.55,288405
ADANIENT,2023-08-10T12:45:00+05:30,2561.8,2563.6,2557.4,2559.0,168976
ADANIENT,2023-08-10T12:50:00+05:30,2559.65,2568.0,2559.0,2560.85,108461
ADANIENT,2023-08-10T12:55:00+05:30,2560.85,2564.0,2558.0,2562.65,71402
ADANIENT,2023-08-10T13:00:00+05:30,2562.8,2574.9,2562.25,2567.65,244245
ADANIENT,2023-08-10T13:05:00+05:30,2567.55,2569.8,2562.7,2566.05,82860
ADANIENT,2023-08-10T13:10:00+05:30,2566.0,2571.0,2564.5,2568.65,112379
ADANIENT,2023-08-10T13:15:00+05:30,2568.85,2571.0,2566.0,2566.45,69205
ADANIENT,2023-08-10T13:20:00+05:30,2567.1,2569.55,2566.0,2566.9,58911
ADANIENT,2023-08-10T13:25:00+05:30,2567.05,2567.1,2558.1,2563.3,94244
ADANIENT,2023-08-10T13:30:00+05:30,2563.3,2570.0,2559.95,2568.45,93548
ADANIENT,2023-08-10T13:35:00+05:30,2568.7,2577.5,2567.7,2571.8,168218
ADANIENT,2023-08-10T13:40:00+05:30,2570.35,2571.1,2558.45,2560.0,132999
ADANIENT,2023-08-10T13:45:00+05:30,2560.0,2565.0,2557.0,2561.0,100222
ADANIENT,2023-08-10T13:50:00+05:30,2560.7,2562.15,2545.2,2548.85,162949
ADANIENT,2023-08-10T13:55:00+05:30,2549.0,2552.8,2536.95,2540.5,142968
ADANIENT,2023-08-10T14:00:00+05:30,2537.55,2547.6,2537.4,2546.25,95896
ADANIENT,2023-08-10T14:05:00+05:30,2545.7,2547.4,2540.15,2543.75,114915
ADANIENT,2023-08-10T14:10:00+05:30,2543.75,2546.2,2540.15,2545.5,62373
ADANIENT,2023-08-10T14:15:00+05:30,2547.0,2551.1,2544.0,2549.95,158421
ADANIENT,2023-08-10T14:20:00+05:30,2550.0,2556.0,2547.65,2555.0,90010
ADANIENT,2023-08-10T14:25:00+05:30,2554.65,2555.0,2552.55,2554.9,60460
ADANIENT,2023-08-10T14:30:00+05:30,2554.0,2555.0,2548.05,2549.75,90328
ADANIENT,2023-08-10T14:35:00+05:30,2549.75,2553.75,2548.0,2551.55,56110
ADANIENT,2023-08-10T14:40:00+05:30,2551.85,2561.25,2549.25,2559.3,100250
ADANIENT,2023-08-10T14:45:00+05:30,2560.0,2561.8,2557.0,2558.6,102465
ADANIENT,2023-08-10T14:50:00+05:30,2558.6,2561.0,2557.1,2559.7,79876
ADANIENT,2023-08-10T14:55:00+05:30,2559.0,2565.0,2558.4,2559.8,156509
ADANIENT,2023-08-10T15:00:00+05:30,2559.75,2560.0,2552.0,2554.25,44117
ADANIENT,2023-08-10T15:05:00+05:30,2553.1,2559.0,2553.1,2557.75,33796
ADANIENT,2023-08-10T15:10:00+05:30,2557.9,2558.65,2550.55,2551.5,94068
ADANIENT,2023-08-10T15:15:00+05:30,2551.45,2552.25,2547.0,2551.9,61616
ADANIENT,2023-08-10T15:20:00+05:30,2551.9,2557.05,2548.9,2554.05,90382
ADANIENT,2023-08-10T15:25:00+05:30,2555.0,2556.5,2548.7,2549.0,109068
ADANIENT,2023-08-11T09:15:00+05:30,2550.05,2553.8,2531.15,2538.0,143690
ADANIENT,2023-08-11T09:20:00+05:30,2538.45,2538.7,2521.6,2522.75,103308
ADANIENT,2023-08-11T09:25:00+05:30,2522.85,2531.0,2518.2,2528.3,60474
ADANIENT,2023-08-11T09:30:00+05:30,2528.15,2533.45,2527.0,2530.0,36688
ADANIENT,2023-08-11T09:35:00+05:30,2530.0,2537.0,2529.3,2533.4,29648
ADANIENT,2023-08-11T09:40:00+05:30,2533.4,2533.95,2529.4,2530.75,15534
ADANIENT,2023-08-11T09:45:00+05:30,2531.45,2540.35,2530.75,2538.95,89077
ADANIENT,2023-08-11T09:50:00+05:30,2538.2,2543.05,2534.65,2540.8,95931
ADANIENT,2023-08-11T09:55:00+05:30,2540.25,2540.4,2536.1,2538.5,88966
ADANIENT,2023-08-11T10:00:00+05:30,2538.4,2545.0,2538.0,2544.0,80987
ADANIENT,2023-08-11T10:05:00+05:30,2543.4,2548.85,2542.0,2544.0,108508
ADANIENT,2023-08-11T10:10:00+05:30,2544.45,2550.0,2542.35,2546.25,151799
ADANIENT,2023-08-11T10:15:00+05:30,2546.05,2550.0,2542.3,2548.95,85468
ADANIENT,2023-08-11T10:20:00+05:30,2549.5,2558.55,2549.0,2550.0,189431
ADANIENT,2023-08-11T10:25:00+05:30,2550.0,2550.0,2544.15,2548.4,80576
ADANIENT,2023-08-11T10:30:00+05:30,2549.35,2559.95,2548.65,2555.5,84223
ADANIENT,2023-08-11T10:35:00+05:30,2555.1,2560.0,2552.65,2558.85,86911
ADANIENT,2023-08-11T10:40:00+05:30,2558.85,2562.5,2557.4,2559.1,101716
ADANIENT,2023-08-11T10:45:00+05:30,2559.1,2560.0,2556.2,2557.25,72858
ADANIENT,2023-08-11T10:50:00+05:30,2557.3,2559.95,2549.0,2549.0,129396
ADANIENT,2023-08-11T10:55:00+05:30,2549.05,2549.5,2544.0,2547.2,124671
ADANIENT,2023-08-11T11:00:00+05:30,2547.6,2550.0,2538.55,2543.05,122791
ADANIENT,2023-08-11T11:05:00+05:30,2543.5,2550.0,2542.35,2549.95,89840
ADANIENT,2023-08-11T11:10:00+05:30,2549.95,2560.0,2549.95,2557.75,114600
ADANIENT,2023-08-11T11:15:00+05:30,2558.45,2562.0,2553.0,2553.1,115804
ADANIENT,2023-08-11T11:20:00+05:30,2553.2,2560.0,2553.0,2556.5,89674
ADANIENT,2023-08-11T11:25:00+05:30,2556.5,2558.0,2554.0,2556.0,93814
ADANIENT,2023-08-11T11:30:00+05:30,2556.0,2558.0,2554.0,2556.15,88678
ADANIENT,2023-08-11T11:35:00+05:30,2556.25,2558.0,2545.0,2547.65,173516
ADANIENT,2023-08-11T11:40:00+05:30,2547.65,2550.0,2544.0,2548.1,107371
ADANIENT,2023-08-11T11:45:00+05:30,2548.3,2550.0,2545.3,2546.9,97136
ADANIENT,2023-08-11T11:50:00+05:30,2546.55,2548.8,2544.15,2546.85,102950
ADANIENT,2023-08-11T11:55:00+05:30,2546.85,2556.05,2546.25,2554.95,81816
ADANIENT,2023-08-11T12:00:00+05:30,2554.95,2558.0,2554.5,2556.5,81099
ADANIENT,2023-08-11T12:05:00+05:30,2557.0,2562.0,2556.35,2560.15,111718
ADANIENT,2023-08-11T12:10:00+05:30,2559.85,2565.0,2559.0,2563.25,126349
ADANIENT,2023-08-11T12:15:00+05:30,2563.1,2566.55,2558.35,2563.25,91754
ADANIENT,2023-08-11T12:20:00+05:30,2563.15,2566.65,2562.15,2564.65,81635
ADANIENT,2023-08-11T12:25:00+05:30,2565.0,2568.0,2558.0,2558.8,136091
ADANIENT,2023-08-11T12:30:00+05:30,2558.2,2560.0,2555.25,2556.0,82567
ADANIENT,2023-08-11T12:35:00+05:30,2557.1,2563.0,2556.05,2558.85,75112
ADANIENT,2023-08-11T12:40:00+05:30,2559.8,2563.0,2558.1,2561.5,69711
ADANIENT,2023-08-11T12:45:00+05:30,2561.6,2563.9,2559.95,2562.85,70802
ADANIENT,2023-08-11T12:50:00+05:30,2564.55,2564.55,2553.7,2553.9,112884
ADANIENT,2023-08-11T12:55:00+05:30,2553.7,2558.45,2552.2,2554.7,98387
ADANIENT,2023-08-11T13:00:00+05:30,2554.15,2562.05,2554.05,2559.15,94395
ADANIENT,2023-08-11T13:05:00+05:30,2561.8,2561.8,2553.35,2555.0,112704
ADANIENT,2023-08-11T13:10:00+05:30,2555.15,2558.0,2554.05,2555.7,83475
ADANIENT,2023-08-11T13:15:00+05:30,2555.9,2558.0,2552.35,2556.0,96135
ADANIENT,2023-08-11T13:20:00+05:30,2556.0,2558.0,2555.05,2556.35,90195
ADANIENT,2023-08-11T13:25:00+05:30,2556.25,2560.8,2555.5,2558.0,77666
ADANIENT,2023-08-11T13:30:00+05:30,2557.9,2562.0,2557.3,2562.0,118451
ADANIENT,2023-08-11T13:35:00+05:30,2561.25,2561.45,2557.95,2559.7,60669
ADANIENT,2023-08-11T13:40:00+05:30,2558.9,2562.0,2558.1,2561.05,72506
ADANIENT,2023-08-11T13:45:00+05:30,2560.75,2562.0,2558.0,2560.0,85241
ADANIENT,2023-08-11T13:50:00+05:30,2560.0,2562.75,2548.15,2549.95,158497
ADANIENT,2023-08-11T13:55:00+05:30,2550.0,2554.95,2549.75,2553.05,105257
ADANIENT,2023-08-11T14:00:00+05:30,2551.35,2554.45,2550.0,2551.0,91805
ADANIENT,2023-08-11T14:05:00+05:30,2551.0,2553.0,2547.0,2549.9,91996
ADANIENT,2023-08-11T14:10:00+05:30,2549.35,2553.6,2549.3,2551.55,81634
ADANIENT,2023-08-11T14:15:00+05:30,2551.8,2555.0,2551.0,2552.65,88741
ADANIENT,2023-08-11T14:20:00+05:30,2552.65,2557.8,2551.35,2556.75,126165
ADANIENT,2023-08-11T14:25:00+05:30,2554.0,2557.9,2552.95,2554.25,97977
ADANIENT,2023-08-11T14:30:00+05:30,2553.55,2556.4,2549.05,2550.0,103276
ADANIENT,2023-08-11T14:35:00+05:30,2549.9,2557.0,2549.9,2553.45,138141
ADANIENT,2023-08-11T14:40:00+05:30,2554.7,2556.9,2550.1,2552.5,139148
ADANIENT,2023-08-11T14:45:00+05:30,2552.35,2562.0,2552.35,2560.5,149627
ADANIENT,2023-08-11T14:50:00+05:30,2560.5,2566.0,2554.45,2555.95,168633
ADANIENT,2023-08-11T14:55:00+05:30,2556.0,2556.0,2550.0,2550.95,43451
ADANIENT,2023-08-11T15:00:00+05:30,2550.8,2551.15,2543.05,2545.0,46940
ADANIENT,2023-08-11T15:05:00+05:30,2545.05,2547.45,2535.8,2540.0,64923
ADANIENT,2023-08-11T15:10:00+05:30,2539.65,2541.5,2537.05,2539.0,25034
ADANIENT,2023-08-11T15:15:00+05:30,2538.8,2541.5,2538.0,2539.05,42635
ADANIENT,2023-08-11T15:20:00+05:30,2540.0,2541.8,2532.1,2533.45,65436
ADANIENT,2023-08-11T15:25:00+05:30,2533.4,2538.55,2528.35,2538.0,50629
ADANIENT,2023-08-14T09:15:00+05:30,2480.0,2480.0,2422.75,2474.15,605588
ADANIENT,2023-08-14T09:20:00+05:30,2473.55,2483.65,2443.4,2446.95,269711
ADANIENT,2023-08-14T09:25:00+05:30,2447.75,2455.05,2440.7,2446.85,142582
ADANIENT,2023-08-14T09:30:00+05:30,2446.0,2446.35,2400.25,2402.3,395848
ADANIENT,2023-08-14T09:35:00+05:30,2403.0,2426.0,2402.2,2426.0,240541
ADANIENT,2023-08-14T09:40:00+05:30,2426.1,2432.0,2417.9,2426.95,188048
ADANIENT,2023-08-14T09:45:00+05:30,2426.4,2440.55,2425.0,2437.1,188346
ADANIENT,2023-08-14T09:50:00+05:30,2438.0,2439.55,2430.0,2431.7,123827
ADANIENT,2023-08-14T09:55:00+05:30,2430.45,2438.0,2428.05,2431.35,113908
ADANIENT,2023-08-14T10:00:00+05:30,2431.25,2440.0,2425.35,2436.05,159920
ADANIENT,2023-08-14T10:05:00+05:30,2436.9,2440.0,2427.5,2437.95,133339
ADANIENT,2023-08-14T10:10:00+05:30,2437.0,2438.4,2430.75,2431.55,93418
ADANIENT,2023-08-14T10:15:00+05:30,2433.85,2433.85,2425.0,2430.0,141180
ADANIENT,2023-08-14T10:20:00+05:30,2429.45,2432.0,2427.1,2428.05,81209
ADANIENT,2023-08-14T10:25:00+05:30,2428.15,2432.0,2423.8,2431.0,105621
ADANIENT,2023-08-14T10:30:00+05:30,2430.95,2435.0,2427.2,2428.2,103512
ADANIENT,2023-08-14T10:35:00+05:30,2428.25,2429.25,2421.0,2423.3,135944
ADANIENT,2023-08-14T10:40:00+05:30,2423.85,2432.0,2422.05,2430.0,99290
ADANIENT,2023-08-14T10:45:00+05:30,2430.0,2438.6,2429.6,2438.6,186058
ADANIENT,2023-08-14T10:50:00+05:30,2437.15,2439.05,2430.9,2433.1,121295
ADANIENT,2023-08-14T10:55:00+05:30,2433.1,2440.0,2432.5,2438.5,107878
ADANIENT,2023-08-14T11:00:00+05:30,2438.6,2446.9,2433.35,2436.2,201424
ADANIENT,2023-08-14T11:05:00+05:30,2437.1,2443.95,2435.0,2442.0,135264
ADANIENT,2023-08-14T11:10:00+05:30,2441.55,2445.0,2441.0,2443.9,160018
ADANIENT,2023-08-14T11:15:00+05:30,2443.9,2445.0,2432.6,2435.8,124870
ADANIENT,2023-08-14T11:20:00+05:30,2435.0,2442.6,2434.1,2442.6,167353
ADANIENT,2023-08-14T11:25:00+05:30,2442.6,2468.35,2440.55,2465.0,314616
ADANIENT,2023-08-14T11:30:00+05:30,2466.0,2472.95,2448.0,2449.95,233704
ADANIENT,2023-08-14T11:35:00+05:30,2449.4,2458.7,2448.35,2449.85,119997
ADANIENT,2023-08-14T11:40:00+05:30,2449.0,2451.95,2445.0,2449.95,92829
ADANIENT,2023-08-14T11:45:00+05:30,2451.55,2455.95,2446.35,2448.5,115152
ADANIENT,2023-08-14T11:50:00+05:30,2448.1,2453.95,2446.45,2452.05,91777
ADANIENT,2023-08-14T11:55:00+05:30,2452.45,2460.0,2451.35,2458.3,110117
ADANIENT,2023-08-14T12:00:00+05:30,2458.6,2458.9,2446.0,2453.7,121289
ADANIENT,2023-08-14T12:05:00+05:30,2453.7,2460.0,2452.2,2458.3,122022
ADANIENT,2023-08-14T12:10:00+05:30,2459.45,2460.0,2455.8,2457.6,121894
ADANIENT,2023-08-14T12:15:00+05:30,2459.2,2465.0,2457.55,2460.0,146497
ADANIENT,2023-08-14T12:20:00+05:30,2459.95,2468.0,2459.1,2466.5,100445
ADANIENT,2023-08-14T12:25:00+05:30,2466.6,2468.0,2459.0,2461.6,117003
ADANIENT,2023-08-14T12:30:00+05:30,2463.0,2463.0,2455.0,2455.55,78362
ADANIENT,2023-08-14T12:35:00+05:30,2455.5,2461.0,2452.35,2459.95,87710
ADANIENT,2023-08-14T12:40:00+05:30,2459.95,2463.0,2458.6,2462.0,65258
ADANIENT,2023-08-14T12:45:00+05:30,2462.0,2464.75,2460.15,2464.7,58859
ADANIENT,2023-08-14T12:50:00+05:30,2464.0,2468.0,2463.55,2466.2,77432
ADANIENT,2023-08-14T12:55:00+05:30,2467.45,2468.0,2460.05,2460.7,99888
ADANIENT,2023-08-14T13:00:00+05:30,2460.5,2465.0,2460.5,2463.4,83969
ADANIENT,2023-08-14T13:05:00+05:30,2463.9,2465.0,2462.0,2463.55,82672
ADANIENT,2023-08-14T13:10:00+05:30,2463.6,2465.0,2461.6,2462.7,86060
ADANIENT,2023-08-14T13:15:00+05:30,2463.3,2467.95,2462.5,2466.35,94410
ADANIENT,2023-08-14T13:20:00+05:30,2466.5,2467.05,2461.15,2465.5,84164
ADANIENT,2023-08-14T13:25:00+05:30,2465.3,2472.0,2463.95,2465.1,148911
ADANIENT,2023-08-14T13:30:00+05:30,2465.0,2472.0,2464.0,2469.4,138515
ADANIENT,2023-08-14T13:35:00+05:30,2469.85,2471.6,2456.0,2457.35,143026
ADANIENT,2023-08-14T13:40:00+05:30,2457.25,2459.35,2454.1,2456.1,112540
ADANIENT,2023-08-14T13:45:00+05:30,2456.45,2463.9,2455.4,2461.95,97504
ADANIENT,2023-08-14T13:50:00+05:30,2461.9,2470.0,2461.8,2468.35,75986
ADANIENT,2023-08-14T13:55:00+05:30,2468.35,2471.0,2467.5,2467.55,77647
ADANIENT,2023-08-14T14:00:00+05:30,2467.95,2471.0,2467.0,2469.0,78090
ADANIENT,2023-08-14T14:05:00+05:30,2469.05,2471.8,2469.0,2469.6,66937
ADANIENT,2023-08-14T14:10:00+05:30,2471.4,2475.0,2469.25,2472.7,166398
ADANIENT,2023-08-14T14:15:00+05:30,2473.8,2478.0,2472.3,2475.5,87520
ADANIENT,2023-08-14T14:20:00+05:30,2475.55,2478.0,2467.85,2474.25,129189
ADANIENT,2023-08-14T14:25:00+05:30,2475.65,2478.0,2473.1,2473.1,90325
ADANIENT,2023-08-14T14:30:00+05:30,2474.2,2477.85,2473.0,2474.6,85251
ADANIENT,2023-08-14T14:35:00+05:30,2474.45,2475.0,2468.85,2469.0,101346
ADANIENT,2023-08-14T14:40:00+05:30,2469.15,2476.2,2468.05,2473.65,98121
ADANIENT,2023-08-14T14:45:00+05:30,2474.2,2477.9,2473.0,2474.6,95879
ADANIENT,2023-08-14T14:50:00+05:30,2474.95,2478.0,2469.0,2470.0,133915
ADANIENT,2023-08-14T14:55:00+05:30,2470.0,2471.7,2466.0,2469.9,96183
ADANIENT,2023-08-14T15:00:00+05:30,2469.3,2471.6,2462.0,2462.15,59407
ADANIENT,2023-08-14T15:05:00+05:30,2462.0,2467.05,2457.0,2458.0,61133
ADANIENT,2023-08-14T15:10:00+05:30,2458.0,2460.0,2455.0,2457.0,56088
ADANIENT,2023-08-14T15:15:00+05:30,2457.45,2462.0,2456.2,2460.0,77538
ADANIENT,2023-08-14T15:20:00+05:30,2459.9,2460.0,2444.1,2444.5,154536
ADANIENT,2023-08-14T15:25:00+05:30,2444.7,2448.85,2442.25,2446.95,100321
ADANIENT,2023-08-16T09:15:00+05:30,2450.0,2450.0,2425.6,2436.15,135998
ADANIENT,2023-08-16T09:20:00+05:30,2436.15,2448.0,2435.5,2444.5,75933
ADANIENT,2023-08-16T09:25:00+05:30,2444.55,2445.3,2432.35,2433.5,73296
ADANIENT,2023-08-16T09:30:00+05:30,2432.8,2433.3,2422.0,2424.4,107528
ADANIENT,2023-08-16T09:35:00+05:30,2422.75,2432.75,2420.0,2431.0,66280
ADANIENT,2023-08-16T09:40:00+05:30,2430.5,2439.3,2428.0,2437.8,99423
ADANIENT,2023-08-16T09:45:00+05:30,2436.2,2450.0,2435.0,2447.85,117440
ADANIENT,2023-08-16T09:50:00+05:30,2447.8,2457.5,2445.25,2452.8,108012
ADANIENT,2023-08-16T09:55:00+05:30,2452.75,2452.9,2440.0,2446.15,112579
ADANIENT,2023-08-16T10:00:00+05:30,2447.8,2450.25,2445.5,2448.4,79876
ADANIENT,2023-08-16T10:05:00+05:30,2449.0,2449.95,2445.85,2447.95,79608
ADANIENT,2023-08-16T10:10:00+05:30,2448.05,2449.8,2444.3,2447.35,92439
ADANIENT,2023-08-16T10:15:00+05:30,2446.75,2446.9,2441.1,2443.6,94478
ADANIENT,2023-08-16T10:20:00+05:30,2443.6,2446.0,2438.1,2444.0,97475
ADANIENT,2023-08-16T10:25:00+05:30,2446.8,2448.0,2443.0,2448.0,92029
ADANIENT,2023-08-16T10:30:00+05:30,2446.85,2448.0,2443.15,2445.7,80930
ADANIENT,2023-08-16T10:35:00+05:30,2445.7,2449.5,2440.0,2446.9,88927
ADANIENT,2023-08-16T10:40:00+05:30,2447.0,2455.0,2446.95,2454.35,99779
ADANIENT,2023-08-16T10:45:00+05:30,2456.0,2460.0,2449.2,2457.75,160160
ADANIENT,2023-08-16T10:50:00+05:30,2457.0,2459.0,2448.15,2450.0,90455
ADANIENT,2023-08-16T10:55:00+05:30,2450.0,2454.0,2445.05,2446.2,91887
ADANIENT,2023-08-16T11:00:00+05:30,2445.85,2455.0,2445.85,2453.5,87836
ADANIENT,2023-08-16T11:05:00+05:30,2453.3,2455.0,2449.2,2450.7,92479
ADANIENT,2023-08-16T11:10:00+05:30,2450.0,2452.0,2447.95,2448.9,93553
ADANIENT,2023-08-16T11:15:00+05:30,2448.65,2452.0,2448.15,2450.7,89526
ADANIENT,2023-08-16T11:20:00+05:30,2450.55,2455.0,2449.15,2452.4,94567
ADANIENT,2023-08-16T11:25:00+05:30,2452.4,2455.0,2452.0,2453.3,111557
ADANIENT,2023-08-16T11:30:00+05:30,2453.3,2459.0,2452.3,2455.1,123266
ADANIENT,2023-08-16T11:35:00+05:30,2455.15,2457.0,2452.35,2453.5,90805
ADANIENT,2023-08-16T11:40:00+05:30,2455.0,2455.0,2449.3,2450.25,97780
ADANIENT,2023-08-16T11:45:00+05:30,2450.4,2455.0,2450.2,2453.4,97762
ADANIENT,2023-08-16T11:50:00+05:30,2453.15,2456.9,2452.1,2455.0,96184
ADANIENT,2023-08-16T11:55:00+05:30,2455.0,2459.95,2453.25,2453.35,107398
ADANIENT,2023-08-16T12:00:00+05:30,2453.3,2458.35,2449.05,2450.05,133308
ADANIENT,2023-08-16T12:05:00+05:30,2449.1,2452.0,2448.65,2449.45,92292
ADANIENT,2023-08-16T12:10:00+05:30,2449.45,2450.0,2448.2,2450.0,71599
ADANIENT,2023-08-16T12:15:00+05:30,2449.0,2452.0,2449.0,2450.6,87390
ADANIENT,2023-08-16T12:20:00+05:30,2450.5,2454.0,2450.5,2452.1,94584
ADANIENT,2023-08-16T12:25:00+05:30,2452.35,2456.0,2446.05,2450.0,164837
ADANIENT,2023-08-16T12:30:00+05:30,2449.6,2456.25,2448.45,2450.55,91814
ADANIENT,2023-08-16T12:35:00+05:30,2450.55,2456.0,2450.0,2450.55,90274
ADANIENT,2023-08-16T12:40:00+05:30,2449.45,2449.45,2444.0,2446.35,116981
ADANIENT,2023-08-16T12:45:00+05:30,2446.35,2449.7,2443.25,2444.0,99307
ADANIENT,2023-08-16T12:50:00+05:30,2444.0,2452.0,2443.3,2449.6,94841
ADANIENT,2023-08-16T12:55:00+05:30,2449.45,2451.85,2447.05,2448.8,97106
ADANIENT,2023-08-16T13:00:00+05:30,2450.95,2452.0,2449.15,2449.25,89182
ADANIENT,2023-08-16T13:05:00+05:30,2449.25,2451.0,2447.45,2449.65,71629
ADANIENT,2023-08-16T13:10:00+05:30,2449.55,2451.0,2448.0,2449.25,86271
ADANIENT,2023-08-16T13:15:00+05:30,2451.0,2452.0,2449.2,2450.8,87369
ADANIENT,2023-08-16T13:20:00+05:30,2450.55,2453.35,2449.7,2451.75,82951
ADANIENT,2023-08-16T13:25:00+05:30,2451.65,2452.2,2446.25,2448.1,100340
ADANIENT,2023-08-16T13:30:00+05:30,2448.1,2450.0,2448.0,2448.3,84520
ADANIENT,2023-08-16T13:35:00+05:30,2448.5,2450.0,2447.3,2448.05,97626
ADANIENT,2023-08-16T13:40:00+05:30,2448.05,2450.0,2448.0,2449.5,80877
ADANIENT,2023-08-16T13:45:00+05:30,2448.6,2463.3,2448.5,2457.9,205372
ADANIENT,2023-08-16T13:50:00+05:30,2457.9,2465.0,2457.0,2461.65,124988
ADANIENT,2023-08-16T13:55:00+05:30,2461.6,2464.05,2459.1,2461.4,83672
ADANIENT,2023-08-16T14:00:00+05:30,2460.25,2461.7,2458.55,2458.85,75002
ADANIENT,2023-08-16T14:05:00+05:30,2459.0,2461.0,2457.1,2459.3,83825
ADANIENT,2023-08-16T14:10:00+05:30,2460.0,2461.25,2458.0,2458.4,76933
ADANIENT,2023-08-16T14:15:00+05:30,2460.0,2460.0,2456.3,2458.3,119271
ADANIENT,2023-08-16T14:20:00+05:30,2458.5,2460.0,2457.05,2460.0,81796
ADANIENT,2023-08-16T14:25:00+05:30,2458.6,2460.0,2452.0,2454.15,99456
ADANIENT,2023-08-16T14:30:00+05:30,2455.05,2458.0,2452.85,2455.75,93927
ADANIENT,2023-08-16T14:35:00+05:30,2456.9,2458.0,2455.05,2456.4,91950
ADANIENT,2023-08-16T14:40:00+05:30,2456.4,2460.0,2455.2,2458.6,143350
ADANIENT,2023-08-16T14:45:00+05:30,2458.6,2465.0,2456.4,2463.45,248662
ADANIENT,2023-08-16T14:50:00+05:30,2463.45,2465.0,2454.1,2454.2,78565
ADANIENT,2023-08-16T14:55:00+05:30,2454.0,2454.45,2447.0,2447.25,39460
ADANIENT,2023-08-16T15:00:00+05:30,2448.4,2451.95,2447.0,2451.2,20446
ADANIENT,2023-08-16T15:05:00+05:30,2451.8,2453.0,2446.2,2446.2,23741
ADANIENT,2023-08-16T15:10:00+05:30,2446.15,2449.45,2444.05,2444.05,25296
ADANIENT,2023-08-16T15:15:00+05:30,2444.85,2446.75,2441.35,2445.95,37255
ADANIENT,2023-08-16T15:20:00+05:30,2445.95,2447.9,2441.65,2442.7,47613
ADANIENT,2023-08-16T15:25:00+05:30,2443.0,2444.0,2438.05,2442.0,34089
ADANIENT,2023-08-17T09:15:00+05:30,2454.95,2460.45,2445.5,2455.2,105563
ADANIENT,2023-08-17T09:20:00+05:30,2454.05,2459.85,2452.3,2456.85,32816
ADANIENT,2023-08-17T09:25:00+05:30,2456.85,2457.65,2449.0,2455.0,44425
ADANIENT,2023-08-17T09:30:00+05:30,2454.8,2459.5,2452.7,2455.0,37885
ADANIENT,2023-08-17T09:35:00+05:30,2455.0,2455.35,2450.5,2454.65,41489
ADANIENT,2023-08-17T09:40:00+05:30,2453.55,2464.5,2452.0,2464.35,92158
ADANIENT,2023-08-17T09:45:00+05:30,2464.05,2465.0,2459.25,2460.0,78423
ADANIENT,2023-08-17T09:50:00+05:30,2458.8,2464.95,2458.8,2462.3,96026
ADANIENT,2023-08-17T09:55:00+05:30,2463.0,2468.9,2462.05,2465.0,106380
ADANIENT,2023-08-17T10:00:00+05:30,2465.65,2465.7,2456.0,2458.9,98746
ADANIENT,2023-08-17T10:05:00+05:30,2458.75,2461.0,2458.4,2461.0,68034
ADANIENT,2023-08-17T10:10:00+05:30,2460.7,2466.0,2458.7,2464.55,91161
ADANIENT,2023-08-17T10:15:00+05:30,2464.55,2466.0,2463.0,2464.0,84278
ADANIENT,2023-08-17T10:20:00+05:30,2464.0,2467.2,2463.35,2465.85,79858
ADANIENT,2023-08-17T10:25:00+05:30,2465.55,2467.75,2453.15,2454.05,133408
ADANIENT,2023-08-17T10:30:00+05:30,2455.0,2459.95,2454.05,2457.0,102952
ADANIENT,2023-08-17T10:35:00+05:30,2459.8,2460.5,2455.15,2458.8,94911
ADANIENT,2023-08-17T10:40:00+05:30,2458.75,2460.0,2455.55,2457.15,98392
ADANIENT,2023-08-17T10:45:00+05:30,2458.0,2460.0,2457.15,2458.5,96972
ADANIENT,2023-08-17T10:50:00+05:30,2458.45,2460.85,2453.0,2453.0,99725
ADANIENT,2023-08-17T10:55:00+05:30,2453.0,2457.0,2451.2,2453.1,104506
ADANIENT,2023-08-17T11:00:00+05:30,2452.5,2457.0,2452.4,2456.0,84902
ADANIENT,2023-08-17T11:05:00+05:30,2456.1,2459.0,2454.0,2454.0,100288
ADANIENT,2023-08-17T11:10:00+05:30,2454.75,2459.0,2453.2,2457.75,68538
ADANIENT,2023-08-17T11:15:00+05:30,2457.85,2459.0,2455.1,2457.4,75050
ADANIENT,2023-08-17T11:20:00+05:30,2457.4,2460.0,2456.0,2459.15,70516
ADANIENT,2023-08-17T11:25:00+05:30,2459.0,2463.0,2458.4,2460.0,103664
ADANIENT,2023-08-17T11:30:00+05:30,2460.0,2460.0,2454.0,2457.85,98887
ADANIENT,2023-08-17T11:35:00+05:30,2458.0,2460.0,2457.1,2458.35,91233
ADANIENT,2023-08-17T11:40:00+05:30,2459.4,2460.0,2456.25,2458.9,103562
ADANIENT,2023-08-17T11:45:00+05:30,2457.75,2459.9,2456.0,2459.75,96914
ADANIENT,2023-08-17T11:50:00+05:30,2458.8,2460.0,2457.6,2458.65,92902
ADANIENT,2023-08-17T11:55:00+05:30,2459.8,2460.0,2456.15,2459.4,96081
ADANIENT,2023-08-17T12:00:00+05:30,2458.55,2460.0,2454.0,2454.9,112014
ADANIENT,2023-08-17T12:05:00+05:30,2456.0,2457.0,2447.4,2450.5,138637
ADANIENT,2023-08-17T12:10:00+05:30,2450.0,2455.0,2449.7,2453.25,74652
ADANIENT,2023-08-17T12:15:00+05:30,2453.25,2459.8,2453.0,2458.55,154609
ADANIENT,2023-08-17T12:20:00+05:30,2458.55,2459.75,2454.1,2459.75,149313
ADANIENT,2023-08-17T12:25:00+05:30,2458.2,2460.0,2456.05,2459.6,103148
ADANIENT,2023-08-17T12:30:00+05:30,2460.0,2463.0,2458.25,2462.75,124223
ADANIENT,2023-08-17T12:35:00+05:30,2462.75,2463.0,2459.35,2459.35,81900
ADANIENT,2023-08-17T12:40:00+05:30,2459.65,2462.0,2457.0,2459.1,83166
ADANIENT,2023-08-17T12:45:00+05:30,2459.1,2461.95,2457.1,2459.35,107013
ADANIENT,2023-08-17T12:50:00+05:30,2460.0,2462.0,2457.35,2458.45,98091
ADANIENT,2023-08-17T12:55:00+05:30,2459.1,2460.9,2455.75,2456.1,98462
ADANIENT,2023-08-17T13:00:00+05:30,2456.7,2460.0,2455.1,2458.4,95649
ADANIENT,2023-08-17T13:05:00+05:30,2459.4,2460.0,2453.1,2453.9,158366
ADANIENT,2023-08-17T13:10:00+05:30,2453.5,2456.35,2453.3,2455.0,63176
ADANIENT,2023-08-17T13:15:00+05:30,2455.0,2457.3,2453.5,2454.7,98580
ADANIENT,2023-08-17T13:20:00+05:30,2454.7,2455.85,2453.1,2454.75,71737
ADANIENT,2023-08-17T13:25:00+05:30,2454.9,2458.0,2453.0,2457.3,80769
ADANIENT,2023-08-17T13:30:00+05:30,2458.0,2460.15,2457.15,2459.9,109591
ADANIENT,2023-08-17T13:35:00+05:30,2458.8,2460.0,2457.55,2458.65,94832
ADANIENT,2023-08-17T13:40:00+05:30,2458.85,2460.0,2456.5,2459.9,103338
ADANIENT,2023-08-17T13:45:00+05:30,2459.15,2462.0,2458.55,2460.0,83177
ADANIENT,2023-08-17T13:50:00+05:30,2460.0,2463.0,2459.2,2462.45,73440
ADANIENT,2023-08-17T13:55:00+05:30,2462.0,2465.0,2461.05,2464.15,80853
ADANIENT,2023-08-17T14:00:00+05:30,2464.1,2465.0,2461.8,2463.0,97308
ADANIENT,2023-08-17T14:05:00+05:30,2463.3,2469.0,2463.1,2466.55,201984
ADANIENT,2023-08-17T14:10:00+05:30,2467.0,2479.25,2463.0,2463.7,386424
ADANIENT,2023-08-17T14:15:00+05:30,2463.9,2465.95,2458.0,2458.8,162615
ADANIENT,2023-08-17T14:20:00+05:30,2459.0,2460.0,2455.7,2457.0,94741
ADANIENT,2023-08-17T14:25:00+05:30,2457.25,2465.0,2455.1,2463.5,117266
ADANIENT,2023-08-17T14:30:00+05:30,2465.0,2469.85,2462.15,2465.6,121242
ADANIENT,2023-08-17T14:35:00+05:30,2465.35,2475.0,2465.25,2473.1,164142
ADANIENT,2023-08-17T14:40:00+05:30,2473.1,2475.0,2471.9,2473.85,149355
ADANIENT,2023-08-17T14:45:00+05:30,2473.2,2482.4,2472.0,2476.6,174969
ADANIENT,2023-08-17T14:50:00+05:30,2476.35,2482.0,2475.5,2480.3,128406
ADANIENT,2023-08-17T14:55:00+05:30,2480.6,2482.0,2477.7,2480.7,86420
ADANIENT,2023-08-17T15:00:00+05:30,2481.1,2485.7,2478.0,2481.1,96211
ADANIENT,2023-08-17T15:05:00+05:30,2480.9,2483.5,2478.0,2479.0,119354
ADANIENT,2023-08-17T15:10:00+05:30,2479.1,2480.0,2476.2,2478.5,58312
ADANIENT,2023-08-17T15:15:00+05:30,2479.0,2480.0,2477.45,2479.8,124757
ADANIENT,2023-08-17T15:20:00+05:30,2479.8,2482.0,2477.25,2479.0,131492
ADANIENT,2023-08-17T15:25:00+05:30,2477.5,2479.0,2473.0,2477.5,41634
ADANIENT,2023-08-18T09:15:00+05:30,2477.5,2489.0,2470.55,2479.95,118930
SBIN,2023-08-01T09:15:00+05:30,620.2,620.8,618.85,619.75,323488
SBIN,2023-08-01T09:20:00+05:30,619.6,619.9,618.9,619.3,186768
SBIN,2023-08-01T09:25:00+05:30,619.4,619.45,619.0,619.25,158188
SBIN,2023-08-01T09:30:00+05:30,619.2,620.2,619.0,619.8,152087
SBIN,2023-08-01T09:35:00+05:30,619.6,619.75,618.65,618.75,134693
SBIN,2023-08-01T09:40:00+05:30,618.65,618.75,617.75,618.5,171488
SBIN,2023-08-01T09:45:00+05:30,618.45,619.0,618.4,618.7,100436
SBIN,2023-08-01T09:50:00+05:30,618.75,618.95,618.5,618.55,96515
SBIN,2023-08-01T09:55:00+05:30,618.55,618.9,618.15,618.9,111071
SBIN,2023-08-01T10:00:00+05:30,618.95,619.25,618.45,618.65,134882
SBIN,2023-08-01T10:05:00+05:30,618.9,620.2,618.65,619.7,174010
SBIN,2023-08-01T10:10:00+05:30,619.75,619.8,619.2,619.65,99933
SBIN,2023-08-01T10:15:00+05:30,619.5,619.75,619.35,619.6,71876
SBIN,2023-08-01T10:20:00+05:30,619.6,619.6,618.8,619.05,97074
SBIN,2023-08-01T10:25:00+05:30,618.9,619.2,618.25,619.05,129818
SBIN,2023-08-01T10:30:00+05:30,619.0,619.0,618.0,618.4,162415
SBIN,2023-08-01T10:35:00+05:30,618.25,618.45,617.05,617.25,197458
SBIN,2023-08-01T10:40:00+05:30,617.3,617.5,617.1,617.45,117193
SBIN,2023-08-01T10:45:00+05:30,617.45,617.45,616.6,616.9,256886
SBIN,2023-08-01T10:50:00+05:30,616.85,617.0,616.1,616.6,195187
SBIN,2023-08-01T10:55:00+05:30,616.5,617.0,616.3,616.7,159962
SBIN,2023-08-01T11:00:00+05:30,616.8,616.85,616.05,616.2,99592
SBIN,2023-08-01T11:05:00+05:30,616.15,616.5,616.1,616.3,60556
SBIN,2023-08-01T11:10:00+05:30,616.5,616.5,616.3,616.5,47678
SBIN,2023-08-01T11:15:00+05:30,616.45,616.5,616.2,616.3,37568
SBIN,2023-08-01T11:20:00+05:30,616.35,616.4,615.5,615.75,156950
SBIN,2023-08-01T11:25:00+05:30,615.75,616.4,615.55,615.95,96320
SBIN,2023-08-01T11:30:00+05:30,615.95,616.0,615.5,615.8,57946
SBIN,2023-08-01T11:35:00+05:30,615.55,615.95,615.55,615.75,52851
SBIN,2023-08-01T11:40:00+05:30,615.7,615.8,615.15,615.25,73258
SBIN,2023-08-01T11:45:00+05:30,615.5,615.75,615.25,615.6,46307
SBIN,2023-08-01T11:50:00+05:30,615.65,615.65,615.2,615.5,38081
SBIN,2023-08-01T11:55:00+05:30,615.55,615.75,615.5,615.7,28137
SBIN,2023-08-01T12:00:00+05:30,615.75,615.8,615.05,615.1,82238
SBIN,2023-08-01T12:05:00+05:30,615.2,615.2,613.1,613.1,229346
SBIN,2023-08-01T12:10:00+05:30,613.0,613.5,612.5,613.4,417986
SBIN,2023-08-01T12:15:00+05:30,613.2,613.5,612.15,613.05,307277
SBIN,2023-08-01T12:20:00+05:30,612.9,613.4,612.35,612.45,110900
SBIN,2023-08-01T12:25:00+05:30,612.55,612.6,610.65,611.0,519053
SBIN,2023-08-01T12:30:00+05:30,611.2,611.85,610.95,611.7,135269
SBIN,2023-08-01T12:35:00+05:30,611.85,612.35,611.25,611.5,219951
SBIN,2023-08-01T12:40:00+05:30,611.55,611.8,611.1,611.4,74857
SBIN,2023-08-01T12:45:00+05:30,611.4,611.95,611.2,611.6,69353
SBIN,2023-08-01T12:50:00+05:30,611.55,612.85,611.35,612.5,113140
SBIN,2023-08-01T12:55:00+05:30,612.4,612.7,612.05,612.15,120685
SBIN,2023-08-01T13:00:00+05:30,612.35,613.0,612.0,612.25,318184
SBIN,2023-08-01T13:05:00+05:30,612.35,613.0,611.85,611.9,366319
SBIN,2023-08-01T13:10:00+05:30,611.9,612.95,611.6,612.9,95815
SBIN,2023-08-01T13:15:00+05:30,612.9,613.0,612.5,612.9,145919
SBIN,2023-08-01T13:20:00+05:30,612.95,613.0,612.45,612.9,192959
SBIN,2023-08-01T13:25:00+05:30,612.9,613.0,612.3,613.0,125879
SBIN,2023-08-01T13:30:00+05:30,612.95,613.9,612.85,613.75,156137
SBIN,2023-08-01T13:35:00+05:30,613.8,614.3,613.3,614.2,229972
SBIN,2023-08-01T13:40:00+05:30,614.3,614.35,612.65,612.7,213746
SBIN,2023-08-01T13:45:00+05:30,612.75,613.6,612.7,613.3,132162
SBIN,2023-08-01T13:50:00+05:30,613.2,614.15,613.15,613.4,482745
SBIN,2023-08-01T13:55:00+05:30,613.1,613.45,612.3,612.5,154861
SBIN,2023-08-01T14:00:00+05:30,612.6,612.75,611.25,611.8,221727
SBIN,2023-08-01T14:05:00+05:30,611.55,612.25,611.25,611.85,200841
SBIN,2023-08-01T14:10:00+05:30,611.85,612.0,611.25,611.4,97167
SBIN,2023-08-01T14:15:00+05:30,611.35,611.7,610.9,611.35,328223
SBIN,2023-08-01T14:20:00+05:30,611.35,612.6,611.1,612.3,302976
SBIN,2023-08-01T14:25:00+05:30,612.3,613.0,611.5,612.95,183939
SBIN,2023-08-01T14:30:00+05:30,612.9,613.3,612.65,612.95,192573
SBIN,2023-08-01T14:35:00+05:30,612.85,613.25,612.45,613.2,107256
SBIN,2023-08-01T14:40:00+05:30,613.2,613.35,612.4,612.5,169593
SBIN,2023-08-01T14:45:00+05:30,612.45,613.0,612.0,612.75,175745
SBIN,2023-08-01T14:50:00+05:30,612.75,612.85,611.4,611.95,334572
SBIN,2023-08-01T14:55:00+05:30,611.95,612.1,611.1,612.05,278285
SBIN,2023-08-01T15:00:00+05:30,612.05,612.45,611.5,612.15,383250
SBIN,2023-08-01T15:05:00+05:30,612.0,612.45,611.1,611.3,297726
SBIN,2023-08-01T15:10:00+05:30,611.2,611.8,611.2,611.7,166249
SBIN,2023-08-01T15:15:00+05:30,611.65,612.1,611.4,612.0,395343
SBIN,2023-08-01T15:20:00+05:30,612.0,612.55,611.0,612.0,361171
SBIN,2023-08-01T15:25:00+05:30,612.0,612.35,612.0,612.35,221687
SBIN,2023-08-02T09:15:00+05:30,609.85,610.0,607.45,608.2,612792
SBIN,2023-08-02T09:20:00+05:30,608.0,608.7,607.6,607.95,240031
SBIN,2023-08-02T09:25:00+05:30,608.0,608.0,605.9,606.4,367630
SBIN,2023-08-02T09:30:00+05:30,606.3,608.8,606.2,608.7,181913
SBIN,2023-08-02T09:35:00+05:30,608.8,609.35,608.3,609.05,197668
SBIN,2023-08-02T09:40:00+05:30,609.1,609.8,608.8,609.05,127185
SBIN,2023-08-02T09:45:00+05:30,609.05,609.3,609.0,609.0,62040
SBIN,2023-08-02T09:50:00+05:30,608.85,609.25,608.35,609.05,89719
SBIN,2023-08-02T09:55:00+05:30,609.05,610.5,608.95,609.9,159212
SBIN,2023-08-02T10:00:00+05:30,609.85,610.1,608.9,608.9,78098
SBIN,2023-08-02T10:05:00+05:30,608.85,609.4,608.55,609.35,54016
SBIN,2023-08-02T10:10:00+05:30,609.4,609.45,608.4,608.4,57812
SBIN,2023-08-02T10:15:00+05:30,608.5,608.85,608.05,608.25,48852
SBIN,2023-08-02T10:20:00+05:30,608.35,609.25,608.3,609.0,63213
SBIN,2023-08-02T10:25:00+05:30,609.0,609.25,608.25,608.5,65121
SBIN,2023-08-02T10:30:00+05:30,608.55,608.65,607.1,607.15,169260
SBIN,2023-08-02T10:35:00+05:30,607.1,607.8,607.05,607.4,183544
SBIN,2023-08-02T10:40:00+05:30,607.2,607.45,606.6,606.9,133417
SBIN,2023-08-02T10:45:00+05:30,606.95,607.15,606.25,606.5,101868
SBIN,2023-08-02T10:50:00+05:30,606.45,606.8,606.0,606.3,166600
SBIN,2023-08-02T10:55:00+05:30,606.4,606.4,605.65,605.95,157351
SBIN,2023-08-02T11:00:00+05:30,605.95,606.0,604.25,604.5,220642
SBIN,2023-08-02T11:05:00+05:30,604.3,605.4,603.65,605.1,249082
SBIN,2023-08-02T11:10:00+05:30,605.05,605.15,604.0,604.1,151164
SBIN,2023-08-02T11:15:00+05:30,604.25,604.85,604.0,604.2,158225
SBIN,2023-08-02T11:20:00+05:30,604.25,605.0,603.8,604.95,214313
SBIN,2023-08-02T11:25:00+05:30,604.95,605.15,603.5,603.55,260410
SBIN,2023-08-02T11:30:00+05:30,603.55,603.95,603.05,603.5,160289
SBIN,2023-08-02T11:35:00+05:30,603.5,603.7,601.8,601.8,196463
SBIN,2023-08-02T11:40:00+05:30,601.85,603.25,601.7,602.55,125662
SBIN,2023-08-02T11:45:00+05:30,602.55,602.55,601.45,601.5,216565
SBIN,2023-08-02T11:50:00+05:30,601.5,602.4,601.1,602.2,120222
SBIN,2023-08-02T11:55:00+05:30,602.2,602.35,600.8,601.05,256764
SBIN,2023-08-02T12:00:00+05:30,600.95,601.65,600.8,601.45,152705
SBIN,2023-08-02T12:05:00+05:30,601.35,602.65,601.35,602.55,274310
SBIN,2023-08-02T12:10:00+05:30,602.6,602.9,602.05,602.2,111937
SBIN,2023-08-02T12:15:00+05:30,602.35,602.5,602.0,602.1,108755
SBIN,2023-08-02T12:20:00+05:30,602.0,602.65,602.0,602.6,82371
SBIN,2023-08-02T12:25:00+05:30,602.4,602.6,601.6,601.85,65460
SBIN,2023-08-02T12:30:00+05:30,601.7,603.2,601.7,603.05,191431
SBIN,2023-08-02T12:35:00+05:30,603.1,604.0,603.05,604.0,151206
SBIN,2023-08-02T12:40:00+05:30,604.0,604.0,603.05,603.3,195935
SBIN,2023-08-02T12:45:00+05:30,603.4,603.55,603.0,603.45,124379
SBIN,2023-08-02T12:50:00+05:30,603.5,603.7,601.65,601.8,132624
SBIN,2023-08-02T12:55:00+05:30,601.75,601.8,600.9,601.45,333415
SBIN,2023-08-02T13:00:00+05:30,601.3,601.75,601.2,601.2,112785
SBIN,2023-08-02T13:05:00+05:30,601.3,602.2,601.05,602.0,78410
SBIN,2023-08-02T13:10:00+05:30,602.15,602.2,600.25,600.5,287027
SBIN,2023-08-02T13:15:00+05:30,600.25,600.55,599.3,599.75,401719
SBIN,2023-08-02T13:20:00+05:30,599.75,600.1,598.65,598.9,241036
SBIN,2023-08-02T13:25:00+05:30,598.9,599.6,598.65,599.0,161780
SBIN,2023-08-02T13:30:00+05:30,599.0,599.75,597.45,598.1,214967
SBIN,2023-08-02T13:35:00+05:30,598.35,599.0,597.4,597.55,139845
SBIN,2023-08-02T13:40:00+05:30,597.6,597.9,596.0,596.0,208397
SBIN,2023-08-02T13:45:00+05:30,596.1,597.25,595.8,596.95,197198
SBIN,2023-08-02T13:50:00+05:30,596.95,597.95,596.75,597.75,176524
SBIN,2023-08-02T13:55:00+05:30,597.7,598.15,596.35,596.4,346171
SBIN,2023-08-02T14:00:00+05:30,596.6,597.9,596.3,597.25,201031
SBIN,2023-08-02T14:05:00+05:30,597.25,598.1,596.9,597.85,185384
SBIN,2023-08-02T14:10:00+05:30,597.85,598.05,596.35,596.5,167710
SBIN,2023-08-02T14:15:00+05:30,596.45,596.75,594.9,595.1,296199
SBIN,2023-08-02T14:20:00+05:30,595.0,596.2,594.1,594.7,240280
SBIN,2023-08-02T14:25:00+05:30,594.7,595.95,594.5,595.75,115201
SBIN,2023-08-02T14:30:00+05:30,595.7,596.45,595.5,595.9,117507
SBIN,2023-08-02T14:35:00+05:30,595.8,597.0,595.4,597.0,338363
SBIN,2023-08-02T14:40:00+05:30,597.0,598.25,596.6,597.25,352951
SBIN,2023-08-02T14:45:00+05:30,597.2,597.65,596.35,597.5,237912
SBIN,2023-08-02T14:50:00+05:30,597.25,597.7,596.7,597.1,132230
SBIN,2023-08-02T14:55:00+05:30,597.1,598.25,597.0,597.85,212017
SBIN,2023-08-02T15:00:00+05:30,597.85,598.5,597.0,597.15,487287
SBIN,2023-08-02T15:05:00+05:30,597.1,597.45,597.0,597.4,314623
SBIN,2023-08-02T15:10:00+05:30,597.45,599.5,597.45,599.5,397354
SBIN,2023-08-02T15:15:00+05:30,599.3,599.55,598.55,599.3,474850
SBIN,2023-08-02T15:20:00+05:30,599.3,599.4,598.5,598.85,321300
SBIN,2023-08-02T15:25:00+05:30,598.75,598.9,598.3,598.9,193313
SBIN,2023-08-03T09:15:00+05:30,598.7,598.9,595.3,598.9,374315
SBIN,2023-08-03T09:20:00+05:30,598.6,599.8,598.0,599.0,430436
SBIN,2023-08-03T09:25:00+05:30,599.15,600.0,598.5,599.7,224837
SBIN,2023-08-03T09:30:00+05:30,599.7,600.85,598.05,598.4,293380
SBIN,2023-08-03T09:35:00+05:30,598.2,598.4,596.2,596.75,234748
SBIN,2023-08-03T09:40:00+05:30,596.75,597.25,595.6,596.3,164526
SBIN,2023-08-03T09:45:00+05:30,596.35,598.2,595.4,597.75,257721
SBIN,2023-08-03T09:50:00+05:30,597.7,599.0,597.45,598.45,289345
SBIN,2023-08-03T09:55:00+05:30,598.6,599.4,595.2,595.6,555342
SBIN,2023-08-03T10:00:00+05:30,595.7,596.3,593.55,594.75,557926
SBIN,2023-08-03T10:05:00+05:30,594.8,595.2,593.5,593.55,249122
SBIN,2023-08-03T10:10:00+05:30,593.65,593.7,592.0,592.2,309992
SBIN,2023-08-03T10:15:00+05:30,592.2,593.45,591.75,593.2,264182
SBIN,2023-08-03T10:20:00+05:30,593.0,593.05,591.5,591.8,281056
SBIN,2023-08-03T10:25:00+05:30,591.8,593.25,590.7,593.1,306712
SBIN,2023-08-03T10:30:00+05:30,592.8,593.7,592.55,592.9,146789
SBIN,2023-08-03T10:35:00+05:30,592.8,593.35,592.2,592.85,83864
SBIN,2023-08-03T10:40:00+05:30,592.9,593.25,591.55,591.7,102179
SBIN,2023-08-03T10:45:00+05:30,591.75,592.65,591.2,591.25,109057
SBIN,2023-08-03T10:50:00+05:30,591.35,592.8,591.2,592.8,115451
SBIN,2023-08-03T10:55:00+05:30,592.85,593.7,591.65,592.35,280419
SBIN,2023-08-03T11:00:00+05:30,592.35,593.4,592.0,593.35,176669
SBIN,2023-08-03T11:05:00+05:30,593.1,593.7,592.65,593.55,163848
SBIN,2023-08-03T11:10:00+05:30,593.4,594.2,592.7,593.05,216688
SBIN,2023-08-03T11:15:00+05:30,593.05,593.1,592.05,592.55,197404
SBIN,2023-08-03T11:20:00+05:30,592.55,592.95,592.0,592.9,244385
SBIN,2023-08-03T11:25:00+05:30,592.7,594.75,592.5,594.75,181266
SBIN,2023-08-03T11:30:00+05:30,594.75,596.0,594.4,595.1,359616
SBIN,2023-08-03T11:35:00+05:30,595.2,595.45,594.1,595.15,221826
SBIN,2023-08-03T11:40:00+05:30,595.15,595.2,594.5,594.85,106964
SBIN,2023-08-03T11:45:00+05:30,594.85,595.75,593.8,593.8,287804
SBIN,2023-08-03T11:50:00+05:30,593.95,594.9,593.45,594.5,177478
SBIN,2023-08-03T11:55:00+05:30,594.5,595.4,594.0,595.0,179636
SBIN,2023-08-03T12:00:00+05:30,595.0,595.7,592.8,593.5,269244
SBIN,2023-08-03T12:05:00+05:30,593.35,593.35,592.25,592.95,369862
SBIN,2023-08-03T12:10:00+05:30,592.95,593.35,591.75,591.9,244168
SBIN,2023-08-03T12:15:00+05:30,591.9,592.65,591.65,592.1,474073
SBIN,2023-08-03T12:20:00+05:30,592.3,592.3,590.05,590.1,427936
SBIN,2023-08-03T12:25:00+05:30,590.35,590.5,589.1,589.7,525879
SBIN,2023-08-03T12:30:00+05:30,589.6,590.0,588.95,589.45,438624
SBIN,2023-08-03T12:35:00+05:30,589.35,590.1,588.8,588.85,382494
SBIN,2023-08-03T12:40:00+05:30,588.85,590.5,588.85,589.9,276553
SBIN,2023-08-03T12:45:00+05:30,589.9,589.9,588.0,588.05,735272
SBIN,2023-08-03T12:50:00+05:30,588.05,589.4,587.9,588.4,459584
SBIN,2023-08-03T12:55:00+05:30,588.55,588.6,587.55,588.1,229502
SBIN,2023-08-03T13:00:00+05:30,588.15,588.8,587.0,588.25,322324
SBIN,2023-08-03T13:05:00+05:30,588.25,589.95,588.0,589.45,248345
SBIN,2023-08-03T13:10:00+05:30,589.3,590.5,589.3,590.35,682291
SBIN,2023-08-03T13:15:00+05:30,590.35,590.95,589.7,589.75,275156
SBIN,2023-08-03T13:20:00+05:30,589.95,590.15,589.0,589.8,240191
SBIN,2023-08-03T13:25:00+05:30,589.45,589.95,588.9,589.35,251814
SBIN,2023-08-03T13:30:00+05:30,589.35,589.8,588.55,589.05,370996
SBIN,2023-08-03T13:35:00+05:30,588.85,589.2,587.35,587.4,442359
SBIN,2023-08-03T13:40:00+05:30,587.55,588.0,587.05,587.4,496139
SBIN,2023-08-03T13:45:00+05:30,587.2,587.65,587.05,587.6,111058
SBIN,2023-08-03T13:50:00+05:30,587.45,588.5,587.25,588.0,268961
SBIN,2023-08-03T13:55:00+05:30,588.0,588.25,586.2,586.65,678325
SBIN,2023-08-03T14:00:00+05:30,586.65,587.85,585.95,586.65,818700
SBIN,2023-08-03T14:05:00+05:30,586.75,587.05,585.25,585.6,641972
SBIN,2023-08-03T14:10:00+05:30,585.4,586.0,585.05,586.0,644272
SBIN,2023-08-03T14:15:00+05:30,586.0,586.9,585.9,586.75,177059
SBIN,2023-08-03T14:20:00+05:30,586.8,587.9,586.65,587.3,235245
SBIN,2023-08-03T14:25:00+05:30,587.3,588.5,587.05,588.1,576057
SBIN,2023-08-03T14:30:00+05:30,587.9,589.15,587.75,588.85,455719
SBIN,2023-08-03T14:35:00+05:30,588.75,589.95,588.6,589.75,393481
SBIN,2023-08-03T14:40:00+05:30,589.75,590.1,586.9,587.1,778900
SBIN,2023-08-03T14:45:00+05:30,587.05,588.0,586.95,587.45,387226
SBIN,2023-08-03T14:50:00+05:30,587.45,587.9,586.6,587.6,762626
SBIN,2023-08-03T14:55:00+05:30,587.5,589.45,587.5,589.3,326288
SBIN,2023-08-03T15:00:00+05:30,589.3,590.25,588.85,589.3,759016
SBIN,2023-08-03T15:05:00+05:30,589.3,590.0,589.0,589.15,809058
SBIN,2023-08-03T15:10:00+05:30,589.15,590.8,589.15,590.8,797299
SBIN,2023-08-03T15:15:00+05:30,590.8,591.85,590.2,591.5,670277
SBIN,2023-08-03T15:20:00+05:30,591.5,592.4,591.1,592.05,714019
SBIN,2023-08-03T15:25:00+05:30,592.1,592.55,591.15,591.4,422345
SBIN,2023-08-04T09:15:00+05:30,594.8,594.8,589.1,593.15,1103954
SBIN,2023-08-04T09:20:00+05:30,593.35,593.65,591.55,592.25,611913
SBIN,2023-08-04T09:25:00+05:30,592.2,592.8,591.5,592.5,337519
SBIN,2023-08-04T09:30:00+05:30,592.45,592.65,590.55,591.85,452577
SBIN,2023-08-04T09:35:00+05:30,591.85,592.05,590.3,590.9,309596
SBIN,2023-08-04T09:40:00+05:30,590.9,591.1,588.05,588.5,710884
SBIN,2023-08-04T09:45:00+05:30,588.6,590.4,588.0,590.1,374557
SBIN,2023-08-04T09:50:00+05:30,590.25,591.5,589.6,591.5,429483
SBIN,2023-08-04T09:55:00+05:30,591.65,591.85,591.05,591.45,191263
SBIN,2023-08-04T10:00:00+05:30,591.5,591.65,590.55,591.3,195339
SBIN,2023-08-04T10:05:00+05:30,591.25,592.1,590.65,591.95,197124
SBIN,2023-08-04T10:10:00+05:30,592.0,592.7,591.8,592.6,277905
SBIN,2023-08-04T10:15:00+05:30,592.7,592.7,591.5,592.3,252884
SBIN,2023-08-04T10:20:00+05:30,592.25,593.0,592.25,592.8,282241
SBIN,2023-08-04T10:25:00+05:30,592.85,593.25,592.1,592.85,229596
SBIN,2023-08-04T10:30:00+05:30,592.7,592.8,591.75,592.15,221463
SBIN,2023-08-04T10:35:00+05:30,592.15,592.55,591.15,592.55,213774
SBIN,2023-08-04T10:40:00+05:30,592.55,594.6,592.55,594.55,363460
SBIN,2023-08-04T10:45:00+05:30,594.55,594.95,593.2,593.25,363566
SBIN,2023-08-04T10:50:00+05:30,593.5,593.9,593.0,593.05,221746
SBIN,2023-08-04T10:55:00+05:30,593.25,594.3,593.0,594.2,203370
SBIN,2023-08-04T11:00:00+05:30,594.1,595.4,594.0,595.2,298334
SBIN,2023-08-04T11:05:00+05:30,595.25,595.4,594.55,594.7,159779
SBIN,2023-08-04T11:10:00+05:30,594.7,595.75,594.55,595.2,231077
SBIN,2023-08-04T11:15:00+05:30,595.2,596.5,595.0,596.25,462293
SBIN,2023-08-04T11:20:00+05:30,596.2,597.95,596.1,596.9,394238
SBIN,2023-08-04T11:25:00+05:30,596.85,597.75,596.6,597.0,401412
SBIN,2023-08-04T11:30:00+05:30,596.9,597.4,596.55,596.85,164797
SBIN,2023-08-04T11:35:00+05:30,596.85,597.3,596.2,596.35,257845
SBIN,2023-08-04T11:40:00+05:30,596.35,596.65,595.7,596.35,336617
SBIN,2023-08-04T11:45:00+05:30,596.3,598.7,596.3,597.75,559205
SBIN,2023-08-04T11:50:00+05:30,597.7,597.95,596.85,597.1,301413
SBIN,2023-08-04T11:55:00+05:30,597.2,597.55,596.25,596.45,248652
SBIN,2023-08-04T12:00:00+05:30,596.65,596.9,595.45,595.95,191634
SBIN,2023-08-04T12:05:00+05:30,595.95,596.6,595.6,596.0,208035
SBIN,2023-08-04T12:10:00+05:30,596.0,596.8,595.25,596.8,207527
SBIN,2023-08-04T12:15:00+05:30,596.75,597.45,596.5,597.05,245994
SBIN,2023-08-04T12:20:00+05:30,597.05,597.55,596.8,597.25,241750
SBIN,2023-08-04T12:25:00+05:30,597.45,597.5,595.2,595.3,273554
SBIN,2023-08-04T12:30:00+05:30,595.35,595.35,593.4,593.8,404162
SBIN,2023-08-04T12:35:00+05:30,593.9,593.95,592.4,592.7,445585
SBIN,2023-08-04T12:40:00+05:30,592.55,594.55,592.55,594.1,327601
SBIN,2023-08-04T12:45:00+05:30,594.2,594.9,593.7,594.75,288014
SBIN,2023-08-04T12:50:00+05:30,594.75,595.45,594.25,595.2,222460
SBIN,2023-08-04T12:55:00+05:30,595.2,595.4,593.25,593.4,303000
SBIN,2023-08-04T13:00:00+05:30,593.4,594.3,593.1,593.9,348312
SBIN,2023-08-04T13:05:00+05:30,593.9,594.7,593.55,593.85,158168
SBIN,2023-08-04T13:10:00+05:30,593.85,594.15,592.9,593.0,345290
SBIN,2023-08-04T13:15:00+05:30,592.95,593.85,592.75,593.45,122388
SBIN,2023-08-04T13:20:00+05:30,593.5,594.5,590.6,590.85,535050
SBIN,2023-08-04T13:25:00+05:30,590.7,592.15,583.1,585.0,4163469
SBIN,2023-08-04T13:30:00+05:30,585.0,587.5,578.7,579.05,2379361
SBIN,2023-08-04T13:35:00+05:30,578.85,584.7,578.3,584.5,2249355
SBIN,2023-08-04T13:40:00+05:30,584.5,585.7,581.15,583.15,1295356
SBIN,2023-08-04T13:45:00+05:30,583.15,583.3,578.6,579.25,1466652
SBIN,2023-08-04T13:50:00+05:30,579.1,579.1,575.4,577.0,2331785
SBIN,2023-08-04T13:55:00+05:30,577.1,578.05,572.25,573.5,2787480
SBIN,2023-08-04T14:00:00+05:30,573.2,577.6,572.8,575.75,2316090
SBIN,2023-08-04T14:05:00+05:30,575.7,575.7,573.9,574.8,1725704
SBIN,2023-08-04T14:10:00+05:30,574.9,577.05,574.15,576.35,1284094
SBIN,2023-08-04T14:15:00+05:30,576.5,577.75,576.25,577.0,1116674
SBIN,2023-08-04T14:20:00+05:30,576.95,579.7,576.95,577.85,1385767
SBIN,2023-08-04T14:25:00+05:30,577.9,578.3,575.8,576.35,654042
SBIN,2023-08-04T14:30:00+05:30,576.3,576.65,575.1,575.8,505865
SBIN,2023-08-04T14:35:00+05:30,575.8,576.9,575.45,576.85,546676
SBIN,2023-08-04T14:40:00+05:30,576.9,577.7,575.7,576.0,715893
SBIN,2023-08-04T14:45:00+05:30,576.0,577.0,575.5,575.6,802590
SBIN,2023-08-04T14:50:00+05:30,575.6,576.2,574.4,574.95,1804097
SBIN,2023-08-04T14:55:00+05:30,575.0,575.0,574.05,574.8,658628
SBIN,2023-08-04T15:00:00+05:30,574.8,575.9,572.1,572.35,1283972
SBIN,2023-08-04T15:05:00+05:30,572.2,574.85,572.0,574.4,867935
SBIN,2023-08-04T15:10:00+05:30,574.4,575.0,573.9,573.9,653897
SBIN,2023-08-04T15:15:00+05:30,574.0,574.15,572.05,572.3,1146116
SBIN,2023-08-04T15:20:00+05:30,572.2,573.0,571.5,573.0,1251254
SBIN,2023-08-04T15:25:00+05:30,573.0,573.2,572.8,573.2,758915
SBIN,2023-08-07T09:15:00+05:30,577.0,577.0,571.5,573.4,2054681
SBIN,2023-08-07T09:20:00+05:30,573.3,573.3,569.2,573.1,2086844
SBIN,2023-08-07T09:25:00+05:30,573.1,574.25,572.3,574.2,707667
SBIN,2023-08-07T09:30:00+05:30,574.05,574.15,569.75,570.5,1033728
SBIN,2023-08-07T09:35:00+05:30,570.5,572.45,570.3,572.25,412937
SBIN,2023-08-07T09:40:00+05:30,572.25,572.85,571.9,572.8,374463
SBIN,2023-08-07T09:45:00+05:30,572.8,573.5,571.15,571.75,432657
SBIN,2023-08-07T09:50:00+05:30,571.85,571.85,570.6,571.1,395313
SBIN,2023-08-07T09:55:00+05:30,571.3,571.3,570.45,570.85,258674
SBIN,2023-08-07T10:00:00+05:30,570.85,570.95,569.6,570.8,398606
SBIN,2023-08-07T10:05:00+05:30,570.6,572.2,570.5,571.45,212511
SBIN,2023-08-07T10:10:00+05:30,571.6,571.95,570.65,570.9,212067
SBIN,2023-08-07T10:15:00+05:30,571.1,571.5,570.15,570.65,180494
SBIN,2023-08-07T10:20:00+05:30,570.65,571.0,570.0,571.0,299717
SBIN,2023-08-07T10:25:00+05:30,570.8,571.3,570.5,571.1,233697
SBIN,2023-08-07T10:30:00+05:30,571.2,572.0,570.65,571.05,226861
SBIN,2023-08-07T10:35:00+05:30,571.25,571.65,570.8,571.0,173399
SBIN,2023-08-07T10:40:00+05:30,571.15,571.55,570.55,570.75,373420
SBIN,2023-08-07T10:45:00+05:30,570.85,571.2,569.1,569.5,761251
SBIN,2023-08-07T10:50:00+05:30,569.5,570.05,568.0,568.2,455517
SBIN,2023-08-07T10:55:00+05:30,568.1,568.85,567.15,568.35,665192
SBIN,2023-08-07T11:00:00+05:30,568.5,568.6,567.85,568.05,253475
SBIN,2023-08-07T11:05:00+05:30,568.1,568.35,567.6,568.1,224213
SBIN,2023-08-07T11:10:00+05:30,568.1,568.75,567.9,568.2,248909
SBIN,2023-08-07T11:15:00+05:30,568.2,568.65,568.0,568.3,186777
SBIN,2023-08-07T11:20:00+05:30,568.4,568.95,568.2,568.55,621493
SBIN,2023-08-07T11:25:00+05:30,568.3,568.55,568.05,568.35,183913
SBIN,2023-08-07T11:30:00+05:30,568.45,568.45,567.7,568.3,231824
SBIN,2023-08-07T11:35:00+05:30,568.25,568.6,568.0,568.25,129374
SBIN,2023-08-07T11:40:00+05:30,568.25,571.0,568.25,570.45,500934
SBIN,2023-08-07T11:45:00+05:30,570.4,570.65,570.0,570.1,539886
SBIN,2023-08-07T11:50:00+05:30,570.15,570.7,569.4,569.6,391162
SBIN,2023-08-07T11:55:00+05:30,569.65,570.4,569.5,570.05,366262
SBIN,2023-08-07T12:00:00+05:30,570.05,570.6,569.9,570.4,185119
SBIN,2023-08-07T12:05:00+05:30,570.4,570.5,569.35,569.4,363810
SBIN,2023-08-07T12:10:00+05:30,569.35,569.95,569.1,569.65,362559
SBIN,2023-08-07T12:15:00+05:30,569.45,569.95,569.2,569.65,128732
SBIN,2023-08-07T12:20:00+05:30,569.6,570.2,569.45,570.05,89034
SBIN,2023-08-07T12:25:00+05:30,570.2,570.4,569.75,570.05,206331
SBIN,2023-08-07T12:30:00+05:30,570.1,570.15,569.35,569.9,109708
SBIN,2023-08-07T12:35:00+05:30,569.85,570.0,569.35,569.55,82638
SBIN,2023-08-07T12:40:00+05:30,569.55,569.75,569.35,569.55,73951
SBIN,2023-08-07T12:45:00+05:30,569.55,569.75,569.2,569.25,182894
SBIN,2023-08-07T12:50:00+05:30,569.2,569.75,568.75,569.75,220940
SBIN,2023-08-07T12:55:00+05:30,569.75,570.0,567.7,567.75,461397
SBIN,2023-08-07T13:00:00+05:30,567.75,568.35,567.5,568.05,548869
SBIN,2023-08-07T13:05:00+05:30,568.1,568.9,568.0,568.9,269929
SBIN,2023-08-07T13:10:00+05:30,568.9,568.95,568.2,568.65,163243
SBIN,2023-08-07T13:15:00+05:30,568.65,569.55,568.2,569.4,267758
SBIN,2023-08-07T13:20:00+05:30,569.35,569.4,568.5,568.85,320391
SBIN,2023-08-07T13:25:00+05:30,568.9,569.0,568.35,568.8,247953
SBIN,2023-08-07T13:30:00+05:30,568.8,568.95,567.75,567.85,510497
SBIN,2023-08-07T13:35:00+05:30,567.9,569.0,567.6,568.95,415909
SBIN,2023-08-07T13:40:00+05:30,569.0,569.45,568.7,568.9,420431
SBIN,2023-08-07T13:45:00+05:30,569.0,569.0,567.8,568.2,316926
SBIN,2023-08-07T13:50:00+05:30,568.2,568.5,567.95,568.5,226100
SBIN,2023-08-07T13:55:00+05:30,568.5,568.95,567.8,568.0,261340
SBIN,2023-08-07T14:00:00+05:30,568.0,568.3,567.65,567.8,261990
SBIN,2023-08-07T14:05:00+05:30,567.85,567.9,567.1,567.5,531214
SBIN,2023-08-07T14:10:00+05:30,567.5,567.75,566.9,567.1,559938
SBIN,2023-08-07T14:15:00+05:30,567.0,567.25,566.7,567.0,458507
SBIN,2023-08-07T14:20:00+05:30,566.8,568.4,566.7,567.2,507313
SBIN,2023-08-07T14:25:00+05:30,567.35,568.9,567.1,567.95,562705
SBIN,2023-08-07T14:30:00+05:30,568.0,568.4,567.05,567.2,406013
SBIN,2023-08-07T14:35:00+05:30,567.2,567.4,566.9,567.2,480405
SBIN,2023-08-07T14:40:00+05:30,567.05,567.6,567.0,567.6,353188
SBIN,2023-08-07T14:45:00+05:30,567.6,568.1,567.3,567.75,531738
SBIN,2023-08-07T14:50:00+05:30,567.65,567.8,566.65,566.8,930690
SBIN,2023-08-07T14:55:00+05:30,567.15,567.75,566.85,567.6,428703
SBIN,2023-08-07T15:00:00+05:30,567.75,568.1,567.2,567.3,611195
SBIN,2023-08-07T15:05:00+05:30,567.35,568.1,567.0,567.95,719823
SBIN,2023-08-07T15:10:00+05:30,568.0,568.45,567.85,568.25,709065
SBIN,2023-08-07T15:15:00+05:30,568.25,568.7,567.6,567.85,879833
SBIN,2023-08-07T15:20:00+05:30,567.8,568.2,567.45,567.85,745058
SBIN,2023-08-07T15:25:00+05:30,567.85,568.35,567.6,568.05,437078
SBIN,2023-08-08T09:15:00+05:30,571.0,571.65,570.15,571.55,705710
SBIN,2023-08-08T09:20:00+05:30,571.5,571.55,570.0,570.45,528641
SBIN,2023-08-08T09:25:00+05:30,570.4,570.6,569.4,570.2,374629
SBIN,2023-08-08T09:30:00+05:30,570.15,570.95,569.55,569.7,394418
SBIN,2023-08-08T09:35:00+05:30,569.7,569.85,568.7,569.5,463346
SBIN,2023-08-08T09:40:00+05:30,569.5,570.05,569.05,569.85,238119
SBIN,2023-08-08T09:45:00+05:30,569.9,570.85,569.9,570.5,252117
SBIN,2023-08-08T09:50:00+05:30,570.55,570.55,569.5,570.5,175435
SBIN,2023-08-08T09:55:00+05:30,570.45,572.0,570.25,572.0,425949
SBIN,2023-08-08T10:00:00+05:30,572.0,572.45,571.65,572.3,452446
SBIN,2023-08-08T10:05:00+05:30,572.4,572.4,571.4,571.7,270114
SBIN,2023-08-08T10:10:00+05:30,571.55,573.3,571.55,572.8,530854
SBIN,2023-08-08T10:15:00+05:30,572.85,572.9,571.3,572.5,1343343
SBIN,2023-08-08T10:20:00+05:30,572.5,573.0,572.25,572.7,316641
SBIN,2023-08-08T10:25:00+05:30,572.8,572.95,572.0,572.4,175252
SBIN,2023-08-08T10:30:00+05:30,572.5,572.9,572.1,572.7,200973
SBIN,2023-08-08T10:35:00+05:30,572.7,574.0,572.7,573.7,401121
SBIN,2023-08-08T10:40:00+05:30,573.75,574.25,573.3,574.0,300500
SBIN,2023-08-08T10:45:00+05:30,573.95,574.0,572.3,572.45,248742
SBIN,2023-08-08T10:50:00+05:30,572.45,572.7,571.55,572.0,255791
SBIN,2023-08-08T10:55:00+05:30,572.25,572.75,571.8,571.85,171010
SBIN,2023-08-08T11:00:00+05:30,571.85,572.4,571.1,571.15,232890
SBIN,2023-08-08T11:05:00+05:30,571.15,571.55,570.7,571.25,308446
SBIN,2023-08-08T11:10:00+05:30,571.3,571.3,570.05,570.3,276844
SBIN,2023-08-08T11:15:00+05:30,570.3,570.35,569.3,569.7,301035
SBIN,2023-08-08T11:20:00+05:30,569.65,570.0,569.05,569.55,269565
SBIN,2023-08-08T11:25:00+05:30,569.65,570.2,569.3,569.5,137019
SBIN,2023-08-08T11:30:00+05:30,569.45,569.85,568.55,569.6,255242
SBIN,2023-08-08T11:35:00+05:30,569.5,570.25,569.25,570.25,181340
SBIN,2023-08-08T11:40:00+05:30,570.2,571.0,570.05,570.95,200381
SBIN,2023-08-08T11:45:00+05:30,570.95,571.0,570.05,570.8,160479
SBIN,2023-08-08T11:50:00+05:30,570.95,572.0,570.5,571.4,263727
SBIN,2023-08-08T11:55:00+05:30,571.45,571.65,570.5,570.75,330070
SBIN,2023-08-08T12:00:00+05:30,570.75,571.15,570.3,570.75,514788
SBIN,2023-08-08T12:05:00+05:30,570.6,571.55,570.3,571.3,253469
SBIN,2023-08-08T12:10:00+05:30,571.35,571.55,570.7,571.45,256096
SBIN,2023-08-08T12:15:00+05:30,571.45,571.7,571.05,571.1,248787
SBIN,2023-08-08T12:20:00+05:30,571.1,571.25,570.5,571.15,159106
SBIN,2023-08-08T12:25:00+05:30,571.1,571.25,571.0,571.0,156443
SBIN,2023-08-08T12:30:00+05:30,571.0,571.6,570.65,571.45,229368
SBIN,2023-08-08T12:35:00+05:30,571.35,571.6,570.7,570.8,118604
SBIN,2023-08-08T12:40:00+05:30,570.8,571.4,570.6,570.7,186455
SBIN,2023-08-08T12:45:00+05:30,570.7,571.4,570.6,571.3,161765
SBIN,2023-08-08T12:50:00+05:30,571.25,571.3,570.65,570.75,169896
SBIN,2023-08-08T12:55:00+05:30,570.75,571.1,569.8,569.85,291962
SBIN,2023-08-08T13:00:00+05:30,569.75,570.4,569.6,570.1,367848
SBIN,2023-08-08T13:05:00+05:30,570.25,571.2,569.85,570.7,344302
SBIN,2023-08-08T13:10:00+05:30,570.7,570.8,570.25,570.75,142361
SBIN,2023-08-08T13:15:00+05:30,570.75,570.9,570.3,570.9,156630
SBIN,2023-08-08T13:20:00+05:30,570.95,571.35,570.45,570.45,128664
SBIN,2023-08-08T13:25:00+05:30,570.45,570.95,570.45,570.5,149619
SBIN,2023-08-08T13:30:00+05:30,570.55,570.7,570.2,570.4,160825
SBIN,2023-08-08T13:35:00+05:30,570.3,570.9,569.85,570.0,259689
SBIN,2023-08-08T13:40:00+05:30,570.0,570.55,569.85,569.85,120136
SBIN,2023-08-08T13:45:00+05:30,569.85,571.0,569.6,570.4,272007
SBIN,2023-08-08T13:50:00+05:30,570.2,571.75,570.15,571.15,225811
SBIN,2023-08-08T13:55:00+05:30,571.15,571.55,570.75,571.0,270425
SBIN,2023-08-08T14:00:00+05:30,571.25,572.5,571.05,572.15,438384
SBIN,2023-08-08T14:05:00+05:30,572.05,572.45,571.5,571.8,315979
SBIN,2023-08-08T14:10:00+05:30,571.85,572.25,571.45,571.75,200873
SBIN,2023-08-08T14:15:00+05:30,571.75,572.2,571.55,571.75,204696
SBIN,2023-08-08T14:20:00+05:30,571.75,573.2,571.5,572.95,613847
SBIN,2023-08-08T14:25:00+05:30,572.95,573.6,571.8,572.25,776009
SBIN,2023-08-08T14:30:00+05:30,572.4,572.7,571.7,572.05,470111
SBIN,2023-08-08T14:35:00+05:30,572.0,572.95,571.4,571.65,490468
SBIN,2023-08-08T14:40:00+05:30,571.6,571.85,570.8,571.2,304903
SBIN,2023-08-08T14:45:00+05:30,571.3,572.7,571.0,571.9,471711
SBIN,2023-08-08T14:50:00+05:30,571.9,572.3,571.1,571.7,429083
SBIN,2023-08-08T14:55:00+05:30,571.7,572.65,571.6,572.3,374718
SBIN,2023-08-08T15:00:00+05:30,572.35,573.0,572.15,572.5,514971
SBIN,2023-08-08T15:05:00+05:30,572.5,573.5,572.35,573.3,662020
SBIN,2023-08-08T15:10:00+05:30,573.25,573.4,572.5,572.5,394342
SBIN,2023-08-08T15:15:00+05:30,572.55,573.6,572.5,573.55,578844
SBIN,2023-08-08T15:20:00+05:30,573.55,573.65,573.05,573.25,504747
SBIN,2023-08-08T15:25:00+05:30,573.3,573.9,573.25,573.7,694850
SBIN,2023-08-09T09:15:00+05:30,575.0,575.0,572.3,572.55,753882
SBIN,2023-08-09T09:20:00+05:30,572.7,572.95,572.3,572.75,269835
SBIN,2023-08-09T09:25:00+05:30,572.6,572.85,570.5,570.8,441083
SBIN,2023-08-09T09:30:00+05:30,571.1,571.5,570.3,571.45,232567
SBIN,2023-08-09T09:35:00+05:30,571.35,571.65,571.05,571.6,237099
SBIN,2023-08-09T09:40:00+05:30,571.5,571.6,570.45,570.65,316158
SBIN,2023-08-09T09:45:00+05:30,570.65,571.0,570.05,570.5,249011
SBIN,2023-08-09T09:50:00+05:30,570.4,570.4,569.1,569.75,513415
SBIN,2023-08-09T09:55:00+05:30,569.7,570.2,569.35,570.1,254620
SBIN,2023-08-09T10:00:00+05:30,570.1,570.65,569.8,570.55,176187
SBIN,2023-08-09T10:05:00+05:30,570.5,570.6,570.2,570.4,135718
SBIN,2023-08-09T10:10:00+05:30,570.4,570.4,569.65,569.65,147000
SBIN,2023-08-09T10:15:00+05:30,569.65,570.5,569.55,570.2,197051
SBIN,2023-08-09T10:20:00+05:30,570.15,570.4,569.7,569.95,178855
SBIN,2023-08-09T10:25:00+05:30,569.95,570.35,569.7,570.2,164700
SBIN,2023-08-09T10:30:00+05:30,570.1,570.4,569.85,570.1,126007
SBIN,2023-08-09T10:35:00+05:30,570.1,570.7,570.0,570.7,129965
SBIN,2023-08-09T10:40:00+05:30,570.5,570.8,570.25,570.65,107521
SBIN,2023-08-09T10:45:00+05:30,570.6,570.65,570.35,570.5,121212
SBIN,2023-08-09T10:50:00+05:30,570.6,570.65,570.1,570.2,135945
SBIN,2023-08-09T10:55:00+05:30,570.15,570.55,570.1,570.4,164956
SBIN,2023-08-09T11:00:00+05:30,570.4,570.45,569.6,569.65,201037
SBIN,2023-08-09T11:05:00+05:30,569.65,570.0,569.35,570.0,189329
SBIN,2023-08-09T11:10:00+05:30,569.85,570.2,569.8,570.05,141418
SBIN,2023-08-09T11:15:00+05:30,570.05,570.1,569.35,569.7,191960
SBIN,2023-08-09T11:20:00+05:30,569.7,569.8,568.5,568.55,422946
SBIN,2023-08-09T11:25:00+05:30,568.65,569.35,568.45,569.3,202077
SBIN,2023-08-09T11:30:00+05:30,569.3,569.4,569.0,569.2,127004
SBIN,2023-08-09T11:35:00+05:30,569.4,569.45,569.0,569.25,101743
SBIN,2023-08-09T11:40:00+05:30,569.4,569.45,569.1,569.4,100907
SBIN,2023-08-09T11:45:00+05:30,569.45,569.55,569.1,569.3,97248
SBIN,2023-08-09T11:50:00+05:30,569.3,569.45,569.05,569.4,94789
SBIN,2023-08-09T11:55:00+05:30,569.2,570.2,569.1,569.95,178065
SBIN,2023-08-09T12:00:00+05:30,569.85,570.0,569.2,569.75,164051
SBIN,2023-08-09T12:05:00+05:30,569.6,569.8,569.4,569.75,111172
SBIN,2023-08-09T12:10:00+05:30,569.7,569.8,569.1,569.2,127979
SBIN,2023-08-09T12:15:00+05:30,569.25,569.5,569.0,569.05,171843
SBIN,2023-08-09T12:20:00+05:30,569.05,569.3,568.8,569.2,183663
SBIN,2023-08-09T12:25:00+05:30,569.1,569.5,569.0,569.35,91460
SBIN,2023-08-09T12:30:00+05:30,569.35,569.9,569.1,569.5,257918
SBIN,2023-08-09T12:35:00+05:30,569.7,570.6,569.45,570.6,285985
SBIN,2023-08-09T12:40:00+05:30,570.4,570.65,570.1,570.2,160311
SBIN,2023-08-09T12:45:00+05:30,570.2,570.45,569.7,569.95,225247
SBIN,2023-08-09T12:50:00+05:30,569.95,570.6,569.65,570.55,218138
SBIN,2023-08-09T12:55:00+05:30,570.6,570.7,569.95,570.05,363803
SBIN,2023-08-09T13:00:00+05:30,570.05,570.65,570.0,570.35,191563
SBIN,2023-08-09T13:05:00+05:30,570.45,570.6,570.3,570.3,130349
SBIN,2023-08-09T13:10:00+05:30,570.3,570.65,570.2,570.6,130959
SBIN,2023-08-09T13:15:00+05:30,570.6,570.9,570.4,570.75,190817
SBIN,2023-08-09T13:20:00+05:30,570.8,571.5,570.6,571.0,400751
SBIN,2023-08-09T13:25:00+05:30,570.9,571.35,570.9,571.1,111842
SBIN,2023-08-09T13:30:00+05:30,571.3,571.7,571.0,571.6,149817
SBIN,2023-08-09T13:35:00+05:30,571.6,572.2,571.2,571.4,269942
SBIN,2023-08-09T13:40:00+05:30,571.4,571.65,571.35,571.55,127554
SBIN,2023-08-09T13:45:00+05:30,571.5,571.75,570.9,571.0,166106
SBIN,2023-08-09T13:50:00+05:30,570.9,571.25,570.6,571.05,125877
SBIN,2023-08-09T13:55:00+05:30,571.05,571.4,570.9,571.15,86637
SBIN,2023-08-09T14:00:00+05:30,571.2,571.75,571.2,571.65,109241
SBIN,2023-08-09T14:05:00+05:30,571.7,571.9,571.45,571.8,119492
SBIN,2023-08-09T14:10:00+05:30,571.7,572.4,571.65,572.2,237362
SBIN,2023-08-09T14:15:00+05:30,572.2,572.3,571.65,571.8,157484
SBIN,2023-08-09T14:20:00+05:30,571.85,571.9,571.2,571.8,237327
SBIN,2023-08-09T14:25:00+05:30,571.85,572.45,571.55,572.05,209303
SBIN,2023-08-09T14:30:00+05:30,572.0,572.25,571.65,572.0,138830
SBIN,2023-08-09T14:35:00+05:30,572.05,572.45,571.7,572.45,209630
SBIN,2023-08-09T14:40:00+05:30,572.45,573.8,572.4,573.35,477810
SBIN,2023-08-09T14:45:00+05:30,573.35,573.5,572.7,572.75,186643
SBIN,2023-08-09T14:50:00+05:30,572.8,574.1,572.75,574.1,285998
SBIN,2023-08-09T14:55:00+05:30,574.05,574.2,573.3,573.6,186807
SBIN,2023-08-09T15:00:00+05:30,573.55,573.9,573.5,573.75,164225
SBIN,2023-08-09T15:05:00+05:30,573.7,574.15,573.7,573.8,231888
SBIN,2023-08-09T15:10:00+05:30,573.9,574.1,573.75,573.95,260313
SBIN,2023-08-09T15:15:00+05:30,573.75,574.05,573.4,573.75,323622
SBIN,2023-08-09T15:20:00+05:30,573.7,573.9,573.4,573.75,372282
SBIN,2023-08-09T15:25:00+05:30,573.75,573.9,573.2,573.65,259072
SBIN,2023-08-10T09:15:00+05:30,573.75,573.75,571.6,571.75,938898
SBIN,2023-08-10T09:20:00+05:30,571.75,572.9,571.6,572.0,408545
SBIN,2023-08-10T09:25:00+05:30,572.2,572.7,572.05,572.45,399774
SBIN,2023-08-10T09:30:00+05:30,572.45,574.15,572.4,574.05,328709
SBIN,2023-08-10T09:35:00+05:30,574.2,574.5,573.25,573.5,309752
SBIN,2023-08-10T09:40:00+05:30,573.5,574.2,573.25,573.45,249213
SBIN,2023-08-10T09:45:00+05:30,573.45,574.2,573.25,573.7,238137
SBIN,2023-08-10T09:50:00+05:30,573.7,574.0,572.8,573.3,340580
SBIN,2023-08-10T09:55:00+05:30,573.3,573.65,573.05,573.6,269021
SBIN,2023-08-10T10:00:00+05:30,573.35,576.85,573.35,575.95,1212575
SBIN,2023-08-10T10:05:00+05:30,576.1,576.75,575.6,576.2,586750
SBIN,2023-08-10T10:10:00+05:30,576.1,577.45,575.8,577.45,536117
SBIN,2023-08-10T10:15:00+05:30,577.5,577.6,575.7,576.0,532223
SBIN,2023-08-10T10:20:00+05:30,576.0,576.3,570.45,571.6,1309496
SBIN,2023-08-10T10:25:00+05:30,571.65,572.45,570.5,571.2,595745
SBIN,2023-08-10T10:30:00+05:30,571.15,571.6,570.2,571.2,568809
SBIN,2023-08-10T10:35:00+05:30,571.2,571.75,570.5,571.4,379386
SBIN,2023-08-10T10:40:00+05:30,571.4,571.75,570.85,571.35,345978
SBIN,2023-08-10T10:45:00+05:30,571.35,573.2,571.3,572.5,388760
SBIN,2023-08-10T10:50:00+05:30,572.55,574.8,572.2,573.85,522648
SBIN,2023-08-10T10:55:00+05:30,573.95,574.35,572.65,572.95,381572
SBIN,2023-08-10T11:00:00+05:30,573.15,573.4,572.4,573.25,179052
SBIN,2023-08-10T11:05:00+05:30,573.2,574.1,572.5,573.15,232687
SBIN,2023-08-10T11:10:00+05:30,573.1,573.5,572.75,572.85,152064
SBIN,2023-08-10T11:15:00+05:30,572.75,573.65,572.4,573.4,148049
SBIN,2023-08-10T11:20:00+05:30,573.4,574.05,573.3,574.0,180309
SBIN,2023-08-10T11:25:00+05:30,574.0,574.7,573.55,574.4,263425
SBIN,2023-08-10T11:30:00+05:30,574.35,574.45,573.8,573.9,259086
SBIN,2023-08-10T11:35:00+05:30,573.9,574.75,573.85,574.65,335645
SBIN,2023-08-10T11:40:00+05:30,574.65,575.85,574.5,575.45,428405
SBIN,2023-08-10T11:45:00+05:30,575.65,575.65,574.85,574.95,387888
SBIN,2023-08-10T11:50:00+05:30,574.95,576.45,574.95,575.75,530632
SBIN,2023-08-10T11:55:00+05:30,575.8,576.4,575.75,575.95,374560
SBIN,2023-08-10T12:00:00+05:30,575.9,576.2,574.45,574.6,308934
SBIN,2023-08-10T12:05:00+05:30,574.75,574.75,574.0,574.3,165808
SBIN,2023-08-10T12:10:00+05:30,574.25,574.4,572.7,572.7,411272
SBIN,2023-08-10T12:15:00+05:30,572.9,573.75,572.5,573.2,309834
SBIN,2023-08-10T12:20:00+05:30,573.15,574.0,572.8,573.85,178233
SBIN,2023-08-10T12:25:00+05:30,573.85,574.15,573.0,573.15,151812
SBIN,2023-08-10T12:30:00+05:30,573.2,573.55,572.8,573.1,130539
SBIN,2023-08-10T12:35:00+05:30,573.15,573.8,573.0,573.4,112119
SBIN,2023-08-10T12:40:00+05:30,573.4,573.7,573.0,573.3,204699
SBIN,2023-08-10T12:45:00+05:30,573.35,573.65,572.85,573.2,201016
SBIN,2023-08-10T12:50:00+05:30,573.15,574.85,573.1,574.65,393305
SBIN,2023-08-10T12:55:00+05:30,574.5,574.7,573.3,573.3,139596
SBIN,2023-08-10T13:00:00+05:30,573.3,573.8,573.05,573.7,125384
SBIN,2023-08-10T13:05:00+05:30,573.75,573.95,573.15,573.35,222220
SBIN,2023-08-10T13:10:00+05:30,573.25,573.55,572.8,573.25,423320
SBIN,2023-08-10T13:15:00+05:30,573.2,574.15,573.0,573.5,432870
SBIN,2023-08-10T13:20:00+05:30,573.45,573.7,572.5,572.55,223671
SBIN,2023-08-10T13:25:00+05:30,572.5,572.6,572.0,572.0,329312
SBIN,2023-08-10T13:30:00+05:30,572.05,572.75,572.0,572.65,257860
SBIN,2023-08-10T13:35:00+05:30,572.5,572.95,572.1,572.55,496923
SBIN,2023-08-10T13:40:00+05:30,572.5,572.65,572.0,572.15,228734
SBIN,2023-08-10T13:45:00+05:30,572.2,572.5,571.5,572.0,363974
SBIN,2023-08-10T13:50:00+05:30,572.0,572.25,570.75,571.2,452083
SBIN,2023-08-10T13:55:00+05:30,571.1,572.45,571.05,571.6,360494
SBIN,2023-08-10T14:00:00+05:30,571.8,572.0,570.7,571.8,550895
SBIN,2023-08-10T14:05:00+05:30,571.8,573.4,571.45,573.35,371884
SBIN,2023-08-10T14:10:00+05:30,573.35,573.55,572.45,572.8,407045
SBIN,2023-08-10T14:15:00+05:30,572.9,573.2,572.45,572.45,478931
SBIN,2023-08-10T14:20:00+05:30,572.45,572.85,572.1,572.4,203228
SBIN,2023-08-10T14:25:00+05:30,572.5,572.8,572.3,572.3,183457
SBIN,2023-08-10T14:30:00+05:30,572.3,572.85,572.25,572.65,207936
SBIN,2023-08-10T14:35:00+05:30,572.65,572.8,572.2,572.65,321626
SBIN,2023-08-10T14:40:00+05:30,572.6,572.6,571.8,572.25,309091
SBIN,2023-08-10T14:45:00+05:30,572.15,572.45,571.7,572.0,349080
SBIN,2023-08-10T14:50:00+05:30,572.0,572.2,571.4,572.0,317535
SBIN,2023-08-10T14:55:00+05:30,572.0,572.85,571.9,572.5,386697
SBIN,2023-08-10T15:00:00+05:30,572.55,573.45,572.5,572.95,278977
SBIN,2023-08-10T15:05:00+05:30,573.0,574.4,572.85,574.35,475179
SBIN,2023-08-10T15:10:00+05:30,574.3,574.5,573.45,573.6,328705
SBIN,2023-08-10T15:15:00+05:30,573.6,574.0,573.05,573.4,382787
SBIN,2023-08-10T15:20:00+05:30,573.35,574.2,573.1,573.65,450586
SBIN,2023-08-10T15:25:00+05:30,573.9,574.25,573.35,574.0,326792
SBIN,2023-08-11T09:15:00+05:30,575.45,575.45,572.5,572.9,585395
SBIN,2023-08-11T09:20:00+05:30,572.9,573.4,572.15,573.1,336034
SBIN,2023-08-11T09:25:00+05:30,573.05,573.2,572.0,573.0,272851
SBIN,2023-08-11T09:30:00+05:30,573.0,573.2,572.5,573.0,361565
SBIN,2023-08-11T09:35:00+05:30,573.0,573.1,572.5,572.8,123065
SBIN,2023-08-11T09:40:00+05:30,572.8,574.95,572.65,574.55,263767
SBIN,2023-08-11T09:45:00+05:30,574.7,574.95,573.85,574.0,202137
SBIN,2023-08-11T09:50:00+05:30,573.9,574.75,573.55,574.75,174412
SBIN,2023-08-11T09:55:00+05:30,574.75,576.8,574.65,576.45,601510
SBIN,2023-08-11T10:00:00+05:30,576.5,576.95,575.1,575.5,317521
SBIN,2023-08-11T10:05:00+05:30,575.45,575.75,575.0,575.65,170871
SBIN,2023-08-11T10:10:00+05:30,575.7,576.0,574.6,575.0,200731
SBIN,2023-08-11T10:15:00+05:30,575.0,575.55,574.6,574.95,127781
SBIN,2023-08-11T10:20:00+05:30,574.85,575.1,574.55,574.75,176880
SBIN,2023-08-11T10:25:00+05:30,574.75,575.0,574.1,574.8,88345
SBIN,2023-08-11T10:30:00+05:30,574.9,575.15,574.75,575.0,472891
SBIN,2023-08-11T10:35:00+05:30,574.95,575.2,574.7,574.7,314051
SBIN,2023-08-11T10:40:00+05:30,574.8,574.9,574.05,574.35,169004
SBIN,2023-08-11T10:45:00+05:30,574.3,574.6,573.8,574.05,187414
SBIN,2023-08-11T10:50:00+05:30,574.05,574.1,573.25,573.9,160955
SBIN,2023-08-11T10:55:00+05:30,573.9,574.3,573.85,574.15,97439
SBIN,2023-08-11T11:00:00+05:30,574.1,574.1,572.8,573.5,256866
SBIN,2023-08-11T11:05:00+05:30,573.5,574.0,573.3,573.85,133741
SBIN,2023-08-11T11:10:00+05:30,573.85,574.0,573.45,573.55,165216
SBIN,2023-08-11T11:15:00+05:30,573.55,573.9,573.45,573.45,100556
SBIN,2023-08-11T11:20:00+05:30,573.65,574.8,573.5,574.75,551472
SBIN,2023-08-11T11:25:00+05:30,574.7,575.6,574.5,575.5,765196
SBIN,2023-08-11T11:30:00+05:30,575.4,575.6,575.0,575.5,372939
SBIN,2023-08-11T11:35:00+05:30,575.55,576.15,575.45,575.95,375521
SBIN,2023-08-11T11:40:00+05:30,575.95,576.75,575.85,576.5,313237
SBIN,2023-08-11T11:45:00+05:30,576.55,578.5,576.5,578.05,925104
SBIN,2023-08-11T11:50:00+05:30,578.05,578.9,577.3,577.7,442800
SBIN,2023-08-11T11:55:00+05:30,577.7,578.4,577.3,577.9,268289
SBIN,2023-08-11T12:00:00+05:30,578.0,578.5,577.7,577.7,170300
SBIN,2023-08-11T12:05:00+05:30,577.7,578.35,577.5,577.95,283434
SBIN,2023-08-11T12:10:00+05:30,577.9,577.95,577.55,577.6,115869
SBIN,2023-08-11T12:15:00+05:30,577.6,577.9,577.0,577.1,223238
SBIN,2023-08-11T12:20:00+05:30,577.1,577.5,577.05,577.5,126168
SBIN,2023-08-11T12:25:00+05:30,577.45,577.65,576.65,576.8,118679
SBIN,2023-08-11T12:30:00+05:30,576.8,577.05,576.35,576.45,210825
SBIN,2023-08-11T12:35:00+05:30,576.4,577.0,576.4,576.75,83156
SBIN,2023-08-11T12:40:00+05:30,576.75,577.05,576.45,576.7,168931
SBIN,2023-08-11T12:45:00+05:30,576.75,577.2,576.4,576.55,129663
SBIN,2023-08-11T12:50:00+05:30,576.5,576.5,574.7,575.5,361080
SBIN,2023-08-11T12:55:00+05:30,575.5,576.3,575.15,575.6,152229
SBIN,2023-08-11T13:00:00+05:30,575.6,577.95,575.25,577.2,372813
SBIN,2023-08-11T13:05:00+05:30,577.3,578.5,576.9,577.6,204015
SBIN,2023-08-11T13:10:00+05:30,577.55,577.75,577.25,577.35,109101
SBIN,2023-08-11T13:15:00+05:30,577.45,577.45,576.45,576.95,127058
SBIN,2023-08-11T13:20:00+05:30,576.9,577.3,576.9,577.15,89808
SBIN,2023-08-11T13:25:00+05:30,577.1,577.25,576.65,577.1,86053
SBIN,2023-08-11T13:30:00+05:30,577.0,577.0,576.3,576.4,105991
SBIN,2023-08-11T13:35:00+05:30,576.45,577.0,575.6,575.8,139013
SBIN,2023-08-11T13:40:00+05:30,575.75,576.1,575.4,575.65,152858
SBIN,2023-08-11T13:45:00+05:30,575.6,576.65,575.6,576.1,126923
SBIN,2023-08-11T13:50:00+05:30,576.05,576.1,575.5,575.9,112620
SBIN,2023-08-11T13:55:00+05:30,575.95,576.1,575.75,575.75,73724
SBIN,2023-08-11T14:00:00+05:30,575.8,575.85,574.95,575.6,169957
SBIN,2023-08-11T14:05:00+05:30,575.55,575.6,574.55,575.3,127122
SBIN,2023-08-11T14:10:00+05:30,575.3,576.15,575.05,575.85,210964
SBIN,2023-08-11T14:15:00+05:30,575.85,576.6,575.5,575.9,141201
SBIN,2023-08-11T14:20:00+05:30,575.8,576.75,575.75,576.3,218282
SBIN,2023-08-11T14:25:00+05:30,576.35,576.9,576.15,576.25,188859
SBIN,2023-08-11T14:30:00+05:30,576.2,576.4,576.0,576.3,81254
SBIN,2023-08-11T14:35:00+05:30,576.3,576.35,575.4,575.4,101438
SBIN,2023-08-11T14:40:00+05:30,575.3,575.4,573.75,574.45,409467
SBIN,2023-08-11T14:45:00+05:30,574.45,575.25,574.3,574.55,103641
SBIN,2023-08-11T14:50:00+05:30,574.5,575.2,574.35,574.95,100511
SBIN,2023-08-11T14:55:00+05:30,575.0,575.95,574.9,575.4,267580
SBIN,2023-08-11T15:00:00+05:30,575.4,575.5,573.75,574.15,300611
SBIN,2023-08-11T15:05:00+05:30,574.1,574.35,573.7,574.15,212436
SBIN,2023-08-11T15:10:00+05:30,574.05,574.3,573.75,573.9,236409
SBIN,2023-08-11T15:15:00+05:30,574.0,574.6,573.8,574.0,707103
SBIN,2023-08-11T15:20:00+05:30,574.0,574.7,573.85,574.5,406080
SBIN,2023-08-11T15:25:00+05:30,574.5,574.65,574.0,574.5,255483
SBIN,2023-08-14T09:15:00+05:30,572.95,572.95,565.4,566.25,874834
SBIN,2023-08-14T09:20:00+05:30,566.15,566.3,564.1,564.15,521228
SBIN,2023-08-14T09:25:00+05:30,564.05,564.2,561.1,562.0,1019928
SBIN,2023-08-14T09:30:00+05:30,562.05,562.25,561.25,562.1,561820
SBIN,2023-08-14T09:35:00+05:30,562.1,562.9,561.6,562.65,377176
SBIN,2023-08-14T09:40:00+05:30,562.65,563.8,562.1,562.7,365919
SBIN,2023-08-14T09:45:00+05:30,562.65,563.65,561.75,563.35,377716
SBIN,2023-08-14T09:50:00+05:30,563.25,563.45,561.9,562.05,309744
SBIN,2023-08-14T09:55:00+05:30,561.9,562.8,561.6,562.45,270387
SBIN,2023-08-14T10:00:00+05:30,562.45,562.55,561.55,562.15,343018
SBIN,2023-08-14T10:05:00+05:30,562.15,562.6,561.5,562.6,252459
SBIN,2023-08-14T10:10:00+05:30,562.6,562.95,562.15,562.9,152872
SBIN,2023-08-14T10:15:00+05:30,563.15,563.5,562.7,563.3,275355
SBIN,2023-08-14T10:20:00+05:30,563.3,563.45,563.15,563.25,217031
SBIN,2023-08-14T10:25:00+05:30,563.25,563.4,562.75,563.3,583510
SBIN,2023-08-14T10:30:00+05:30,563.35,563.65,563.05,563.25,171729
SBIN,2023-08-14T10:35:00+05:30,563.3,563.45,562.05,562.05,387442
SBIN,2023-08-14T10:40:00+05:30,562.15,562.85,562.05,562.6,207226
SBIN,2023-08-14T10:45:00+05:30,562.5,562.55,562.1,562.4,131929
SBIN,2023-08-14T10:50:00+05:30,562.35,562.85,562.3,562.55,282428
SBIN,2023-08-14T10:55:00+05:30,562.55,563.35,562.35,563.05,186285
SBIN,2023-08-14T11:00:00+05:30,563.05,563.2,562.05,562.25,292525
SBIN,2023-08-14T11:05:00+05:30,562.2,562.25,561.5,561.7,418291
SBIN,2023-08-14T11:10:00+05:30,561.7,561.7,560.05,560.5,666875
SBIN,2023-08-14T11:15:00+05:30,560.4,560.85,560.2,560.7,189531
SBIN,2023-08-14T11:20:00+05:30,560.7,561.1,560.1,560.45,334212
SBIN,2023-08-14T11:25:00+05:30,560.4,560.7,560.2,560.7,261709
SBIN,2023-08-14T11:30:00+05:30,560.7,560.7,560.0,560.4,369027
SBIN,2023-08-14T11:35:00+05:30,560.4,560.4,560.05,560.1,187581
SBIN,2023-08-14T11:40:00+05:30,560.1,560.45,559.3,559.3,591573
SBIN,2023-08-14T11:45:00+05:30,559.35,559.75,558.7,558.9,441300
SBIN,2023-08-14T11:50:00+05:30,558.95,559.65,558.7,559.65,304664
SBIN,2023-08-14T11:55:00+05:30,559.7,559.85,559.0,559.2,366575
SBIN,2023-08-14T12:00:00+05:30,559.2,559.65,558.9,559.35,342403
SBIN,2023-08-14T12:05:00+05:30,559.35,559.7,559.3,559.55,233374
SBIN,2023-08-14T12:10:00+05:30,559.55,560.2,559.45,560.0,448966
SBIN,2023-08-14T12:15:00+05:30,560.05,560.3,559.5,559.75,347021
SBIN,2023-08-14T12:20:00+05:30,559.6,560.0,559.5,559.6,133683
SBIN,2023-08-14T12:25:00+05:30,559.6,560.0,559.2,559.95,178210
SBIN,2023-08-14T12:30:00+05:30,559.95,560.35,559.1,559.15,261419
SBIN,2023-08-14T12:35:00+05:30,559.15,560.0,559.15,559.85,188527
SBIN,2023-08-14T12:40:00+05:30,559.85,560.4,559.6,559.65,215953
SBIN,2023-08-14T12:45:00+05:30,559.7,559.8,559.2,559.35,221030
SBIN,2023-08-14T12:50:00+05:30,559.35,559.5,559.0,559.4,228579
SBIN,2023-08-14T12:55:00+05:30,559.45,559.7,559.0,559.1,183938
SBIN,2023-08-14T13:00:00+05:30,559.1,559.3,559.0,559.25,123761
SBIN,2023-08-14T13:05:00+05:30,559.25,559.6,559.0,559.35,185059
SBIN,2023-08-14T13:10:00+05:30,559.2,559.45,558.75,558.95,258994
SBIN,2023-08-14T13:15:00+05:30,559.0,559.1,558.7,559.0,209497
SBIN,2023-08-14T13:20:00+05:30,559.0,560.35,558.65,560.35,468615
SBIN,2023-08-14T13:25:00+05:30,560.35,560.4,559.4,560.0,359789
SBIN,2023-08-14T13:30:00+05:30,560.05,560.4,559.75,560.2,325308
SBIN,2023-08-14T13:35:00+05:30,560.05,560.7,560.0,560.35,435419
SBIN,2023-08-14T13:40:00+05:30,560.4,560.7,560.0,560.1,326127
SBIN,2023-08-14T13:45:00+05:30,560.2,561.25,560.0,561.25,630050
SBIN,2023-08-14T13:50:00+05:30,561.25,561.45,560.8,560.85,544062
SBIN,2023-08-14T13:55:00+05:30,560.9,561.75,560.7,561.5,328456
SBIN,2023-08-14T14:00:00+05:30,561.5,562.95,561.45,562.9,455663
SBIN,2023-08-14T14:05:00+05:30,562.8,562.8,561.85,562.45,290384
SBIN,2023-08-14T14:10:00+05:30,562.4,562.85,562.0,562.15,261096
SBIN,2023-08-14T14:15:00+05:30,562.05,562.7,562.05,562.4,423609
SBIN,2023-08-14T14:20:00+05:30,562.4,562.65,561.5,561.65,614518
SBIN,2023-08-14T14:25:00+05:30,561.9,562.0,561.4,561.95,406253
SBIN,2023-08-14T14:30:00+05:30,561.95,562.5,561.7,562.25,378875
SBIN,2023-08-14T14:35:00+05:30,562.2,562.3,561.6,561.85,391653
SBIN,2023-08-14T14:40:00+05:30,561.85,562.1,561.55,561.9,365998
SBIN,2023-08-14T14:45:00+05:30,561.9,562.3,561.65,562.2,250145
SBIN,2023-08-14T14:50:00+05:30,562.25,562.45,562.0,562.4,269819
SBIN,2023-08-14T14:55:00+05:30,562.4,562.55,561.5,562.15,526138
SBIN,2023-08-14T15:00:00+05:30,562.15,562.45,561.25,561.4,629899
SBIN,2023-08-14T15:05:00+05:30,561.2,561.95,560.8,561.0,507035
SBIN,2023-08-14T15:10:00+05:30,561.0,561.25,560.2,560.7,648474
SBIN,2023-08-14T15:15:00+05:30,560.7,560.75,560.0,560.1,930136
SBIN,2023-08-14T15:20:00+05:30,560.15,560.4,559.8,560.1,637651
SBIN,2023-08-14T15:25:00+05:30,560.15,561.55,560.0,561.0,557697
SBIN,2023-08-16T09:15:00+05:30,558.8,559.45,554.4,558.9,1335928
SBIN,2023-08-16T09:20:00+05:30,559.05,561.95,558.1,561.6,644005
SBIN,2023-08-16T09:25:00+05:30,561.55,563.65,560.6,562.15,756513
SBIN,2023-08-16T09:30:00+05:30,562.5,563.5,561.7,562.0,418472
SBIN,2023-08-16T09:35:00+05:30,562.1,564.5,561.7,564.05,573743
SBIN,2023-08-16T09:40:00+05:30,564.1,564.4,563.6,564.3,257951
SBIN,2023-08-16T09:45:00+05:30,564.3,566.0,564.0,564.4,688667
SBIN,2023-08-16T09:50:00+05:30,564.3,565.65,564.15,565.25,212034
SBIN,2023-08-16T09:55:00+05:30,565.25,565.25,564.0,564.3,234231
SBIN,2023-08-16T10:00:00+05:30,564.05,564.5,563.4,563.9,214650
SBIN,2023-08-16T10:05:00+05:30,563.6,564.55,563.5,564.5,154910
SBIN,2023-08-16T10:10:00+05:30,564.35,565.0,564.3,564.85,145869
SBIN,2023-08-16T10:15:00+05:30,564.9,565.45,564.5,565.0,153832
SBIN,2023-08-16T10:20:00+05:30,565.0,565.5,564.2,564.5,155056
SBIN,2023-08-16T10:25:00+05:30,564.5,564.7,563.85,564.0,104311
SBIN,2023-08-16T10:30:00+05:30,563.95,564.15,563.1,563.2,142486
SBIN,2023-08-16T10:35:00+05:30,563.35,563.5,563.05,563.3,114862
SBIN,2023-08-16T10:40:00+05:30,563.4,563.65,563.1,563.6,131035
SBIN,2023-08-16T10:45:00+05:30,563.6,564.15,563.4,564.0,198334
SBIN,2023-08-16T10:50:00+05:30,564.1,564.2,563.1,564.2,155398
SBIN,2023-08-16T10:55:00+05:30,564.2,564.75,564.1,564.7,225211
SBIN,2023-08-16T11:00:00+05:30,564.75,565.2,564.5,564.55,224015
SBIN,2023-08-16T11:05:00+05:30,564.55,564.85,563.75,564.15,77888
SBIN,2023-08-16T11:10:00+05:30,564.3,564.3,563.75,563.95,137853
SBIN,2023-08-16T11:15:00+05:30,563.95,563.95,563.1,563.3,143969
SBIN,2023-08-16T11:20:00+05:30,563.2,563.4,562.95,563.3,231378
SBIN,2023-08-16T11:25:00+05:30,563.3,564.0,563.3,563.75,111710
SBIN,2023-08-16T11:30:00+05:30,563.65,563.85,563.15,563.6,108602
SBIN,2023-08-16T11:35:00+05:30,563.55,563.55,562.35,562.4,136295
SBIN,2023-08-16T11:40:00+05:30,562.45,562.85,562.1,562.4,137943
SBIN,2023-08-16T11:45:00+05:30,562.4,563.4,562.3,563.3,69061
SBIN,2023-08-16T11:50:00+05:30,563.25,563.6,563.0,563.2,51920
SBIN,2023-08-16T11:55:00+05:30,563.15,564.7,563.05,564.7,147691
SBIN,2023-08-16T12:00:00+05:30,564.65,565.0,564.1,564.3,110999
SBIN,2023-08-16T12:05:00+05:30,564.25,564.6,564.25,564.6,42520
SBIN,2023-08-16T12:10:00+05:30,564.55,564.9,564.4,564.9,65085
SBIN,2023-08-16T12:15:00+05:30,564.85,564.9,564.55,564.65,45652
SBIN,2023-08-16T12:20:00+05:30,564.65,565.45,564.55,565.4,171618
SBIN,2023-08-16T12:25:00+05:30,565.4,565.95,565.0,565.45,218691
SBIN,2023-08-16T12:30:00+05:30,565.15,565.5,565.15,565.45,65891
SBIN,2023-08-16T12:35:00+05:30,565.4,565.75,565.0,565.2,113001
SBIN,2023-08-16T12:40:00+05:30,565.15,565.7,565.0,565.65,87838
SBIN,2023-08-16T12:45:00+05:30,565.7,565.7,565.0,565.15,81120
SBIN,2023-08-16T12:50:00+05:30,565.1,565.6,564.95,565.0,199275
SBIN,2023-08-16T12:55:00+05:30,565.0,565.3,564.85,565.0,146179
SBIN,2023-08-16T13:00:00+05:30,565.0,565.25,564.7,565.15,139766
SBIN,2023-08-16T13:05:00+05:30,565.15,565.45,564.9,565.3,249926
SBIN,2023-08-16T13:10:00+05:30,565.3,565.45,564.8,565.0,114945
SBIN,2023-08-16T13:15:00+05:30,565.0,565.7,564.75,565.35,302881
SBIN,2023-08-16T13:20:00+05:30,565.4,565.95,565.25,565.5,134343
SBIN,2023-08-16T13:25:00+05:30,565.5,565.6,565.0,565.25,63102
SBIN,2023-08-16T13:30:00+05:30,565.2,565.5,565.0,565.35,57734
SBIN,2023-08-16T13:35:00+05:30,565.3,565.5,565.1,565.15,66794
SBIN,2023-08-16T13:40:00+05:30,565.1,565.15,564.05,564.5,156220
SBIN,2023-08-16T13:45:00+05:30,564.5,565.65,564.45,565.5,248552
SBIN,2023-08-16T13:50:00+05:30,565.55,565.6,564.45,564.75,191180
SBIN,2023-08-16T13:55:00+05:30,564.65,565.25,564.5,565.15,83085
SBIN,2023-08-16T14:00:00+05:30,565.05,565.3,564.4,564.55,74060
SBIN,2023-08-16T14:05:00+05:30,564.45,564.95,564.1,564.2,103392
SBIN,2023-08-16T14:10:00+05:30,564.2,564.3,563.7,564.0,298953
SBIN,2023-08-16T14:15:00+05:30,564.1,565.5,564.05,565.3,256467
SBIN,2023-08-16T14:20:00+05:30,565.35,565.4,564.65,564.85,97071
SBIN,2023-08-16T14:25:00+05:30,564.8,565.7,564.75,565.1,172778
SBIN,2023-08-16T14:30:00+05:30,565.1,565.3,564.9,564.9,161391
SBIN,2023-08-16T14:35:00+05:30,565.0,565.5,564.75,565.5,122203
SBIN,2023-08-16T14:40:00+05:30,565.4,565.5,565.0,565.3,103383
SBIN,2023-08-16T14:45:00+05:30,565.2,565.35,564.25,564.4,259860
SBIN,2023-08-16T14:50:00+05:30,564.45,564.9,564.2,564.6,191730
SBIN,2023-08-16T14:55:00+05:30,564.65,564.95,564.3,564.75,140020
SBIN,2023-08-16T15:00:00+05:30,564.75,566.0,564.75,566.0,288565
SBIN,2023-08-16T15:05:00+05:30,565.95,566.3,565.0,565.0,308499
SBIN,2023-08-16T15:10:00+05:30,565.05,565.55,565.0,565.0,222641
SBIN,2023-08-16T15:15:00+05:30,565.1,565.5,564.65,565.45,356688
SBIN,2023-08-16T15:20:00+05:30,565.45,565.8,565.0,565.25,397453
SBIN,2023-08-16T15:25:00+05:30,565.3,565.5,564.7,565.3,297597
SBIN,2023-08-17T09:15:00+05:30,565.75,567.9,564.85,567.0,584852
SBIN,2023-08-17T09:20:00+05:30,567.05,567.6,566.25,567.4,446081
SBIN,2023-08-17T09:25:00+05:30,567.5,567.6,566.45,566.8,328550
SBIN,2023-08-17T09:30:00+05:30,566.8,567.4,566.3,567.0,252688
SBIN,2023-08-17T09:35:00+05:30,566.9,567.25,566.75,566.9,282002
SBIN,2023-08-17T09:40:00+05:30,567.0,567.15,566.45,566.95,172110
SBIN,2023-08-17T09:45:00+05:30,567.0,567.8,566.55,567.6,277701
SBIN,2023-08-17T09:50:00+05:30,567.55,568.5,567.25,567.75,347269
SBIN,2023-08-17T09:55:00+05:30,567.85,568.35,567.25,567.25,387575
SBIN,2023-08-17T10:00:00+05:30,567.25,568.0,566.7,568.0,298504
SBIN,2023-08-17T10:05:00+05:30,568.0,568.35,567.4,568.25,520115
SBIN,2023-08-17T10:10:00+05:30,568.3,568.55,567.7,567.85,361576
SBIN,2023-08-17T10:15:00+05:30,567.8,567.95,567.3,567.9,200255
SBIN,2023-08-17T10:20:00+05:30,567.75,568.35,567.55,567.6,186579
SBIN,2023-08-17T10:25:00+05:30,567.6,567.75,567.3,567.7,284056
SBIN,2023-08-17T10:30:00+05:30,567.7,568.15,567.3,567.85,239708
SBIN,2023-08-17T10:35:00+05:30,568.0,569.2,567.95,568.7,650551
SBIN,2023-08-17T10:40:00+05:30,568.85,568.95,568.1,568.25,232137
SBIN,2023-08-17T10:45:00+05:30,568.25,568.25,567.2,567.35,414203
SBIN,2023-08-17T10:50:00+05:30,567.3,568.05,567.2,567.75,235719
SBIN,2023-08-17T10:55:00+05:30,567.9,568.1,567.55,567.7,87712
SBIN,2023-08-17T11:00:00+05:30,567.8,567.95,567.5,567.85,96321
SBIN,2023-08-17T11:05:00+05:30,567.85,568.45,567.65,568.1,609456
SBIN,2023-08-17T11:10:00+05:30,568.1,568.15,567.5,567.7,271864
SBIN,2023-08-17T11:15:00+05:30,567.7,567.95,566.4,566.6,513734
SBIN,2023-08-17T11:20:00+05:30,566.7,567.6,566.5,567.6,234719
SBIN,2023-08-17T11:25:00+05:30,567.65,567.7,566.35,566.35,197697
SBIN,2023-08-17T11:30:00+05:30,566.4,567.2,566.15,566.5,217237
SBIN,2023-08-17T11:35:00+05:30,566.5,567.2,566.25,567.05,214791
SBIN,2023-08-17T11:40:00+05:30,567.05,567.3,566.9,567.2,345655
SBIN,2023-08-17T11:45:00+05:30,567.15,567.2,566.4,566.65,285011
SBIN,2023-08-17T11:50:00+05:30,566.75,566.8,566.55,566.55,84915
SBIN,2023-08-17T11:55:00+05:30,566.6,567.1,566.5,566.8,186922
SBIN,2023-08-17T12:00:00+05:30,566.5,567.3,566.5,567.1,201553
SBIN,2023-08-17T12:05:00+05:30,567.1,567.3,566.6,567.15,171800
SBIN,2023-08-17T12:10:00+05:30,567.2,567.2,566.4,566.85,346895
SBIN,2023-08-17T12:15:00+05:30,566.65,567.15,566.45,566.9,189353
SBIN,2023-08-17T12:20:00+05:30,566.85,566.9,566.05,566.75,346765
SBIN,2023-08-17T12:25:00+05:30,566.65,567.0,566.3,567.0,129328
SBIN,2023-08-17T12:30:00+05:30,567.0,567.2,566.6,566.8,130571
SBIN,2023-08-17T12:35:00+05:30,566.75,567.0,566.1,566.5,236349
SBIN,2023-08-17T12:40:00+05:30,566.45,566.55,565.45,566.15,415592
SBIN,2023-08-17T12:45:00+05:30,566.15,566.9,565.5,566.4,229195
SBIN,2023-08-17T12:50:00+05:30,566.4,566.7,565.3,565.3,305192
SBIN,2023-08-17T12:55:00+05:30,565.25,565.75,565.0,565.45,386273
SBIN,2023-08-17T13:00:00+05:30,565.55,566.6,565.45,566.0,273662
SBIN,2023-08-17T13:05:00+05:30,566.0,566.65,565.9,566.6,124528
SBIN,2023-08-17T13:10:00+05:30,566.6,566.6,565.85,566.4,132790
SBIN,2023-08-17T13:15:00+05:30,566.35,566.8,566.0,566.7,267327
SBIN,2023-08-17T13:20:00+05:30,566.75,566.75,565.75,565.85,220882
SBIN,2023-08-17T13:25:00+05:30,566.0,566.55,565.85,566.45,271190
SBIN,2023-08-17T13:30:00+05:30,566.4,566.95,566.0,566.7,271471
SBIN,2023-08-17T13:35:00+05:30,566.65,567.15,566.65,567.05,295662
SBIN,2023-08-17T13:40:00+05:30,567.05,567.65,566.6,567.5,216350
SBIN,2023-08-17T13:45:00+05:30,567.5,567.65,566.9,567.3,190871
SBIN,2023-08-17T13:50:00+05:30,567.3,567.65,567.0,567.6,200252
SBIN,2023-08-17T13:55:00+05:30,567.6,567.95,567.5,567.8,346663
SBIN,2023-08-17T14:00:00+05:30,567.8,568.4,567.5,568.4,411592
SBIN,2023-08-17T14:05:00+05:30,568.4,568.4,568.1,568.35,244257
SBIN,2023-08-17T14:10:00+05:30,568.35,568.95,568.1,568.75,417252
SBIN,2023-08-17T14:15:00+05:30,568.8,568.95,568.35,568.75,218410
SBIN,2023-08-17T14:20:00+05:30,568.8,568.85,568.15,568.25,215888
SBIN,2023-08-17T14:25:00+05:30,568.2,568.7,568.15,568.65,242286
SBIN,2023-08-17T14:30:00+05:30,568.7,571.05,568.5,570.7,1403528
SBIN,2023-08-17T14:35:00+05:30,570.8,571.4,570.65,571.25,974230
SBIN,2023-08-17T14:40:00+05:30,571.1,571.8,570.45,570.75,744467
SBIN,2023-08-17T14:45:00+05:30,570.85,571.5,570.4,571.1,364914
SBIN,2023-08-17T14:50:00+05:30,571.1,571.35,570.6,570.7,565581
SBIN,2023-08-17T14:55:00+05:30,570.75,572.0,570.55,571.6,912866
SBIN,2023-08-17T15:00:00+05:30,571.65,571.75,570.85,571.45,928481
SBIN,2023-08-17T15:05:00+05:30,571.4,572.0,571.15,571.85,894438
SBIN,2023-08-17T15:10:00+05:30,571.85,573.0,571.75,572.7,1098303
SBIN,2023-08-17T15:15:00+05:30,572.65,573.15,572.1,572.7,1030801
SBIN,2023-08-17T15:20:00+05:30,572.7,572.85,572.1,572.55,645964
SBIN,2023-08-17T15:25:00+05:30,572.6,572.7,571.0,571.25,582671
SBIN,2023-08-18T09:15:00+05:30,570.0,570.3,567.8,569.15,497055
ICICIBANK,2023-08-01T09:15:00+05:30,1001.65,1003.35,1001.1,1001.7,462482
ICICIBANK,2023-08-01T09:20:00+05:30,1001.65,1002.25,1000.6,1000.7,62802
ICICIBANK,2023-08-01T09:25:00+05:30,1000.65,1000.65,999.2,999.95,76740
ICICIBANK,2023-08-01T09:30:00+05:30,999.95,1000.85,999.05,999.75,103934
ICICIBANK,2023-08-01T09:35:00+05:30,999.75,999.85,998.5,999.35,103024
ICICIBANK,2023-08-01T09:40:00+05:30,999.1,999.35,998.4,999.3,94673
ICICIBANK,2023-08-01T09:45:00+05:30,999.05,1000.95,998.45,1000.0,208534
ICICIBANK,2023-08-01T09:50:00+05:30,999.95,1000.8,999.0,999.0,130836
ICICIBANK,2023-08-01T09:55:00+05:30,999.0,999.45,998.1,998.8,146971
ICICIBANK,2023-08-01T10:00:00+05:30,998.5,999.5,997.6,998.5,141885
ICICIBANK,2023-08-01T10:05:00+05:30,998.5,1000.25,998.3,1000.25,127135
ICICIBANK,2023-08-01T10:10:00+05:30,1000.0,1000.6,999.75,1000.0,130960
ICICIBANK,2023-08-01T10:15:00+05:30,1000.05,1000.7,999.6,1000.15,79843
ICICIBANK,2023-08-01T10:20:00+05:30,999.9,1000.2,999.6,999.85,66310
ICICIBANK,2023-08-01T10:25:00+05:30,999.75,1000.05,999.0,1000.05,42687
ICICIBANK,2023-08-01T10:30:00+05:30,1000.0,1000.35,999.3,1000.05,205973
ICICIBANK,2023-08-01T10:35:00+05:30,1000.05,1000.3,999.0,999.15,37627
ICICIBANK,2023-08-01T10:40:00+05:30,999.15,999.4,998.5,998.6,55511
ICICIBANK,2023-08-01T10:45:00+05:30,998.6,998.9,998.0,998.05,65510
ICICIBANK,2023-08-01T10:50:00+05:30,998.05,998.7,997.4,997.95,146612
ICICIBANK,2023-08-01T10:55:00+05:30,998.0,999.05,997.7,998.85,188120
ICICIBANK,2023-08-01T11:00:00+05:30,998.45,999.25,998.0,998.5,100796
ICICIBANK,2023-08-01T11:05:00+05:30,998.5,998.55,996.15,997.0,232506
ICICIBANK,2023-08-01T11:10:00+05:30,997.0,997.6,996.8,997.3,87915
ICICIBANK,2023-08-01T11:15:00+05:30,997.25,997.5,996.45,997.05,78819
ICICIBANK,2023-08-01T11:20:00+05:30,997.05,997.1,995.75,995.75,64645
ICICIBANK,2023-08-01T11:25:00+05:30,995.9,997.0,995.75,996.0,91115
ICICIBANK,2023-08-01T11:30:00+05:30,996.0,996.5,995.15,995.95,91972
ICICIBANK,2023-08-01T11:35:00+05:30,995.5,996.8,995.5,995.95,65472
ICICIBANK,2023-08-01T11:40:00+05:30,995.95,998.05,995.7,997.9,130663
ICICIBANK,2023-08-01T11:45:00+05:30,998.0,998.25,996.25,996.45,217428
ICICIBANK,2023-08-01T11:50:00+05:30,996.45,996.8,995.8,996.2,18397
ICICIBANK,2023-08-01T11:55:00+05:30,996.2,996.5,995.55,996.35,18134
ICICIBANK,2023-08-01T12:00:00+05:30,996.35,996.45,995.3,996.0,78434
ICICIBANK,2023-08-01T12:05:00+05:30,996.05,996.3,994.6,995.1,99731
ICICIBANK,2023-08-01T12:10:00+05:30,995.1,995.8,994.65,995.1,231292
ICICIBANK,2023-08-01T12:15:00+05:30,995.45,996.85,994.6,996.75,123382
ICICIBANK,2023-08-01T12:20:00+05:30,996.75,996.95,996.0,996.1,177049
ICICIBANK,2023-08-01T12:25:00+05:30,996.4,996.45,992.55,992.55,393288
ICICIBANK,2023-08-01T12:30:00+05:30,992.6,995.3,992.55,994.3,387625
ICICIBANK,2023-08-01T12:35:00+05:30,994.3,994.4,993.05,993.6,123756
ICICIBANK,2023-08-01T12:40:00+05:30,993.9,994.4,993.55,993.9,35577
ICICIBANK,2023-08-01T12:45:00+05:30,993.95,994.45,993.05,993.05,65667
ICICIBANK,2023-08-01T12:50:00+05:30,993.05,994.4,992.7,994.3,304872
ICICIBANK,2023-08-01T12:55:00+05:30,994.05,994.9,992.55,992.95,315325
ICICIBANK,2023-08-01T13:00:00+05:30,992.95,993.1,991.2,991.7,569480
ICICIBANK,2023-08-01T13:05:00+05:30,991.8,992.4,990.5,992.25,509077
ICICIBANK,2023-08-01T13:10:00+05:30,992.2,993.3,991.75,993.25,95461
ICICIBANK,2023-08-01T13:15:00+05:30,993.5,993.5,992.35,992.85,126530
ICICIBANK,2023-08-01T13:20:00+05:30,992.7,994.0,992.3,993.1,242387
ICICIBANK,2023-08-01T13:25:00+05:30,993.4,993.6,992.3,993.6,141591
ICICIBANK,2023-08-01T13:30:00+05:30,993.45,995.0,993.2,994.95,166000
ICICIBANK,2023-08-01T13:35:00+05:30,994.95,995.65,993.8,995.3,170895
ICICIBANK,2023-08-01T13:40:00+05:30,995.3,995.4,992.5,993.2,243407
ICICIBANK,2023-08-01T13:45:00+05:30,992.9,994.2,992.05,994.15,249296
ICICIBANK,2023-08-01T13:50:00+05:30,994.15,994.95,992.55,993.0,360817
ICICIBANK,2023-08-01T13:55:00+05:30,993.5,993.5,991.6,991.6,248012
ICICIBANK,2023-08-01T14:00:00+05:30,991.8,992.65,991.2,991.55,195711
ICICIBANK,2023-08-01T14:05:00+05:30,991.55,992.7,991.2,992.5,235450
ICICIBANK,2023-08-01T14:10:00+05:30,992.5,993.25,991.2,991.65,357096
ICICIBANK,2023-08-01T14:15:00+05:30,991.4,992.3,990.9,991.75,215901
ICICIBANK,2023-08-01T14:20:00+05:30,991.5,994.45,991.4,993.55,397523
ICICIBANK,2023-08-01T14:25:00+05:30,993.9,995.0,993.05,994.4,221512
ICICIBANK,2023-08-01T14:30:00+05:30,994.4,995.25,994.1,994.35,150653
ICICIBANK,2023-08-01T14:35:00+05:30,994.35,995.45,994.05,995.2,129039
ICICIBANK,2023-08-01T14:40:00+05:30,995.2,996.15,994.95,995.1,302576
ICICIBANK,2023-08-01T14:45:00+05:30,995.15,995.45,992.7,993.15,530842
ICICIBANK,2023-08-01T14:50:00+05:30,993.15,993.4,991.4,992.45,497937
ICICIBANK,2023-08-01T14:55:00+05:30,992.55,995.1,992.25,994.95,623697
ICICIBANK,2023-08-01T15:00:00+05:30,994.95,995.3,992.65,995.25,553931
ICICIBANK,2023-08-01T15:05:00+05:30,995.4,995.8,992.55,993.5,665355
ICICIBANK,2023-08-01T15:10:00+05:30,993.55,994.8,993.2,994.4,263895
ICICIBANK,2023-08-01T15:15:00+05:30,994.3,995.05,993.45,995.0,309208
ICICIBANK,2023-08-01T15:20:00+05:30,995.05,996.95,995.0,996.25,258844
ICICIBANK,2023-08-01T15:25:00+05:30,996.0,996.3,995.0,995.65,206639
ICICIBANK,2023-08-02T09:15:00+05:30,985.25,994.0,985.25,992.6,643641
ICICIBANK,2023-08-02T09:20:00+05:30,992.6,993.55,991.6,993.2,347818
ICICIBANK,2023-08-02T09:25:00+05:30,993.05,993.2,990.1,990.85,138551
ICICIBANK,2023-08-02T09:30:00+05:30,990.85,991.4,990.2,990.7,80986
ICICIBANK,2023-08-02T09:35:00+05:30,990.8,991.15,990.1,990.75,109323
ICICIBANK,2023-08-02T09:40:00+05:30,990.7,991.35,990.4,990.5,81412
ICICIBANK,2023-08-02T09:45:00+05:30,990.5,991.25,990.4,990.5,53510
ICICIBANK,2023-08-02T09:50:00+05:30,990.5,991.15,990.35,991.0,46734
ICICIBANK,2023-08-02T09:55:00+05:30,991.0,991.2,990.55,990.95,42625
ICICIBANK,2023-08-02T10:00:00+05:30,991.0,991.4,990.45,991.0,88638
ICICIBANK,2023-08-02T10:05:00+05:30,991.0,991.4,990.95,991.2,27171
ICICIBANK,2023-08-02T10:10:00+05:30,991.3,991.3,989.55,989.8,83574
ICICIBANK,2023-08-02T10:15:00+05:30,989.8,990.0,989.25,989.5,48838
ICICIBANK,2023-08-02T10:20:00+05:30,989.5,990.0,989.4,989.85,66052
ICICIBANK,2023-08-02T10:25:00+05:30,989.8,989.9,989.0,989.75,35433
ICICIBANK,2023-08-02T10:30:00+05:30,989.75,989.9,988.0,988.2,68908
ICICIBANK,2023-08-02T10:35:00+05:30,988.2,989.15,987.65,988.15,158704
ICICIBANK,2023-08-02T10:40:00+05:30,988.15,989.2,987.75,988.6,254513
ICICIBANK,2023-08-02T10:45:00+05:30,988.65,988.7,986.6,986.95,302786
ICICIBANK,2023-08-02T10:50:00+05:30,986.95,987.25,986.6,987.0,76642
ICICIBANK,2023-08-02T10:55:00+05:30,986.9,987.0,986.0,986.1,140937
ICICIBANK,2023-08-02T11:00:00+05:30,986.2,986.2,983.4,983.6,89185
ICICIBANK,2023-08-02T11:05:00+05:30,983.65,984.2,981.75,982.05,387059
ICICIBANK,2023-08-02T11:10:00+05:30,981.85,986.2,981.65,985.75,314843
ICICIBANK,2023-08-02T11:15:00+05:30,985.7,986.0,982.55,982.95,399145
ICICIBANK,2023-08-02T11:20:00+05:30,983.0,984.0,982.5,983.45,102258
ICICIBANK,2023-08-02T11:25:00+05:30,983.35,984.0,983.1,983.25,151736
ICICIBANK,2023-08-02T11:30:00+05:30,983.4,983.7,982.5,983.3,75090
ICICIBANK,2023-08-02T11:35:00+05:30,983.4,984.2,983.05,983.5,309822
ICICIBANK,2023-08-02T11:40:00+05:30,983.45,985.3,983.45,984.5,176225
ICICIBANK,2023-08-02T11:45:00+05:30,984.5,984.7,983.3,984.5,211778
ICICIBANK,2023-08-02T11:50:00+05:30,984.15,984.65,983.35,983.35,81209
ICICIBANK,2023-08-02T11:55:00+05:30,983.25,983.4,981.8,982.05,382945
ICICIBANK,2023-08-02T12:00:00+05:30,981.95,983.45,981.55,982.75,316637
ICICIBANK,2023-08-02T12:05:00+05:30,982.75,985.1,982.7,984.6,357040
ICICIBANK,2023-08-02T12:10:00+05:30,984.6,985.5,984.25,984.7,223051
ICICIBANK,2023-08-02T12:15:00+05:30,984.7,984.95,984.5,984.55,91868
ICICIBANK,2023-08-02T12:20:00+05:30,984.55,985.3,984.5,985.25,54976
ICICIBANK,2023-08-02T12:25:00+05:30,985.3,985.3,984.35,984.6,43571
ICICIBANK,2023-08-02T12:30:00+05:30,984.6,986.35,984.55,986.2,140932
ICICIBANK,2023-08-02T12:35:00+05:30,986.2,988.25,986.1,988.0,101719
ICICIBANK,2023-08-02T12:40:00+05:30,987.85,989.25,986.95,988.5,360846
ICICIBANK,2023-08-02T12:45:00+05:30,988.5,989.1,988.1,989.05,175947
ICICIBANK,2023-08-02T12:50:00+05:30,988.65,989.2,986.0,986.15,151288
ICICIBANK,2023-08-02T12:55:00+05:30,986.15,986.15,983.55,984.65,376041
ICICIBANK,2023-08-02T13:00:00+05:30,984.65,986.15,984.5,986.1,179987
ICICIBANK,2023-08-02T13:05:00+05:30,986.05,986.7,986.05,986.5,143140
ICICIBANK,2023-08-02T13:10:00+05:30,986.55,986.9,984.5,984.65,164422
ICICIBANK,2023-08-02T13:15:00+05:30,984.55,985.4,984.5,985.0,89044
ICICIBANK,2023-08-02T13:20:00+05:30,984.95,985.0,984.0,984.2,140849
ICICIBANK,2023-08-02T13:25:00+05:30,984.0,984.45,983.15,983.8,128749
ICICIBANK,2023-08-02T13:30:00+05:30,983.8,984.7,983.55,984.4,74780
ICICIBANK,2023-08-02T13:35:00+05:30,984.45,985.0,983.0,983.0,203788
ICICIBANK,2023-08-02T13:40:00+05:30,983.0,983.35,978.8,979.0,329548
ICICIBANK,2023-08-02T13:45:00+05:30,978.85,980.0,978.85,980.0,170756
ICICIBANK,2023-08-02T13:50:00+05:30,979.95,981.25,979.95,980.75,126459
ICICIBANK,2023-08-02T13:55:00+05:30,980.75,981.15,978.5,978.75,499690
ICICIBANK,2023-08-02T14:00:00+05:30,979.0,980.7,977.5,979.65,316149
ICICIBANK,2023-08-02T14:05:00+05:30,979.65,980.25,979.35,980.0,133345
ICICIBANK,2023-08-02T14:10:00+05:30,979.95,980.05,979.0,979.3,106820
ICICIBANK,2023-08-02T14:15:00+05:30,979.45,980.0,979.05,979.7,132697
ICICIBANK,2023-08-02T14:20:00+05:30,979.75,980.4,979.45,979.95,265420
ICICIBANK,2023-08-02T14:25:00+05:30,979.95,980.35,978.55,980.0,360161
ICICIBANK,2023-08-02T14:30:00+05:30,980.0,981.6,979.95,981.0,153776
ICICIBANK,2023-08-02T14:35:00+05:30,981.1,981.9,980.4,981.2,134985
ICICIBANK,2023-08-02T14:40:00+05:30,981.25,981.5,980.2,980.95,215641
ICICIBANK,2023-08-02T14:45:00+05:30,980.75,983.0,980.4,983.0,229530
ICICIBANK,2023-08-02T14:50:00+05:30,982.95,984.65,982.9,984.25,136254
ICICIBANK,2023-08-02T14:55:00+05:30,984.2,985.9,983.55,985.35,306418
ICICIBANK,2023-08-02T15:00:00+05:30,985.45,986.0,983.1,983.2,477914
ICICIBANK,2023-08-02T15:05:00+05:30,983.15,983.45,981.6,983.3,497804
ICICIBANK,2023-08-02T15:10:00+05:30,983.25,988.8,983.25,988.75,503997
ICICIBANK,2023-08-02T15:15:00+05:30,988.7,990.8,987.6,990.6,498580
ICICIBANK,2023-08-02T15:20:00+05:30,990.7,990.85,989.2,989.45,510081
ICICIBANK,2023-08-02T15:25:00+05:30,989.8,990.7,986.0,986.05,273222
ICICIBANK,2023-08-03T09:15:00+05:30,976.55,982.55,976.55,979.65,356994
ICICIBANK,2023-08-03T09:20:00+05:30,979.95,983.0,979.45,981.95,527947
ICICIBANK,2023-08-03T09:25:00+05:30,982.2,982.2,979.9,981.25,256033
ICICIBANK,2023-08-03T09:30:00+05:30,981.25,982.2,980.0,980.4,149743
ICICIBANK,2023-08-03T09:35:00+05:30,980.45,981.35,979.55,980.05,95306
ICICIBANK,2023-08-03T09:40:00+05:30,980.05,982.3,980.05,982.1,130916
ICICIBANK,2023-08-03T09:45:00+05:30,982.2,982.2,980.5,981.05,188687
ICICIBANK,2023-08-03T09:50:00+05:30,981.1,981.75,980.35,980.4,210849
ICICIBANK,2023-08-03T09:55:00+05:30,980.45,981.55,979.9,981.0,322615
ICICIBANK,2023-08-03T10:00:00+05:30,981.0,981.75,979.85,980.75,229746
ICICIBANK,2023-08-03T10:05:00+05:30,980.8,981.0,978.3,978.8,211441
ICICIBANK,2023-08-03T10:10:00+05:30,979.05,979.65,977.65,978.25,524997
ICICIBANK,2023-08-03T10:15:00+05:30,978.3,979.75,977.65,978.85,135496
ICICIBANK,2023-08-03T10:20:00+05:30,978.95,979.25,977.65,978.7,108291
ICICIBANK,2023-08-03T10:25:00+05:30,978.85,979.9,978.4,979.5,147709
ICICIBANK,2023-08-03T10:30:00+05:30,979.65,980.35,978.4,978.9,144469
ICICIBANK,2023-08-03T10:35:00+05:30,978.55,979.6,978.5,979.3,133557
ICICIBANK,2023-08-03T10:40:00+05:30,979.35,979.75,978.7,978.85,120637
ICICIBANK,2023-08-03T10:45:00+05:30,979.35,979.55,977.75,977.85,130098
ICICIBANK,2023-08-03T10:50:00+05:30,978.0,979.0,977.8,978.7,47123
ICICIBANK,2023-08-03T10:55:00+05:30,978.85,980.4,978.35,978.5,224120
ICICIBANK,2023-08-03T11:00:00+05:30,978.55,979.65,977.8,978.0,170600
ICICIBANK,2023-08-03T11:05:00+05:30,978.0,978.5,977.65,978.05,59608
ICICIBANK,2023-08-03T11:10:00+05:30,978.05,978.85,977.2,978.1,161881
ICICIBANK,2023-08-03T11:15:00+05:30,978.2,978.5,976.25,977.25,282199
ICICIBANK,2023-08-03T11:20:00+05:30,977.3,977.65,976.5,976.7,224666
ICICIBANK,2023-08-03T11:25:00+05:30,976.65,976.9,976.1,976.5,119069
ICICIBANK,2023-08-03T11:30:00+05:30,976.25,977.3,976.1,976.65,238963
ICICIBANK,2023-08-03T11:35:00+05:30,976.7,977.45,976.4,976.85,113356
ICICIBANK,2023-08-03T11:40:00+05:30,976.85,977.4,976.75,977.0,350494
ICICIBANK,2023-08-03T11:45:00+05:30,976.95,977.2,975.6,975.6,274923
ICICIBANK,2023-08-03T11:50:00+05:30,975.55,975.95,974.3,974.8,197348
ICICIBANK,2023-08-03T11:55:00+05:30,974.75,975.7,974.2,975.2,211973
ICICIBANK,2023-08-03T12:00:00+05:30,975.25,975.65,974.2,974.3,229913
ICICIBANK,2023-08-03T12:05:00+05:30,974.3,975.35,973.2,975.05,401223
ICICIBANK,2023-08-03T12:10:00+05:30,974.95,975.35,973.0,973.2,182417
ICICIBANK,2023-08-03T12:15:00+05:30,973.15,973.45,972.3,973.3,247033
ICICIBANK,2023-08-03T12:20:00+05:30,973.2,973.75,970.55,970.8,360635
ICICIBANK,2023-08-03T12:25:00+05:30,970.75,971.45,969.7,970.3,372472
ICICIBANK,2023-08-03T12:30:00+05:30,970.35,971.65,969.25,971.3,397657
ICICIBANK,2023-08-03T12:35:00+05:30,971.05,971.4,970.1,970.6,229084
ICICIBANK,2023-08-03T12:40:00+05:30,970.9,971.4,970.0,970.7,254031
ICICIBANK,2023-08-03T12:45:00+05:30,970.7,970.7,968.2,969.6,515813
ICICIBANK,2023-08-03T12:50:00+05:30,969.55,970.25,969.0,969.65,362076
ICICIBANK,2023-08-03T12:55:00+05:30,969.5,970.0,967.55,969.1,277835
ICICIBANK,2023-08-03T13:00:00+05:30,969.1,969.3,967.25,968.45,370268
ICICIBANK,2023-08-03T13:05:00+05:30,968.45,969.8,968.35,969.3,292354
ICICIBANK,2023-08-03T13:10:00+05:30,969.3,969.6,967.55,968.95,345447
ICICIBANK,2023-08-03T13:15:00+05:30,968.95,969.8,967.85,968.9,420883
ICICIBANK,2023-08-03T13:20:00+05:30,968.9,969.4,967.7,968.3,334181
ICICIBANK,2023-08-03T13:25:00+05:30,968.35,968.9,966.6,967.25,428439
ICICIBANK,2023-08-03T13:30:00+05:30,967.25,968.2,966.65,967.7,434149
ICICIBANK,2023-08-03T13:35:00+05:30,967.55,969.0,967.55,968.0,429738
ICICIBANK,2023-08-03T13:40:00+05:30,968.0,968.1,966.4,966.45,519068
ICICIBANK,2023-08-03T13:45:00+05:30,966.5,966.7,964.4,965.6,300218
ICICIBANK,2023-08-03T13:50:00+05:30,965.2,966.5,964.4,964.6,637314
ICICIBANK,2023-08-03T13:55:00+05:30,964.55,964.75,962.1,963.15,1284877
ICICIBANK,2023-08-03T14:00:00+05:30,963.0,965.35,962.7,964.4,1138519
ICICIBANK,2023-08-03T14:05:00+05:30,964.4,964.4,961.65,962.4,702850
ICICIBANK,2023-08-03T14:10:00+05:30,962.15,962.9,960.1,960.85,703323
ICICIBANK,2023-08-03T14:15:00+05:30,960.8,962.95,960.7,962.8,341190
ICICIBANK,2023-08-03T14:20:00+05:30,962.75,964.25,961.7,963.55,659188
ICICIBANK,2023-08-03T14:25:00+05:30,963.55,964.1,960.95,963.95,716930
ICICIBANK,2023-08-03T14:30:00+05:30,963.85,965.0,963.2,963.65,635092
ICICIBANK,2023-08-03T14:35:00+05:30,963.55,965.0,962.55,964.9,680442
ICICIBANK,2023-08-03T14:40:00+05:30,964.8,966.0,963.5,963.5,1033975
ICICIBANK,2023-08-03T14:45:00+05:30,963.5,964.6,962.55,963.1,545520
ICICIBANK,2023-08-03T14:50:00+05:30,963.45,964.05,962.05,962.7,1220106
ICICIBANK,2023-08-03T14:55:00+05:30,962.7,964.85,962.5,964.7,668061
ICICIBANK,2023-08-03T15:00:00+05:30,964.65,967.55,963.65,964.2,1197356
ICICIBANK,2023-08-03T15:05:00+05:30,964.2,964.4,961.0,962.6,1609314
ICICIBANK,2023-08-03T15:10:00+05:30,962.55,965.55,962.55,965.55,984831
ICICIBANK,2023-08-03T15:15:00+05:30,965.5,968.7,965.5,968.4,917702
ICICIBANK,2023-08-03T15:20:00+05:30,968.4,968.5,966.55,967.5,370781
ICICIBANK,2023-08-03T15:25:00+05:30,967.6,967.8,965.0,966.5,377730
ICICIBANK,2023-08-04T09:15:00+05:30,968.65,968.65,966.1,967.25,422663
ICICIBANK,2023-08-04T09:20:00+05:30,967.7,967.7,964.4,965.7,225272
ICICIBANK,2023-08-04T09:25:00+05:30,965.95,966.6,964.5,966.45,302052
ICICIBANK,2023-08-04T09:30:00+05:30,966.25,966.75,963.35,966.2,756753
ICICIBANK,2023-08-04T09:35:00+05:30,966.2,966.25,964.1,964.9,143944
ICICIBANK,2023-08-04T09:40:00+05:30,964.95,964.95,962.95,963.1,131569
ICICIBANK,2023-08-04T09:45:00+05:30,963.3,963.3,961.35,963.05,155501
ICICIBANK,2023-08-04T09:50:00+05:30,963.05,965.5,962.85,965.0,288400
ICICIBANK,2023-08-04T09:55:00+05:30,965.0,965.45,963.75,964.95,117462
ICICIBANK,2023-08-04T10:00:00+05:30,965.0,966.05,964.6,966.05,170417
ICICIBANK,2023-08-04T10:05:00+05:30,965.65,967.9,965.4,967.85,370560
ICICIBANK,2023-08-04T10:10:00+05:30,967.9,969.3,967.1,968.7,226597
ICICIBANK,2023-08-04T10:15:00+05:30,968.7,968.8,967.5,968.5,77143
ICICIBANK,2023-08-04T10:20:00+05:30,968.35,970.95,968.35,970.55,267215
ICICIBANK,2023-08-04T10:25:00+05:30,970.6,972.75,970.1,970.45,234458
ICICIBANK,2023-08-04T10:30:00+05:30,970.15,970.6,968.45,968.95,205390
ICICIBANK,2023-08-04T10:35:00+05:30,968.75,970.25,967.0,970.25,310481
ICICIBANK,2023-08-04T10:40:00+05:30,970.25,971.8,968.85,970.5,394682
ICICIBANK,2023-08-04T10:45:00+05:30,970.55,970.55,968.3,969.0,148761
ICICIBANK,2023-08-04T10:50:00+05:30,969.0,969.1,967.15,967.7,299876
ICICIBANK,2023-08-04T10:55:00+05:30,967.65,968.5,967.3,968.45,172737
ICICIBANK,2023-08-04T11:00:00+05:30,968.45,970.55,968.35,970.55,257304
ICICIBANK,2023-08-04T11:05:00+05:30,970.85,972.1,970.6,971.15,157675
ICICIBANK,2023-08-04T11:10:00+05:30,971.0,971.85,969.85,970.05,472639
ICICIBANK,2023-08-04T11:15:00+05:30,970.0,973.9,970.0,973.6,372127
ICICIBANK,2023-08-04T11:20:00+05:30,973.7,974.5,972.8,974.05,227571
ICICIBANK,2023-08-04T11:25:00+05:30,974.0,975.6,973.6,975.5,450423
ICICIBANK,2023-08-04T11:30:00+05:30,975.55,976.0,974.0,974.55,168713
ICICIBANK,2023-08-04T11:35:00+05:30,974.5,975.05,974.05,974.25,349523
ICICIBANK,2023-08-04T11:40:00+05:30,974.1,974.85,972.9,973.95,323707
ICICIBANK,2023-08-04T11:45:00+05:30,973.6,976.0,973.55,975.2,288131
ICICIBANK,2023-08-04T11:50:00+05:30,975.05,975.45,973.55,973.85,214519
ICICIBANK,2023-08-04T11:55:00+05:30,973.85,974.35,973.4,973.75,139618
ICICIBANK,2023-08-04T12:00:00+05:30,974.0,974.0,972.0,972.3,117612
ICICIBANK,2023-08-04T12:05:00+05:30,972.0,972.5,971.4,971.75,242950
ICICIBANK,2023-08-04T12:10:00+05:30,971.75,973.5,971.5,973.3,136123
ICICIBANK,2023-08-04T12:15:00+05:30,973.6,974.75,973.5,974.1,345320
ICICIBANK,2023-08-04T12:20:00+05:30,974.15,974.5,973.35,974.05,159811
ICICIBANK,2023-08-04T12:25:00+05:30,973.9,974.5,972.05,973.2,103832
ICICIBANK,2023-08-04T12:30:00+05:30,973.0,973.05,970.0,970.35,66635
ICICIBANK,2023-08-04T12:35:00+05:30,970.35,970.65,969.1,969.6,229437
ICICIBANK,2023-08-04T12:40:00+05:30,969.55,973.3,969.25,972.95,313496
ICICIBANK,2023-08-04T12:45:00+05:30,972.95,973.65,970.8,972.6,260171
ICICIBANK,2023-08-04T12:50:00+05:30,972.6,972.9,972.05,972.75,255830
ICICIBANK,2023-08-04T12:55:00+05:30,972.5,973.15,968.5,968.95,382057
ICICIBANK,2023-08-04T13:00:00+05:30,968.95,969.9,968.4,969.1,322825
ICICIBANK,2023-08-04T13:05:00+05:30,969.05,969.45,968.15,968.2,81939
ICICIBANK,2023-08-04T13:10:00+05:30,968.35,968.55,967.0,967.7,305801
ICICIBANK,2023-08-04T13:15:00+05:30,967.75,967.9,967.05,967.4,164555
ICICIBANK,2023-08-04T13:20:00+05:30,967.45,968.45,966.85,966.95,112437
ICICIBANK,2023-08-04T13:25:00+05:30,967.0,968.05,966.65,967.3,111466
ICICIBANK,2023-08-04T13:30:00+05:30,967.25,967.4,965.0,965.05,160100
ICICIBANK,2023-08-04T13:35:00+05:30,965.0,967.1,963.6,966.85,226458
ICICIBANK,2023-08-04T13:40:00+05:30,966.8,968.1,966.05,967.85,121394
ICICIBANK,2023-08-04T13:45:00+05:30,967.8,968.85,967.45,968.85,178579
ICICIBANK,2023-08-04T13:50:00+05:30,968.5,970.05,967.9,968.45,252480
ICICIBANK,2023-08-04T13:55:00+05:30,968.7,969.75,968.15,968.25,93405
ICICIBANK,2023-08-04T14:00:00+05:30,968.1,968.5,966.85,967.0,157831
ICICIBANK,2023-08-04T14:05:00+05:30,967.1,968.0,966.15,968.0,398336
ICICIBANK,2023-08-04T14:10:00+05:30,968.05,968.95,967.2,967.6,394390
ICICIBANK,2023-08-04T14:15:00+05:30,967.6,968.65,965.5,967.05,579553
ICICIBANK,2023-08-04T14:20:00+05:30,967.05,967.65,965.85,966.8,254929
ICICIBANK,2023-08-04T14:25:00+05:30,966.8,967.0,965.55,966.05,104267
ICICIBANK,2023-08-04T14:30:00+05:30,966.05,966.35,964.85,965.15,386073
ICICIBANK,2023-08-04T14:35:00+05:30,965.15,969.5,965.0,969.5,730083
ICICIBANK,2023-08-04T14:40:00+05:30,969.5,971.0,969.4,970.25,538727
ICICIBANK,2023-08-04T14:45:00+05:30,970.6,972.35,970.3,971.9,485673
ICICIBANK,2023-08-04T14:50:00+05:30,971.95,973.4,970.6,972.0,449763
ICICIBANK,2023-08-04T14:55:00+05:30,971.7,972.45,970.0,970.9,427710
ICICIBANK,2023-08-04T15:00:00+05:30,971.0,971.5,968.35,969.5,429213
ICICIBANK,2023-08-04T15:05:00+05:30,969.5,970.75,969.2,969.3,530053
ICICIBANK,2023-08-04T15:10:00+05:30,969.5,971.25,968.95,970.95,370530
ICICIBANK,2023-08-04T15:15:00+05:30,970.95,972.0,970.35,970.8,316421
ICICIBANK,2023-08-04T15:20:00+05:30,970.75,971.85,970.7,971.55,211458
ICICIBANK,2023-08-04T15:25:00+05:30,971.55,971.6,970.35,970.85,182105
ICICIBANK,2023-08-07T09:15:00+05:30,970.95,975.4,969.5,975.1,322297
ICICIBANK,2023-08-07T09:20:00+05:30,975.1,976.0,974.15,974.3,170549
ICICIBANK,2023-08-07T09:25:00+05:30,974.3,976.0,973.3,975.9,111887
ICICIBANK,2023-08-07T09:30:00+05:30,975.5,975.85,974.25,975.4,130482
ICICIBANK,2023-08-07T09:35:00+05:30,975.4,976.9,973.6,976.65,111818
ICICIBANK,2023-08-07T09:40:00+05:30,976.25,977.75,975.95,977.25,112876
ICICIBANK,2023-08-07T09:45:00+05:30,977.5,977.9,975.75,977.9,138718
ICICIBANK,2023-08-07T09:50:00+05:30,978.0,978.0,974.8,975.5,1055343
ICICIBANK,2023-08-07T09:55:00+05:30,975.5,976.0,975.0,976.0,51919
ICICIBANK,2023-08-07T10:00:00+05:30,976.4,977.5,975.1,977.5,54778
ICICIBANK,2023-08-07T10:05:00+05:30,977.2,977.65,976.65,977.5,52519
ICICIBANK,2023-08-07T10:10:00+05:30,977.5,978.0,977.3,977.75,103943
ICICIBANK,2023-08-07T10:15:00+05:30,977.75,978.0,977.1,977.95,82915
ICICIBANK,2023-08-07T10:20:00+05:30,977.8,978.0,975.6,977.65,166257
ICICIBANK,2023-08-07T10:25:00+05:30,977.65,978.9,977.65,978.75,71371
ICICIBANK,2023-08-07T10:30:00+05:30,978.8,979.5,978.05,978.6,61587
ICICIBANK,2023-08-07T10:35:00+05:30,978.55,978.8,977.4,977.4,97444
ICICIBANK,2023-08-07T10:40:00+05:30,977.45,978.8,976.95,978.45,566065
ICICIBANK,2023-08-07T10:45:00+05:30,978.05,979.35,977.05,978.25,396143
ICICIBANK,2023-08-07T10:50:00+05:30,978.1,978.8,976.1,976.85,155413
ICICIBANK,2023-08-07T10:55:00+05:30,976.85,977.05,975.0,975.55,274182
ICICIBANK,2023-08-07T11:00:00+05:30,975.45,976.5,975.1,975.5,57641
ICICIBANK,2023-08-07T11:05:00+05:30,975.5,976.65,975.25,975.45,119383
ICICIBANK,2023-08-07T11:10:00+05:30,975.25,976.45,975.0,975.65,177459
ICICIBANK,2023-08-07T11:15:00+05:30,975.5,977.0,975.3,976.75,126697
ICICIBANK,2023-08-07T11:20:00+05:30,976.75,979.0,976.75,978.25,109841
ICICIBANK,2023-08-07T11:25:00+05:30,978.25,978.25,977.45,977.7,65137
ICICIBANK,2023-08-07T11:30:00+05:30,977.8,977.8,975.8,976.1,73587
ICICIBANK,2023-08-07T11:35:00+05:30,976.05,976.5,975.5,975.55,50856
ICICIBANK,2023-08-07T11:40:00+05:30,975.55,975.95,974.45,974.95,223028
ICICIBANK,2023-08-07T11:45:00+05:30,974.95,975.45,973.65,975.25,336796
ICICIBANK,2023-08-07T11:50:00+05:30,975.25,976.15,974.7,974.7,891092
ICICIBANK,2023-08-07T11:55:00+05:30,974.7,976.1,974.65,976.1,222924
ICICIBANK,2023-08-07T12:00:00+05:30,976.05,976.85,975.6,976.5,164095
ICICIBANK,2023-08-07T12:05:00+05:30,976.4,977.9,975.0,975.0,414105
ICICIBANK,2023-08-07T12:10:00+05:30,975.0,976.15,974.6,975.45,367267
ICICIBANK,2023-08-07T12:15:00+05:30,975.45,976.55,974.95,976.0,124508
ICICIBANK,2023-08-07T12:20:00+05:30,976.0,976.45,975.0,976.45,127433
ICICIBANK,2023-08-07T12:25:00+05:30,976.1,977.7,975.85,977.45,155507
ICICIBANK,2023-08-07T12:30:00+05:30,977.55,978.9,977.05,977.65,109749
ICICIBANK,2023-08-07T12:35:00+05:30,977.65,977.75,976.6,977.0,97571
ICICIBANK,2023-08-07T12:40:00+05:30,977.0,977.3,976.25,976.95,83844
ICICIBANK,2023-08-07T12:45:00+05:30,976.95,977.8,976.75,977.3,230602
ICICIBANK,2023-08-07T12:50:00+05:30,977.35,978.9,977.05,978.8,218410
ICICIBANK,2023-08-07T12:55:00+05:30,978.8,978.8,977.15,977.4,269286
ICICIBANK,2023-08-07T13:00:00+05:30,977.35,977.45,975.6,976.25,583626
ICICIBANK,2023-08-07T13:05:00+05:30,976.3,976.9,976.0,976.45,322653
ICICIBANK,2023-08-07T13:10:00+05:30,976.45,976.6,975.9,976.0,218790
ICICIBANK,2023-08-07T13:15:00+05:30,976.0,978.25,975.45,978.0,428156
ICICIBANK,2023-08-07T13:20:00+05:30,977.95,979.5,977.95,979.4,349825
ICICIBANK,2023-08-07T13:25:00+05:30,979.35,980.5,978.75,980.25,293792
ICICIBANK,2023-08-07T13:30:00+05:30,980.5,980.5,978.5,979.05,204054
ICICIBANK,2023-08-07T13:35:00+05:30,979.0,980.0,978.2,979.75,317897
ICICIBANK,2023-08-07T13:40:00+05:30,979.65,981.45,979.15,980.6,421795
ICICIBANK,2023-08-07T13:45:00+05:30,980.5,980.6,978.6,979.8,203082
ICICIBANK,2023-08-07T13:50:00+05:30,979.75,979.75,977.6,978.45,118139
ICICIBANK,2023-08-07T13:55:00+05:30,978.65,979.6,977.25,977.85,152446
ICICIBANK,2023-08-07T14:00:00+05:30,977.7,978.4,976.95,977.35,154765
ICICIBANK,2023-08-07T14:05:00+05:30,977.35,977.5,975.55,976.1,279188
ICICIBANK,2023-08-07T14:10:00+05:30,976.1,976.45,975.0,975.7,131749
ICICIBANK,2023-08-07T14:15:00+05:30,975.75,976.45,975.0,975.75,196299
ICICIBANK,2023-08-07T14:20:00+05:30,975.7,976.4,975.2,975.65,138440
ICICIBANK,2023-08-07T14:25:00+05:30,975.6,976.85,975.2,976.55,255724
ICICIBANK,2023-08-07T14:30:00+05:30,976.55,977.7,975.5,976.7,165240
ICICIBANK,2023-08-07T14:35:00+05:30,976.4,977.75,976.0,977.45,218811
ICICIBANK,2023-08-07T14:40:00+05:30,977.5,978.25,977.05,977.7,313056
ICICIBANK,2023-08-07T14:45:00+05:30,977.65,978.05,976.6,976.9,188926
ICICIBANK,2023-08-07T14:50:00+05:30,976.9,976.95,974.8,975.45,496046
ICICIBANK,2023-08-07T14:55:00+05:30,975.2,976.4,974.65,975.5,188813
ICICIBANK,2023-08-07T15:00:00+05:30,975.5,976.2,974.25,975.25,143631
ICICIBANK,2023-08-07T15:05:00+05:30,975.5,976.0,974.75,975.55,322978
ICICIBANK,2023-08-07T15:10:00+05:30,975.9,976.35,975.25,975.55,121300
ICICIBANK,2023-08-07T15:15:00+05:30,975.9,976.25,975.25,975.8,166534
ICICIBANK,2023-08-07T15:20:00+05:30,976.0,976.5,975.5,975.6,269499
ICICIBANK,2023-08-07T15:25:00+05:30,975.85,976.0,974.5,974.6,171597
ICICIBANK,2023-08-08T09:15:00+05:30,975.75,977.25,974.25,974.6,435018
ICICIBANK,2023-08-08T09:20:00+05:30,975.0,975.15,973.05,973.35,335679
ICICIBANK,2023-08-08T09:25:00+05:30,973.8,974.2,972.3,973.9,130670
ICICIBANK,2023-08-08T09:30:00+05:30,973.9,974.6,973.0,973.6,205073
ICICIBANK,2023-08-08T09:35:00+05:30,973.5,975.0,972.75,973.9,287773
ICICIBANK,2023-08-08T09:40:00+05:30,973.9,975.4,973.65,974.9,147910
ICICIBANK,2023-08-08T09:45:00+05:30,974.95,976.4,974.8,976.0,59060
ICICIBANK,2023-08-08T09:50:00+05:30,976.05,977.1,975.7,976.05,107668
ICICIBANK,2023-08-08T09:55:00+05:30,976.15,976.45,975.7,976.05,54073
ICICIBANK,2023-08-08T10:00:00+05:30,976.05,977.45,976.0,977.25,74905
ICICIBANK,2023-08-08T10:05:00+05:30,977.2,977.2,975.8,976.25,148546
ICICIBANK,2023-08-08T10:10:00+05:30,976.35,977.35,975.75,975.85,273379
ICICIBANK,2023-08-08T10:15:00+05:30,975.75,976.7,975.45,976.7,304899
ICICIBANK,2023-08-08T10:20:00+05:30,976.7,979.6,976.25,978.6,293312
ICICIBANK,2023-08-08T10:25:00+05:30,978.45,980.45,978.2,979.0,91808
ICICIBANK,2023-08-08T10:30:00+05:30,979.1,980.9,978.95,980.75,102083
ICICIBANK,2023-08-08T10:35:00+05:30,980.65,981.4,979.7,980.8,138976
ICICIBANK,2023-08-08T10:40:00+05:30,980.75,981.0,980.0,980.5,91450
ICICIBANK,2023-08-08T10:45:00+05:30,980.6,981.35,980.05,980.1,91704
ICICIBANK,2023-08-08T10:50:00+05:30,980.05,981.0,979.9,981.0,157392
ICICIBANK,2023-08-08T10:55:00+05:30,981.15,982.0,980.15,980.65,333070
ICICIBANK,2023-08-08T11:00:00+05:30,980.65,980.65,978.65,979.05,120233
ICICIBANK,2023-08-08T11:05:00+05:30,979.05,980.0,978.1,979.85,189012
ICICIBANK,2023-08-08T11:10:00+05:30,979.65,980.4,978.15,978.95,223478
ICICIBANK,2023-08-08T11:15:00+05:30,979.0,979.0,977.65,978.35,67830
ICICIBANK,2023-08-08T11:20:00+05:30,978.35,979.15,977.8,978.8,168132
ICICIBANK,2023-08-08T11:25:00+05:30,978.75,979.1,977.55,978.2,186299
ICICIBANK,2023-08-08T11:30:00+05:30,978.1,978.5,977.2,977.95,244079
ICICIBANK,2023-08-08T11:35:00+05:30,977.5,978.25,977.1,978.2,87703
ICICIBANK,2023-08-08T11:40:00+05:30,978.1,978.5,977.15,978.45,198397
ICICIBANK,2023-08-08T11:45:00+05:30,978.5,979.35,977.95,978.75,141692
ICICIBANK,2023-08-08T11:50:00+05:30,978.8,979.75,978.55,978.7,169797
ICICIBANK,2023-08-08T11:55:00+05:30,978.7,979.6,977.45,977.5,205940
ICICIBANK,2023-08-08T12:00:00+05:30,977.35,978.2,977.2,977.2,442907
ICICIBANK,2023-08-08T12:05:00+05:30,977.15,979.3,977.0,979.15,351161
ICICIBANK,2023-08-08T12:10:00+05:30,978.75,980.25,978.5,980.25,529961
ICICIBANK,2023-08-08T12:15:00+05:30,980.1,981.3,980.1,980.7,348309
ICICIBANK,2023-08-08T12:20:00+05:30,980.55,980.85,979.6,980.1,91115
ICICIBANK,2023-08-08T12:25:00+05:30,980.1,980.5,980.05,980.05,95618
ICICIBANK,2023-08-08T12:30:00+05:30,980.05,980.95,980.05,980.95,180932
ICICIBANK,2023-08-08T12:35:00+05:30,980.95,981.5,980.5,980.8,110468
ICICIBANK,2023-08-08T12:40:00+05:30,980.65,981.95,980.05,981.55,127368
ICICIBANK,2023-08-08T12:45:00+05:30,981.5,982.25,981.3,982.15,191999
ICICIBANK,2023-08-08T12:50:00+05:30,982.1,982.65,980.6,981.95,223931
ICICIBANK,2023-08-08T12:55:00+05:30,981.95,982.35,980.55,980.8,186871
ICICIBANK,2023-08-08T13:00:00+05:30,980.65,981.8,980.15,981.75,255934
ICICIBANK,2023-08-08T13:05:00+05:30,981.65,981.9,980.6,980.95,374228
ICICIBANK,2023-08-08T13:10:00+05:30,980.95,982.8,980.95,982.65,177068
ICICIBANK,2023-08-08T13:15:00+05:30,982.5,983.25,982.0,983.15,113737
ICICIBANK,2023-08-08T13:20:00+05:30,983.4,983.85,982.25,982.65,91045
ICICIBANK,2023-08-08T13:25:00+05:30,982.6,983.15,982.2,982.2,123222
ICICIBANK,2023-08-08T13:30:00+05:30,982.2,982.85,982.05,982.85,87019
ICICIBANK,2023-08-08T13:35:00+05:30,982.5,983.4,981.4,982.05,154801
ICICIBANK,2023-08-08T13:40:00+05:30,981.8,982.55,981.15,982.35,89813
ICICIBANK,2023-08-08T13:45:00+05:30,982.35,982.35,981.5,981.65,168524
ICICIBANK,2023-08-08T13:50:00+05:30,981.55,983.0,981.35,982.85,117951
ICICIBANK,2023-08-08T13:55:00+05:30,982.5,983.8,982.1,983.3,541131
ICICIBANK,2023-08-08T14:00:00+05:30,983.25,984.0,982.6,982.8,294309
ICICIBANK,2023-08-08T14:05:00+05:30,983.1,983.85,982.5,983.35,203081
ICICIBANK,2023-08-08T14:10:00+05:30,983.25,983.95,983.0,983.7,207473
ICICIBANK,2023-08-08T14:15:00+05:30,983.65,983.9,982.05,982.6,196260
ICICIBANK,2023-08-08T14:20:00+05:30,982.6,983.95,981.15,983.75,554238
ICICIBANK,2023-08-08T14:25:00+05:30,983.75,985.4,983.0,984.6,459058
ICICIBANK,2023-08-08T14:30:00+05:30,984.45,984.9,983.35,984.65,187427
ICICIBANK,2023-08-08T14:35:00+05:30,984.5,984.9,982.8,983.6,551147
ICICIBANK,2023-08-08T14:40:00+05:30,983.9,986.6,982.8,983.75,1973149
ICICIBANK,2023-08-08T14:45:00+05:30,983.65,984.65,980.6,980.6,1089002
ICICIBANK,2023-08-08T14:50:00+05:30,980.75,983.0,978.25,981.55,1437578
ICICIBANK,2023-08-08T14:55:00+05:30,981.7,982.2,980.1,980.2,377895
ICICIBANK,2023-08-08T15:00:00+05:30,980.4,981.5,978.05,980.0,1280937
ICICIBANK,2023-08-08T15:05:00+05:30,979.8,981.0,977.35,980.85,1708409
ICICIBANK,2023-08-08T15:10:00+05:30,980.85,982.2,979.3,979.35,728143
ICICIBANK,2023-08-08T15:15:00+05:30,979.25,981.85,978.85,980.95,690800
ICICIBANK,2023-08-08T15:20:00+05:30,980.75,982.0,980.25,980.25,335225
ICICIBANK,2023-08-08T15:25:00+05:30,980.45,982.0,979.75,981.0,442913
ICICIBANK,2023-08-09T09:15:00+05:30,974.95,975.2,971.65,972.5,443180
ICICIBANK,2023-08-09T09:20:00+05:30,972.8,973.3,971.1,971.8,167444
ICICIBANK,2023-08-09T09:25:00+05:30,971.65,971.85,970.4,970.55,218743
ICICIBANK,2023-08-09T09:30:00+05:30,970.55,971.9,970.25,971.55,132857
ICICIBANK,2023-08-09T09:35:00+05:30,971.45,971.9,970.75,971.55,117014
ICICIBANK,2023-08-09T09:40:00+05:30,971.5,971.8,970.55,971.25,283031
ICICIBANK,2023-08-09T09:45:00+05:30,971.4,971.5,970.3,970.6,82276
ICICIBANK,2023-08-09T09:50:00+05:30,970.7,971.05,970.05,970.75,120728
ICICIBANK,2023-08-09T09:55:00+05:30,970.75,970.95,969.55,970.4,198626
ICICIBANK,2023-08-09T10:00:00+05:30,970.5,971.7,969.75,971.7,94605
ICICIBANK,2023-08-09T10:05:00+05:30,971.8,972.35,971.25,971.95,196799
ICICIBANK,2023-08-09T10:10:00+05:30,972.0,973.25,971.35,973.05,818327
ICICIBANK,2023-08-09T10:15:00+05:30,973.05,973.9,970.25,970.45,329739
ICICIBANK,2023-08-09T10:20:00+05:30,970.25,970.9,969.6,970.3,160845
ICICIBANK,2023-08-09T10:25:00+05:30,970.4,970.7,969.7,970.0,152088
ICICIBANK,2023-08-09T10:30:00+05:30,969.95,970.05,969.05,969.6,124266
ICICIBANK,2023-08-09T10:35:00+05:30,969.5,970.05,969.0,969.45,1288432
ICICIBANK,2023-08-09T10:40:00+05:30,969.45,969.95,969.2,969.8,76344
ICICIBANK,2023-08-09T10:45:00+05:30,969.7,969.85,969.1,969.25,153602
ICICIBANK,2023-08-09T10:50:00+05:30,969.35,969.55,968.6,968.6,210621
ICICIBANK,2023-08-09T10:55:00+05:30,968.55,971.5,968.5,971.15,699240
ICICIBANK,2023-08-09T11:00:00+05:30,971.15,971.35,967.7,967.95,280281
ICICIBANK,2023-08-09T11:05:00+05:30,967.95,968.0,966.5,967.5,431203
ICICIBANK,2023-08-09T11:10:00+05:30,967.55,968.2,965.6,967.9,717994
ICICIBANK,2023-08-09T11:15:00+05:30,967.75,968.5,967.25,967.85,626648
ICICIBANK,2023-08-09T11:20:00+05:30,967.95,968.4,967.05,967.05,210525
ICICIBANK,2023-08-09T11:25:00+05:30,967.4,968.65,967.1,967.25,219122
ICICIBANK,2023-08-09T11:30:00+05:30,967.25,968.0,966.85,967.5,99489
ICICIBANK,2023-08-09T11:35:00+05:30,967.2,968.0,967.2,967.55,25647
ICICIBANK,2023-08-09T11:40:00+05:30,967.5,968.45,967.5,968.05,43565
ICICIBANK,2023-08-09T11:45:00+05:30,968.05,969.0,967.6,968.1,104218
ICICIBANK,2023-08-09T11:50:00+05:30,968.1,968.75,968.05,968.7,62208
ICICIBANK,2023-08-09T11:55:00+05:30,968.55,970.25,968.1,969.9,69447
ICICIBANK,2023-08-09T12:00:00+05:30,969.85,971.5,969.65,970.15,173066
ICICIBANK,2023-08-09T12:05:00+05:30,970.05,970.45,969.1,970.25,155927
ICICIBANK,2023-08-09T12:10:00+05:30,970.4,971.85,970.35,971.45,159219
ICICIBANK,2023-08-09T12:15:00+05:30,971.4,971.5,969.8,970.0,143777
ICICIBANK,2023-08-09T12:20:00+05:30,970.0,970.1,968.65,969.5,171072
ICICIBANK,2023-08-09T12:25:00+05:30,969.4,970.75,969.35,970.2,134757
ICICIBANK,2023-08-09T12:30:00+05:30,970.2,970.45,969.55,970.05,564051
ICICIBANK,2023-08-09T12:35:00+05:30,970.05,970.4,968.55,969.55,1482230
ICICIBANK,2023-08-09T12:40:00+05:30,969.5,969.65,967.7,968.15,178190
ICICIBANK,2023-08-09T12:45:00+05:30,968.15,968.5,968.0,968.3,109101
ICICIBANK,2023-08-09T12:50:00+05:30,968.3,969.35,968.0,969.35,318818
ICICIBANK,2023-08-09T12:55:00+05:30,969.25,969.9,968.25,968.55,267462
ICICIBANK,2023-08-09T13:00:00+05:30,968.65,969.75,968.55,969.4,220060
ICICIBANK,2023-08-09T13:05:00+05:30,969.15,969.5,968.05,968.2,132548
ICICIBANK,2023-08-09T13:10:00+05:30,968.15,968.25,967.5,967.95,107343
ICICIBANK,2023-08-09T13:15:00+05:30,968.2,968.2,965.2,965.45,515705
ICICIBANK,2023-08-09T13:20:00+05:30,965.25,965.95,963.7,965.9,833521
ICICIBANK,2023-08-09T13:25:00+05:30,965.9,966.25,964.8,964.85,901058
ICICIBANK,2023-08-09T13:30:00+05:30,964.85,965.25,964.8,965.25,99806
ICICIBANK,2023-08-09T13:35:00+05:30,965.25,965.95,965.2,965.65,88625
ICICIBANK,2023-08-09T13:40:00+05:30,965.65,966.0,965.6,966.0,96266
ICICIBANK,2023-08-09T13:45:00+05:30,965.85,966.6,965.15,966.2,149047
ICICIBANK,2023-08-09T13:50:00+05:30,966.15,966.9,965.3,966.9,90920
ICICIBANK,2023-08-09T13:55:00+05:30,966.75,967.35,966.55,967.2,62046
ICICIBANK,2023-08-09T14:00:00+05:30,967.15,968.4,966.7,968.4,111019
ICICIBANK,2023-08-09T14:05:00+05:30,968.35,969.3,967.8,969.05,99238
ICICIBANK,2023-08-09T14:10:00+05:30,969.1,969.2,968.5,968.55,51799
ICICIBANK,2023-08-09T14:15:00+05:30,968.6,968.6,967.65,968.2,42024
ICICIBANK,2023-08-09T14:20:00+05:30,968.3,968.65,967.35,967.85,240271
ICICIBANK,2023-08-09T14:25:00+05:30,967.9,969.8,967.85,968.35,197896
ICICIBANK,2023-08-09T14:30:00+05:30,968.35,969.1,967.65,969.0,104495
ICICIBANK,2023-08-09T14:35:00+05:30,968.8,969.25,967.9,969.1,135526
ICICIBANK,2023-08-09T14:40:00+05:30,969.2,970.65,969.2,970.2,168057
ICICIBANK,2023-08-09T14:45:00+05:30,969.85,970.55,968.75,968.75,98799
ICICIBANK,2023-08-09T14:50:00+05:30,968.8,970.85,968.75,970.8,102106
ICICIBANK,2023-08-09T14:55:00+05:30,970.8,971.75,970.1,971.35,137389
ICICIBANK,2023-08-09T15:00:00+05:30,971.15,971.85,970.6,971.55,161893
ICICIBANK,2023-08-09T15:05:00+05:30,971.5,972.25,971.35,971.95,176929
ICICIBANK,2023-08-09T15:10:00+05:30,971.9,972.95,970.75,972.9,327834
ICICIBANK,2023-08-09T15:15:00+05:30,972.95,973.7,972.2,973.5,422712
ICICIBANK,2023-08-09T15:20:00+05:30,973.5,973.95,973.0,973.35,380138
ICICIBANK,2023-08-09T15:25:00+05:30,973.4,973.65,971.6,973.0,171387
ICICIBANK,2023-08-10T09:15:00+05:30,971.55,972.3,968.35,968.5,170072
ICICIBANK,2023-08-10T09:20:00+05:30,968.5,969.4,967.0,967.1,197002
ICICIBANK,2023-08-10T09:25:00+05:30,967.3,968.65,967.25,968.3,204091
ICICIBANK,2023-08-10T09:30:00+05:30,967.65,969.8,966.8,969.0,141916
ICICIBANK,2023-08-10T09:35:00+05:30,969.0,969.2,967.7,968.7,635324
ICICIBANK,2023-08-10T09:40:00+05:30,968.6,968.75,967.55,968.3,163687
ICICIBANK,2023-08-10T09:45:00+05:30,968.1,968.1,967.0,967.6,179511
ICICIBANK,2023-08-10T09:50:00+05:30,967.6,968.15,967.05,967.65,178459
ICICIBANK,2023-08-10T09:55:00+05:30,967.55,967.65,966.15,967.6,117539
ICICIBANK,2023-08-10T10:00:00+05:30,967.55,969.0,966.55,967.95,154727
ICICIBANK,2023-08-10T10:05:00+05:30,967.6,970.4,967.6,969.65,285313
ICICIBANK,2023-08-10T10:10:00+05:30,969.65,970.4,968.4,969.85,224477
ICICIBANK,2023-08-10T10:15:00+05:30,969.95,971.1,968.25,970.6,424349
ICICIBANK,2023-08-10T10:20:00+05:30,970.6,970.85,966.3,966.95,543503
ICICIBANK,2023-08-10T10:25:00+05:30,967.0,967.0,963.95,963.95,288409
ICICIBANK,2023-08-10T10:30:00+05:30,963.7,963.9,960.6,961.55,343895
ICICIBANK,2023-08-10T10:35:00+05:30,961.25,962.25,959.45,959.75,518024
ICICIBANK,2023-08-10T10:40:00+05:30,959.7,962.1,959.7,960.9,387102
ICICIBANK,2023-08-10T10:45:00+05:30,960.9,963.0,959.95,962.4,218331
ICICIBANK,2023-08-10T10:50:00+05:30,962.3,963.85,961.55,963.2,189196
ICICIBANK,2023-08-10T10:55:00+05:30,962.85,964.05,962.15,962.95,307845
ICICIBANK,2023-08-10T11:00:00+05:30,962.95,963.35,961.55,962.65,217410
ICICIBANK,2023-08-10T11:05:00+05:30,962.5,964.85,962.0,962.05,377152
ICICIBANK,2023-08-10T11:10:00+05:30,962.05,963.0,961.0,961.0,388314
ICICIBANK,2023-08-10T11:15:00+05:30,960.8,962.45,960.7,962.0,142946
ICICIBANK,2023-08-10T11:20:00+05:30,961.95,962.9,961.5,962.25,95671
ICICIBANK,2023-08-10T11:25:00+05:30,962.2,963.45,961.8,962.65,161824
ICICIBANK,2023-08-10T11:30:00+05:30,962.9,963.75,962.2,962.55,99791
ICICIBANK,2023-08-10T11:35:00+05:30,962.9,963.35,962.3,962.35,209138
ICICIBANK,2023-08-10T11:40:00+05:30,962.45,963.75,961.65,962.5,403917
ICICIBANK,2023-08-10T11:45:00+05:30,962.3,963.2,962.05,962.75,218799
ICICIBANK,2023-08-10T11:50:00+05:30,962.7,964.4,962.2,964.2,245421
ICICIBANK,2023-08-10T11:55:00+05:30,964.15,965.45,963.6,964.35,513770
ICICIBANK,2023-08-10T12:00:00+05:30,964.3,965.9,964.3,965.05,319146
ICICIBANK,2023-08-10T12:05:00+05:30,965.0,965.75,964.7,965.0,178395
ICICIBANK,2023-08-10T12:10:00+05:30,965.0,965.05,962.15,962.25,228952
ICICIBANK,2023-08-10T12:15:00+05:30,962.2,962.65,961.25,962.5,360179
ICICIBANK,2023-08-10T12:20:00+05:30,962.55,963.15,961.4,962.95,214340
ICICIBANK,2023-08-10T12:25:00+05:30,962.85,965.35,962.8,965.2,185853
ICICIBANK,2023-08-10T12:30:00+05:30,965.0,965.2,964.25,964.25,133068
ICICIBANK,2023-08-10T12:35:00+05:30,964.25,966.0,964.25,964.7,203574
ICICIBANK,2023-08-10T12:40:00+05:30,964.6,966.1,964.0,965.95,198147
ICICIBANK,2023-08-10T12:45:00+05:30,965.8,966.85,965.3,965.9,280123
ICICIBANK,2023-08-10T12:50:00+05:30,965.7,966.45,964.75,965.7,577054
ICICIBANK,2023-08-10T12:55:00+05:30,965.55,966.0,965.3,965.55,96814
ICICIBANK,2023-08-10T13:00:00+05:30,965.5,967.2,965.05,967.15,168672
ICICIBANK,2023-08-10T13:05:00+05:30,967.2,967.7,966.35,966.95,147304
ICICIBANK,2023-08-10T13:10:00+05:30,967.05,969.85,966.5,969.6,450605
ICICIBANK,2023-08-10T13:15:00+05:30,969.2,970.55,967.4,967.4,435662
ICICIBANK,2023-08-10T13:20:00+05:30,967.4,968.7,965.85,966.0,107861
ICICIBANK,2023-08-10T13:25:00+05:30,966.25,966.25,964.55,965.0,239916
ICICIBANK,2023-08-10T13:30:00+05:30,964.85,966.3,964.5,966.3,240839
ICICIBANK,2023-08-10T13:35:00+05:30,966.3,966.45,965.3,965.3,140848
ICICIBANK,2023-08-10T13:40:00+05:30,965.3,967.2,965.1,966.65,395176
ICICIBANK,2023-08-10T13:45:00+05:30,966.55,967.95,966.15,966.6,467444
ICICIBANK,2023-08-10T13:50:00+05:30,966.6,967.0,962.55,963.2,346397
ICICIBANK,2023-08-10T13:55:00+05:30,963.1,965.6,962.85,963.5,438429
ICICIBANK,2023-08-10T14:00:00+05:30,963.45,965.45,963.0,964.9,467313
ICICIBANK,2023-08-10T14:05:00+05:30,964.6,967.25,964.1,967.0,538994
ICICIBANK,2023-08-10T14:10:00+05:30,966.75,967.4,965.9,965.9,386301
ICICIBANK,2023-08-10T14:15:00+05:30,965.9,967.95,965.15,965.75,1015282
ICICIBANK,2023-08-10T14:20:00+05:30,965.75,966.85,965.55,966.55,168024
ICICIBANK,2023-08-10T14:25:00+05:30,966.55,967.45,966.4,966.6,183770
ICICIBANK,2023-08-10T14:30:00+05:30,966.4,968.5,965.75,968.5,140055
ICICIBANK,2023-08-10T14:35:00+05:30,968.3,968.3,965.7,966.8,616748
ICICIBANK,2023-08-10T14:40:00+05:30,966.7,967.4,965.7,966.8,345890
ICICIBANK,2023-08-10T14:45:00+05:30,966.8,968.0,966.8,967.05,311540
ICICIBANK,2023-08-10T14:50:00+05:30,967.05,967.1,965.25,966.5,224371
ICICIBANK,2023-08-10T14:55:00+05:30,966.3,966.3,964.2,964.4,293939
ICICIBANK,2023-08-10T15:00:00+05:30,964.2,965.65,964.0,965.05,443173
ICICIBANK,2023-08-10T15:05:00+05:30,964.95,966.05,962.35,966.05,907824
ICICIBANK,2023-08-10T15:10:00+05:30,965.95,966.35,963.55,964.75,892428
ICICIBANK,2023-08-10T15:15:00+05:30,964.9,966.5,961.9,961.9,1157000
ICICIBANK,2023-08-10T15:20:00+05:30,961.9,963.65,961.75,962.9,670637
ICICIBANK,2023-08-10T15:25:00+05:30,962.9,964.0,961.8,963.45,552228
ICICIBANK,2023-08-11T09:15:00+05:30,963.4,963.4,955.0,955.1,490189
ICICIBANK,2023-08-11T09:20:00+05:30,955.05,957.0,955.0,956.0,247830
ICICIBANK,2023-08-11T09:25:00+05:30,955.8,956.15,954.6,955.1,317348
ICICIBANK,2023-08-11T09:30:00+05:30,955.1,957.55,954.0,957.35,242954
ICICIBANK,2023-08-11T09:35:00+05:30,957.35,957.9,955.65,955.65,140503
ICICIBANK,2023-08-11T09:40:00+05:30,955.5,957.8,955.1,955.25,175873
ICICIBANK,2023-08-11T09:45:00+05:30,955.25,956.25,955.15,955.25,148115
ICICIBANK,2023-08-11T09:50:00+05:30,955.15,955.45,954.15,954.65,109228
ICICIBANK,2023-08-11T09:55:00+05:30,954.65,955.35,954.1,954.2,774585
ICICIBANK,2023-08-11T10:00:00+05:30,954.15,955.9,954.0,955.25,138781
ICICIBANK,2023-08-11T10:05:00+05:30,955.25,955.9,954.5,954.8,170404
ICICIBANK,2023-08-11T10:10:00+05:30,954.75,955.55,954.4,955.1,147752
ICICIBANK,2023-08-11T10:15:00+05:30,955.1,956.4,954.75,956.0,227484
ICICIBANK,2023-08-11T10:20:00+05:30,956.1,956.6,955.5,956.2,189714
ICICIBANK,2023-08-11T10:25:00+05:30,956.45,957.5,956.2,957.05,196363
ICICIBANK,2023-08-11T10:30:00+05:30,957.05,958.1,957.0,957.75,261811
ICICIBANK,2023-08-11T10:35:00+05:30,957.35,957.75,956.75,957.45,151828
ICICIBANK,2023-08-11T10:40:00+05:30,957.35,958.5,957.15,958.45,569318
ICICIBANK,2023-08-11T10:45:00+05:30,958.45,958.55,957.4,958.1,298708
ICICIBANK,2023-08-11T10:50:00+05:30,958.2,958.2,955.9,957.0,192878
ICICIBANK,2023-08-11T10:55:00+05:30,956.95,957.55,956.8,956.95,111266
ICICIBANK,2023-08-11T11:00:00+05:30,956.95,956.95,955.6,956.25,122949
ICICIBANK,2023-08-11T11:05:00+05:30,956.2,957.5,955.75,956.7,186018
ICICIBANK,2023-08-11T11:10:00+05:30,956.3,957.95,956.25,956.7,167435
ICICIBANK,2023-08-11T11:15:00+05:30,956.85,957.0,956.3,956.9,57741
ICICIBANK,2023-08-11T11:20:00+05:30,956.8,958.4,956.75,958.4,181752
ICICIBANK,2023-08-11T11:25:00+05:30,958.4,958.8,957.55,958.25,169900
ICICIBANK,2023-08-11T11:30:00+05:30,958.55,958.55,957.1,957.4,76275
ICICIBANK,2023-08-11T11:35:00+05:30,957.35,957.4,955.45,955.85,477491
ICICIBANK,2023-08-11T11:40:00+05:30,956.0,957.0,955.45,955.75,162640
ICICIBANK,2023-08-11T11:45:00+05:30,955.75,956.25,955.25,955.25,102502
ICICIBANK,2023-08-11T11:50:00+05:30,955.3,955.85,955.0,955.65,57677
ICICIBANK,2023-08-11T11:55:00+05:30,955.5,956.75,955.1,956.7,103693
ICICIBANK,2023-08-11T12:00:00+05:30,956.75,957.35,956.5,956.85,124630
ICICIBANK,2023-08-11T12:05:00+05:30,956.85,957.35,956.7,957.35,227352
ICICIBANK,2023-08-11T12:10:00+05:30,957.25,957.45,956.55,956.75,148424
ICICIBANK,2023-08-11T12:15:00+05:30,956.75,957.4,956.75,957.0,232555
ICICIBANK,2023-08-11T12:20:00+05:30,957.0,957.45,956.2,956.4,160163
ICICIBANK,2023-08-11T12:25:00+05:30,956.25,957.6,956.05,956.65,543867
ICICIBANK,2023-08-11T12:30:00+05:30,956.65,957.35,956.5,956.9,98606
ICICIBANK,2023-08-11T12:35:00+05:30,956.9,957.0,956.05,956.3,61503
ICICIBANK,2023-08-11T12:40:00+05:30,956.3,956.6,955.8,956.3,161518
ICICIBANK,2023-08-11T12:45:00+05:30,956.45,956.9,955.5,955.55,151043
ICICIBANK,2023-08-11T12:50:00+05:30,955.6,955.65,953.7,954.0,629365
ICICIBANK,2023-08-11T12:55:00+05:30,954.0,954.05,952.55,953.4,209525
ICICIBANK,2023-08-11T13:00:00+05:30,953.4,956.8,953.15,956.65,366125
ICICIBANK,2023-08-11T13:05:00+05:30,956.45,958.7,955.65,957.5,213494
ICICIBANK,2023-08-11T13:10:00+05:30,957.6,957.8,956.6,957.1,76091
ICICIBANK,2023-08-11T13:15:00+05:30,957.1,957.5,956.2,956.9,57076
ICICIBANK,2023-08-11T13:20:00+05:30,956.85,957.35,956.25,956.5,119203
ICICIBANK,2023-08-11T13:25:00+05:30,956.5,957.8,956.2,956.8,107554
ICICIBANK,2023-08-11T13:30:00+05:30,956.65,957.35,956.1,957.25,61236
ICICIBANK,2023-08-11T13:35:00+05:30,957.25,957.5,956.0,956.55,72848
ICICIBANK,2023-08-11T13:40:00+05:30,956.25,957.05,955.5,956.55,160351
ICICIBANK,2023-08-11T13:45:00+05:30,956.5,957.15,955.65,956.65,144808
ICICIBANK,2023-08-11T13:50:00+05:30,956.65,957.0,955.9,956.2,96883
ICICIBANK,2023-08-11T13:55:00+05:30,956.2,956.75,956.05,956.55,87002
ICICIBANK,2023-08-11T14:00:00+05:30,956.55,956.6,955.75,956.55,114551
ICICIBANK,2023-08-11T14:05:00+05:30,956.55,956.55,955.2,956.5,183989
ICICIBANK,2023-08-11T14:10:00+05:30,956.35,956.95,956.0,956.3,127737
ICICIBANK,2023-08-11T14:15:00+05:30,956.3,956.8,956.05,956.35,69857
ICICIBANK,2023-08-11T14:20:00+05:30,956.3,957.3,956.05,957.0,329092
ICICIBANK,2023-08-11T14:25:00+05:30,957.0,957.75,956.6,957.1,156568
ICICIBANK,2023-08-11T14:30:00+05:30,957.1,958.15,956.6,957.0,173873
ICICIBANK,2023-08-11T14:35:00+05:30,957.0,957.5,956.1,956.45,152008
ICICIBANK,2023-08-11T14:40:00+05:30,956.25,957.8,954.25,957.8,574163
ICICIBANK,2023-08-11T14:45:00+05:30,957.65,957.65,955.5,955.5,188625
ICICIBANK,2023-08-11T14:50:00+05:30,955.45,956.35,954.6,955.3,176477
ICICIBANK,2023-08-11T14:55:00+05:30,955.2,956.35,954.8,955.2,358403
ICICIBANK,2023-08-11T15:00:00+05:30,955.2,955.3,950.05,950.6,617919
ICICIBANK,2023-08-11T15:05:00+05:30,950.65,952.4,950.2,951.3,487447
ICICIBANK,2023-08-11T15:10:00+05:30,951.3,952.0,950.2,951.45,621118
ICICIBANK,2023-08-11T15:15:00+05:30,951.5,954.55,951.45,954.25,476104
ICICIBANK,2023-08-11T15:20:00+05:30,954.25,955.55,953.85,955.4,481580
ICICIBANK,2023-08-11T15:25:00+05:30,955.4,956.0,954.35,954.35,329524
ICICIBANK,2023-08-14T09:15:00+05:30,949.0,951.7,947.0,949.8,193416
ICICIBANK,2023-08-14T09:20:00+05:30,949.6,949.85,948.0,948.75,156284
ICICIBANK,2023-08-14T09:25:00+05:30,948.5,949.3,947.5,947.8,242265
ICICIBANK,2023-08-14T09:30:00+05:30,947.85,949.65,947.0,949.65,338779
ICICIBANK,2023-08-14T09:35:00+05:30,949.65,950.4,948.75,949.1,191176
ICICIBANK,2023-08-14T09:40:00+05:30,949.0,949.95,948.1,948.8,85288
ICICIBANK,2023-08-14T09:45:00+05:30,948.8,950.0,948.6,949.6,121067
ICICIBANK,2023-08-14T09:50:00+05:30,949.65,950.4,949.35,949.8,103893
ICICIBANK,2023-08-14T09:55:00+05:30,949.8,950.8,949.5,950.1,65990
ICICIBANK,2023-08-14T10:00:00+05:30,950.1,950.8,949.0,950.5,117204
ICICIBANK,2023-08-14T10:05:00+05:30,950.75,951.25,950.35,950.85,40212
ICICIBANK,2023-08-14T10:10:00+05:30,950.85,951.65,950.75,951.55,66158
ICICIBANK,2023-08-14T10:15:00+05:30,951.65,953.15,951.55,952.65,170258
ICICIBANK,2023-08-14T10:20:00+05:30,952.8,952.8,950.0,950.0,211351
ICICIBANK,2023-08-14T10:25:00+05:30,950.05,950.5,949.8,950.3,269396
ICICIBANK,2023-08-14T10:30:00+05:30,950.45,951.35,950.25,951.25,54376
ICICIBANK,2023-08-14T10:35:00+05:30,951.25,952.0,951.05,951.05,46237
ICICIBANK,2023-08-14T10:40:00+05:30,951.0,952.15,951.0,952.15,30341
ICICIBANK,2023-08-14T10:45:00+05:30,952.15,952.25,951.05,951.35,72480
ICICIBANK,2023-08-14T10:50:00+05:30,951.35,951.35,951.0,951.0,42465
ICICIBANK,2023-08-14T10:55:00+05:30,951.0,952.0,950.8,951.45,63534
ICICIBANK,2023-08-14T11:00:00+05:30,951.45,952.2,950.8,951.65,125066
ICICIBANK,2023-08-14T11:05:00+05:30,952.05,952.25,951.05,951.45,116501
ICICIBANK,2023-08-14T11:10:00+05:30,951.45,951.65,950.8,951.0,64895
ICICIBANK,2023-08-14T11:15:00+05:30,951.0,952.15,951.0,952.05,62845
ICICIBANK,2023-08-14T11:20:00+05:30,952.05,954.5,951.85,954.5,121713
ICICIBANK,2023-08-14T11:25:00+05:30,954.5,954.6,953.35,953.8,106826
ICICIBANK,2023-08-14T11:30:00+05:30,953.8,954.6,952.7,954.35,148127
ICICIBANK,2023-08-14T11:35:00+05:30,954.45,954.95,953.9,954.15,91323
ICICIBANK,2023-08-14T11:40:00+05:30,954.05,954.7,953.4,954.1,132157
ICICIBANK,2023-08-14T11:45:00+05:30,954.3,954.55,953.05,953.4,180896
ICICIBANK,2023-08-14T11:50:00+05:30,953.45,954.5,953.0,954.4,75894
ICICIBANK,2023-08-14T11:55:00+05:30,954.4,954.4,952.1,952.45,305074
ICICIBANK,2023-08-14T12:00:00+05:30,952.45,953.5,952.45,953.3,73492
ICICIBANK,2023-08-14T12:05:00+05:30,953.35,953.7,953.0,953.1,59229
ICICIBANK,2023-08-14T12:10:00+05:30,953.0,954.9,952.65,954.5,135805
ICICIBANK,2023-08-14T12:15:00+05:30,954.55,956.25,954.4,954.55,439722
ICICIBANK,2023-08-14T12:20:00+05:30,954.6,955.5,954.15,954.85,119448
ICICIBANK,2023-08-14T12:25:00+05:30,954.5,955.5,954.1,955.5,35356
ICICIBANK,2023-08-14T12:30:00+05:30,955.6,955.9,954.5,954.75,86315
ICICIBANK,2023-08-14T12:35:00+05:30,954.65,955.35,954.5,955.25,96046
ICICIBANK,2023-08-14T12:40:00+05:30,955.25,955.9,955.05,955.55,75092
ICICIBANK,2023-08-14T12:45:00+05:30,955.45,955.65,954.0,954.05,98632
ICICIBANK,2023-08-14T12:50:00+05:30,954.3,954.9,953.65,954.15,195914
ICICIBANK,2023-08-14T12:55:00+05:30,954.3,955.45,954.3,955.4,124769
ICICIBANK,2023-08-14T13:00:00+05:30,955.5,955.5,955.0,955.05,79683
ICICIBANK,2023-08-14T13:05:00+05:30,955.3,955.85,954.95,955.75,132437
ICICIBANK,2023-08-14T13:10:00+05:30,955.7,955.85,954.4,955.5,161768
ICICIBANK,2023-08-14T13:15:00+05:30,955.5,955.75,954.05,954.45,113780
ICICIBANK,2023-08-14T13:20:00+05:30,954.35,954.65,953.3,954.4,513984
ICICIBANK,2023-08-14T13:25:00+05:30,954.25,955.25,953.7,954.35,139963
ICICIBANK,2023-08-14T13:30:00+05:30,954.75,955.35,954.0,954.9,136569
ICICIBANK,2023-08-14T13:35:00+05:30,955.0,955.95,954.15,954.95,327254
ICICIBANK,2023-08-14T13:40:00+05:30,955.0,955.15,954.05,954.85,178784
ICICIBANK,2023-08-14T13:45:00+05:30,954.85,955.5,953.7,954.9,579602
ICICIBANK,2023-08-14T13:50:00+05:30,954.9,955.65,954.45,954.85,226991
ICICIBANK,2023-08-14T13:55:00+05:30,954.75,955.5,954.3,955.2,170267
ICICIBANK,2023-08-14T14:00:00+05:30,955.15,957.55,955.1,957.5,110769
ICICIBANK,2023-08-14T14:05:00+05:30,957.5,957.7,955.7,956.85,311839
ICICIBANK,2023-08-14T14:10:00+05:30,957.15,957.85,956.55,957.15,248981
ICICIBANK,2023-08-14T14:15:00+05:30,957.3,959.6,957.25,958.95,509299
ICICIBANK,2023-08-14T14:20:00+05:30,959.0,959.0,957.75,958.25,264820
ICICIBANK,2023-08-14T14:25:00+05:30,958.2,958.5,957.3,958.5,353864
ICICIBANK,2023-08-14T14:30:00+05:30,958.5,959.5,957.65,957.75,570469
ICICIBANK,2023-08-14T14:35:00+05:30,957.65,960.25,956.7,958.6,638900
ICICIBANK,2023-08-14T14:40:00+05:30,958.7,960.5,958.2,959.8,679729
ICICIBANK,2023-08-14T14:45:00+05:30,959.8,960.85,959.05,960.8,334372
ICICIBANK,2023-08-14T14:50:00+05:30,961.0,961.6,960.0,960.85,585320
ICICIBANK,2023-08-14T14:55:00+05:30,960.75,961.95,960.5,961.75,295585
ICICIBANK,2023-08-14T15:00:00+05:30,961.85,962.45,960.35,961.4,1012473
ICICIBANK,2023-08-14T15:05:00+05:30,961.4,962.9,960.25,961.4,1291494
ICICIBANK,2023-08-14T15:10:00+05:30,961.45,961.75,958.6,959.0,784844
ICICIBANK,2023-08-14T15:15:00+05:30,959.0,960.4,957.55,957.65,982912
ICICIBANK,2023-08-14T15:20:00+05:30,957.65,957.75,955.3,956.75,847404
ICICIBANK,2023-08-14T15:25:00+05:30,956.9,959.8,955.65,959.0,628739
ICICIBANK,2023-08-16T09:15:00+05:30,954.45,954.45,947.2,949.9,340494
ICICIBANK,2023-08-16T09:20:00+05:30,949.9,950.5,948.25,950.15,152894
ICICIBANK,2023-08-16T09:25:00+05:30,950.2,950.85,949.25,950.0,172056
ICICIBANK,2023-08-16T09:30:00+05:30,949.95,950.45,949.5,949.95,78781
ICICIBANK,2023-08-16T09:35:00+05:30,950.25,951.75,949.85,951.15,64657
ICICIBANK,2023-08-16T09:40:00+05:30,951.15,951.4,950.6,951.0,75606
ICICIBANK,2023-08-16T09:45:00+05:30,950.9,952.35,950.9,951.4,133110
ICICIBANK,2023-08-16T09:50:00+05:30,951.45,953.8,951.3,953.35,120361
ICICIBANK,2023-08-16T09:55:00+05:30,953.35,954.85,953.25,953.6,258970
ICICIBANK,2023-08-16T10:00:00+05:30,953.3,954.35,953.0,953.75,174625
ICICIBANK,2023-08-16T10:05:00+05:30,953.45,954.75,952.7,954.4,178135
ICICIBANK,2023-08-16T10:10:00+05:30,954.6,955.0,953.5,955.0,111781
ICICIBANK,2023-08-16T10:15:00+05:30,954.95,956.0,954.1,955.5,139866
ICICIBANK,2023-08-16T10:20:00+05:30,955.7,956.4,954.6,955.2,190146
ICICIBANK,2023-08-16T10:25:00+05:30,955.15,956.0,954.05,954.05,106164
ICICIBANK,2023-08-16T10:30:00+05:30,954.15,955.25,954.05,954.4,114706
ICICIBANK,2023-08-16T10:35:00+05:30,954.35,954.7,953.45,954.6,166142
ICICIBANK,2023-08-16T10:40:00+05:30,954.55,955.25,954.25,954.9,197188
ICICIBANK,2023-08-16T10:45:00+05:30,954.85,955.4,954.05,954.8,200713
ICICIBANK,2023-08-16T10:50:00+05:30,954.85,954.9,952.75,953.8,716825
ICICIBANK,2023-08-16T10:55:00+05:30,953.9,955.1,953.6,953.85,523847
ICICIBANK,2023-08-16T11:00:00+05:30,953.75,954.85,953.25,954.2,1113091
ICICIBANK,2023-08-16T11:05:00+05:30,954.2,954.75,953.35,953.45,246282
ICICIBANK,2023-08-16T11:10:00+05:30,953.35,953.55,952.25,953.4,273371
ICICIBANK,2023-08-16T11:15:00+05:30,953.15,953.4,952.55,953.0,183503
ICICIBANK,2023-08-16T11:20:00+05:30,952.95,953.0,951.65,952.0,914843
ICICIBANK,2023-08-16T11:25:00+05:30,952.0,953.5,951.75,953.5,421153
ICICIBANK,2023-08-16T11:30:00+05:30,953.5,954.25,953.35,953.55,899403
ICICIBANK,2023-08-16T11:35:00+05:30,953.45,953.55,952.75,952.95,294161
ICICIBANK,2023-08-16T11:40:00+05:30,953.0,953.0,951.75,952.1,323025
ICICIBANK,2023-08-16T11:45:00+05:30,952.1,952.45,951.8,952.3,125241
ICICIBANK,2023-08-16T11:50:00+05:30,952.3,952.45,951.9,952.15,258529
ICICIBANK,2023-08-16T11:55:00+05:30,952.15,953.3,951.5,952.7,889074
ICICIBANK,2023-08-16T12:00:00+05:30,952.7,953.95,952.65,953.0,248932
ICICIBANK,2023-08-16T12:05:00+05:30,952.95,954.75,952.95,954.6,174433
ICICIBANK,2023-08-16T12:10:00+05:30,954.6,955.55,954.35,955.35,94904
ICICIBANK,2023-08-16T12:15:00+05:30,955.2,955.85,954.85,955.15,95601
ICICIBANK,2023-08-16T12:20:00+05:30,955.2,957.0,955.15,955.8,216373
ICICIBANK,2023-08-16T12:25:00+05:30,955.75,956.25,955.25,956.0,92614
ICICIBANK,2023-08-16T12:30:00+05:30,955.95,957.35,955.8,957.0,54545
ICICIBANK,2023-08-16T12:35:00+05:30,957.05,957.3,956.25,957.0,124723
ICICIBANK,2023-08-16T12:40:00+05:30,957.05,957.45,956.2,957.25,121998
ICICIBANK,2023-08-16T12:45:00+05:30,957.35,957.65,956.4,956.85,99688
ICICIBANK,2023-08-16T12:50:00+05:30,956.8,957.2,956.35,956.45,87879
ICICIBANK,2023-08-16T12:55:00+05:30,956.45,957.2,956.05,956.5,43025
ICICIBANK,2023-08-16T13:00:00+05:30,956.45,956.5,955.65,956.1,124325
ICICIBANK,2023-08-16T13:05:00+05:30,956.1,958.5,956.0,958.3,124322
ICICIBANK,2023-08-16T13:10:00+05:30,958.2,958.35,957.15,958.0,121590
ICICIBANK,2023-08-16T13:15:00+05:30,958.0,959.7,957.1,959.5,487566
ICICIBANK,2023-08-16T13:20:00+05:30,959.35,959.7,957.55,958.5,179558
ICICIBANK,2023-08-16T13:25:00+05:30,958.5,958.5,957.2,957.4,38182
ICICIBANK,2023-08-16T13:30:00+05:30,957.5,958.25,957.3,958.0,41139
ICICIBANK,2023-08-16T13:35:00+05:30,958.0,958.65,957.25,957.3,75118
ICICIBANK,2023-08-16T13:40:00+05:30,957.3,957.3,956.3,956.9,79478
ICICIBANK,2023-08-16T13:45:00+05:30,956.85,958.95,956.4,958.85,265795
ICICIBANK,2023-08-16T13:50:00+05:30,958.9,959.25,956.85,957.2,354307
ICICIBANK,2023-08-16T13:55:00+05:30,957.2,958.0,956.95,957.9,102961
ICICIBANK,2023-08-16T14:00:00+05:30,957.85,957.95,956.6,957.05,39644
ICICIBANK,2023-08-16T14:05:00+05:30,957.0,957.15,955.9,956.0,135135
ICICIBANK,2023-08-16T14:10:00+05:30,955.9,955.9,954.65,955.0,289025
ICICIBANK,2023-08-16T14:15:00+05:30,955.0,957.85,954.95,957.7,550459
ICICIBANK,2023-08-16T14:20:00+05:30,957.9,957.95,956.1,957.3,190984
ICICIBANK,2023-08-16T14:25:00+05:30,957.35,957.75,956.5,957.3,158551
ICICIBANK,2023-08-16T14:30:00+05:30,957.0,958.05,956.7,957.15,203292
ICICIBANK,2023-08-16T14:35:00+05:30,957.1,957.9,956.5,957.1,135263
ICICIBANK,2023-08-16T14:40:00+05:30,956.75,957.3,955.65,955.65,94131
ICICIBANK,2023-08-16T14:45:00+05:30,955.9,956.0,954.2,954.5,463846
ICICIBANK,2023-08-16T14:50:00+05:30,954.5,955.35,954.25,954.6,268515
ICICIBANK,2023-08-16T14:55:00+05:30,954.75,954.95,953.55,954.45,90656
ICICIBANK,2023-08-16T15:00:00+05:30,954.45,956.9,954.35,956.65,253365
ICICIBANK,2023-08-16T15:05:00+05:30,956.65,957.3,956.3,956.8,263870
ICICIBANK,2023-08-16T15:10:00+05:30,956.85,957.1,956.1,956.65,242615
ICICIBANK,2023-08-16T15:15:00+05:30,956.5,957.35,956.2,957.25,206224
ICICIBANK,2023-08-16T15:20:00+05:30,957.35,957.35,955.25,956.65,346214
ICICIBANK,2023-08-16T15:25:00+05:30,956.7,956.9,955.15,956.0,245720
ICICIBANK,2023-08-17T09:15:00+05:30,956.95,956.95,953.4,954.6,463715
ICICIBANK,2023-08-17T09:20:00+05:30,954.1,955.0,951.0,951.95,699799
ICICIBANK,2023-08-17T09:25:00+05:30,952.0,952.75,949.55,950.0,382061
ICICIBANK,2023-08-17T09:30:00+05:30,950.0,950.3,948.6,948.95,322275
ICICIBANK,2023-08-17T09:35:00+05:30,949.0,951.35,948.55,950.45,739173
ICICIBANK,2023-08-17T09:40:00+05:30,950.45,950.9,949.75,950.55,132144
ICICIBANK,2023-08-17T09:45:00+05:30,950.55,950.65,949.8,950.65,106011
ICICIBANK,2023-08-17T09:50:00+05:30,950.55,950.95,949.4,949.6,281434
ICICIBANK,2023-08-17T09:55:00+05:30,949.65,949.75,948.7,948.95,308915
ICICIBANK,2023-08-17T10:00:00+05:30,948.9,952.0,948.65,951.95,536219
ICICIBANK,2023-08-17T10:05:00+05:30,952.0,953.55,952.0,952.75,833756
ICICIBANK,2023-08-17T10:10:00+05:30,952.8,952.85,951.55,951.8,456216
ICICIBANK,2023-08-17T10:15:00+05:30,951.8,952.1,951.2,951.65,165963
ICICIBANK,2023-08-17T10:20:00+05:30,951.65,952.35,951.4,951.55,267201
ICICIBANK,2023-08-17T10:25:00+05:30,951.4,952.0,950.55,950.75,356852
ICICIBANK,2023-08-17T10:30:00+05:30,950.75,952.1,950.7,951.15,312197
ICICIBANK,2023-08-17T10:35:00+05:30,951.15,953.85,951.1,953.5,631238
ICICIBANK,2023-08-17T10:40:00+05:30,953.65,954.4,952.75,953.05,288372
ICICIBANK,2023-08-17T10:45:00+05:30,953.05,953.6,952.15,952.15,459449
ICICIBANK,2023-08-17T10:50:00+05:30,952.5,953.2,951.8,952.6,396898
ICICIBANK,2023-08-17T10:55:00+05:30,952.6,953.4,952.4,952.9,350693
ICICIBANK,2023-08-17T11:00:00+05:30,952.8,953.25,951.6,952.8,469563
ICICIBANK,2023-08-17T11:05:00+05:30,953.0,953.85,952.6,953.0,1389815
ICICIBANK,2023-08-17T11:10:00+05:30,953.0,953.3,952.5,953.05,530896
ICICIBANK,2023-08-17T11:15:00+05:30,952.8,952.95,951.1,952.0,446004
ICICIBANK,2023-08-17T11:20:00+05:30,952.05,952.45,950.8,951.8,225090
ICICIBANK,2023-08-17T11:25:00+05:30,951.85,952.0,951.0,951.65,218381
ICICIBANK,2023-08-17T11:30:00+05:30,951.65,951.95,951.0,951.5,185417
ICICIBANK,2023-08-17T11:35:00+05:30,951.55,951.9,951.0,951.05,137633
ICICIBANK,2023-08-17T11:40:00+05:30,951.05,952.45,950.55,952.3,498162
ICICIBANK,2023-08-17T11:45:00+05:30,952.3,952.8,951.1,951.65,347444
ICICIBANK,2023-08-17T11:50:00+05:30,951.65,952.15,950.55,950.8,248530
ICICIBANK,2023-08-17T11:55:00+05:30,950.65,951.8,950.2,951.05,188225
ICICIBANK,2023-08-17T12:00:00+05:30,950.75,951.95,950.0,950.7,253772
ICICIBANK,2023-08-17T12:05:00+05:30,950.85,951.7,950.0,950.0,304480
ICICIBANK,2023-08-17T12:10:00+05:30,950.05,950.55,949.4,950.5,312498
ICICIBANK,2023-08-17T12:15:00+05:30,950.5,950.85,949.6,950.35,120146
ICICIBANK,2023-08-17T12:20:00+05:30,950.35,950.85,949.65,950.0,193392
ICICIBANK,2023-08-17T12:25:00+05:30,950.1,950.35,949.05,950.0,138235
ICICIBANK,2023-08-17T12:30:00+05:30,950.0,950.85,949.65,949.95,119333
ICICIBANK,2023-08-17T12:35:00+05:30,949.9,950.0,948.35,949.2,290743
ICICIBANK,2023-08-17T12:40:00+05:30,949.2,949.5,948.4,948.55,343310
ICICIBANK,2023-08-17T12:45:00+05:30,948.55,949.85,947.7,949.65,375526
ICICIBANK,2023-08-17T12:50:00+05:30,949.65,949.95,946.5,946.9,571346
ICICIBANK,2023-08-17T12:55:00+05:30,946.8,948.25,946.65,948.2,287645
ICICIBANK,2023-08-17T13:00:00+05:30,948.0,949.6,948.0,949.35,188435
ICICIBANK,2023-08-17T13:05:00+05:30,949.3,949.6,948.6,949.25,103631
ICICIBANK,2023-08-17T13:10:00+05:30,949.05,949.6,948.7,948.9,125642
ICICIBANK,2023-08-17T13:15:00+05:30,948.9,949.9,948.45,949.2,152404
ICICIBANK,2023-08-17T13:20:00+05:30,949.3,949.4,948.2,949.15,245117
ICICIBANK,2023-08-17T13:25:00+05:30,949.2,950.0,949.15,949.75,189982
ICICIBANK,2023-08-17T13:30:00+05:30,949.75,950.0,948.95,949.85,194215
ICICIBANK,2023-08-17T13:35:00+05:30,949.85,950.0,949.2,949.55,199443
ICICIBANK,2023-08-17T13:40:00+05:30,949.55,950.0,949.35,950.0,142859
ICICIBANK,2023-08-17T13:45:00+05:30,950.0,950.0,949.3,949.4,77842
ICICIBANK,2023-08-17T13:50:00+05:30,949.4,950.0,948.65,948.75,211786
ICICIBANK,2023-08-17T13:55:00+05:30,948.75,950.0,948.6,949.0,203755
ICICIBANK,2023-08-17T14:00:00+05:30,949.0,949.0,948.05,948.65,252994
ICICIBANK,2023-08-17T14:05:00+05:30,948.8,948.9,947.4,947.7,186467
ICICIBANK,2023-08-17T14:10:00+05:30,947.7,949.5,947.45,948.95,304385
ICICIBANK,2023-08-17T14:15:00+05:30,949.1,949.7,947.95,948.55,191662
ICICIBANK,2023-08-17T14:20:00+05:30,948.55,949.2,948.2,948.45,124024
ICICIBANK,2023-08-17T14:25:00+05:30,948.45,948.7,947.65,948.05,201167
ICICIBANK,2023-08-17T14:30:00+05:30,948.1,949.5,947.85,949.5,242308
ICICIBANK,2023-08-17T14:35:00+05:30,949.5,949.95,948.6,948.9,545552
ICICIBANK,2023-08-17T14:40:00+05:30,948.9,950.8,948.65,949.15,626983
ICICIBANK,2023-08-17T14:45:00+05:30,949.05,951.0,949.05,950.45,149548
ICICIBANK,2023-08-17T14:50:00+05:30,950.8,951.75,949.55,949.7,888873
ICICIBANK,2023-08-17T14:55:00+05:30,949.85,952.95,949.5,952.85,715071
ICICIBANK,2023-08-17T15:00:00+05:30,952.85,953.55,950.0,950.0,707587
ICICIBANK,2023-08-17T15:05:00+05:30,950.05,953.6,949.55,953.2,1098371
ICICIBANK,2023-08-17T15:10:00+05:30,953.3,953.4,950.5,950.7,617616
ICICIBANK,2023-08-17T15:15:00+05:30,950.7,953.6,950.65,951.8,642344
ICICIBANK,2023-08-17T15:20:00+05:30,951.85,951.85,950.3,950.95,437975
ICICIBANK,2023-08-17T15:25:00+05:30,950.95,951.15,949.0,950.0,362992
ICICIBANK,2023-08-18T09:15:00+05:30,947.9,952.4,947.0,950.85,343549
HINDALCO,2023-08-01T09:15:00+05:30,465.0,468.8,464.1,468.8,715332
HINDALCO,2023-08-01T09:20:00+05:30,468.8,470.0,467.75,469.55,418562
HINDALCO,2023-08-01T09:25:00+05:30,469.7,471.5,468.75,469.0,465288
HINDALCO,2023-08-01T09:30:00+05:30,468.85,470.0,468.85,468.85,147611
HINDALCO,2023-08-01T09:35:00+05:30,468.65,468.75,466.3,468.55,392613
HINDALCO,2023-08-01T09:40:00+05:30,468.25,468.6,467.3,467.9,108790
HINDALCO,2023-08-01T09:45:00+05:30,468.05,468.5,466.5,466.85,127271
HINDALCO,2023-08-01T09:50:00+05:30,466.85,467.4,466.55,467.25,74367
HINDALCO,2023-08-01T09:55:00+05:30,467.35,467.6,466.9,466.95,64536
HINDALCO,2023-08-01T10:00:00+05:30,467.05,467.35,466.05,466.4,86823
HINDALCO,2023-08-01T10:05:00+05:30,466.55,466.9,465.8,465.8,88954
HINDALCO,2023-08-01T10:10:00+05:30,465.8,466.0,465.35,465.8,50856
HINDALCO,2023-08-01T10:15:00+05:30,465.9,466.6,465.8,466.25,76663
HINDALCO,2023-08-01T10:20:00+05:30,466.5,467.5,466.3,466.9,56471
HINDALCO,2023-08-01T10:25:00+05:30,467.0,467.0,465.35,465.6,38714
HINDALCO,2023-08-01T10:30:00+05:30,465.65,465.85,463.75,464.6,118437
HINDALCO,2023-08-01T10:35:00+05:30,464.55,464.55,463.65,463.8,73120
HINDALCO,2023-08-01T10:40:00+05:30,463.8,464.65,463.7,464.5,51485
HINDALCO,2023-08-01T10:45:00+05:30,464.6,464.8,463.0,464.05,79362
HINDALCO,2023-08-01T10:50:00+05:30,464.2,465.3,463.6,464.85,50131
HINDALCO,2023-08-01T10:55:00+05:30,464.9,465.1,464.3,464.4,42005
HINDALCO,2023-08-01T11:00:00+05:30,464.5,464.7,464.05,464.3,32541
HINDALCO,2023-08-01T11:05:00+05:30,464.35,464.5,463.65,464.1,54760
HINDALCO,2023-08-01T11:10:00+05:30,464.1,465.25,464.1,465.2,44546
HINDALCO,2023-08-01T11:15:00+05:30,465.25,466.4,465.05,466.4,51111
HINDALCO,2023-08-01T11:20:00+05:30,466.1,466.3,465.75,466.2,46788
HINDALCO,2023-08-01T11:25:00+05:30,466.3,466.3,465.9,466.1,20997
HINDALCO,2023-08-01T11:30:00+05:30,466.1,466.1,465.5,465.6,20865
HINDALCO,2023-08-01T11:35:00+05:30,465.35,465.5,464.7,464.9,30078
HINDALCO,2023-08-01T11:40:00+05:30,464.95,465.7,464.5,465.2,19431
HINDALCO,2023-08-01T11:45:00+05:30,465.35,465.35,464.75,464.85,17382
HINDALCO,2023-08-01T11:50:00+05:30,464.8,464.8,463.85,463.95,76571
HINDALCO,2023-08-01T11:55:00+05:30,464.0,464.0,463.3,463.85,49737
HINDALCO,2023-08-01T12:00:00+05:30,463.85,464.0,463.6,464.0,15875
HINDALCO,2023-08-01T12:05:00+05:30,463.95,464.05,463.0,463.35,53158
HINDALCO,2023-08-01T12:10:00+05:30,463.25,463.65,463.1,463.45,56214
HINDALCO,2023-08-01T12:15:00+05:30,463.4,463.6,462.3,463.2,69326
HINDALCO,2023-08-01T12:20:00+05:30,463.0,463.15,462.5,462.6,35026
HINDALCO,2023-08-01T12:25:00+05:30,462.6,462.8,462.1,462.35,66038
HINDALCO,2023-08-01T12:30:00+05:30,462.3,462.8,462.3,462.75,115849
HINDALCO,2023-08-01T12:35:00+05:30,462.65,462.85,462.25,462.55,70093
HINDALCO,2023-08-01T12:40:00+05:30,462.55,463.5,462.25,463.5,203033
HINDALCO,2023-08-01T12:45:00+05:30,463.45,464.7,463.45,464.35,68266
HINDALCO,2023-08-01T12:50:00+05:30,464.5,464.5,463.4,464.2,172981
HINDALCO,2023-08-01T12:55:00+05:30,464.15,464.75,463.95,464.0,106742
HINDALCO,2023-08-01T13:00:00+05:30,464.0,464.0,463.4,464.0,73007
HINDALCO,2023-08-01T13:05:00+05:30,463.95,465.25,463.95,465.2,44153
HINDALCO,2023-08-01T13:10:00+05:30,465.05,466.0,464.65,465.95,72481
HINDALCO,2023-08-01T13:15:00+05:30,465.9,465.9,465.15,465.15,31104
HINDALCO,2023-08-01T13:20:00+05:30,465.15,465.7,464.9,465.65,37093
HINDALCO,2023-08-01T13:25:00+05:30,465.6,465.95,465.55,465.8,15426
HINDALCO,2023-08-01T13:30:00+05:30,465.8,465.9,465.4,465.45,22907
HINDALCO,2023-08-01T13:35:00+05:30,465.45,465.85,465.35,465.75,21502
HINDALCO,2023-08-01T13:40:00+05:30,465.8,465.9,465.2,465.4,25350
HINDALCO,2023-08-01T13:45:00+05:30,465.4,466.2,465.25,466.0,42810
HINDALCO,2023-08-01T13:50:00+05:30,465.95,466.1,465.1,465.75,23591
HINDALCO,2023-08-01T13:55:00+05:30,465.55,465.55,464.75,464.8,40558
HINDALCO,2023-08-01T14:00:00+05:30,464.75,465.5,464.6,465.5,40067
HINDALCO,2023-08-01T14:05:00+05:30,465.45,466.0,465.4,465.95,24376
HINDALCO,2023-08-01T14:10:00+05:30,465.95,466.45,465.9,466.2,36670
HINDALCO,2023-08-01T14:15:00+05:30,466.2,466.4,466.1,466.25,15676
HINDALCO,2023-08-01T14:20:00+05:30,466.1,466.4,466.1,466.4,18155
HINDALCO,2023-08-01T14:25:00+05:30,466.35,466.95,466.3,466.8,34277
HINDALCO,2023-08-01T14:30:00+05:30,466.75,466.75,465.9,466.0,18263
HINDALCO,2023-08-01T14:35:00+05:30,465.95,466.05,465.2,465.5,20011
HINDALCO,2023-08-01T14:40:00+05:30,465.55,465.55,465.15,465.25,9112
HINDALCO,2023-08-01T14:45:00+05:30,465.2,465.4,464.95,465.0,23113
HINDALCO,2023-08-01T14:50:00+05:30,465.0,465.15,464.2,464.2,29987
HINDALCO,2023-08-01T14:55:00+05:30,464.2,464.75,464.15,464.7,25585
HINDALCO,2023-08-01T15:00:00+05:30,464.7,465.3,463.85,464.3,93338
HINDALCO,2023-08-01T15:05:00+05:30,464.3,465.1,464.0,464.75,55909
HINDALCO,2023-08-01T15:10:00+05:30,464.8,464.95,464.5,464.75,84083
HINDALCO,2023-08-01T15:15:00+05:30,464.9,464.9,463.9,463.9,141776
HINDALCO,2023-08-01T15:20:00+05:30,464.0,464.0,463.1,463.1,177274
HINDALCO,2023-08-01T15:25:00+05:30,463.1,463.95,463.05,463.9,98559
HINDALCO,2023-08-02T09:15:00+05:30,460.0,460.0,456.05,456.85,279693
HINDALCO,2023-08-02T09:20:00+05:30,456.9,457.85,456.0,457.15,212021
HINDALCO,2023-08-02T09:25:00+05:30,457.15,457.35,455.8,456.75,186490
HINDALCO,2023-08-02T09:30:00+05:30,456.7,458.0,456.15,457.85,107130
HINDALCO,2023-08-02T09:35:00+05:30,457.8,457.8,456.65,457.5,67244
HINDALCO,2023-08-02T09:40:00+05:30,457.55,457.75,456.75,457.2,42879
HINDALCO,2023-08-02T09:45:00+05:30,457.2,458.45,457.2,458.4,93507
HINDALCO,2023-08-02T09:50:00+05:30,458.4,458.6,458.05,458.6,45685
HINDALCO,2023-08-02T09:55:00+05:30,458.35,459.4,458.05,458.7,93661
HINDALCO,2023-08-02T10:00:00+05:30,458.6,458.75,457.8,458.45,45503
HINDALCO,2023-08-02T10:05:00+05:30,458.25,458.35,457.5,457.55,25719
HINDALCO,2023-08-02T10:10:00+05:30,457.85,458.5,457.6,458.0,23832
HINDALCO,2023-08-02T10:15:00+05:30,457.95,458.5,457.75,458.5,44435
HINDALCO,2023-08-02T10:20:00+05:30,458.35,461.2,458.3,460.65,182616
HINDALCO,2023-08-02T10:25:00+05:30,460.7,460.7,459.5,459.95,61192
HINDALCO,2023-08-02T10:30:00+05:30,460.0,460.1,458.75,459.8,73499
HINDALCO,2023-08-02T10:35:00+05:30,459.85,460.15,459.0,459.4,44095
HINDALCO,2023-08-02T10:40:00+05:30,459.5,460.15,459.15,459.7,43245
HINDALCO,2023-08-02T10:45:00+05:30,459.7,460.15,459.05,459.8,58334
HINDALCO,2023-08-02T10:50:00+05:30,459.65,459.95,459.45,459.6,37272
HINDALCO,2023-08-02T10:55:00+05:30,459.6,459.6,458.55,459.5,50748
HINDALCO,2023-08-02T11:00:00+05:30,459.5,459.7,458.2,458.45,47185
HINDALCO,2023-08-02T11:05:00+05:30,458.3,458.75,457.3,457.8,126744
HINDALCO,2023-08-02T11:10:00+05:30,457.65,457.9,456.8,457.15,108150
HINDALCO,2023-08-02T11:15:00+05:30,457.15,457.15,456.5,456.8,70064
HINDALCO,2023-08-02T11:20:00+05:30,456.8,457.65,456.65,457.55,46025
HINDALCO,2023-08-02T11:25:00+05:30,457.7,458.05,457.45,457.7,30709
HINDALCO,2023-08-02T11:30:00+05:30,457.8,457.8,456.7,456.9,32957
HINDALCO,2023-08-02T11:35:00+05:30,457.0,457.05,455.65,456.05,127696
HINDALCO,2023-08-02T11:40:00+05:30,456.1,457.15,456.0,457.15,48424
HINDALCO,2023-08-02T11:45:00+05:30,457.1,457.1,456.5,456.7,24161
HINDALCO,2023-08-02T11:50:00+05:30,456.8,456.8,456.25,456.4,33936
HINDALCO,2023-08-02T11:55:00+05:30,456.4,456.75,456.15,456.6,16434
HINDALCO,2023-08-02T12:00:00+05:30,456.75,456.75,455.75,456.5,31967
HINDALCO,2023-08-02T12:05:00+05:30,456.5,456.75,456.25,456.6,22304
HINDALCO,2023-08-02T12:10:00+05:30,456.6,456.75,456.3,456.45,17597
HINDALCO,2023-08-02T12:15:00+05:30,456.5,456.95,456.0,456.15,47677
HINDALCO,2023-08-02T12:20:00+05:30,456.25,456.7,456.25,456.65,21313
HINDALCO,2023-08-02T12:25:00+05:30,456.7,456.95,456.55,456.9,13222
HINDALCO,2023-08-02T12:30:00+05:30,456.8,456.9,456.0,456.15,34365
HINDALCO,2023-08-02T12:35:00+05:30,456.4,457.4,456.25,457.3,27419
HINDALCO,2023-08-02T12:40:00+05:30,457.3,457.75,457.05,457.55,25641
HINDALCO,2023-08-02T12:45:00+05:30,457.55,457.8,457.35,457.8,16359
HINDALCO,2023-08-02T12:50:00+05:30,457.8,457.8,456.15,456.2,30500
HINDALCO,2023-08-02T12:55:00+05:30,456.25,456.4,455.85,456.05,85930
HINDALCO,2023-08-02T13:00:00+05:30,456.1,456.5,456.0,456.1,45964
HINDALCO,2023-08-02T13:05:00+05:30,456.15,457.0,455.95,456.8,76338
HINDALCO,2023-08-02T13:10:00+05:30,456.85,457.25,456.45,456.55,24747
HINDALCO,2023-08-02T13:15:00+05:30,456.4,456.7,455.85,456.45,63179
HINDALCO,2023-08-02T13:20:00+05:30,456.4,456.5,454.25,454.9,279233
HINDALCO,2023-08-02T13:25:00+05:30,454.95,455.65,454.45,454.85,66252
HINDALCO,2023-08-02T13:30:00+05:30,454.9,455.2,454.2,454.45,43521
HINDALCO,2023-08-02T13:35:00+05:30,454.1,454.35,453.65,454.0,201511
HINDALCO,2023-08-02T13:40:00+05:30,454.0,454.05,453.1,453.85,263113
HINDALCO,2023-08-02T13:45:00+05:30,453.85,453.9,450.5,451.95,402699
HINDALCO,2023-08-02T13:50:00+05:30,452.1,453.65,451.85,453.65,92578
HINDALCO,2023-08-02T13:55:00+05:30,453.55,453.9,452.6,453.1,38899
HINDALCO,2023-08-02T14:00:00+05:30,453.05,453.15,452.15,452.3,29738
HINDALCO,2023-08-02T14:05:00+05:30,452.35,452.55,451.75,451.8,49831
HINDALCO,2023-08-02T14:10:00+05:30,451.8,451.95,450.3,450.95,110709
HINDALCO,2023-08-02T14:15:00+05:30,450.9,450.95,450.2,450.4,71534
HINDALCO,2023-08-02T14:20:00+05:30,450.5,451.0,450.3,451.0,39188
HINDALCO,2023-08-02T14:25:00+05:30,451.0,451.6,451.0,451.6,33868
HINDALCO,2023-08-02T14:30:00+05:30,451.6,452.2,450.3,450.5,72183
HINDALCO,2023-08-02T14:35:00+05:30,450.45,451.75,450.0,451.5,202954
HINDALCO,2023-08-02T14:40:00+05:30,451.5,451.95,451.0,451.7,68848
HINDALCO,2023-08-02T14:45:00+05:30,451.65,452.2,451.6,452.15,27503
HINDALCO,2023-08-02T14:50:00+05:30,452.1,452.25,451.9,452.2,26431
HINDALCO,2023-08-02T14:55:00+05:30,452.2,453.0,452.2,452.95,41316
HINDALCO,2023-08-02T15:00:00+05:30,453.15,454.85,453.15,454.6,95049
HINDALCO,2023-08-02T15:05:00+05:30,454.7,454.75,453.95,454.05,87442
HINDALCO,2023-08-02T15:10:00+05:30,454.2,455.1,454.2,455.1,86031
HINDALCO,2023-08-02T15:15:00+05:30,455.05,455.45,454.7,455.45,118755
HINDALCO,2023-08-02T15:20:00+05:30,455.45,455.6,453.55,453.55,176242
HINDALCO,2023-08-02T15:25:00+05:30,453.75,453.9,452.0,453.15,115905
HINDALCO,2023-08-03T09:15:00+05:30,450.0,451.3,448.3,450.35,173388
HINDALCO,2023-08-03T09:20:00+05:30,450.35,451.75,450.25,451.15,88680
HINDALCO,2023-08-03T09:25:00+05:30,451.4,451.6,448.65,449.35,143501
HINDALCO,2023-08-03T09:30:00+05:30,449.3,449.7,446.05,446.95,194862
HINDALCO,2023-08-03T09:35:00+05:30,446.95,447.55,445.7,447.0,243014
HINDALCO,2023-08-03T09:40:00+05:30,446.75,448.75,446.5,448.55,67386
HINDALCO,2023-08-03T09:45:00+05:30,448.6,449.45,447.55,448.7,63066
HINDALCO,2023-08-03T09:50:00+05:30,448.3,448.95,447.75,448.75,56532
HINDALCO,2023-08-03T09:55:00+05:30,448.65,448.95,447.0,447.35,101179
HINDALCO,2023-08-03T10:00:00+05:30,447.3,448.4,446.45,448.25,49842
HINDALCO,2023-08-03T10:05:00+05:30,448.3,449.45,448.05,448.8,60305
HINDALCO,2023-08-03T10:10:00+05:30,448.7,450.25,448.7,450.15,72792
HINDALCO,2023-08-03T10:15:00+05:30,450.2,450.5,448.5,449.6,80375
HINDALCO,2023-08-03T10:20:00+05:30,449.4,449.65,448.95,449.15,20573
HINDALCO,2023-08-03T10:25:00+05:30,449.15,449.15,448.25,448.8,40502
HINDALCO,2023-08-03T10:30:00+05:30,448.6,450.0,448.6,449.3,41213
HINDALCO,2023-08-03T10:35:00+05:30,449.55,449.9,448.8,449.65,35549
HINDALCO,2023-08-03T10:40:00+05:30,449.65,451.0,449.6,450.3,62505
HINDALCO,2023-08-03T10:45:00+05:30,450.3,450.45,449.6,449.7,23063
HINDALCO,2023-08-03T10:50:00+05:30,449.65,450.9,449.65,450.85,34765
HINDALCO,2023-08-03T10:55:00+05:30,450.8,451.95,450.8,451.55,51089
HINDALCO,2023-08-03T11:00:00+05:30,451.6,452.8,451.55,452.8,71346
HINDALCO,2023-08-03T11:05:00+05:30,452.7,453.3,452.4,453.25,75813
HINDALCO,2023-08-03T11:10:00+05:30,453.25,453.45,452.4,452.8,36778
HINDALCO,2023-08-03T11:15:00+05:30,452.6,452.75,451.8,452.3,29680
HINDALCO,2023-08-03T11:20:00+05:30,452.4,452.55,451.8,452.0,19501
HINDALCO,2023-08-03T11:25:00+05:30,452.1,452.1,450.0,450.3,48732
HINDALCO,2023-08-03T11:30:00+05:30,450.3,450.8,449.7,450.05,40498
HINDALCO,2023-08-03T11:35:00+05:30,449.95,450.45,449.65,450.4,20741
HINDALCO,2023-08-03T11:40:00+05:30,450.4,450.65,449.9,450.25,18173
HINDALCO,2023-08-03T11:45:00+05:30,450.2,450.2,449.05,449.45,31000
HINDALCO,2023-08-03T11:50:00+05:30,449.45,449.9,448.5,449.9,27450
HINDALCO,2023-08-03T11:55:00+05:30,449.7,449.7,449.0,449.0,24136
HINDALCO,2023-08-03T12:00:00+05:30,449.05,449.5,448.55,448.65,21452
HINDALCO,2023-08-03T12:05:00+05:30,448.65,448.85,448.35,448.6,21404
HINDALCO,2023-08-03T12:10:00+05:30,448.55,448.8,448.05,448.15,22653
HINDALCO,2023-08-03T12:15:00+05:30,448.1,448.9,448.0,448.75,27006
HINDALCO,2023-08-03T12:20:00+05:30,448.75,448.75,447.65,447.85,32746
HINDALCO,2023-08-03T12:25:00+05:30,447.8,448.0,447.2,447.7,30164
HINDALCO,2023-08-03T12:30:00+05:30,447.75,448.45,447.7,448.05,25162
HINDALCO,2023-08-03T12:35:00+05:30,448.0,448.3,447.65,447.7,31474
HINDALCO,2023-08-03T12:40:00+05:30,447.55,448.5,447.5,447.65,27886
HINDALCO,2023-08-03T12:45:00+05:30,447.65,447.9,447.35,447.7,17710
HINDALCO,2023-08-03T12:50:00+05:30,447.8,448.3,446.8,447.1,37490
HINDALCO,2023-08-03T12:55:00+05:30,447.2,447.25,446.05,446.8,30157
HINDALCO,2023-08-03T13:00:00+05:30,446.9,446.9,446.1,446.2,21765
HINDALCO,2023-08-03T13:05:00+05:30,446.2,446.4,445.15,445.3,91630
HINDALCO,2023-08-03T13:10:00+05:30,445.25,446.35,445.2,446.35,25066
HINDALCO,2023-08-03T13:15:00+05:30,446.35,447.1,445.65,445.65,20287
HINDALCO,2023-08-03T13:20:00+05:30,445.75,446.25,445.7,446.0,14621
HINDALCO,2023-08-03T13:25:00+05:30,446.0,446.85,445.6,445.75,19134
HINDALCO,2023-08-03T13:30:00+05:30,445.65,446.65,445.65,446.5,30823
HINDALCO,2023-08-03T13:35:00+05:30,446.5,448.0,446.45,447.7,38287
HINDALCO,2023-08-03T13:40:00+05:30,447.75,448.0,447.1,447.2,15759
HINDALCO,2023-08-03T13:45:00+05:30,447.25,447.6,446.9,447.3,21795
HINDALCO,2023-08-03T13:50:00+05:30,447.4,448.5,447.15,448.15,36583
HINDALCO,2023-08-03T13:55:00+05:30,448.1,448.4,447.45,447.65,23736
HINDALCO,2023-08-03T14:00:00+05:30,447.65,448.8,447.55,448.4,33415
HINDALCO,2023-08-03T14:05:00+05:30,448.35,448.5,447.2,447.7,31331
HINDALCO,2023-08-03T14:10:00+05:30,447.65,449.0,447.65,448.9,53934
HINDALCO,2023-08-03T14:15:00+05:30,448.85,449.45,448.35,448.9,76108
HINDALCO,2023-08-03T14:20:00+05:30,449.0,449.85,448.65,448.85,34625
HINDALCO,2023-08-03T14:25:00+05:30,448.95,449.55,448.65,449.3,30002
HINDALCO,2023-08-03T14:30:00+05:30,449.4,449.5,448.15,448.75,28526
HINDALCO,2023-08-03T14:35:00+05:30,449.0,449.3,448.65,449.15,23180
HINDALCO,2023-08-03T14:40:00+05:30,449.15,449.5,448.1,448.15,47523
HINDALCO,2023-08-03T14:45:00+05:30,448.2,448.9,447.5,447.6,27498
HINDALCO,2023-08-03T14:50:00+05:30,447.6,447.95,447.25,447.7,33564
HINDALCO,2023-08-03T14:55:00+05:30,447.8,449.35,447.8,449.05,32983
HINDALCO,2023-08-03T15:00:00+05:30,449.3,450.9,448.8,450.85,97643
HINDALCO,2023-08-03T15:05:00+05:30,450.85,451.1,450.2,450.85,79797
HINDALCO,2023-08-03T15:10:00+05:30,450.9,453.2,450.45,453.2,144470
HINDALCO,2023-08-03T15:15:00+05:30,453.1,456.3,453.1,456.15,169113
HINDALCO,2023-08-03T15:20:00+05:30,455.95,456.7,454.95,455.15,167959
HINDALCO,2023-08-03T15:25:00+05:30,455.15,458.5,455.0,457.2,68277
HINDALCO,2023-08-04T09:15:00+05:30,464.0,466.0,461.5,463.0,685399
HINDALCO,2023-08-04T09:20:00+05:30,463.05,465.15,461.1,462.35,721600
HINDALCO,2023-08-04T09:25:00+05:30,462.3,465.2,461.45,465.1,445044
HINDALCO,2023-08-04T09:30:00+05:30,465.2,465.3,463.4,464.75,220977
HINDALCO,2023-08-04T09:35:00+05:30,464.7,465.0,462.15,462.45,214172
HINDALCO,2023-08-04T09:40:00+05:30,462.3,463.8,461.5,462.35,164689
HINDALCO,2023-08-04T09:45:00+05:30,462.35,463.4,461.85,461.95,79158
HINDALCO,2023-08-04T09:50:00+05:30,461.5,461.5,460.25,460.25,200426
HINDALCO,2023-08-04T09:55:00+05:30,459.75,460.9,459.35,459.5,206501
HINDALCO,2023-08-04T10:00:00+05:30,459.5,459.75,458.0,459.5,310609
HINDALCO,2023-08-04T10:05:00+05:30,459.5,459.6,458.65,459.0,89883
HINDALCO,2023-08-04T10:10:00+05:30,458.95,459.5,457.3,457.65,227636
HINDALCO,2023-08-04T10:15:00+05:30,457.8,458.45,457.3,457.9,59754
HINDALCO,2023-08-04T10:20:00+05:30,457.6,458.6,456.6,457.0,319044
HINDALCO,2023-08-04T10:25:00+05:30,456.95,458.4,455.9,458.15,231636
HINDALCO,2023-08-04T10:30:00+05:30,457.95,457.95,456.3,456.5,114329
HINDALCO,2023-08-04T10:35:00+05:30,456.4,456.65,455.7,455.8,145055
HINDALCO,2023-08-04T10:40:00+05:30,455.9,457.15,455.45,456.45,175589
HINDALCO,2023-08-04T10:45:00+05:30,456.5,456.6,455.75,455.95,85014
HINDALCO,2023-08-04T10:50:00+05:30,456.0,456.45,455.8,455.9,104232
HINDALCO,2023-08-04T10:55:00+05:30,456.0,457.25,455.85,456.5,150484
HINDALCO,2023-08-04T11:00:00+05:30,456.5,456.75,455.8,456.0,34349
HINDALCO,2023-08-04T11:05:00+05:30,455.8,455.95,454.7,454.9,99743
HINDALCO,2023-08-04T11:10:00+05:30,454.9,455.3,453.9,454.95,81374
HINDALCO,2023-08-04T11:15:00+05:30,454.8,455.75,454.75,455.6,32531
HINDALCO,2023-08-04T11:20:00+05:30,455.75,456.5,455.55,456.35,68714
HINDALCO,2023-08-04T11:25:00+05:30,456.35,456.95,455.6,456.5,72757
HINDALCO,2023-08-04T11:30:00+05:30,456.35,456.5,454.8,455.95,191236
HINDALCO,2023-08-04T11:35:00+05:30,455.9,456.1,455.1,455.95,48704
HINDALCO,2023-08-04T11:40:00+05:30,455.9,457.8,455.9,457.8,91055
HINDALCO,2023-08-04T11:45:00+05:30,457.8,459.3,457.75,458.75,106852
HINDALCO,2023-08-04T11:50:00+05:30,458.7,459.65,458.55,459.45,50355
HINDALCO,2023-08-04T11:55:00+05:30,459.4,461.0,459.3,460.95,85552
HINDALCO,2023-08-04T12:00:00+05:30,460.95,461.3,460.15,461.0,58015
HINDALCO,2023-08-04T12:05:00+05:30,461.15,461.45,460.85,461.1,48946
HINDALCO,2023-08-04T12:10:00+05:30,461.1,461.9,460.9,461.55,53197
HINDALCO,2023-08-04T12:15:00+05:30,461.9,462.5,460.8,461.95,84325
HINDALCO,2023-08-04T12:20:00+05:30,461.95,461.95,461.05,461.15,47565
HINDALCO,2023-08-04T12:25:00+05:30,461.15,461.9,460.55,461.75,44558
HINDALCO,2023-08-04T12:30:00+05:30,461.7,461.8,460.95,460.95,20453
HINDALCO,2023-08-04T12:35:00+05:30,460.95,461.1,460.2,460.8,19286
HINDALCO,2023-08-04T12:40:00+05:30,460.8,460.8,460.0,460.25,22657
HINDALCO,2023-08-04T12:45:00+05:30,460.2,461.0,460.0,460.9,20257
HINDALCO,2023-08-04T12:50:00+05:30,460.7,460.85,459.35,459.7,41408
HINDALCO,2023-08-04T12:55:00+05:30,459.7,459.7,459.0,459.65,62566
HINDALCO,2023-08-04T13:00:00+05:30,459.6,459.8,459.4,459.4,17795
HINDALCO,2023-08-04T13:05:00+05:30,459.5,459.55,459.0,459.45,31491
HINDALCO,2023-08-04T13:10:00+05:30,459.5,459.75,459.1,459.5,39497
HINDALCO,2023-08-04T13:15:00+05:30,459.5,459.8,459.0,459.65,22482
HINDALCO,2023-08-04T13:20:00+05:30,459.7,459.7,458.6,458.85,24113
HINDALCO,2023-08-04T13:25:00+05:30,458.85,459.45,458.65,459.45,25568
HINDALCO,2023-08-04T13:30:00+05:30,459.5,459.7,458.1,458.55,54460
HINDALCO,2023-08-04T13:35:00+05:30,458.55,459.55,457.85,459.25,47270
HINDALCO,2023-08-04T13:40:00+05:30,459.35,459.65,458.85,459.2,14047
HINDALCO,2023-08-04T13:45:00+05:30,459.35,460.0,459.05,459.7,33133
HINDALCO,2023-08-04T13:50:00+05:30,459.7,459.95,459.0,459.0,23205
HINDALCO,2023-08-04T13:55:00+05:30,459.1,459.6,458.3,458.5,18815
HINDALCO,2023-08-04T14:00:00+05:30,458.45,458.5,457.35,458.35,29596
HINDALCO,2023-08-04T14:05:00+05:30,458.2,458.55,457.7,457.7,28851
HINDALCO,2023-08-04T14:10:00+05:30,457.75,458.5,457.55,458.5,21798
HINDALCO,2023-08-04T14:15:00+05:30,458.5,459.1,458.4,459.05,26021
HINDALCO,2023-08-04T14:20:00+05:30,459.05,459.65,459.0,459.25,17064
HINDALCO,2023-08-04T14:25:00+05:30,459.2,459.65,458.55,459.5,23488
HINDALCO,2023-08-04T14:30:00+05:30,459.55,459.6,458.7,458.95,14934
HINDALCO,2023-08-04T14:35:00+05:30,458.95,459.0,458.5,458.85,10135
HINDALCO,2023-08-04T14:40:00+05:30,458.85,459.5,458.6,458.75,18326
HINDALCO,2023-08-04T14:45:00+05:30,458.75,459.0,458.0,458.2,35596
HINDALCO,2023-08-04T14:50:00+05:30,458.25,458.35,457.4,457.85,26857
HINDALCO,2023-08-04T14:55:00+05:30,457.85,457.85,456.5,457.45,66390
HINDALCO,2023-08-04T15:00:00+05:30,457.45,458.4,456.15,456.35,53915
HINDALCO,2023-08-04T15:05:00+05:30,456.5,457.85,456.4,457.5,52747
HINDALCO,2023-08-04T15:10:00+05:30,457.7,457.7,456.4,457.15,74906
HINDALCO,2023-08-04T15:15:00+05:30,457.05,457.2,456.5,456.8,74655
HINDALCO,2023-08-04T15:20:00+05:30,456.75,457.55,456.4,457.0,88656
HINDALCO,2023-08-04T15:25:00+05:30,456.95,457.5,456.2,457.1,57150
HINDALCO,2023-08-07T09:15:00+05:30,459.2,464.4,459.2,464.05,185193
HINDALCO,2023-08-07T09:20:00+05:30,463.6,464.15,461.55,463.0,153205
HINDALCO,2023-08-07T09:25:00+05:30,463.0,464.8,463.0,464.4,128437
HINDALCO,2023-08-07T09:30:00+05:30,464.35,464.55,462.65,463.55,92787
HINDALCO,2023-08-07T09:35:00+05:30,463.55,463.75,462.0,462.2,82880
HINDALCO,2023-08-07T09:40:00+05:30,462.2,462.75,460.9,462.6,110021
HINDALCO,2023-08-07T09:45:00+05:30,462.4,462.7,460.9,460.95,76799
HINDALCO,2023-08-07T09:50:00+05:30,461.35,461.35,460.5,460.95,70824
HINDALCO,2023-08-07T09:55:00+05:30,461.0,461.1,460.7,460.95,34640
HINDALCO,2023-08-07T10:00:00+05:30,461.0,461.0,460.0,460.35,42904
HINDALCO,2023-08-07T10:05:00+05:30,460.35,460.95,460.35,460.5,22409
HINDALCO,2023-08-07T10:10:00+05:30,460.4,461.0,459.6,460.05,48944
HINDALCO,2023-08-07T10:15:00+05:30,460.05,461.0,460.05,461.0,21466
HINDALCO,2023-08-07T10:20:00+05:30,460.95,462.15,460.95,461.5,49790
HINDALCO,2023-08-07T10:25:00+05:30,461.5,463.0,461.5,462.6,51784
HINDALCO,2023-08-07T10:30:00+05:30,462.5,462.85,462.15,462.4,22616
HINDALCO,2023-08-07T10:35:00+05:30,462.35,463.65,462.3,463.55,30886
HINDALCO,2023-08-07T10:40:00+05:30,463.7,464.35,463.25,463.9,53205
HINDALCO,2023-08-07T10:45:00+05:30,464.0,464.4,463.65,463.75,32102
HINDALCO,2023-08-07T10:50:00+05:30,463.65,463.65,462.7,462.9,24839
HINDALCO,2023-08-07T10:55:00+05:30,462.7,463.45,462.25,463.05,44577
HINDALCO,2023-08-07T11:00:00+05:30,463.05,463.35,462.45,462.9,23060
HINDALCO,2023-08-07T11:05:00+05:30,462.9,463.1,461.8,462.45,48397
HINDALCO,2023-08-07T11:10:00+05:30,462.7,463.25,462.1,462.15,79959
HINDALCO,2023-08-07T11:15:00+05:30,462.1,462.9,462.0,462.9,16002
HINDALCO,2023-08-07T11:20:00+05:30,462.8,463.5,462.8,463.5,22420
HINDALCO,2023-08-07T11:25:00+05:30,463.6,463.6,463.1,463.45,20800
HINDALCO,2023-08-07T11:30:00+05:30,463.45,463.45,462.2,462.2,30881
HINDALCO,2023-08-07T11:35:00+05:30,462.2,462.8,461.8,462.65,27832
HINDALCO,2023-08-07T11:40:00+05:30,462.65,463.45,462.5,463.25,22015
HINDALCO,2023-08-07T11:45:00+05:30,463.25,463.4,463.15,463.35,8331
HINDALCO,2023-08-07T11:50:00+05:30,463.25,463.4,463.1,463.4,11978
HINDALCO,2023-08-07T11:55:00+05:30,463.35,463.5,463.15,463.5,15697
HINDALCO,2023-08-07T12:00:00+05:30,463.6,463.75,463.5,463.6,22954
HINDALCO,2023-08-07T12:05:00+05:30,463.6,463.75,463.25,463.6,17320
HINDALCO,2023-08-07T12:10:00+05:30,463.5,463.55,462.9,463.2,15742
HINDALCO,2023-08-07T12:15:00+05:30,463.2,463.7,463.15,463.65,19137
HINDALCO,2023-08-07T12:20:00+05:30,463.65,466.0,463.5,465.45,139301
HINDALCO,2023-08-07T12:25:00+05:30,465.6,465.6,464.5,464.9,56593
HINDALCO,2023-08-07T12:30:00+05:30,464.9,465.3,464.25,464.45,36411
HINDALCO,2023-08-07T12:35:00+05:30,464.4,464.65,464.3,464.65,14247
HINDALCO,2023-08-07T12:40:00+05:30,464.7,464.7,463.75,464.5,27888
HINDALCO,2023-08-07T12:45:00+05:30,464.6,466.25,464.5,466.0,102529
HINDALCO,2023-08-07T12:50:00+05:30,465.95,466.1,465.5,465.65,46674
HINDALCO,2023-08-07T12:55:00+05:30,465.5,465.7,465.0,465.1,22338
HINDALCO,2023-08-07T13:00:00+05:30,465.0,466.0,464.9,465.55,48729
HINDALCO,2023-08-07T13:05:00+05:30,465.55,466.2,465.2,466.2,52296
HINDALCO,2023-08-07T13:10:00+05:30,466.5,467.35,465.7,466.1,136165
HINDALCO,2023-08-07T13:15:00+05:30,466.1,466.4,465.9,466.15,28520
HINDALCO,2023-08-07T13:20:00+05:30,466.2,466.35,465.85,465.85,19005
HINDALCO,2023-08-07T13:25:00+05:30,465.85,466.45,465.85,466.4,21902
HINDALCO,2023-08-07T13:30:00+05:30,466.35,466.45,465.1,465.55,51946
HINDALCO,2023-08-07T13:35:00+05:30,465.55,465.95,465.45,465.7,21140
HINDALCO,2023-08-07T13:40:00+05:30,465.7,465.85,465.15,465.8,22887
HINDALCO,2023-08-07T13:45:00+05:30,465.75,465.9,465.4,465.6,20985
HINDALCO,2023-08-07T13:50:00+05:30,465.65,465.65,464.3,464.95,43239
HINDALCO,2023-08-07T13:55:00+05:30,464.9,465.4,464.55,464.65,125713
HINDALCO,2023-08-07T14:00:00+05:30,464.65,465.55,464.65,465.3,23187
HINDALCO,2023-08-07T14:05:00+05:30,465.3,465.9,464.85,464.85,33467
HINDALCO,2023-08-07T14:10:00+05:30,464.95,465.3,464.7,465.0,23136
HINDALCO,2023-08-07T14:15:00+05:30,465.0,465.4,464.0,464.6,43917
HINDALCO,2023-08-07T14:20:00+05:30,464.6,465.2,464.55,464.75,28340
HINDALCO,2023-08-07T14:25:00+05:30,464.6,465.3,464.35,465.25,27435
HINDALCO,2023-08-07T14:30:00+05:30,465.3,465.55,464.55,464.8,29269
HINDALCO,2023-08-07T14:35:00+05:30,464.8,464.85,464.4,464.8,26410
HINDALCO,2023-08-07T14:40:00+05:30,464.8,465.0,464.4,464.95,25758
HINDALCO,2023-08-07T14:45:00+05:30,464.9,465.45,464.7,464.8,34292
HINDALCO,2023-08-07T14:50:00+05:30,464.9,464.9,464.3,464.8,73913
HINDALCO,2023-08-07T14:55:00+05:30,464.8,465.0,464.35,464.7,32215
HINDALCO,2023-08-07T15:00:00+05:30,464.85,465.4,464.65,465.3,61984
HINDALCO,2023-08-07T15:05:00+05:30,465.3,465.5,465.1,465.3,57921
HINDALCO,2023-08-07T15:10:00+05:30,465.3,465.45,464.3,464.7,89126
HINDALCO,2023-08-07T15:15:00+05:30,464.7,465.0,464.5,464.9,146181
HINDALCO,2023-08-07T15:20:00+05:30,464.9,465.35,464.1,464.15,138446
HINDALCO,2023-08-07T15:25:00+05:30,464.15,464.7,463.25,464.15,42571
HINDALCO,2023-08-08T09:15:00+05:30,464.85,466.6,462.5,464.75,176370
HINDALCO,2023-08-08T09:20:00+05:30,464.95,465.25,463.75,464.4,144697
HINDALCO,2023-08-08T09:25:00+05:30,464.3,466.0,464.3,466.0,97194
HINDALCO,2023-08-08T09:30:00+05:30,466.0,467.25,465.25,465.9,107616
HINDALCO,2023-08-08T09:35:00+05:30,466.0,466.0,464.85,465.6,85086
HINDALCO,2023-08-08T09:40:00+05:30,465.6,465.6,463.0,463.75,149154
HINDALCO,2023-08-08T09:45:00+05:30,463.9,464.5,463.45,463.85,49695
HINDALCO,2023-08-08T09:50:00+05:30,463.9,464.35,463.35,464.25,44232
HINDALCO,2023-08-08T09:55:00+05:30,464.35,464.45,463.1,463.35,79432
HINDALCO,2023-08-08T10:00:00+05:30,463.1,463.45,462.45,463.4,116200
HINDALCO,2023-08-08T10:05:00+05:30,463.4,463.95,463.2,463.5,47207
HINDALCO,2023-08-08T10:10:00+05:30,463.6,463.75,462.55,462.75,45444
HINDALCO,2023-08-08T10:15:00+05:30,462.6,463.0,462.05,462.6,79033
HINDALCO,2023-08-08T10:20:00+05:30,462.6,462.65,461.5,461.5,67526
HINDALCO,2023-08-08T10:25:00+05:30,461.5,462.0,461.1,461.45,40945
HINDALCO,2023-08-08T10:30:00+05:30,461.6,461.6,460.0,460.4,178559
HINDALCO,2023-08-08T10:35:00+05:30,460.45,460.9,460.3,460.7,34594
HINDALCO,2023-08-08T10:40:00+05:30,460.7,461.9,460.25,461.8,44676
HINDALCO,2023-08-08T10:45:00+05:30,461.7,461.7,460.4,461.05,60884
HINDALCO,2023-08-08T10:50:00+05:30,460.95,461.35,460.5,460.5,38692
HINDALCO,2023-08-08T10:55:00+05:30,460.5,461.0,459.95,460.75,41417
HINDALCO,2023-08-08T11:00:00+05:30,460.7,460.7,458.1,459.8,111143
HINDALCO,2023-08-08T11:05:00+05:30,459.7,459.7,457.7,457.9,79436
HINDALCO,2023-08-08T11:10:00+05:30,457.9,458.55,457.4,458.1,59487
HINDALCO,2023-08-08T11:15:00+05:30,458.1,458.7,457.5,457.95,38373
HINDALCO,2023-08-08T11:20:00+05:30,457.7,459.0,457.7,458.8,36403
HINDALCO,2023-08-08T11:25:00+05:30,458.7,458.75,457.7,457.75,38229
HINDALCO,2023-08-08T11:30:00+05:30,457.8,458.5,456.7,457.7,78198
HINDALCO,2023-08-08T11:35:00+05:30,457.7,457.75,456.2,457.6,79460
HINDALCO,2023-08-08T11:40:00+05:30,457.75,458.5,457.4,458.2,37265
HINDALCO,2023-08-08T11:45:00+05:30,458.1,458.2,457.7,458.0,27033
HINDALCO,2023-08-08T11:50:00+05:30,457.75,458.4,456.85,458.4,47630
HINDALCO,2023-08-08T11:55:00+05:30,458.4,458.45,457.8,457.85,29630
HINDALCO,2023-08-08T12:00:00+05:30,457.8,458.4,457.65,458.3,34755
HINDALCO,2023-08-08T12:05:00+05:30,458.25,458.3,457.25,457.75,26097
HINDALCO,2023-08-08T12:10:00+05:30,457.75,458.25,457.4,458.25,29653
HINDALCO,2023-08-08T12:15:00+05:30,458.25,458.25,457.25,457.45,28801
HINDALCO,2023-08-08T12:20:00+05:30,457.4,457.4,456.5,456.95,36272
HINDALCO,2023-08-08T12:25:00+05:30,456.85,457.0,456.15,457.0,24976
HINDALCO,2023-08-08T12:30:00+05:30,457.0,457.0,456.15,456.55,42967
HINDALCO,2023-08-08T12:35:00+05:30,456.55,456.8,456.0,456.2,39281
HINDALCO,2023-08-08T12:40:00+05:30,456.2,456.3,455.5,456.25,49428
HINDALCO,2023-08-08T12:45:00+05:30,456.2,457.0,456.1,457.0,21818
HINDALCO,2023-08-08T12:50:00+05:30,457.0,457.0,456.2,456.25,33570
HINDALCO,2023-08-08T12:55:00+05:30,456.45,457.0,455.95,456.8,22008
HINDALCO,2023-08-08T13:00:00+05:30,456.75,457.0,456.65,457.0,26433
HINDALCO,2023-08-08T13:05:00+05:30,457.0,457.0,456.55,456.85,24723
HINDALCO,2023-08-08T13:10:00+05:30,456.8,456.85,456.05,456.6,36345
HINDALCO,2023-08-08T13:15:00+05:30,456.55,456.85,456.15,456.3,26330
HINDALCO,2023-08-08T13:20:00+05:30,456.25,456.9,455.6,455.9,36749
HINDALCO,2023-08-08T13:25:00+05:30,455.85,461.3,455.5,457.55,433632
HINDALCO,2023-08-08T13:30:00+05:30,457.65,458.7,456.35,457.3,325522
HINDALCO,2023-08-08T13:35:00+05:30,457.15,457.3,455.4,456.75,235412
HINDALCO,2023-08-08T13:40:00+05:30,457.0,457.0,452.6,452.8,391376
HINDALCO,2023-08-08T13:45:00+05:30,452.75,454.8,452.0,453.0,263796
HINDALCO,2023-08-08T13:50:00+05:30,453.0,454.35,453.0,454.1,131851
HINDALCO,2023-08-08T13:55:00+05:30,454.05,454.35,453.0,453.7,110180
HINDALCO,2023-08-08T14:00:00+05:30,453.65,454.0,452.8,453.2,58507
HINDALCO,2023-08-08T14:05:00+05:30,453.35,454.0,452.6,453.85,63915
HINDALCO,2023-08-08T14:10:00+05:30,453.9,454.4,453.4,454.3,63714
HINDALCO,2023-08-08T14:15:00+05:30,454.35,454.65,453.8,453.9,71756
HINDALCO,2023-08-08T14:20:00+05:30,453.95,454.8,453.55,454.6,57076
HINDALCO,2023-08-08T14:25:00+05:30,454.65,454.75,454.05,454.7,34294
HINDALCO,2023-08-08T14:30:00+05:30,454.55,455.55,454.5,454.65,92542
HINDALCO,2023-08-08T14:35:00+05:30,454.65,455.2,453.7,454.45,91722
HINDALCO,2023-08-08T14:40:00+05:30,454.35,454.75,453.7,453.8,62330
HINDALCO,2023-08-08T14:45:00+05:30,453.85,454.4,453.75,454.2,42150
HINDALCO,2023-08-08T14:50:00+05:30,454.2,455.25,453.65,454.9,86998
HINDALCO,2023-08-08T14:55:00+05:30,455.0,455.6,454.7,454.8,61276
HINDALCO,2023-08-08T15:00:00+05:30,454.95,455.1,454.45,454.45,101313
HINDALCO,2023-08-08T15:05:00+05:30,454.45,455.0,454.35,454.65,97480
HINDALCO,2023-08-08T15:10:00+05:30,454.7,454.75,454.0,454.15,124057
HINDALCO,2023-08-08T15:15:00+05:30,454.2,454.75,454.15,454.75,179297
HINDALCO,2023-08-08T15:20:00+05:30,454.8,455.45,454.75,455.4,215086
HINDALCO,2023-08-08T15:25:00+05:30,455.45,455.85,454.9,455.25,104336
HINDALCO,2023-08-09T09:15:00+05:30,454.75,457.5,454.45,455.1,493828
HINDALCO,2023-08-09T09:20:00+05:30,454.8,457.45,453.65,457.3,179457
HINDALCO,2023-08-09T09:25:00+05:30,457.35,458.05,455.5,456.35,92018
HINDALCO,2023-08-09T09:30:00+05:30,456.45,457.9,455.5,457.4,90985
HINDALCO,2023-08-09T09:35:00+05:30,457.15,457.6,456.6,457.5,76478
HINDALCO,2023-08-09T09:40:00+05:30,457.5,457.5,456.5,456.5,42597
HINDALCO,2023-08-09T09:45:00+05:30,456.5,456.7,454.5,454.8,78340
HINDALCO,2023-08-09T09:50:00+05:30,454.25,455.9,454.2,455.6,66384
HINDALCO,2023-08-09T09:55:00+05:30,455.75,455.75,454.95,455.6,30729
HINDALCO,2023-08-09T10:00:00+05:30,455.8,455.8,454.55,455.0,43873
HINDALCO,2023-08-09T10:05:00+05:30,455.0,455.6,454.8,455.45,37128
HINDALCO,2023-08-09T10:10:00+05:30,455.45,456.0,454.9,455.5,65797
HINDALCO,2023-08-09T10:15:00+05:30,455.55,455.55,454.4,454.8,26863
HINDALCO,2023-08-09T10:20:00+05:30,454.65,455.0,453.85,454.3,58137
HINDALCO,2023-08-09T10:25:00+05:30,454.3,454.95,452.45,452.7,182549
HINDALCO,2023-08-09T10:30:00+05:30,453.0,453.6,452.0,453.35,138014
HINDALCO,2023-08-09T10:35:00+05:30,453.45,453.65,453.2,453.4,38430
HINDALCO,2023-08-09T10:40:00+05:30,453.3,454.35,453.25,454.2,31150
HINDALCO,2023-08-09T10:45:00+05:30,454.2,454.2,453.0,453.1,32210
HINDALCO,2023-08-09T10:50:00+05:30,453.1,453.1,451.0,451.75,102333
HINDALCO,2023-08-09T10:55:00+05:30,451.75,453.0,451.45,452.85,41808
HINDALCO,2023-08-09T11:00:00+05:30,452.85,453.45,452.25,452.95,47678
HINDALCO,2023-08-09T11:05:00+05:30,453.0,453.2,452.6,453.0,24992
HINDALCO,2023-08-09T11:10:00+05:30,453.0,453.9,452.95,453.85,33082
HINDALCO,2023-08-09T11:15:00+05:30,453.85,454.5,453.4,453.6,68703
HINDALCO,2023-08-09T11:20:00+05:30,453.8,453.85,451.5,452.0,224771
HINDALCO,2023-08-09T11:25:00+05:30,451.95,451.95,451.0,451.1,68699
HINDALCO,2023-08-09T11:30:00+05:30,451.2,452.4,451.2,452.25,32609
HINDALCO,2023-08-09T11:35:00+05:30,452.25,452.85,452.0,452.75,40349
HINDALCO,2023-08-09T11:40:00+05:30,452.8,452.8,451.6,452.0,43975
HINDALCO,2023-08-09T11:45:00+05:30,452.0,452.4,451.6,452.2,27844
HINDALCO,2023-08-09T11:50:00+05:30,452.25,452.25,451.6,451.9,25091
HINDALCO,2023-08-09T11:55:00+05:30,451.9,452.0,451.55,451.95,27270
HINDALCO,2023-08-09T12:00:00+05:30,452.0,452.4,451.55,452.4,21549
HINDALCO,2023-08-09T12:05:00+05:30,452.4,452.7,452.3,452.65,23891
HINDALCO,2023-08-09T12:10:00+05:30,452.65,452.65,452.3,452.65,21619
HINDALCO,2023-08-09T12:15:00+05:30,452.65,452.65,452.3,452.65,27327
HINDALCO,2023-08-09T12:20:00+05:30,452.65,453.5,452.35,453.25,38547
HINDALCO,2023-08-09T12:25:00+05:30,453.25,453.3,453.0,453.25,25071
HINDALCO,2023-08-09T12:30:00+05:30,453.25,454.25,453.05,454.25,39886
HINDALCO,2023-08-09T12:35:00+05:30,454.25,454.35,453.7,453.9,31131
HINDALCO,2023-08-09T12:40:00+05:30,454.0,454.05,453.35,453.75,36043
HINDALCO,2023-08-09T12:45:00+05:30,453.8,454.1,453.45,453.5,33071
HINDALCO,2023-08-09T12:50:00+05:30,453.7,454.6,453.55,454.55,40014
HINDALCO,2023-08-09T12:55:00+05:30,454.5,454.85,454.35,454.8,35340
HINDALCO,2023-08-09T13:00:00+05:30,454.8,454.9,454.2,454.35,32028
HINDALCO,2023-08-09T13:05:00+05:30,454.45,455.0,454.2,454.9,59278
HINDALCO,2023-08-09T13:10:00+05:30,455.0,458.3,454.8,458.15,227383
HINDALCO,2023-08-09T13:15:00+05:30,458.15,459.25,456.85,457.05,112767
HINDALCO,2023-08-09T13:20:00+05:30,457.25,461.85,457.0,461.15,221450
HINDALCO,2023-08-09T13:25:00+05:30,461.1,461.7,459.65,459.9,120029
HINDALCO,2023-08-09T13:30:00+05:30,459.95,461.45,459.9,460.6,71071
HINDALCO,2023-08-09T13:35:00+05:30,460.7,461.1,459.6,460.25,67165
HINDALCO,2023-08-09T13:40:00+05:30,460.0,460.35,459.2,459.9,52556
HINDALCO,2023-08-09T13:45:00+05:30,459.85,460.85,459.6,460.7,50924
HINDALCO,2023-08-09T13:50:00+05:30,460.7,461.35,460.55,461.3,58936
HINDALCO,2023-08-09T13:55:00+05:30,461.35,461.35,460.45,460.85,41447
HINDALCO,2023-08-09T14:00:00+05:30,460.85,462.0,460.75,461.1,65058
HINDALCO,2023-08-09T14:05:00+05:30,461.1,461.6,460.5,460.6,46476
HINDALCO,2023-08-09T14:10:00+05:30,460.55,461.75,460.3,461.7,50259
HINDALCO,2023-08-09T14:15:00+05:30,461.65,461.85,461.1,461.8,37062
HINDALCO,2023-08-09T14:20:00+05:30,461.85,462.85,461.85,462.25,57534
HINDALCO,2023-08-09T14:25:00+05:30,462.25,463.0,462.2,462.9,45260
HINDALCO,2023-08-09T14:30:00+05:30,462.85,463.6,462.7,463.0,76340
HINDALCO,2023-08-09T14:35:00+05:30,463.0,463.95,462.8,463.95,63499
HINDALCO,2023-08-09T14:40:00+05:30,463.85,465.9,463.0,465.85,177620
HINDALCO,2023-08-09T14:45:00+05:30,465.85,467.35,465.2,466.9,287947
HINDALCO,2023-08-09T14:50:00+05:30,467.0,467.8,466.65,467.15,130397
HINDALCO,2023-08-09T14:55:00+05:30,467.15,468.3,467.15,467.75,106726
HINDALCO,2023-08-09T15:00:00+05:30,467.9,469.8,467.75,468.85,198495
HINDALCO,2023-08-09T15:05:00+05:30,468.85,469.3,468.65,469.1,109678
HINDALCO,2023-08-09T15:10:00+05:30,469.1,469.3,468.4,468.7,114319
HINDALCO,2023-08-09T15:15:00+05:30,468.55,469.15,468.5,469.0,143559
HINDALCO,2023-08-09T15:20:00+05:30,469.0,469.4,468.4,468.85,177698
HINDALCO,2023-08-09T15:25:00+05:30,468.85,469.1,468.0,468.25,132098
HINDALCO,2023-08-10T09:15:00+05:30,468.0,470.7,467.0,469.45,318761
HINDALCO,2023-08-10T09:20:00+05:30,469.6,470.5,468.65,469.75,118066
HINDALCO,2023-08-10T09:25:00+05:30,469.65,470.0,468.45,468.45,91684
HINDALCO,2023-08-10T09:30:00+05:30,468.45,468.8,467.7,467.9,92046
HINDALCO,2023-08-10T09:35:00+05:30,467.9,468.45,467.15,467.6,83546
HINDALCO,2023-08-10T09:40:00+05:30,467.6,467.9,466.55,467.5,75477
HINDALCO,2023-08-10T09:45:00+05:30,467.55,467.65,466.2,466.8,73449
HINDALCO,2023-08-10T09:50:00+05:30,466.9,467.45,466.25,467.45,46910
HINDALCO,2023-08-10T09:55:00+05:30,467.35,468.25,467.0,467.75,53115
HINDALCO,2023-08-10T10:00:00+05:30,467.95,468.3,466.75,467.85,41103
HINDALCO,2023-08-10T10:05:00+05:30,467.85,468.25,467.0,467.0,53147
HINDALCO,2023-08-10T10:10:00+05:30,467.0,467.35,467.0,467.1,31569
HINDALCO,2023-08-10T10:15:00+05:30,467.05,467.6,466.0,467.0,62759
HINDALCO,2023-08-10T10:20:00+05:30,467.0,467.05,464.65,465.0,120960
HINDALCO,2023-08-10T10:25:00+05:30,465.15,465.15,464.0,464.1,66140
HINDALCO,2023-08-10T10:30:00+05:30,464.0,464.35,463.0,464.35,72637
HINDALCO,2023-08-10T10:35:00+05:30,464.25,464.5,463.7,464.5,53569
HINDALCO,2023-08-10T10:40:00+05:30,464.55,464.7,463.6,464.05,38965
HINDALCO,2023-08-10T10:45:00+05:30,464.05,465.6,463.45,465.0,65149
HINDALCO,2023-08-10T10:50:00+05:30,464.95,466.45,464.5,465.7,53580
HINDALCO,2023-08-10T10:55:00+05:30,465.7,466.2,465.3,465.4,36621
HINDALCO,2023-08-10T11:00:00+05:30,465.4,466.0,465.0,466.0,36038
HINDALCO,2023-08-10T11:05:00+05:30,466.0,466.7,465.8,466.0,32366
HINDALCO,2023-08-10T11:10:00+05:30,466.0,466.4,465.85,466.05,22118
HINDALCO,2023-08-10T11:15:00+05:30,465.9,466.2,465.85,466.1,20130
HINDALCO,2023-08-10T11:20:00+05:30,466.05,466.3,465.05,465.6,34065
HINDALCO,2023-08-10T11:25:00+05:30,465.65,465.9,465.3,465.6,19177
HINDALCO,2023-08-10T11:30:00+05:30,465.5,466.4,465.35,466.4,16660
HINDALCO,2023-08-10T11:35:00+05:30,466.4,466.4,465.7,465.85,27026
HINDALCO,2023-08-10T11:40:00+05:30,465.85,466.45,465.55,466.45,21855
HINDALCO,2023-08-10T11:45:00+05:30,466.45,467.0,465.65,465.65,40747
HINDALCO,2023-08-10T11:50:00+05:30,465.7,466.6,465.7,466.5,23365
HINDALCO,2023-08-10T11:55:00+05:30,466.5,466.6,465.7,466.2,36975
HINDALCO,2023-08-10T12:00:00+05:30,466.4,468.25,466.3,468.2,58421
HINDALCO,2023-08-10T12:05:00+05:30,468.2,469.05,468.0,468.95,62881
HINDALCO,2023-08-10T12:10:00+05:30,468.9,468.95,467.7,467.7,46387
HINDALCO,2023-08-10T12:15:00+05:30,467.65,467.7,467.25,467.35,28099
HINDALCO,2023-08-10T12:20:00+05:30,467.35,468.0,466.95,468.0,29731
HINDALCO,2023-08-10T12:25:00+05:30,467.9,467.95,467.0,467.5,39076
HINDALCO,2023-08-10T12:30:00+05:30,467.6,467.6,466.5,466.65,33720
HINDALCO,2023-08-10T12:35:00+05:30,466.7,466.8,466.1,466.75,21911
HINDALCO,2023-08-10T12:40:00+05:30,466.7,467.45,466.4,467.4,78057
HINDALCO,2023-08-10T12:45:00+05:30,467.4,467.95,467.4,467.9,29252
HINDALCO,2023-08-10T12:50:00+05:30,467.9,469.4,467.9,469.1,43138
HINDALCO,2023-08-10T12:55:00+05:30,469.15,469.25,467.9,468.7,57745
HINDALCO,2023-08-10T13:00:00+05:30,468.55,469.8,468.3,469.75,52609
HINDALCO,2023-08-10T13:05:00+05:30,469.65,470.3,469.4,469.8,97063
HINDALCO,2023-08-10T13:10:00+05:30,469.75,471.0,469.6,470.25,68829
HINDALCO,2023-08-10T13:15:00+05:30,470.25,470.95,469.45,469.65,81899
HINDALCO,2023-08-10T13:20:00+05:30,469.6,470.25,468.85,469.4,56568
HINDALCO,2023-08-10T13:25:00+05:30,469.45,469.45,467.35,467.45,97616
HINDALCO,2023-08-10T13:30:00+05:30,467.5,467.9,467.1,467.8,37389
HINDALCO,2023-08-10T13:35:00+05:30,467.8,467.8,467.15,467.55,45252
HINDALCO,2023-08-10T13:40:00+05:30,467.5,467.5,466.2,466.55,46447
HINDALCO,2023-08-10T13:45:00+05:30,466.65,467.35,466.4,467.3,30939
HINDALCO,2023-08-10T13:50:00+05:30,467.2,467.2,465.05,465.7,74173
HINDALCO,2023-08-10T13:55:00+05:30,465.55,466.65,465.45,465.95,34403
HINDALCO,2023-08-10T14:00:00+05:30,465.9,466.4,465.0,465.65,41034
HINDALCO,2023-08-10T14:05:00+05:30,465.4,466.8,465.4,466.75,44191
HINDALCO,2023-08-10T14:10:00+05:30,466.8,467.3,466.25,467.3,34389
HINDALCO,2023-08-10T14:15:00+05:30,467.3,467.75,467.0,467.65,35705
HINDALCO,2023-08-10T14:20:00+05:30,467.7,467.85,467.4,467.65,22661
HINDALCO,2023-08-10T14:25:00+05:30,467.55,468.2,467.55,467.9,33709
HINDALCO,2023-08-10T14:30:00+05:30,467.8,468.0,467.45,468.0,26403
HINDALCO,2023-08-10T14:35:00+05:30,467.95,468.5,467.6,468.25,38740
HINDALCO,2023-08-10T14:40:00+05:30,468.3,468.5,467.6,468.35,38378
HINDALCO,2023-08-10T14:45:00+05:30,468.3,468.4,467.25,467.25,35349
HINDALCO,2023-08-10T14:50:00+05:30,467.1,467.45,466.75,467.2,37017
HINDALCO,2023-08-10T14:55:00+05:30,467.45,468.5,467.3,467.65,57731
HINDALCO,2023-08-10T15:00:00+05:30,467.75,468.2,466.65,467.75,103365
HINDALCO,2023-08-10T15:05:00+05:30,467.6,469.65,467.6,469.5,86655
HINDALCO,2023-08-10T15:10:00+05:30,469.45,470.0,469.25,469.45,64836
HINDALCO,2023-08-10T15:15:00+05:30,469.45,469.8,469.1,469.25,145447
HINDALCO,2023-08-10T15:20:00+05:30,469.15,469.6,468.6,468.6,117444
HINDALCO,2023-08-10T15:25:00+05:30,468.65,469.1,468.55,468.9,53658
HINDALCO,2023-08-11T09:15:00+05:30,467.0,467.4,465.7,466.45,145533
HINDALCO,2023-08-11T09:20:00+05:30,466.45,466.5,464.2,465.05,102466
HINDALCO,2023-08-11T09:25:00+05:30,465.4,465.4,463.65,464.6,90185
HINDALCO,2023-08-11T09:30:00+05:30,464.6,464.9,463.35,463.35,90996
HINDALCO,2023-08-11T09:35:00+05:30,463.4,464.15,462.2,463.5,89573
HINDALCO,2023-08-11T09:40:00+05:30,463.5,463.85,462.45,463.35,67601
HINDALCO,2023-08-11T09:45:00+05:30,463.5,463.9,462.6,462.85,88640
HINDALCO,2023-08-11T09:50:00+05:30,462.7,462.7,460.65,460.7,177824
HINDALCO,2023-08-11T09:55:00+05:30,460.5,461.7,460.5,461.7,74556
HINDALCO,2023-08-11T10:00:00+05:30,461.65,462.0,461.0,462.0,69458
HINDALCO,2023-08-11T10:05:00+05:30,462.3,462.4,460.4,461.25,98369
HINDALCO,2023-08-11T10:10:00+05:30,461.3,462.05,460.7,461.8,40661
HINDALCO,2023-08-11T10:15:00+05:30,461.85,461.85,460.9,461.45,71616
HINDALCO,2023-08-11T10:20:00+05:30,461.45,463.65,461.3,463.2,81173
HINDALCO,2023-08-11T10:25:00+05:30,463.1,464.5,463.1,464.2,141497
HINDALCO,2023-08-11T10:30:00+05:30,464.0,464.8,463.9,464.7,81627
HINDALCO,2023-08-11T10:35:00+05:30,464.7,464.7,462.85,462.85,52523
HINDALCO,2023-08-11T10:40:00+05:30,462.85,463.55,462.5,462.95,34420
HINDALCO,2023-08-11T10:45:00+05:30,463.0,463.4,462.6,462.95,35064
HINDALCO,2023-08-11T10:50:00+05:30,462.9,463.05,462.6,462.9,28812
HINDALCO,2023-08-11T10:55:00+05:30,462.85,463.0,462.1,462.15,44047
HINDALCO,2023-08-11T11:00:00+05:30,462.15,462.15,461.3,461.95,40740
HINDALCO,2023-08-11T11:05:00+05:30,462.0,462.4,461.8,461.9,23010
HINDALCO,2023-08-11T11:10:00+05:30,461.9,462.9,461.85,462.25,31236
HINDALCO,2023-08-11T11:15:00+05:30,462.3,464.0,462.3,463.8,49793
HINDALCO,2023-08-11T11:20:00+05:30,463.8,464.8,463.2,464.25,78016
HINDALCO,2023-08-11T11:25:00+05:30,464.25,464.8,463.9,464.2,55557
HINDALCO,2023-08-11T11:30:00+05:30,464.4,464.4,462.85,462.85,42964
HINDALCO,2023-08-11T11:35:00+05:30,462.9,462.95,461.8,461.85,54937
HINDALCO,2023-08-11T11:40:00+05:30,461.85,462.85,461.75,462.55,18311
HINDALCO,2023-08-11T11:45:00+05:30,462.6,462.7,461.05,461.35,56228
HINDALCO,2023-08-11T11:50:00+05:30,461.35,462.35,461.25,461.85,27900
HINDALCO,2023-08-11T11:55:00+05:30,461.85,461.95,461.25,461.7,47136
HINDALCO,2023-08-11T12:00:00+05:30,461.7,462.55,461.45,461.85,28333
HINDALCO,2023-08-11T12:05:00+05:30,461.85,462.45,461.7,462.2,18555
HINDALCO,2023-08-11T12:10:00+05:30,462.35,462.4,461.7,462.2,30246
HINDALCO,2023-08-11T12:15:00+05:30,462.15,462.4,462.0,462.2,35295
HINDALCO,2023-08-11T12:20:00+05:30,462.2,462.5,462.0,462.5,25528
HINDALCO,2023-08-11T12:25:00+05:30,462.4,462.95,462.4,462.45,34968
HINDALCO,2023-08-11T12:30:00+05:30,462.45,462.85,462.1,462.25,23570
HINDALCO,2023-08-11T12:35:00+05:30,462.3,462.7,461.9,462.25,22740
HINDALCO,2023-08-11T12:40:00+05:30,462.25,462.5,462.1,462.15,22743
HINDALCO,2023-08-11T12:45:00+05:30,462.15,462.65,462.1,462.35,23618
HINDALCO,2023-08-11T12:50:00+05:30,462.3,462.4,461.65,461.95,28216
HINDALCO,2023-08-11T12:55:00+05:30,461.8,463.45,461.75,462.6,49938
HINDALCO,2023-08-11T13:00:00+05:30,462.4,463.35,462.15,463.35,29533
HINDALCO,2023-08-11T13:05:00+05:30,463.15,463.35,462.8,463.2,23270
HINDALCO,2023-08-11T13:10:00+05:30,463.2,463.3,462.8,462.9,17943
HINDALCO,2023-08-11T13:15:00+05:30,462.85,463.0,462.75,462.95,20852
HINDALCO,2023-08-11T13:20:00+05:30,462.9,463.2,462.5,462.6,21812
HINDALCO,2023-08-11T13:25:00+05:30,462.5,462.5,461.35,461.4,45033
HINDALCO,2023-08-11T13:30:00+05:30,461.35,461.5,460.05,460.4,92918
HINDALCO,2023-08-11T13:35:00+05:30,460.3,461.1,460.2,460.2,51855
HINDALCO,2023-08-11T13:40:00+05:30,460.2,461.05,460.05,460.95,39589
HINDALCO,2023-08-11T13:45:00+05:30,460.75,461.25,460.4,461.1,27451
HINDALCO,2023-08-11T13:50:00+05:30,461.1,461.65,460.9,461.25,24215
HINDALCO,2023-08-11T13:55:00+05:30,461.15,461.7,461.15,461.7,19841
HINDALCO,2023-08-11T14:00:00+05:30,461.65,461.8,460.95,461.65,34388
HINDALCO,2023-08-11T14:05:00+05:30,461.65,462.7,461.5,462.55,80064
HINDALCO,2023-08-11T14:10:00+05:30,462.55,463.3,462.45,463.3,87665
HINDALCO,2023-08-11T14:15:00+05:30,463.25,463.65,463.25,463.65,76352
HINDALCO,2023-08-11T14:20:00+05:30,463.7,464.25,463.2,463.45,84739
HINDALCO,2023-08-11T14:25:00+05:30,463.4,464.1,463.4,464.1,42379
HINDALCO,2023-08-11T14:30:00+05:30,464.2,464.5,463.75,464.15,37222
HINDALCO,2023-08-11T14:35:00+05:30,464.2,464.4,464.0,464.2,35953
HINDALCO,2023-08-11T14:40:00+05:30,464.05,464.05,462.55,463.45,62246
HINDALCO,2023-08-11T14:45:00+05:30,463.35,463.95,463.15,463.3,43088
HINDALCO,2023-08-11T14:50:00+05:30,463.4,463.4,462.5,462.95,43936
HINDALCO,2023-08-11T14:55:00+05:30,462.95,463.0,462.5,462.95,36133
HINDALCO,2023-08-11T15:00:00+05:30,462.95,463.0,461.55,461.65,90948
HINDALCO,2023-08-11T15:05:00+05:30,461.75,462.35,461.6,462.05,78095
HINDALCO,2023-08-11T15:10:00+05:30,462.05,462.35,461.7,461.85,81874
HINDALCO,2023-08-11T15:15:00+05:30,461.9,463.0,461.8,462.75,178696
HINDALCO,2023-08-11T15:20:00+05:30,462.75,463.4,462.55,462.75,223862
HINDALCO,2023-08-11T15:25:00+05:30,462.7,462.95,460.1,461.9,92708
HINDALCO,2023-08-14T09:15:00+05:30,458.6,458.6,451.7,451.7,200698
HINDALCO,2023-08-14T09:20:00+05:30,450.85,451.85,448.8,448.95,292673
HINDALCO,2023-08-14T09:25:00+05:30,448.95,449.65,448.5,449.65,189750
HINDALCO,2023-08-14T09:30:00+05:30,449.5,449.65,447.6,448.25,175475
HINDALCO,2023-08-14T09:35:00+05:30,448.45,449.05,448.0,448.9,134998
HINDALCO,2023-08-14T09:40:00+05:30,448.75,450.7,448.75,450.4,137359
HINDALCO,2023-08-14T09:45:00+05:30,450.5,451.85,450.35,451.45,67371
HINDALCO,2023-08-14T09:50:00+05:30,451.4,451.8,450.5,450.5,57736
HINDALCO,2023-08-14T09:55:00+05:30,450.55,451.9,450.1,451.45,170264
HINDALCO,2023-08-14T10:00:00+05:30,451.45,451.6,450.3,451.2,65118
HINDALCO,2023-08-14T10:05:00+05:30,451.15,452.9,451.15,452.9,134302
HINDALCO,2023-08-14T10:10:00+05:30,453.25,453.9,452.35,453.7,69695
HINDALCO,2023-08-14T10:15:00+05:30,453.7,453.7,452.9,453.0,42159
HINDALCO,2023-08-14T10:20:00+05:30,453.0,453.25,452.2,452.2,31808
HINDALCO,2023-08-14T10:25:00+05:30,452.1,452.6,451.95,452.2,29384
HINDALCO,2023-08-14T10:30:00+05:30,452.4,452.5,451.2,451.9,34693
HINDALCO,2023-08-14T10:35:00+05:30,451.75,451.85,450.5,450.8,67518
HINDALCO,2023-08-14T10:40:00+05:30,450.9,450.9,450.05,450.45,45472
HINDALCO,2023-08-14T10:45:00+05:30,450.35,451.15,450.1,450.25,64426
HINDALCO,2023-08-14T10:50:00+05:30,450.2,450.85,448.7,449.2,236909
HINDALCO,2023-08-14T10:55:00+05:30,449.3,449.4,448.05,448.8,154922
HINDALCO,2023-08-14T11:00:00+05:30,448.85,449.0,448.15,448.9,120679
HINDALCO,2023-08-14T11:05:00+05:30,448.95,450.0,448.65,449.9,58748
HINDALCO,2023-08-14T11:10:00+05:30,449.85,450.8,449.8,450.4,42558
HINDALCO,2023-08-14T11:15:00+05:30,450.55,451.5,450.55,451.3,37345
HINDALCO,2023-08-14T11:20:00+05:30,451.3,452.15,450.8,450.95,40223
HINDALCO,2023-08-14T11:25:00+05:30,450.9,451.45,450.35,451.0,31312
HINDALCO,2023-08-14T11:30:00+05:30,451.0,451.8,451.0,451.5,34268
HINDALCO,2023-08-14T11:35:00+05:30,451.4,451.7,450.5,450.6,44477
HINDALCO,2023-08-14T11:40:00+05:30,450.65,451.6,450.6,451.45,27467
HINDALCO,2023-08-14T11:45:00+05:30,451.55,451.7,450.9,451.3,24315
HINDALCO,2023-08-14T11:50:00+05:30,451.35,451.75,451.05,451.5,27315
HINDALCO,2023-08-14T11:55:00+05:30,451.4,451.65,451.15,451.6,24597
HINDALCO,2023-08-14T12:00:00+05:30,451.65,451.8,451.0,451.2,21569
HINDALCO,2023-08-14T12:05:00+05:30,451.05,452.2,451.05,452.2,30533
HINDALCO,2023-08-14T12:10:00+05:30,452.15,452.6,452.15,452.45,24854
HINDALCO,2023-08-14T12:15:00+05:30,452.45,452.45,451.85,452.4,33250
HINDALCO,2023-08-14T12:20:00+05:30,452.4,452.4,451.5,451.65,27305
HINDALCO,2023-08-14T12:25:00+05:30,451.5,452.0,451.05,452.0,29155
HINDALCO,2023-08-14T12:30:00+05:30,452.0,452.35,451.6,451.8,27327
HINDALCO,2023-08-14T12:35:00+05:30,451.8,452.2,451.6,452.05,14829
HINDALCO,2023-08-14T12:40:00+05:30,452.05,452.2,451.6,451.75,19666
HINDALCO,2023-08-14T12:45:00+05:30,451.7,451.9,450.65,450.9,29970
HINDALCO,2023-08-14T12:50:00+05:30,450.85,451.05,450.3,450.75,22305
HINDALCO,2023-08-14T12:55:00+05:30,450.8,450.95,450.3,450.6,36449
HINDALCO,2023-08-14T13:00:00+05:30,450.6,450.6,450.3,450.5,24787
HINDALCO,2023-08-14T13:05:00+05:30,450.4,450.55,450.2,450.25,28474
HINDALCO,2023-08-14T13:10:00+05:30,450.2,450.25,449.05,449.45,59309
HINDALCO,2023-08-14T13:15:00+05:30,449.4,450.2,449.3,449.75,24695
HINDALCO,2023-08-14T13:20:00+05:30,449.75,450.2,449.7,449.95,30539
HINDALCO,2023-08-14T13:25:00+05:30,450.1,451.8,450.1,451.8,39128
HINDALCO,2023-08-14T13:30:00+05:30,451.85,452.0,451.45,451.7,43628
HINDALCO,2023-08-14T13:35:00+05:30,451.8,452.4,451.5,452.3,40175
HINDALCO,2023-08-14T13:40:00+05:30,452.25,452.6,451.85,452.0,28417
HINDALCO,2023-08-14T13:45:00+05:30,452.05,452.9,451.8,452.85,37577
HINDALCO,2023-08-14T13:50:00+05:30,452.9,452.95,452.25,452.25,38458
HINDALCO,2023-08-14T13:55:00+05:30,452.45,452.8,452.0,452.05,30742
HINDALCO,2023-08-14T14:00:00+05:30,452.0,452.45,451.85,452.2,26107
HINDALCO,2023-08-14T14:05:00+05:30,452.25,452.8,452.0,452.15,32746
HINDALCO,2023-08-14T14:10:00+05:30,452.1,452.5,452.0,452.45,32384
HINDALCO,2023-08-14T14:15:00+05:30,452.5,452.75,452.1,452.4,26439
HINDALCO,2023-08-14T14:20:00+05:30,452.3,452.3,451.4,451.55,34374
HINDALCO,2023-08-14T14:25:00+05:30,451.6,451.75,450.8,451.15,39059
HINDALCO,2023-08-14T14:30:00+05:30,451.2,451.7,450.8,451.5,21058
HINDALCO,2023-08-14T14:35:00+05:30,451.5,451.95,450.95,451.6,22768
HINDALCO,2023-08-14T14:40:00+05:30,451.6,451.8,451.25,451.5,24284
HINDALCO,2023-08-14T14:45:00+05:30,451.6,451.95,451.35,451.85,24207
HINDALCO,2023-08-14T14:50:00+05:30,451.85,451.95,451.55,451.7,21695
HINDALCO,2023-08-14T14:55:00+05:30,451.65,452.2,451.55,451.75,31810
HINDALCO,2023-08-14T15:00:00+05:30,451.75,452.4,451.15,451.6,93103
HINDALCO,2023-08-14T15:05:00+05:30,451.35,452.0,450.8,450.8,77892
HINDALCO,2023-08-14T15:10:00+05:30,450.95,451.05,450.2,450.45,87183
HINDALCO,2023-08-14T15:15:00+05:30,450.45,450.95,450.1,450.55,106705
HINDALCO,2023-08-14T15:20:00+05:30,450.55,450.55,450.0,450.2,101917
HINDALCO,2023-08-14T15:25:00+05:30,450.0,450.4,449.5,449.85,70671
HINDALCO,2023-08-16T09:15:00+05:30,447.0,447.0,442.0,442.7,405550
HINDALCO,2023-08-16T09:20:00+05:30,442.8,445.0,442.5,444.9,162317
HINDALCO,2023-08-16T09:25:00+05:30,444.75,444.85,443.05,443.4,106580
HINDALCO,2023-08-16T09:30:00+05:30,443.15,443.6,441.25,441.5,185165
HINDALCO,2023-08-16T09:35:00+05:30,441.45,442.25,440.25,441.1,178182
HINDALCO,2023-08-16T09:40:00+05:30,441.05,442.0,440.45,441.0,121903
HINDALCO,2023-08-16T09:45:00+05:30,441.0,441.5,440.7,440.85,72280
HINDALCO,2023-08-16T09:50:00+05:30,440.75,442.0,440.7,441.5,79791
HINDALCO,2023-08-16T09:55:00+05:30,441.45,441.75,440.8,441.1,88499
HINDALCO,2023-08-16T10:00:00+05:30,441.2,441.45,440.05,440.85,187600
HINDALCO,2023-08-16T10:05:00+05:30,440.9,441.8,440.55,441.6,58778
HINDALCO,2023-08-16T10:10:00+05:30,441.7,441.75,441.25,441.25,52197
HINDALCO,2023-08-16T10:15:00+05:30,441.3,441.5,441.2,441.3,73185
HINDALCO,2023-08-16T10:20:00+05:30,441.3,441.3,440.55,440.85,58600
HINDALCO,2023-08-16T10:25:00+05:30,440.9,440.9,440.3,440.4,70210
HINDALCO,2023-08-16T10:30:00+05:30,440.4,440.5,439.8,439.85,126507
HINDALCO,2023-08-16T10:35:00+05:30,439.95,440.0,439.4,439.75,126265
HINDALCO,2023-08-16T10:40:00+05:30,439.75,439.9,439.5,439.75,67938
HINDALCO,2023-08-16T10:45:00+05:30,439.75,439.75,439.25,439.3,142856
HINDALCO,2023-08-16T10:50:00+05:30,439.25,440.2,439.1,440.15,67608
HINDALCO,2023-08-16T10:55:00+05:30,440.2,440.4,439.5,439.85,64698
HINDALCO,2023-08-16T11:00:00+05:30,439.7,440.25,439.6,440.2,21185
HINDALCO,2023-08-16T11:05:00+05:30,440.2,440.25,439.95,440.1,28427
HINDALCO,2023-08-16T11:10:00+05:30,440.0,440.1,439.65,440.05,46217
HINDALCO,2023-08-16T11:15:00+05:30,440.4,441.05,440.25,440.85,188988
HINDALCO,2023-08-16T11:20:00+05:30,440.85,440.85,440.1,440.3,29451
HINDALCO,2023-08-16T11:25:00+05:30,440.1,440.85,440.1,440.45,34314
HINDALCO,2023-08-16T11:30:00+05:30,440.45,440.5,440.35,440.5,16668
HINDALCO,2023-08-16T11:35:00+05:30,440.4,440.4,439.65,440.0,41389
HINDALCO,2023-08-16T11:40:00+05:30,440.0,440.4,439.6,440.2,59676
HINDALCO,2023-08-16T11:45:00+05:30,440.2,441.0,440.05,441.0,70689
HINDALCO,2023-08-16T11:50:00+05:30,440.95,441.35,440.5,441.2,93459
HINDALCO,2023-08-16T11:55:00+05:30,441.1,442.8,441.1,442.4,283491
HINDALCO,2023-08-16T12:00:00+05:30,442.45,443.2,442.35,442.7,171690
HINDALCO,2023-08-16T12:05:00+05:30,442.7,443.15,442.6,443.0,64820
HINDALCO,2023-08-16T12:10:00+05:30,443.0,443.5,442.45,442.45,34221
HINDALCO,2023-08-16T12:15:00+05:30,442.4,442.7,442.1,442.15,35482
HINDALCO,2023-08-16T12:20:00+05:30,442.1,443.1,442.1,442.75,35542
HINDALCO,2023-08-16T12:25:00+05:30,442.75,442.9,442.55,442.8,19230
HINDALCO,2023-08-16T12:30:00+05:30,442.75,442.95,442.55,442.9,18720
HINDALCO,2023-08-16T12:35:00+05:30,442.7,443.1,442.65,442.9,22603
HINDALCO,2023-08-16T12:40:00+05:30,442.9,443.45,442.9,443.45,17716
HINDALCO,2023-08-16T12:45:00+05:30,443.3,443.9,442.8,443.5,43285
HINDALCO,2023-08-16T12:50:00+05:30,443.0,443.6,443.0,443.45,18178
HINDALCO,2023-08-16T12:55:00+05:30,443.6,444.4,443.5,444.4,57056
HINDALCO,2023-08-16T13:00:00+05:30,444.4,444.5,443.3,443.7,44529
HINDALCO,2023-08-16T13:05:00+05:30,443.65,444.9,443.65,444.5,50955
HINDALCO,2023-08-16T13:10:00+05:30,444.5,444.8,444.25,444.35,25271
HINDALCO,2023-08-16T13:15:00+05:30,444.35,444.7,444.35,444.7,13083
HINDALCO,2023-08-16T13:20:00+05:30,444.45,445.55,444.45,444.75,81705
HINDALCO,2023-08-16T13:25:00+05:30,444.75,445.1,444.4,444.45,16750
HINDALCO,2023-08-16T13:30:00+05:30,444.4,445.0,444.4,445.0,10918
HINDALCO,2023-08-16T13:35:00+05:30,444.9,445.0,444.65,444.7,12637
HINDALCO,2023-08-16T13:40:00+05:30,444.75,444.8,444.25,444.5,23639
HINDALCO,2023-08-16T13:45:00+05:30,444.35,444.9,444.2,444.75,31817
HINDALCO,2023-08-16T13:50:00+05:30,444.8,444.9,444.15,444.5,14442
HINDALCO,2023-08-16T13:55:00+05:30,444.4,444.8,444.4,444.65,12376
HINDALCO,2023-08-16T14:00:00+05:30,444.75,444.85,444.6,444.85,10502
HINDALCO,2023-08-16T14:05:00+05:30,444.7,444.9,443.6,444.35,37737
HINDALCO,2023-08-16T14:10:00+05:30,444.35,444.5,443.85,444.35,13877
HINDALCO,2023-08-16T14:15:00+05:30,444.35,445.0,444.35,444.6,22092
HINDALCO,2023-08-16T14:20:00+05:30,444.5,444.85,444.35,444.85,9713
HINDALCO,2023-08-16T14:25:00+05:30,444.85,445.0,444.6,444.75,10609
HINDALCO,2023-08-16T14:30:00+05:30,444.7,444.95,444.55,444.55,14071
HINDALCO,2023-08-16T14:35:00+05:30,444.55,445.0,444.55,444.85,9782
HINDALCO,2023-08-16T14:40:00+05:30,444.8,445.5,444.8,445.15,34110
HINDALCO,2023-08-16T14:45:00+05:30,445.0,445.1,444.75,444.8,10601
HINDALCO,2023-08-16T14:50:00+05:30,444.9,444.95,444.1,444.1,22359
HINDALCO,2023-08-16T14:55:00+05:30,444.25,444.6,444.1,444.45,22969
HINDALCO,2023-08-16T15:00:00+05:30,444.95,446.1,444.95,446.05,82090
HINDALCO,2023-08-16T15:05:00+05:30,446.2,446.6,445.35,445.5,83514
HINDALCO,2023-08-16T15:10:00+05:30,445.55,445.8,444.7,444.9,79297
HINDALCO,2023-08-16T15:15:00+05:30,444.85,445.5,444.75,445.15,102448
HINDALCO,2023-08-16T15:20:00+05:30,445.15,445.5,444.4,444.4,100627
HINDALCO,2023-08-16T15:25:00+05:30,444.3,444.8,443.15,444.0,81778
HINDALCO,2023-08-17T09:15:00+05:30,443.0,445.1,442.1,444.55,116777
HINDALCO,2023-08-17T09:20:00+05:30,444.5,446.0,444.25,444.55,72437
HINDALCO,2023-08-17T09:25:00+05:30,444.7,444.7,443.0,443.75,78800
HINDALCO,2023-08-17T09:30:00+05:30,443.65,443.9,443.2,443.6,25273
HINDALCO,2023-08-17T09:35:00+05:30,443.4,444.05,443.15,443.25,73436
HINDALCO,2023-08-17T09:40:00+05:30,443.55,443.55,442.65,443.4,71704
HINDALCO,2023-08-17T09:45:00+05:30,443.45,443.75,443.25,443.6,18716
HINDALCO,2023-08-17T09:50:00+05:30,443.6,443.6,441.65,441.65,77552
HINDALCO,2023-08-17T09:55:00+05:30,441.8,442.0,441.4,441.95,61974
HINDALCO,2023-08-17T10:00:00+05:30,441.95,442.2,441.25,441.7,43309
HINDALCO,2023-08-17T10:05:00+05:30,441.7,442.35,441.6,441.85,19681
HINDALCO,2023-08-17T10:10:00+05:30,441.85,442.15,441.5,441.5,25731
HINDALCO,2023-08-17T10:15:00+05:30,441.65,441.8,441.5,441.75,16680
HINDALCO,2023-08-17T10:20:00+05:30,441.75,442.3,441.65,441.9,20343
HINDALCO,2023-08-17T10:25:00+05:30,441.85,442.1,441.65,441.9,23235
HINDALCO,2023-08-17T10:30:00+05:30,442.0,442.65,441.85,442.2,36561
HINDALCO,2023-08-17T10:35:00+05:30,442.2,442.2,441.85,442.1,27365
HINDALCO,2023-08-17T10:40:00+05:30,442.05,442.3,441.6,441.6,24566
HINDALCO,2023-08-17T10:45:00+05:30,441.7,441.75,441.4,441.75,36631
HINDALCO,2023-08-17T10:50:00+05:30,441.6,442.2,441.6,442.05,25237
HINDALCO,2023-08-17T10:55:00+05:30,442.1,442.1,441.7,442.05,13042
HINDALCO,2023-08-17T11:00:00+05:30,442.1,442.1,441.8,441.9,15184
HINDALCO,2023-08-17T11:05:00+05:30,441.85,441.95,441.75,441.8,16749
HINDALCO,2023-08-17T11:10:00+05:30,441.8,442.0,441.5,441.8,29868
HINDALCO,2023-08-17T11:15:00+05:30,441.8,441.85,441.0,441.0,77044
HINDALCO,2023-08-17T11:20:00+05:30,441.05,441.55,441.0,441.4,58433
HINDALCO,2023-08-17T11:25:00+05:30,441.3,441.85,441.25,441.4,15370
HINDALCO,2023-08-17T11:30:00+05:30,441.4,441.65,441.05,441.2,17927
HINDALCO,2023-08-17T11:35:00+05:30,441.2,441.7,441.05,441.6,23999
HINDALCO,2023-08-17T11:40:00+05:30,441.55,441.7,441.5,441.6,8704
HINDALCO,2023-08-17T11:45:00+05:30,441.6,441.85,441.6,441.8,15581
HINDALCO,2023-08-17T11:50:00+05:30,441.7,441.95,441.05,441.1,18580
HINDALCO,2023-08-17T11:55:00+05:30,441.05,441.1,440.5,440.55,40738
HINDALCO,2023-08-17T12:00:00+05:30,440.5,441.0,440.5,441.0,26740
HINDALCO,2023-08-17T12:05:00+05:30,441.0,441.3,440.9,441.15,21364
HINDALCO,2023-08-17T12:10:00+05:30,441.15,441.3,440.85,441.25,26228
HINDALCO,2023-08-17T12:15:00+05:30,441.25,441.8,441.0,441.75,22893
HINDALCO,2023-08-17T12:20:00+05:30,441.75,442.0,441.5,441.9,28705
HINDALCO,2023-08-17T12:25:00+05:30,441.9,443.2,441.85,443.0,62430
HINDALCO,2023-08-17T12:30:00+05:30,443.0,443.45,442.9,443.3,47270
HINDALCO,2023-08-17T12:35:00+05:30,443.3,443.45,443.05,443.4,23544
HINDALCO,2023-08-17T12:40:00+05:30,443.4,443.4,443.0,443.2,21582
HINDALCO,2023-08-17T12:45:00+05:30,443.15,444.35,443.15,444.15,75811
HINDALCO,2023-08-17T12:50:00+05:30,444.25,444.35,443.6,443.9,32682
HINDALCO,2023-08-17T12:55:00+05:30,443.9,444.2,443.65,443.8,29498
HINDALCO,2023-08-17T13:00:00+05:30,443.8,444.65,443.65,444.45,36032
HINDALCO,2023-08-17T13:05:00+05:30,444.45,444.7,443.95,443.95,27146
HINDALCO,2023-08-17T13:10:00+05:30,444.0,444.15,443.6,443.6,15977
HINDALCO,2023-08-17T13:15:00+05:30,443.6,444.2,443.6,444.05,24089
HINDALCO,2023-08-17T13:20:00+05:30,444.05,444.1,444.0,444.0,10221
HINDALCO,2023-08-17T13:25:00+05:30,444.05,444.05,443.6,443.75,21319
HINDALCO,2023-08-17T13:30:00+05:30,443.75,444.6,443.55,444.25,44006
HINDALCO,2023-08-17T13:35:00+05:30,444.1,444.35,443.5,443.75,29682
HINDALCO,2023-08-17T13:40:00+05:30,443.85,444.1,443.7,443.9,11337
HINDALCO,2023-08-17T13:45:00+05:30,443.9,444.35,443.85,444.25,13448
HINDALCO,2023-08-17T13:50:00+05:30,444.4,444.45,444.05,444.05,30457
HINDALCO,2023-08-17T13:55:00+05:30,444.15,444.3,444.0,444.1,12855
HINDALCO,2023-08-17T14:00:00+05:30,444.15,444.15,443.35,443.5,29837
HINDALCO,2023-08-17T14:05:00+05:30,443.5,444.15,443.5,443.5,14749
HINDALCO,2023-08-17T14:10:00+05:30,443.6,444.25,443.6,443.95,11247
HINDALCO,2023-08-17T14:15:00+05:30,444.0,444.25,443.95,444.1,20582
HINDALCO,2023-08-17T14:20:00+05:30,444.15,444.4,444.0,444.2,26909
HINDALCO,2023-08-17T14:25:00+05:30,444.1,445.3,444.1,445.0,74045
HINDALCO,2023-08-17T14:30:00+05:30,445.0,445.95,445.0,445.9,39657
HINDALCO,2023-08-17T14:35:00+05:30,445.8,446.5,445.7,446.4,64558
HINDALCO,2023-08-17T14:40:00+05:30,446.25,447.1,446.1,446.7,62084
HINDALCO,2023-08-17T14:45:00+05:30,446.7,447.0,446.0,446.8,41106
HINDALCO,2023-08-17T14:50:00+05:30,446.65,447.8,446.65,447.25,63004
HINDALCO,2023-08-17T14:55:00+05:30,447.3,447.3,446.25,446.6,47783
HINDALCO,2023-08-17T15:00:00+05:30,446.5,447.8,446.25,446.65,134884
HINDALCO,2023-08-17T15:05:00+05:30,446.75,447.75,446.25,446.85,168929
HINDALCO,2023-08-17T15:10:00+05:30,446.8,448.05,446.8,447.8,303686
HINDALCO,2023-08-17T15:15:00+05:30,447.8,448.45,447.4,448.0,190139
HINDALCO,2023-08-17T15:20:00+05:30,448.0,448.85,447.9,448.4,162358
HINDALCO,2023-08-17T15:25:00+05:30,448.4,449.2,446.0,446.1,150202
HINDALCO,2023-08-18T09:15:00+05:30,447.5,447.5,444.0,445.2,98924
