Timestamp,Symbol,Open,High,Low,Close,Volume,atr,sma,top2,top1,bott1,bott2,sell_arrow,buy_arrow,pnl
2023-07-11 11:25:00,SBIN,594.15,594.2,593.0,593.15,202564,1.2000000000000455,,,,,,,,
2023-07-11 11:30:00,SBIN,593.15,594.15,593.05,593.65,278124,1.180000000000041,,,,,,,,
2023-07-11 11:35:00,SBIN,593.6,593.75,592.6,593.3,151135,1.1740000000000284,,,,,,,,
2023-07-11 11:40:00,SBIN,593.3,593.5,592.15,592.35,110765,1.2092000000000271,,,,,,,,
2023-07-11 11:45:00,SBIN,592.5,593.0,592.35,592.55,74375,1.0973600000000172,,,,,,,,
2023-07-11 11:50:00,SBIN,592.6,593.65,592.4,592.9,134022,1.1278880000000138,,,,,,,,
2023-07-11 11:55:00,SBIN,592.9,593.8,592.7,593.5,106641,1.1223103999999928,,,,,,,,
2023-07-11 12:00:00,SBIN,593.4,594.0,593.2,593.45,126350,1.057848319999985,,,,,,,,
2023-07-11 12:05:00,SBIN,593.4,593.6,592.85,593.1,108261,0.9962786559999881,,,,,,,,
2023-07-11 12:10:00,SBIN,593.1,593.15,592.45,593.0,88346,0.9370229247999768,,,,,,,,
2023-07-11 12:15:00,SBIN,593.0,593.0,592.05,592.5,89934,0.9396183398399907,,,,,,,,
2023-07-11 12:20:00,SBIN,592.45,593.0,592.45,592.85,71628,0.8616946718719835,,,,,,,,
2023-07-11 12:25:00,SBIN,592.85,593.1,592.15,592.4,96186,0.879355737497596,,,,,,,,
2023-07-11 12:30:00,SBIN,592.4,592.9,592.1,592.6,148103,0.8634845899980678,,,,,,,,
2023-07-11 12:35:00,SBIN,592.65,592.85,592.1,592.5,117411,0.8407876719984543,,,,,,,,
2023-07-11 12:40:00,SBIN,592.5,592.65,592.25,592.65,48460,0.752630137598759,,,,,,,,
2023-07-11 12:45:00,SBIN,592.65,592.7,592.0,592.35,71283,0.7421041100790163,,,,,,,,
2023-07-11 12:50:00,SBIN,592.35,592.75,591.85,591.9,131616,0.7736832880632086,,,,,,,,
2023-07-11 12:55:00,SBIN,591.9,591.9,591.5,591.65,110481,0.6989466304505625,,,,,,,,
2023-07-11 13:00:00,SBIN,591.7,592.5,591.65,591.9,116245,0.7291573043604546,592.7125,594.6214338228157,593.8922765184552,591.5327234815447,590.8035661771843,,,
2023-07-11 13:05:00,SBIN,591.95,592.35,591.7,592.15,79931,0.7133258434883591,592.6625,594.5299870582526,593.8166612147642,591.5083387852359,590.7950129417475,,,
2023-07-11 13:10:00,SBIN,592.2,592.25,591.5,591.6,73396,0.7206606747906874,592.5600000000001,594.4466896466021,593.7260289718114,591.3939710281887,590.673310353398,,,
2023-07-11 13:15:00,SBIN,591.65,592.1,591.55,591.7,76364,0.6865285398325636,592.48,594.2773317172816,593.5908031774491,591.369196822551,590.6826682827184,,,
2023-07-11 13:20:00,SBIN,591.65,591.9,591.0,591.4,114862,0.7292228318660464,592.4325,594.3416053738254,593.6123825419593,591.2526174580407,590.5233946261746,,,
2023-07-11 13:25:00,SBIN,591.4,591.45,590.5,590.8,221199,0.7733782654928463,592.345,594.3697042990603,593.5963260335675,591.0936739664326,590.3202957009397,,,
2023-07-11 13:30:00,SBIN,590.9,591.25,590.25,591.05,141506,0.8187026123942771,592.2524999999999,594.3958634392482,593.5771608268539,590.927839173146,590.1091365607517,,,
2023-07-11 13:35:00,SBIN,591.05,591.2,590.85,591.15,86572,0.7249620899154262,592.135,594.0329507513986,593.3079886614831,590.9620113385168,590.2370492486014,,,
2023-07-11 13:40:00,SBIN,591.2,591.2,590.0,590.2,169969,0.81996967193235,591.9725,594.1191806011188,593.2992109291865,590.6457890708134,589.8258193988811,,,
2023-07-11 13:45:00,SBIN,590.25,590.75,589.8,590.35,97634,0.8459757375458892,591.8349999999999,594.0497644808951,593.2037887433492,590.4662112566507,589.6202355191048,,,
2023-07-11 13:50:00,SBIN,590.35,590.6,589.5,589.7,156028,0.896780590036716,591.67,594.0177715847161,593.1209909946793,590.2190090053206,589.3222284152838,,,
2023-07-11 13:55:00,SBIN,589.75,590.5,589.65,590.3,84187,0.8874244720293774,591.56,593.8832772677729,592.9958527957435,590.1241472042564,589.236722732227,,,
2023-07-11 14:00:00,SBIN,590.3,590.9,590.0,590.35,198483,0.8899395776234974,591.4350000000001,593.7648618142184,592.8749222365949,589.9950777634052,589.1051381857817,,,
2023-07-11 14:05:00,SBIN,590.35,590.7,590.1,590.5,71118,0.8319516620988026,591.3399999999999,593.5180494513746,592.6860977892758,589.9939022107241,589.1619505486252,,,
2023-07-11 14:10:00,SBIN,590.45,590.75,590.1,590.2,110094,0.7955613296790376,591.22,593.3027795610998,592.5072182314207,589.9327817685794,589.1372204389003,,,
2023-07-11 14:15:00,SBIN,590.35,590.45,589.2,589.95,244926,0.8864490637432301,591.0925,593.4132236488797,592.5267745851365,589.6582254148634,588.7717763511203,,,
2023-07-11 14:20:00,SBIN,589.95,590.5,589.35,590.4,264928,0.9391592509945795,590.9799999999999,593.4387189191037,592.4995596681091,589.4604403318907,588.5212810808961,,,
2023-07-11 14:25:00,SBIN,590.4,590.95,589.8,590.25,225632,0.9813274007956818,590.875,593.4441151352831,592.4627877344874,589.2872122655126,588.3058848647169,,,
2023-07-11 14:30:00,SBIN,590.2,590.7,589.6,590.25,170488,1.00506192063655,590.7924999999999,593.4237521082264,592.4186901875898,589.16630981241,588.1612478917734,,,
2023-07-11 14:35:00,SBIN,590.4,590.6,590.0,590.15,81538,0.9240495365092447,590.7175,593.1366616865812,592.2126121500719,589.222387849928,588.2983383134188,,,
2023-07-11 14:40:00,SBIN,590.15,590.55,589.15,589.8,266783,1.0192396292073913,590.6125,593.2808693492649,592.2616297200575,588.9633702799424,587.944130650735,,,
2023-07-11 14:45:00,SBIN,589.85,590.3,589.05,589.75,355492,1.065391703365913,590.4925000000001,593.2816954794121,592.2163037760461,588.7686962239541,587.7033045205881,,,
2023-07-11 14:50:00,SBIN,589.85,590.35,589.6,589.8,135923,1.0023133626927305,590.4024999999999,593.0265563835295,592.0242430208367,588.7807569791631,587.7784436164703,,,
2023-07-11 14:55:00,SBIN,589.8,590.2,589.15,589.8,155976,1.0118506901541982,590.3075,592.9565251068237,591.9446744166695,588.6703255833305,587.6584748931763,,,
2023-07-11 15:00:00,SBIN,589.95,590.1,588.2,588.45,309133,1.189480552123354,590.16,593.2740600854589,592.0845795333355,588.2354204666644,587.045939914541,,,
2023-07-11 15:05:00,SBIN,588.5,589.05,587.5,587.55,398097,1.2615844416986741,589.9975000000001,593.3003280683672,592.0387436266685,587.9562563733316,586.6946719316329,,,
2023-07-11 15:10:00,SBIN,587.7,588.25,587.35,588.2,293496,1.1892675533589347,589.855,592.9685024546937,591.7792349013348,587.9307650986652,586.7414975453063,,,
2023-07-11 15:15:00,SBIN,588.25,589.45,588.0,589.05,530802,1.241414042687157,589.75,593.000021963755,591.7586079210678,587.7413920789322,586.499978036245,,,
2023-07-11 15:20:00,SBIN,589.1,589.2,588.2,588.9,334479,1.1931312341497256,589.6850000000001,592.808617571004,591.6154863368544,587.7545136631458,586.5613824289961,,,
2023-07-11 15:25:00,SBIN,588.85,589.35,588.4,589.25,243171,1.1445049873197897,589.63,592.6263140568032,591.4818090694835,587.7781909305165,586.6336859431968,,,
2023-07-12 09:15:00,SBIN,589.0,591.45,589.0,590.3,569505,1.405603989855841,589.66,593.3398712454425,591.9342672555867,587.3857327444132,585.9801287545574,,,
2023-07-12 09:20:00,SBIN,590.25,590.35,588.75,588.75,333355,1.4444831918846774,589.5825,593.364156996354,591.9196738044694,587.2453261955305,585.8008430036459,,,
2023-07-12 09:25:00,SBIN,588.8,591.0,588.75,590.75,226876,1.605586553507742,589.6025,593.8059255970833,592.2003390435755,587.0046609564245,585.3990744029167,,,
2023-07-12 09:30:00,SBIN,590.65,591.2,590.25,590.85,148487,1.4744692428062027,589.62,593.4801604776667,592.0056912348605,587.2343087651395,585.7598395223333,,,
2023-07-12 09:35:00,SBIN,590.75,590.75,589.1,590.65,241992,1.5095753942449577,589.6424999999999,593.5945683821333,592.0849929878883,587.2000070121115,585.6904316178666,,,
2023-07-12 09:40:00,SBIN,590.65,590.7,590.15,590.25,130252,1.3176603153959798,589.6575,593.1071347057067,591.7894743903107,587.5255256096893,586.2078652942934,,,
2023-07-12 09:45:00,SBIN,590.25,590.7,589.8,590.1,150732,1.234128252316802,589.6425,592.8734477645654,591.6393195122487,587.6456804877514,586.4115522354347,,,
2023-07-12 09:50:00,SBIN,590.05,590.4,589.5,590.0,96336,1.1673026018534371,589.63,592.6859982116523,591.5186956097989,587.7413043902011,586.5740017883477,,,
2023-07-12 09:55:00,SBIN,590.0,590.85,589.9,590.85,102139,1.1238420814827588,589.6600000000001,592.602218569322,591.4783764878392,587.8416235121609,586.7177814306782,,,
2023-07-12 10:00:00,SBIN,590.9,591.45,590.7,591.4,166219,1.049073665186207,589.7225,592.4689748554574,591.4199011902713,588.0250988097287,586.9760251445425,,,
2023-07-12 10:05:00,SBIN,591.4,592.25,591.0,592.0,331608,1.0892589321489656,589.8325,592.684179884366,591.594920952217,588.070079047783,586.980820115634,,,
2023-07-12 10:10:00,SBIN,592.0,592.0,591.15,591.35,142321,1.0414071457191771,589.9125,592.6389039074928,591.5974967617736,588.2275032382264,587.1860960925072,,,
2023-07-12 10:15:00,SBIN,591.3,591.35,590.45,590.5,123340,1.0131257165753371,589.9475,592.5998631259943,591.5867374094189,588.3082625905811,587.2951368740057,,,
2023-07-12 10:20:00,SBIN,590.5,591.1,590.0,591.1,147356,1.0305005732602743,590.0125,592.7103505007955,591.6798499275352,588.3451500724649,587.3146494992046,,,
2023-07-12 10:25:00,SBIN,591.2,591.6,591.05,591.5,102628,0.9344004586082332,590.1650000000001,592.6112604006364,591.6768599420282,588.653140057972,587.7187395993637,,,
2023-07-12 10:30:00,SBIN,591.5,592.95,591.3,592.95,224729,1.077520366886605,590.435,593.2559483205091,592.1784279536224,588.6915720463775,587.6140516794908,,,
2023-07-12 10:35:00,SBIN,592.95,593.95,592.95,593.25,260127,1.062016293509284,590.6875,593.4678586564073,592.405842362898,588.969157637102,587.9071413435927,,,
2023-07-12 10:40:00,SBIN,593.1,593.25,592.65,593.0,84542,0.9696130348074319,590.885,593.4234469251259,592.4538338903184,589.3161661096816,588.3465530748741,,,
2023-07-12 10:45:00,SBIN,593.15,594.0,593.1,593.75,213215,0.9756904278459455,591.1274999999999,593.6818575401006,592.7061671122547,589.5488328877452,588.5731424598993,,,
2023-07-12 10:50:00,SBIN,593.75,593.9,593.35,593.9,78477,0.8905523422767473,591.36,593.6914660320805,592.8009136898038,589.9190863101962,589.0285339679195,,,
2023-07-12 10:55:00,SBIN,593.8,594.0,593.55,593.8,82793,0.802441873821407,591.5350000000001,593.6357928256646,592.8333509518432,590.236649048157,589.4342071743356,,,
2023-07-12 11:00:00,SBIN,593.75,594.5,593.5,594.5,136957,0.8419534990571256,591.8225,594.0267342605315,593.1847807614744,590.4602192385256,589.6182657394685,,,
2023-07-12 11:05:00,SBIN,594.45,594.5,593.8,594.3,86266,0.8135627992457096,592.0,594.1299074084253,593.3163446091795,590.6836553908205,589.8700925915747,,,
2023-07-12 11:10:00,SBIN,594.2,594.3,593.6,593.75,79120,0.7908502393965541,592.145,594.2154459267401,593.4245956873436,590.8654043126563,590.0745540732598,,,
2023-07-12 11:15:00,SBIN,593.7,593.95,593.25,593.5,89342,0.7726801915172524,592.2875,594.3103767413921,593.5376965498749,591.0373034501251,590.2646232586079,593.95,,
2023-07-12 11:20:00,SBIN,593.35,593.8,593.2,593.2,100190,0.7381441532137838,592.4350000000001,594.3674613931138,593.6293172398999,591.2406827601002,590.5025386068863,,,
2023-07-12 11:25:00,SBIN,593.25,593.5,592.85,592.95,209450,0.7205153225710225,592.5775,594.4638091144909,593.7432937919199,591.4117062080801,590.6911908855091,,,
2023-07-12 11:30:00,SBIN,592.95,593.35,592.2,592.95,214508,0.8064122580568134,592.725,594.8361872915928,594.029775033536,591.420224966464,590.6138127084073,,,
2023-07-12 11:35:00,SBIN,593.0,593.0,592.1,592.65,111568,0.8251298064454462,592.8149999999999,594.9751898332742,594.1500600268287,591.4799399731712,590.6548101667257,,,
2023-07-12 11:40:00,SBIN,592.6,592.9,592.3,592.35,64127,0.7801038451563616,592.8625,594.9048118666193,594.124708021463,591.6002919785369,590.8201881333806,,,
2023-07-12 11:45:00,SBIN,592.35,592.4,591.5,591.95,126488,0.8040830761250848,592.86,594.9650894932955,594.1610064171704,591.5589935828297,590.7549105067045,,,
2023-07-12 11:50:00,SBIN,591.85,592.5,591.7,592.4,71529,0.8032664609000588,592.9125,595.0154515946364,594.2121851337363,591.6128148662638,590.8095484053637,,,
2023-07-12 11:55:00,SBIN,592.4,592.9,592.3,592.35,82833,0.7626131687200517,593.005,595.0015212757091,594.238908106989,591.771091893011,591.0084787242909,,,
2023-07-12 12:00:00,SBIN,592.3,592.5,592.0,592.1,94005,0.7100905349760414,593.0550000000001,594.9140170205674,594.2039264855913,591.9060735144088,591.1959829794328,,,
2023-07-12 12:05:00,SBIN,591.9,592.5,591.5,591.7,121411,0.7680724279808331,593.0649999999999,595.0758136164537,594.307741188473,591.8222588115269,591.0541863835462,,591.5,1.7999999999999545
2023-07-12 12:10:00,SBIN,591.75,591.95,591.25,591.25,93685,0.7544579423846757,592.98,594.9551708931631,594.2007129507784,591.7592870492216,591.004829106837,,,
2023-07-12 12:15:00,SBIN,591.15,591.75,590.8,591.65,133471,0.7935663539077498,592.9,594.9775567145305,594.1839903606227,591.6160096393772,590.8224432854695,,590.8,
2023-07-12 12:20:00,SBIN,591.6,591.85,591.4,591.4,60577,0.7248530831262089,592.82,594.7176653716244,593.9928122884983,591.6471877115018,590.9223346283757,,,
2023-07-12 12:25:00,SBIN,591.4,591.5,590.6,591.0,111594,0.7598824665009626,592.6825000000001,594.6718722972996,593.9119898307987,591.4530101692015,590.6931277027006,,,
2023-07-12 12:30:00,SBIN,591.0,591.45,591.0,591.4,92458,0.6979059732007792,592.5575,594.3846178378396,593.6867118646388,591.4282881353612,590.7303821621604,,,
2023-07-12 12:35:00,SBIN,591.3,592.1,591.05,591.85,194747,0.768324778560637,592.46,594.4714742702718,593.7031494917112,591.2168505082889,590.4485257297283,,,
2023-07-12 12:40:00,SBIN,591.85,592.4,591.65,592.0,166471,0.7646598228485096,592.335,594.3368794162175,593.5722195933689,591.0977804066312,590.3331205837826,,,
2023-07-12 12:45:00,SBIN,592.1,592.1,590.8,591.45,288415,0.8717278582788214,592.1925,594.4746835329739,593.6029556746952,590.7820443253048,589.9103164670261,,,
2023-07-12 12:50:00,SBIN,591.45,592.0,591.4,591.6,50197,0.8173822866230617,592.085,594.2249068263792,593.4075245397562,590.7624754602439,589.9450931736209,,,
2023-07-12 12:55:00,SBIN,591.6,592.45,591.55,592.35,58322,0.8339058292984676,592.0275,594.2106654611034,593.3767596318049,590.6782403681951,589.8443345388966,,,
2023-07-12 13:00:00,SBIN,592.4,592.8,591.8,592.35,75698,0.8671246634387741,591.985,594.2551323688828,593.3880077054439,590.5819922945561,589.7148676311173,,,
2023-07-12 13:05:00,SBIN,592.35,592.6,592.05,592.35,55775,0.803699730751033,591.9549999999999,594.0590858951061,593.2553861643551,590.6546138356448,589.8509141048937,,,
2023-07-12 13:10:00,SBIN,592.3,592.75,592.3,592.55,64378,0.7329597846008354,591.9350000000001,593.8538887160851,593.1209289314842,590.749071068516,590.016111283915,,,
2023-07-12 13:15:00,SBIN,592.55,592.7,592.1,592.4,36729,0.706367827680673,591.9225,593.771770972868,593.0654031451874,590.7795968548127,590.073229027132,,,
2023-07-12 13:20:00,SBIN,592.4,593.4,592.2,593.35,87225,0.8050942621445247,591.9725000000001,594.0802367782944,593.2751425161499,590.6698574838503,589.8647632217057,593.4,,1.7000000000000455
2023-07-12 13:25:00,SBIN,593.2,593.4,592.65,593.05,76388,0.7940754097156199,592.0274999999999,594.1063894226354,593.3123140129198,590.74268598708,589.9486105773644,,,
2023-07-12 13:30:00,SBIN,592.95,593.7,592.95,593.45,74715,0.785260327772496,592.08,594.1358115381084,593.350551210336,590.8094487896641,590.0241884618916,,,
2023-07-12 13:35:00,SBIN,593.35,593.45,592.65,593.1,63026,0.7882082622180105,592.1175000000001,594.1810292304868,593.3928209682688,590.8421790317313,590.0539707695133,,,
2023-07-12 13:40:00,SBIN,593.15,593.65,592.75,593.1,86855,0.810566609774404,592.1674999999999,594.2895633843893,593.4789967746149,590.8560032253849,590.0454366156105,,,
2023-07-12 13:45:00,SBIN,593.05,593.7,593.05,593.45,68853,0.7784532878195415,592.255,594.2929907075115,593.514537419692,590.995462580308,590.2170092924885,,,
2023-07-12 13:50:00,SBIN,593.35,593.75,593.35,593.5,52222,0.7027626302556287,592.3675000000001,594.2073325660093,593.5045699357537,591.2304300642464,590.5276674339908,,,
2023-07-12 13:55:00,SBIN,593.55,593.65,593.05,593.25,92165,0.6822101042045076,592.4475,594.2335260528074,593.5513159486029,591.3436840513971,590.6614739471926,,,
2023-07-12 14:00:00,SBIN,593.4,593.85,593.1,593.1,106754,0.6957680833636061,592.5325,594.354020842246,593.6582527588823,591.4067472411177,590.7109791577541,,,
2023-07-12 14:05:00,SBIN,593.1,593.25,592.7,592.9,70481,0.6666144666908758,592.6274999999999,594.3726966737967,593.7060822071057,591.5489177928941,590.8823033262032,,,
2023-07-12 14:10:00,SBIN,592.8,592.9,592.25,592.25,114961,0.6632915733526961,592.67,594.4064973390373,593.7432057656846,591.5967942343153,590.9335026609626,,,
2023-07-12 14:15:00,SBIN,592.25,592.5,591.8,591.8,343869,0.670633258682166,592.6674999999999,594.4232178712298,593.7525846125476,591.5824153874522,590.91178212877,,,
2023-07-12 14:20:00,SBIN,591.7,592.15,591.4,591.75,329838,0.6865066069457328,592.655,594.4522742969839,593.7657676900382,591.5442323099618,590.8577257030161,,,
2023-07-12 14:25:00,SBIN,591.7,591.95,590.6,591.6,346940,0.8192052855565909,592.6625,594.8071794375871,593.9879741520306,591.3370258479695,590.5178205624129,,,
2023-07-12 14:30:00,SBIN,591.75,592.0,591.55,591.7,50686,0.7453642284452818,592.6675,594.6188635500698,593.8734993216245,591.4615006783755,590.7161364499302,,,
2023-07-12 14:35:00,SBIN,591.7,592.25,591.5,592.05,102748,0.7462913827562255,592.6524999999999,594.6062908400557,593.8599994572995,591.4450005427003,590.6987091599441,,,
2023-07-12 14:40:00,SBIN,592.0,592.35,591.35,591.45,95997,0.7970331062049805,592.6075,594.6941326720446,593.8970995658397,591.3179004341603,590.5208673279553,,,
2023-07-12 14:45:00,SBIN,591.4,591.95,591.25,591.95,127051,0.7776264849639936,592.5875,594.6233261376357,593.8456996526717,591.3293003473283,590.5516738623643,,,
2023-07-12 14:50:00,SBIN,591.9,592.3,591.25,592.15,208045,0.8321011879711857,592.5675,594.7459409101085,593.9138397221374,591.2211602778626,590.3890590898915,,,
2023-07-12 14:55:00,SBIN,592.15,592.35,590.85,590.85,199992,0.9656809503769487,592.49,595.0181527280869,594.0524717777099,590.9275282222901,589.9618472719131,,,
2023-07-12 15:00:00,SBIN,590.85,591.25,588.7,588.7,1329951,1.2825447603015498,592.2574999999999,595.6152021824694,594.3326574221678,590.1823425778321,588.8997978175305,,,
2023-07-12 15:05:00,SBIN,588.7,590.0,588.35,589.8,1171851,1.3560358082412354,592.095,595.6451017459756,594.2890659377343,589.9009340622657,588.5448982540245,,,
2023-07-12 15:10:00,SBIN,589.7,590.0,588.25,589.05,1163967,1.4348286465929885,591.875,595.6313813967804,594.1965527501875,589.5534472498125,588.1186186032196,,,
2023-07-12 15:15:00,SBIN,589.0,589.7,588.8,589.0,1186884,1.327862917274409,591.67,595.1463451174244,593.8184822001499,589.52151779985,588.1936548825755,,,
2023-07-12 15:20:00,SBIN,589.0,589.45,588.65,589.2,984778,1.222290333819541,591.475,594.6749560939396,593.45266576012,589.49733423988,588.2750439060604,,,
2023-07-12 15:25:00,SBIN,589.4,589.8,589.1,589.6,428030,1.1178322670556193,591.2825,594.2089848751516,593.091152608096,589.4738473919041,588.3560151248485,,,
2023-07-13 09:15:00,SBIN,594.9,594.9,592.8,593.7,662807,1.9542658136444864,591.2925,596.4087679001212,594.4545020864769,588.1304979135232,586.1762320998788,,,
2023-07-13 09:20:00,SBIN,593.7,596.8,593.65,595.3,866503,2.193412650915585,591.395,597.137354320097,594.9439416691814,587.8460583308186,585.652645679903,,,
2023-07-13 09:25:00,SBIN,595.3,595.35,594.1,594.3,185154,2.004730120732468,591.455,596.7033834560776,594.6986533353452,588.2113466646549,586.2066165439225,,,
2023-07-13 09:30:00,SBIN,594.25,594.85,593.75,593.75,319579,1.823784096585979,591.4975000000001,596.2721667648622,594.4483826682762,588.546617331724,586.722833235138,,,
2023-07-13 09:35:00,SBIN,593.8,595.0,593.75,594.65,216828,1.7090272772687833,591.6175000000001,596.0917334118898,594.382706134621,588.8522938653791,587.1432665881104,,,
2023-07-13 09:40:00,SBIN,594.7,595.3,594.45,594.75,315874,1.5372218218150087,591.7650000000001,595.7894467295118,594.2522249076968,589.2777750923034,587.7405532704884,,,
2023-07-13 09:45:00,SBIN,594.85,595.25,594.3,595.1,198756,1.4197774574520161,591.9325000000001,595.6494773836095,594.2296999261575,589.6353000738427,588.2155226163908,,,
2023-07-13 09:50:00,SBIN,595.1,595.5,594.6,595.4,249470,1.3158219659616084,592.1225000000001,595.5673219068875,594.2514999409259,589.9935000590742,588.6776780931126,,,
2023-07-13 09:55:00,SBIN,595.3,595.95,595.3,595.8,223370,1.182657572769305,592.3275,595.4236975255101,594.2410399527407,590.4139600472593,589.2313024744899,,,
2023-07-13 10:00:00,SBIN,595.85,597.3,595.45,597.1,398510,1.316126058215426,592.58,596.025618020408,594.7094919621926,590.4505080378075,589.134381979592,,,
2023-07-13 10:05:00,SBIN,597.1,597.65,596.5,596.7,391814,1.2829008465723364,592.8425,596.2011344163263,594.918233569754,590.766766430246,589.4838655836736,,,
2023-07-13 10:10:00,SBIN,596.8,597.2,596.65,596.75,185159,1.1363206772578829,593.0825000000001,596.0573875330613,594.9210668558034,591.2439331441968,590.1076124669389,,,
2023-07-13 10:15:00,SBIN,596.75,597.1,596.0,596.6,187619,1.129056541806311,593.305,596.2608700264489,595.1318134846425,591.4781865153574,590.349129973551,,,
2023-07-13 10:20:00,SBIN,596.6,597.0,596.45,596.95,154234,1.0132452334450397,593.61,596.2626760211591,595.2494307877141,591.9705692122859,590.9573239788409,,,
2023-07-13 10:25:00,SBIN,596.95,597.0,596.3,596.5,139073,0.950596186756041,594.0,596.4886608169273,595.5380646301712,592.4619353698288,591.5113391830727,,,
2023-07-13 10:30:00,SBIN,596.45,597.0,595.75,596.4,274642,1.0104769494048327,594.33,596.9754286535419,595.9649517041371,592.695048295863,591.6845713464581,,,
2023-07-13 10:35:00,SBIN,596.35,596.55,596.0,596.55,142828,0.918381559523857,594.705,597.1093229228335,596.1909413633097,593.2190586366904,592.3006770771666,,,
2023-07-13 10:40:00,SBIN,596.45,596.85,596.3,596.65,147329,0.8447052476190993,595.0875,597.2989383382668,596.4542330906477,593.7207669093523,592.8760616617332,,,
2023-07-13 10:45:00,SBIN,596.55,596.9,595.65,595.85,133832,0.9257641980952794,595.42,597.8436506706134,596.9178864725181,593.9221135274818,592.9963493293865,,,
2023-07-13 10:50:00,SBIN,595.85,596.35,595.25,595.35,200860,0.9606113584762281,595.7075000000001,598.2223805364908,597.2617691780147,594.1532308219855,593.1926194635093,,,
2023-07-13 10:55:00,SBIN,595.25,595.45,594.6,595.15,186225,0.9384890867809872,595.78,598.2369644291927,597.2984753424116,594.2615246575883,593.3230355708073,,,
2023-07-13 11:00:00,SBIN,594.95,595.15,594.65,594.65,115100,0.8507912694247898,595.7475000000001,597.9748715433542,597.1240802739294,594.3709197260707,593.5201284566459,,,
2023-07-13 11:05:00,SBIN,594.65,595.0,594.4,594.6,93660,0.8006330155398365,595.7625,597.8585572346833,597.0579242191435,594.4670757808566,593.6664427653168,,,
2023-07-13 11:10:00,SBIN,594.6,596.0,594.6,595.95,83785,0.9205064124318647,595.8725,598.2823857877465,597.3618793753147,594.3831206246851,593.4626142122534,,,
2023-07-13 11:15:00,SBIN,595.95,598.0,595.8,597.45,402442,1.176405129945501,596.0125,599.0923286301974,597.9159235002519,594.1090764997482,592.9326713698027,,,
2023-07-13 11:20:00,SBIN,597.45,597.65,596.6,597.15,308018,1.1511241039563918,596.1324999999999,599.1461429041577,597.9950188002014,594.2699811997985,593.1188570958421,,,
2023-07-13 11:25:00,SBIN,597.2,597.35,596.7,596.75,72312,1.050899283165109,596.2149999999999,598.9662543233262,597.9153550401611,594.5146449598387,593.4637456766736,,,
2023-07-13 11:30:00,SBIN,596.9,596.9,596.0,596.25,94592,1.0207194265320827,596.2574999999999,598.9297434586609,597.9090240321289,594.605975967871,593.5852565413389,,,
2023-07-13 11:35:00,SBIN,596.25,596.9,596.05,596.5,143631,0.9865755412256708,596.2925,598.8753547669288,597.8887792257032,594.6962207742969,593.7096452330712,,,
2023-07-13 11:40:00,SBIN,596.5,596.7,595.55,595.9,279599,1.019260432980555,596.2325,598.900923813543,597.8816633805625,594.5833366194374,593.5640761864569,,,
2023-07-13 11:45:00,SBIN,595.65,596.45,595.5,596.2,179708,1.0054083463844532,596.2075,598.8396590508345,597.83425070445,594.5807492955499,593.5753409491655,,,
2023-07-13 11:50:00,SBIN,596.1,596.4,595.85,596.15,116924,0.9143266771075534,596.1775,598.5712072406676,597.65688056356,594.69811943644,593.7837927593324,,,
2023-07-13 11:55:00,SBIN,595.9,596.4,595.35,595.5,164676,0.9414613416860338,596.1225000000001,598.5872457925341,597.645784450848,594.5992155491521,593.657754207466,,,
2023-07-13 12:00:00,SBIN,595.45,595.5,595.2,595.3,58967,0.813169073348818,596.04,598.1688766340271,597.3557075606783,594.7242924393216,593.9111233659728,,,
2023-07-13 12:05:00,SBIN,595.25,595.55,595.05,595.05,149420,0.7505352586790545,595.9675,597.9324013072218,597.1818660485427,594.7531339514572,594.0025986927782,,,
2023-07-13 12:10:00,SBIN,595.05,595.85,594.45,595.55,272614,0.8804282069432391,595.925,598.2299610457774,597.3495328388341,594.5004671611658,593.6200389542225,,,
2023-07-13 12:15:00,SBIN,595.55,595.65,594.75,595.3,87665,0.8843425655545868,595.8625,598.1777088366218,597.2933662710673,594.4316337289326,593.5472911633781,,,
2023-07-13 12:20:00,SBIN,595.3,595.75,594.55,595.35,124675,0.9474740524436785,595.7974999999999,598.2779870692974,597.3305130168537,594.2644869831461,593.3170129307024,,,
2023-07-13 12:25:00,SBIN,595.0,595.6,594.5,595.0,235626,0.9779792419549475,595.7549999999999,598.3153496554379,597.337370413483,594.1726295865168,593.1946503445619,,,
2023-07-13 12:30:00,SBIN,595.0,595.0,594.3,594.8,212426,0.9223833935639671,595.7275000000001,598.1422997243506,597.2199163307865,594.2350836692136,593.3127002756496,,,
2023-07-13 12:35:00,SBIN,594.85,595.0,594.4,595.0,65974,0.8579067148511783,595.72,597.9659997794804,597.1080930646292,594.3319069353709,593.4740002205197,,,
2023-07-13 12:40:00,SBIN,594.9,595.8,594.85,595.8,207266,0.8763253718809291,595.7774999999999,598.0717198235842,597.1953944517032,594.3596055482966,593.4832801764156,,,
2023-07-13 12:45:00,SBIN,595.75,596.25,595.35,595.45,108695,0.8810602975047388,595.8199999999999,598.1266158588674,597.2455555613626,594.3944444386373,593.5133841411325,,,
2023-07-13 12:50:00,SBIN,595.45,595.7,594.75,595.15,188840,0.8948482380038001,595.78,598.1227126870939,597.2278644490901,594.3321355509098,593.437287312906,,,
2023-07-13 12:55:00,SBIN,595.2,595.35,594.75,595.0,92521,0.8358785904030447,595.6575,597.8458301496752,597.0099515592722,594.3050484407279,593.4691698503249,,,
2023-07-13 13:00:00,SBIN,595.0,595.4,594.8,595.4,104032,0.7887028723224403,595.5699999999999,597.6348241197401,596.8461212474176,594.2938787525823,593.5051758802598,,,
2023-07-13 13:05:00,SBIN,595.15,595.6,594.45,595.25,173693,0.8609622978579478,595.495,597.7489992957921,596.8880369979341,594.1019630020659,593.2410007042079,,,
2023-07-13 13:10:00,SBIN,595.2,596.05,594.85,595.55,265250,0.9287698382863446,595.46,597.8915194366336,596.9627495983474,593.9572504016527,593.0284805633664,,,
2023-07-13 13:15:00,SBIN,595.6,595.65,595.15,595.25,105789,0.8430158706290757,595.3975,597.6045155493069,596.7614996786779,594.0335003213222,593.1904844506931,,,
2023-07-13 13:20:00,SBIN,595.2,595.6,594.95,595.15,158753,0.8044126965032561,595.36,597.4659524394456,596.6615397429423,594.0584602570577,593.2540475605545,,,
2023-07-13 13:25:00,SBIN,595.1,595.2,594.45,594.95,151492,0.7935301572026049,595.2974999999999,597.3749619515563,596.5814317943538,594.013568205646,593.2200380484435,,,
2023-07-13 13:30:00,SBIN,594.95,595.25,594.0,595.05,247209,0.8848241257620839,595.2425000000001,597.5589695612452,596.6741454354831,593.8108545645171,592.9260304387549,,,
2023-07-13 13:35:00,SBIN,595.05,595.05,594.1,594.95,201416,0.8978593006096536,595.2149999999999,597.565595648996,596.6677363483864,593.7622636516135,592.8644043510038,,,
2023-07-13 13:40:00,SBIN,594.6,595.1,592.3,592.4,463136,1.2782874404877367,595.07,598.4165565191969,597.1382690787092,593.0017309212909,591.7234434808032,,,
2023-07-13 13:45:00,SBIN,592.35,592.75,591.6,592.15,430391,1.252629952390185,594.925,598.2043852153574,596.9517552629673,592.8982447370327,591.6456147846425,,,
2023-07-13 13:50:00,SBIN,592.2,592.25,589.85,590.0,383633,1.4821039619121434,594.6475,598.527648172286,597.0455442103739,592.2494557896262,590.767351827714,,,
2023-07-13 13:55:00,SBIN,590.1,590.2,588.7,589.25,515313,1.4856831695297148,594.345,598.2345185378289,596.7488353682991,591.941164631701,590.4554814621712,,,
2023-07-13 14:00:00,SBIN,589.05,589.1,584.7,585.4,842035,2.068546535623767,593.8475000000001,599.2629548302631,597.1944082946393,590.5005917053609,588.4320451697371,,,
2023-07-13 14:05:00,SBIN,585.6,587.2,584.95,584.95,554279,2.104837228499014,593.345,598.8554638642105,596.7506266357115,589.9393733642886,587.8345361357896,,,
2023-07-13 14:10:00,SBIN,585.0,585.7,584.35,585.35,394123,1.9538697827992157,592.8725,597.9877310913683,596.033861308569,589.7111386914308,587.7572689086315,,,
2023-07-13 14:15:00,SBIN,585.35,587.15,584.8,586.95,266212,2.0330958262393772,592.47,597.7926448730947,595.7595490468553,589.1804509531447,587.1473551269054,,,
2023-07-13 14:20:00,SBIN,587.25,588.4,587.05,587.3,398797,1.916476660991488,592.045,597.0623358984757,595.1458592374842,588.9441407625158,587.0276641015242,,,
2023-07-13 14:25:00,SBIN,587.35,588.4,586.3,586.35,311262,1.9531813287931952,591.5899999999999,596.7034287187805,594.7502473899873,588.4297526100125,586.4765712812193,,,
2023-07-13 14:30:00,SBIN,586.55,587.85,586.25,587.35,445854,1.8825450630345608,591.2,596.1285029750245,594.24595791199,588.1540420880101,586.2714970249756,,,
2023-07-13 14:35:00,SBIN,587.4,587.4,583.55,584.6,486031,2.276036050427653,590.6800000000001,596.6386623800197,594.362626329592,586.9973736704081,584.7213376199804,,,
2023-07-13 14:40:00,SBIN,584.5,585.4,584.05,585.1,480899,2.090828840342127,590.1650000000001,595.6387899040158,593.5479610636736,586.7820389363266,584.6912100959844,,,
2023-07-13 14:45:00,SBIN,585.0,586.8,584.45,586.4,237399,2.1426630722736837,589.7225000000001,595.3319919232126,593.1893288509389,586.2556711490613,584.1130080767875,,,
2023-07-13 14:50:00,SBIN,586.45,586.45,585.65,585.8,204724,1.8741304578189608,589.2349999999999,594.1414735385699,592.267343080751,586.2026569192489,584.3285264614299,,,
2023-07-13 14:55:00,SBIN,585.7,585.95,584.7,584.7,152656,1.7493043662551688,588.7075,593.287178830856,591.5378744646008,585.8771255353992,584.127821169144,,,
2023-07-13 15:00:00,SBIN,584.8,585.45,583.9,584.8,355212,1.7094434930041487,588.1899999999999,592.6653230646848,590.9558795716806,585.4241204283193,583.7146769353151,,,
2023-07-13 15:05:00,SBIN,584.85,586.65,584.7,586.05,414115,1.7575547944033054,587.7450000000001,592.3462784517479,590.5887236573446,584.9012763426556,583.1437215482523,,,
2023-07-13 15:10:00,SBIN,586.1,586.3,585.2,586.2,353995,1.626043835522626,587.3025,591.5594827613983,589.9334389258756,584.6715610741244,583.0455172386017,,,
2023-07-13 15:15:00,SBIN,586.3,586.4,585.35,586.25,408693,1.5108350684180918,586.8675000000001,590.8228662091186,589.3120311407006,584.4229688592995,582.9121337908815,,,
2023-07-13 15:20:00,SBIN,586.25,586.25,585.0,586.25,416910,1.4586680547344735,586.56,590.3787929672948,588.9201249125604,584.1998750874395,582.7412070327051,,,
2023-07-13 15:25:00,SBIN,586.2,586.55,585.75,586.0,312141,1.3269344437875699,586.2524999999999,589.7264143738358,588.3994799300482,584.1055200699517,582.778585626164,,,
2023-07-14 09:15:00,SBIN,586.75,589.9,586.75,588.5,753790,1.8415475550300515,586.1775,590.9986714990687,589.1571239440386,583.1978760559614,581.3563285009313,,,
2023-07-14 09:20:00,SBIN,588.5,589.4,588.5,588.85,290107,1.6532380440240368,586.1575,590.485677199255,588.8324391552309,583.4825608447692,581.8293228007451,,,
2023-07-14 09:25:00,SBIN,588.9,590.0,588.5,589.85,274767,1.6225904352192295,586.38,590.6279417594039,589.0053513241847,583.7546486758152,582.132058240596,,,
2023-07-14 09:30:00,SBIN,589.8,591.3,589.8,591.2,235390,1.5980723481753838,586.6924999999999,590.876253407523,589.2781810593476,584.1068189406521,582.5087465924768,,,
2023-07-14 09:35:00,SBIN,591.15,591.2,589.55,590.7,181863,1.6084578785403254,586.96,591.1709427260186,589.5624848474782,584.3575151525218,582.7490572739815,,,
2023-07-14 09:40:00,SBIN,590.7,590.8,589.4,589.5,174379,1.566766302832256,587.0875,591.1892941808148,589.6225278779825,584.5524721220174,582.9857058191851,590.8,,
2023-07-14 09:45:00,SBIN,589.4,590.4,589.4,589.55,94232,1.453413042265805,587.2,591.0050353446519,589.5516223023861,584.848377697614,583.3949646553482,,,
2023-07-14 09:50:00,SBIN,589.55,589.55,589.1,589.5,157384,1.2527304338126304,587.3575,590.6371482757214,589.3844178419088,585.3305821580911,584.0778517242785,,,
2023-07-14 09:55:00,SBIN,589.35,589.4,588.75,588.95,318124,1.1321843470500998,587.4375,590.4015586205771,589.2693742735271,585.6056257264729,584.4734413794229,,,
2023-07-14 10:00:00,SBIN,588.8,589.0,587.25,587.65,283744,1.2557474776400799,587.5899999999999,590.8775468964617,589.6217994188215,585.5582005811783,584.3024531035381,,,
2023-07-14 10:05:00,SBIN,587.8,588.4,587.6,587.8,129996,1.164597982112055,587.725,590.7739175171694,589.6093195350574,585.8406804649427,584.6760824828307,,,
2023-07-14 10:10:00,SBIN,587.75,589.2,587.75,589.05,263060,1.2216783856896531,587.8575,591.0558540137355,589.8341756280458,585.8808243719541,584.6591459862644,,,
2023-07-14 10:15:00,SBIN,589.05,589.05,587.5,587.7,202771,1.2873427085517135,587.9525000000001,591.3227632109885,590.0354205024368,585.8695794975634,584.5822367890117,,,
2023-07-14 10:20:00,SBIN,587.7,587.9,587.0,587.0,109993,1.2098741668413664,588.0675,591.2349505687907,590.0250764019494,586.1099235980506,584.9000494312093,,,
2023-07-14 10:25:00,SBIN,587.0,587.05,586.1,586.35,171356,1.1578993334730796,588.145,591.1763804550325,590.0184811215594,586.2715188784406,585.1136195449675,,,
2023-07-14 10:30:00,SBIN,586.4,586.6,585.2,585.55,212669,1.2063194667784591,588.12,591.278144364026,590.0718248972476,586.1681751027525,584.961855635974,,585.2,3.9500000000000455
2023-07-14 10:35:00,SBIN,585.55,586.1,585.3,585.3,107460,1.125055573422781,588.075,591.0203954912209,589.8953399177981,586.254660082202,585.1296045087792,,,
2023-07-14 10:40:00,SBIN,585.3,585.4,584.65,584.9,167773,1.050044458738225,588.0074999999999,590.7565163929767,589.7064719342384,586.3085280657615,585.2584836070232,,,
2023-07-14 10:45:00,SBIN,584.95,585.15,584.75,585.15,93568,0.9200355669905755,587.9525000000001,590.3611531143814,589.4411175473908,586.4638824526094,585.5438468856188,,,
2023-07-14 10:50:00,SBIN,584.9,585.1,583.05,584.35,213538,1.146028453592474,587.87,590.8703024915051,589.7242740379127,586.0157259620873,584.8696975084949,,,
2023-07-14 10:55:00,SBIN,584.4,585.0,584.0,584.05,116461,1.1168227628739793,587.6475,590.5713419932041,589.4545192303301,585.84048076967,584.723658006796,,,
2023-07-14 11:00:00,SBIN,584.0,584.4,583.85,584.05,87896,1.0034582102991745,587.4075,590.0345535945632,589.0310953842641,585.783904615736,584.7804464054368,,,
2023-07-14 11:05:00,SBIN,584.05,584.8,583.75,584.5,97410,1.0127665682393305,587.14,589.7914228756506,588.7786563074112,585.5013436925888,584.4885771243494,,,
2023-07-14 11:10:00,SBIN,584.5,584.85,584.25,584.4,71719,0.930213254591469,586.8,589.2352983005204,588.305085045929,585.2949149540709,584.3647016994795,,,
2023-07-14 11:15:00,SBIN,584.4,584.7,584.0,584.25,67107,0.8841706036731843,586.4775,588.7922586404163,587.9080880367432,585.0469119632568,584.1627413595836,,,
2023-07-14 11:20:00,SBIN,584.25,584.7,584.2,584.3,54775,0.8073364829385475,586.2175,588.3311069123331,587.5237704293945,584.9112295706054,584.1038930876668,,,
2023-07-14 11:25:00,SBIN,584.3,585.0,584.2,584.9,56783,0.805869186350829,585.985,588.0947655298664,587.2888963435156,584.6811036564844,583.8752344701336,,584.2,
2023-07-14 11:30:00,SBIN,584.85,585.5,584.8,585.25,90411,0.7846953490806724,585.7725,587.8268324238933,587.0421370748126,584.5028629251875,583.7181675761068,,,
2023-07-14 11:35:00,SBIN,585.2,585.35,584.7,584.7,71705,0.7577562792645334,585.5600000000001,587.5438059391146,586.78604965985,584.3339503401501,583.5761940608855,,,
2023-07-14 11:40:00,SBIN,584.7,584.7,583.3,583.55,216789,0.886205023411645,585.355,587.6750847512917,586.78887972788,583.92112027212,583.0349152487083,,,
2023-07-14 11:45:00,SBIN,583.5,583.5,582.25,582.9,211162,0.958964018729316,585.1099999999999,587.6205678010333,586.6616037823039,583.5583962176959,582.5994321989665,,,
2023-07-14 11:50:00,SBIN,583.0,583.1,582.1,582.9,124619,0.9671712149834528,584.8025,587.3345542408267,586.3673830258432,583.2376169741568,582.2704457591733,,,
2023-07-14 11:55:00,SBIN,582.9,582.95,582.55,582.85,92938,0.8537369719867804,584.56,586.7950833926614,585.9413464206746,583.1786535793253,582.3249166073385,,,
2023-07-14 12:00:00,SBIN,582.85,582.85,582.2,582.75,80230,0.8129895775894198,584.3475,586.4759067141291,585.6629171365397,583.0320828634602,582.2190932858708,,,
2023-07-14 12:05:00,SBIN,582.75,583.25,582.4,582.5,110018,0.8203916620715405,584.155,586.3027853713032,585.4823937092317,582.8276062907682,582.0072146286967,,,
2023-07-14 12:10:00,SBIN,582.4,583.05,582.1,583.0,108432,0.8463133296572188,584.0274999999999,586.2431482970425,585.3968349673853,582.6581650326145,581.8118517029574,,,
2023-07-14 12:15:00,SBIN,583.0,583.45,582.95,583.05,60692,0.7770506637257751,583.915,585.9493186376341,585.1722679739082,582.6577320260917,581.8806813623659,,,
2023-07-14 12:20:00,SBIN,583.05,583.7,583.0,583.2,62817,0.7616405309806292,583.83,585.8239749101074,585.0623343791267,582.5976656208734,581.8360250898927,,,
2023-07-14 12:25:00,SBIN,583.2,583.35,583.0,583.05,54756,0.6793124247845079,583.7249999999999,585.5034399280858,584.8241275033013,582.6258724966985,581.9465600719141,,,
2023-07-14 12:30:00,SBIN,583.1,583.15,582.2,582.8,94540,0.7334499398275928,583.6475,585.5676719424687,584.8342220026411,582.460777997359,581.7273280575314,,,
2023-07-14 12:35:00,SBIN,582.7,583.2,582.5,582.85,73079,0.7267599518620833,583.5875,585.4901575539749,584.7633976021128,582.4116023978871,581.6848424460251,,,
2023-07-14 12:40:00,SBIN,582.85,583.0,582.2,582.45,81066,0.7414079614896576,583.5074999999999,585.4485060431798,584.7070980816902,582.3079019183097,581.5664939568201,,,
2023-07-14 12:45:00,SBIN,582.4,582.5,581.55,581.55,191897,0.7831263691917352,583.36,585.410224834544,584.6270984653522,582.0929015346478,581.309775165456,,,
2023-07-14 12:50:00,SBIN,581.7,581.95,581.3,581.7,126100,0.7565010953534064,583.225,585.2055198676352,584.4490187722819,582.0009812277182,581.2444801323649,,,
2023-07-14 12:55:00,SBIN,581.7,581.85,581.5,581.85,74928,0.6752008762827296,583.105,584.8726758941082,584.1974750178255,582.0125249821746,581.3373241058919,,,
2023-07-14 13:00:00,SBIN,581.75,581.95,581.0,581.4,157037,0.7301607010261928,582.9599999999999,584.8715607152865,584.1414000142603,581.7785999857396,581.0484392847134,,,
2023-07-14 13:05:00,SBIN,581.35,581.8,581.15,581.6,80714,0.7141285608209497,582.795,584.6645885722291,583.9504600114083,581.6395399885917,580.9254114277708,,,
2023-07-14 13:10:00,SBIN,581.7,582.35,581.6,582.1,120525,0.7213028486567598,582.6375,584.5258708577834,583.8045680091267,581.4704319908734,580.7491291422167,,,
2023-07-14 13:15:00,SBIN,582.15,582.45,581.75,581.85,99725,0.7170422789254169,582.495,584.3722166862267,583.6551744073013,581.3348255926987,580.6177833137733,,,
2023-07-14 13:20:00,SBIN,581.8,582.4,581.8,582.3,54903,0.6936338231403382,582.4325,584.2484333489814,583.5547995258411,581.3102004741589,580.6165666510186,,,
2023-07-14 13:25:00,SBIN,582.35,582.85,582.25,582.5,97363,0.6749070585122751,582.4125,584.1794066791851,583.5044996206728,581.3205003793272,580.6455933208149,,,
2023-07-14 13:30:00,SBIN,582.5,582.7,581.75,581.9,103615,0.7299256468098292,582.3625,584.273445343348,583.5435196965383,581.1814803034616,580.4515546566519,,,
2023-07-14 13:35:00,SBIN,581.85,582.5,581.7,582.25,65156,0.7439405174478543,582.3325,584.2801362746785,583.5361957572306,581.1288042427693,580.3848637253215,,,
2023-07-14 13:40:00,SBIN,582.25,582.35,581.9,582.15,74670,0.6851524139582925,582.3025,584.0962290197429,583.4110766057845,581.1939233942155,580.5087709802572,,,
2023-07-14 13:45:00,SBIN,582.1,582.25,581.35,581.5,85004,0.7281219311666295,582.2524999999999,584.1587232157942,583.4306012846275,581.0743987153724,580.3462767842057,,,
2023-07-14 13:50:00,SBIN,581.45,581.75,581.15,581.4,83411,0.7024975449333082,582.1725,584.0116385726354,583.3091410277021,581.0358589722979,580.3333614273646,,,
2023-07-14 13:55:00,SBIN,581.35,581.75,581.1,581.3,75253,0.691998035946642,582.085,583.8966508581084,583.2046528221617,580.9653471778383,580.2733491418917,,,
2023-07-14 14:00:00,SBIN,581.35,581.5,580.7,581.45,146543,0.7135984287573045,581.9975000000001,583.8657006864867,583.1521022577293,580.8428977422708,580.1292993135135,,,
2023-07-14 14:05:00,SBIN,581.4,581.9,581.15,581.6,160737,0.7208787430058436,581.925,583.8122605491892,583.0913818061834,580.7586181938165,580.0377394508107,,,
2023-07-14 14:10:00,SBIN,581.5,581.75,581.2,581.3,96055,0.6867029944046659,581.85,583.6477884393514,582.9610854449468,580.7389145550533,580.0522115606486,,,
2023-07-14 14:15:00,SBIN,581.45,581.5,581.0,581.15,103443,0.6493623955237326,581.765,583.4650307514811,582.8156683559574,580.7143316440425,580.0649692485189,,,
2023-07-14 14:20:00,SBIN,581.15,582.1,581.1,581.75,144290,0.7194899164189861,581.73,583.6136246011849,582.894134684766,580.5658653152341,579.8463753988151,,,
2023-07-14 14:25:00,SBIN,581.75,582.6,581.45,581.7,160785,0.8055919331351843,581.7375,583.8465396809479,583.0409477478127,580.4340522521873,579.628460319052,,,
2023-07-14 14:30:00,SBIN,581.55,582.15,581.45,581.6,116030,0.7844735465081338,581.7325,583.7862517447583,583.0017781982501,580.4632218017498,579.6787482552417,,,
2023-07-14 14:35:00,SBIN,581.5,582.0,581.35,581.85,104277,0.7575788372065025,581.7325,583.7158413958066,582.9582625586,580.5067374413999,579.7491586041933,,,
2023-07-14 14:40:00,SBIN,581.85,582.15,581.35,581.45,148706,0.766063069765193,581.735,583.7405531166453,582.9744900468801,580.49550995312,579.7294468833547,,,
2023-07-14 14:45:00,SBIN,581.45,582.25,581.05,582.05,326287,0.8528504558121636,581.7574999999999,583.9902624933162,583.137412037504,580.3775879624959,579.5247375066837,,,
2023-07-14 14:50:00,SBIN,582.05,582.5,581.7,582.35,202098,0.8422803646497218,581.77,583.975089994653,583.1328096300032,580.4071903699968,579.564910005347,,,
2023-07-14 14:55:00,SBIN,582.3,583.65,582.3,583.2,282535,0.943824291719782,581.8375,584.3084319957223,583.3646077040025,580.3103922959974,579.3665680042776,,,
2023-07-14 15:00:00,SBIN,583.45,584.5,583.25,584.5,422567,1.0150594333758165,581.9475,584.6049255965779,583.589866163202,580.305133836798,579.2900744034221,584.5,,-0.39999999999997726
2023-07-14 15:05:00,SBIN,584.5,585.0,584.2,584.7,301381,0.9720475467006442,582.0575,584.6023204772623,583.6302729305617,580.4847270694383,579.5126795227377,,,
2023-07-14 15:10:00,SBIN,584.75,585.0,584.5,584.9,318576,0.8776380373605154,582.2075000000001,584.5051563818099,583.6275183444494,580.7874816555508,579.9098436181903,,,
2023-07-14 15:15:00,SBIN,584.6,584.85,583.75,584.05,393124,0.9221104298884168,582.2975,584.7115851054479,583.7894746755595,580.8055253244405,579.8834148945522,,,
2023-07-14 15:20:00,SBIN,584.0,584.8,583.8,584.7,425457,0.9376883439107335,582.425,584.8798680843582,583.9421797404475,580.9078202595524,579.9701319156417,,,
2023-07-14 15:25:00,SBIN,584.7,584.85,584.45,584.85,286408,0.8301506751285823,582.5925,584.7658344674866,583.935683792358,581.249316207642,580.4191655325134,,,
2023-07-17 09:15:00,SBIN,587.0,587.4,586.0,586.6,404528,1.174120540102857,582.8525,585.9263475739892,584.7522270338864,580.9527729661136,579.7786524260107,,,
2023-07-17 09:20:00,SBIN,586.6,586.6,585.05,585.65,215814,1.2492964320822992,583.0699999999999,586.3406580591914,585.0913616271091,581.0486383728908,579.7993419408085,,,
2023-07-17 09:25:00,SBIN,585.65,586.65,585.5,586.15,133338,1.2294371456658348,583.305,586.5236664473531,585.2942293016873,581.3157706983126,580.0863335526468,,,
2023-07-17 09:30:00,SBIN,586.1,586.6,584.3,584.65,127591,1.4435497165326816,583.4575000000001,587.2367131578826,585.79316344135,581.1218365586502,579.6782868421176,586.6,,
2023-07-17 09:35:00,SBIN,584.55,585.3,584.2,585.15,187704,1.374839773226127,583.65,587.2493305263059,585.8744907530798,581.4255092469201,580.050669473694,,,
2023-07-17 09:40:00,SBIN,585.25,586.0,585.15,585.9,163156,1.2698718185809064,583.8875,587.2120244210448,585.9421526024639,581.8328473975362,580.5629755789553,,,
2023-07-17 09:45:00,SBIN,585.85,588.65,585.85,587.95,377650,1.575897454864716,584.1975,588.3231995368358,586.7473020819712,581.6476979180288,580.0718004631642,,,
2023-07-17 09:50:00,SBIN,587.95,588.45,587.5,587.8,105159,1.450717963891782,584.5024999999999,588.3004796294687,586.8497616655768,582.1552383344231,580.7045203705312,,,
2023-07-17 09:55:00,SBIN,587.85,588.1,587.5,587.8,61822,1.28057437111343,584.8125,588.165043703575,586.8844693324615,582.7405306675385,581.459956296425,,,
2023-07-17 10:00:00,SBIN,587.8,588.0,587.2,588.0,62419,1.1844594968907352,585.12,588.22091496286,587.0364554659692,583.2035445340308,582.01908503714,,,
2023-07-17 10:05:00,SBIN,587.9,588.25,587.5,587.7,55625,1.097567597512588,585.4325,588.3059319702879,587.2083643727753,583.6566356272247,582.5590680297121,,,
2023-07-17 10:10:00,SBIN,587.7,587.8,587.2,587.25,48210,0.9980540780100523,585.6925,588.3054055762303,587.3073514982202,584.0776485017798,583.0795944237697,,,
2023-07-17 10:15:00,SBIN,587.25,588.0,586.8,587.6,97174,1.0384432624080508,585.955,588.6736444609843,587.6352011985763,584.2747988014238,583.2363555390158,,,
2023-07-17 10:20:00,SBIN,587.7,588.05,587.6,587.8,43363,0.920754609926427,586.185,588.5955355687873,587.6747809588609,584.695219041139,583.7744644312126,,,
2023-07-17 10:25:00,SBIN,587.85,588.2,587.5,588.0,69077,0.8766036879411507,586.3599999999999,588.6549484550299,587.7783447670887,584.9416552329111,584.06505154497,,,
2023-07-17 10:30:00,SBIN,588.0,588.1,587.4,587.8,63010,0.8412829503529298,586.5150000000001,588.7174787640241,587.8761958136712,585.153804186329,584.3125212359761,,,
2023-07-17 10:35:00,SBIN,587.75,588.0,586.95,587.9,84149,0.8830263602823347,586.6650000000001,588.9767630112192,588.0937366509369,585.2362633490633,584.353236988781,,,
2023-07-17 10:40:00,SBIN,587.9,588.0,587.2,587.65,107958,0.8664210882258587,586.845,589.1132904089753,588.2468693207495,585.4431306792505,584.5767095910247,,,
2023-07-17 10:45:00,SBIN,587.7,588.2,587.4,588.2,102601,0.8531368705807008,587.0200000000001,589.2535123271804,588.4003754565997,585.6396245434005,584.7864876728198,,,
2023-07-17 10:50:00,SBIN,588.15,588.25,587.3,587.9,210335,0.8725094964645697,587.1725,589.4567298617443,588.5842203652796,585.7607796347204,584.8882701382557,,,
2023-07-17 10:55:00,SBIN,587.9,588.65,587.45,588.4,277016,0.9380075971716421,587.2625,589.7182038893955,588.7801962922238,585.7448037077763,584.8067961106046,,,
2023-07-17 11:00:00,SBIN,588.45,590.4,588.15,590.35,251849,1.2004060777373138,587.4975000000001,590.6401631115164,589.4397570337791,585.555242966221,584.3548368884838,,,
2023-07-17 11:05:00,SBIN,590.35,590.45,589.4,589.65,134242,1.1703248621898648,587.6724999999999,590.736410489213,589.5660856270231,585.7789143729767,584.6085895107868,,,
2023-07-17 11:10:00,SBIN,589.65,589.65,588.9,588.95,134969,1.0862598897518918,587.8875,590.7313283913705,589.6450685016187,586.1299314983814,585.0436716086296,,,
2023-07-17 11:15:00,SBIN,589.0,589.25,588.5,589.15,141243,1.0190079118015136,588.0875,590.7552627130964,589.7362548012949,586.4387451987051,585.4197372869036,,,
2023-07-17 11:20:00,SBIN,589.05,589.15,588.7,588.9,96218,0.9052063294411974,588.2375,590.607330170477,589.7021238410358,586.7728761589641,585.8676698295229,,,
2023-07-17 11:25:00,SBIN,588.9,589.3,588.35,588.35,118582,0.9141650635529444,588.2574999999999,590.6507841363815,589.7366190728286,586.7783809271713,585.8642158636184,,,
2023-07-17 11:30:00,SBIN,588.45,588.5,588.3,588.45,73555,0.7713320508423647,588.29,590.3093473091053,589.5380152582629,587.041984741737,586.2706526908946,,,
2023-07-17 11:35:00,SBIN,588.45,588.5,588.1,588.25,34477,0.6970656406738873,588.3125,590.1374178472843,589.4403522066103,587.1846477933897,586.4875821527157,,,
2023-07-17 11:40:00,SBIN,588.25,588.25,588.0,588.15,58455,0.6076525125391099,588.32,589.9108342778275,589.3031817652883,587.3368182347118,586.7291657221726,,,
2023-07-17 11:45:00,SBIN,588.1,588.2,587.5,587.5,105867,0.6261220100312971,588.3100000000001,589.949187422262,589.3230654122307,587.2969345877694,586.6708125777382,,,
2023-07-17 11:50:00,SBIN,587.5,587.9,587.35,587.4,74926,0.6108976080250286,588.3175,589.9168299378096,589.3059323297845,587.3290676702155,586.7181700621904,,,
2023-07-17 11:55:00,SBIN,587.25,588.0,586.85,587.7,117594,0.7187180864200183,588.3225,590.2041039502476,589.4853858638276,587.1596141361724,586.4408960497524,,,
2023-07-17 12:00:00,SBIN,587.8,588.0,587.7,587.8,52600,0.6349744691360056,588.3225,589.9848631601981,589.349888691062,587.295111308938,586.6601368398019,,,
2023-07-17 12:05:00,SBIN,587.8,588.0,587.5,587.75,84183,0.6079795753088045,588.3100000000001,589.9016905281585,589.2937109528497,587.3262890471505,586.7183094718416,,,
2023-07-17 12:10:00,SBIN,587.6,587.95,587.25,587.5,219124,0.6263836602470527,588.295,589.9348724225267,589.3084887622797,587.2815112377202,586.6551275774732,,,
2023-07-17 12:15:00,SBIN,587.5,587.95,587.5,587.6,54506,0.5911069281976513,588.28,589.8275179380214,589.2364110098238,587.3235889901762,586.7324820619785,,,
2023-07-17 12:20:00,SBIN,587.65,587.8,586.75,586.95,127342,0.682885542558112,588.245,590.0327943504171,589.349908807859,587.140091192141,586.4572056495829,,586.75,-2.300000000000068
2023-07-17 12:25:00,SBIN,586.9,587.8,586.9,587.35,56756,0.726308434046485,588.2025,590.1039754803337,589.3776670462872,587.0273329537127,586.3010245196663,,,
2023-07-17 12:30:00,SBIN,587.3,587.7,586.9,587.4,120626,0.7410467472372018,588.1775,590.117560384267,589.3765136370298,586.9784863629702,586.237439615733,,,
2023-07-17 12:35:00,SBIN,587.4,587.7,587.15,587.25,40131,0.702837397789775,588.12,589.9600283074136,589.2571909096239,586.9828090903761,586.2799716925864,,,
2023-07-17 12:40:00,SBIN,587.3,587.35,586.5,586.6,76122,0.7322699182318246,587.9325,589.8495826459309,589.1173127276991,586.7476872723009,586.0154173540691,,,
2023-07-17 12:45:00,SBIN,586.4,586.9,586.2,586.55,143612,0.7258159345854461,587.7774999999999,589.6776861167447,588.9518701821592,586.6031298178407,585.8773138832552,,,
2023-07-17 12:50:00,SBIN,586.6,586.95,586.35,586.95,39582,0.7006527476683615,587.6775,589.5118088933958,588.8111561457274,586.5438438542726,585.8431911066042,,,
2023-07-17 12:55:00,SBIN,586.9,586.95,586.1,586.1,149012,0.7305221981346938,587.525,589.4375071147166,588.7069849165819,586.3430150834181,585.6124928852834,,,
2023-07-17 13:00:00,SBIN,586.2,587.8,586.15,587.6,119250,0.9244177585077413,587.46,589.8801256917733,588.9557079332656,585.9642920667345,585.0398743082268,,,
2023-07-17 13:05:00,SBIN,587.55,589.9,587.5,589.6,192814,1.2195342068061885,587.5225,590.7152405534187,589.4957063466125,585.5492936533876,584.3297594465814,,,
2023-07-17 13:10:00,SBIN,589.5,591.45,589.5,590.9,372235,1.36562736544496,587.6450000000001,591.220212442735,589.85458507729,585.4354149227102,584.0697875572652,,,
2023-07-17 13:15:00,SBIN,590.9,592.25,590.6,592.1,337358,1.4225018923559634,587.8375,591.5616099541879,590.139108061832,585.535891938168,584.113390045812,,,
2023-07-17 13:20:00,SBIN,592.15,594.25,591.6,593.45,594145,1.6680015138847661,588.1025,592.4693279633502,590.8013264494655,585.4036735505344,583.7356720366497,,,
2023-07-17 13:25:00,SBIN,593.45,593.5,592.25,592.5,279803,1.584401211107813,588.3525,592.5004623706802,590.9160611595725,585.7889388404275,584.2045376293197,,,
2023-07-17 13:30:00,SBIN,592.55,592.9,592.25,592.6,225116,1.397520968886246,588.6125,592.2712098965442,590.8736889276579,586.351311072342,584.9537901034557,,,
2023-07-17 13:35:00,SBIN,592.65,592.65,591.05,591.25,185650,1.4380167751090014,588.7900000000001,592.5547279172355,591.1167111421264,586.4632888578737,585.0252720827647,,,
2023-07-17 13:40:00,SBIN,591.1,592.0,591.0,591.1,121935,1.350413420087201,588.955,592.4903823337884,591.1399689137012,586.7700310862989,585.4196176662117,,,
2023-07-17 13:45:00,SBIN,591.05,591.6,590.75,591.55,133887,1.2503307360697655,589.145,592.4183658670306,591.1680351309609,587.1219648690391,585.8716341329693,,,
2023-07-17 13:50:00,SBIN,591.6,594.5,591.35,593.5,431894,1.6302645888558078,589.4449999999999,593.7130326936244,592.0827681047687,586.8072318952312,585.1769673063754,,,
2023-07-17 13:55:00,SBIN,593.45,593.45,592.3,592.7,132287,1.5342116710846645,589.7,593.7165661548997,592.1823544838151,587.217645516185,585.6834338451004,,,
2023-07-17 14:00:00,SBIN,592.65,593.75,592.65,593.75,164488,1.4473693368677363,590.0400000000001,593.8292129239198,592.3818435870521,587.698156412948,586.2507870760803,,,
2023-07-17 14:05:00,SBIN,593.75,593.85,592.8,593.1,121192,1.3678954694942027,590.3275000000001,593.9086503391359,592.5407548696418,588.1142451303584,586.7463496608643,,,
2023-07-17 14:10:00,SBIN,593.05,593.1,592.2,592.6,115260,1.2743163755953577,590.5875,593.9236602713087,592.6493438957133,588.5256561042867,587.2513397286913,593.1,,
2023-07-17 14:15:00,SBIN,592.5,593.35,592.5,593.1,120516,1.1894531004762907,590.88,593.9939882170469,592.8045351165706,588.9554648834294,587.7660117829531,,,
2023-07-17 14:20:00,SBIN,593.15,593.35,592.25,592.65,107308,1.1715624803810372,591.1825,594.2496505736376,593.0780880932565,589.2869119067435,588.1153494263624,,,
2023-07-17 14:25:00,SBIN,592.65,593.95,592.5,593.45,157428,1.2272499843048388,591.5275,594.7404404589101,593.5131904746053,589.5418095253948,588.3145595410899,,,
2023-07-17 14:30:00,SBIN,593.5,593.7,593.05,593.5,99682,1.1117999874438893,591.855,594.7656923671282,593.6538923796842,590.0561076203159,588.9443076328719,,,
2023-07-17 14:35:00,SBIN,593.5,595.9,593.4,595.85,552207,1.3894399899551115,592.3425,595.9800538937025,594.5906139037473,590.0943860962526,588.7049461062975,,,
2023-07-17 14:40:00,SBIN,596.0,598.0,596.0,597.85,795793,1.5415519919640848,592.855,596.890783114962,595.3492311229979,590.3607688770021,588.819216885038,,596.0,-5.25
2023-07-17 14:45:00,SBIN,597.9,597.9,596.3,597.65,401674,1.5532415935712724,593.2574999999999,597.3238864919696,595.7706448983982,590.7443551016016,589.1911135080303,,,
2023-07-17 14:50:00,SBIN,597.6,599.0,597.35,599.0,834313,1.5725932748570135,593.6625,597.7795491935757,596.2069559187187,591.1180440812814,589.5454508064244,,,
2023-07-17 14:55:00,SBIN,598.95,599.1,597.85,599.0,693425,1.508074619885611,594.0075,597.9556393548605,596.447564734975,591.5674352650251,590.0593606451396,,,
2023-07-17 15:00:00,SBIN,598.9,601.0,598.4,600.4,1693087,1.7264596959084932,594.355,598.8748714838885,597.14841178798,591.5615882120201,589.8351285161116,,,
2023-07-17 15:05:00,SBIN,600.1,601.0,600.1,600.7,897393,1.56116775672679,594.7650000000001,598.8521371871109,597.290969430384,592.2390305696161,590.6778628128893,,,
2023-07-17 15:10:00,SBIN,600.7,602.75,600.6,602.3,1079661,1.6789342053814276,595.25,599.6454497496886,597.9665155443072,592.5334844556928,590.8545502503114,,,
2023-07-17 15:15:00,SBIN,602.3,602.45,601.55,602.3,904653,1.5231473643051603,595.8025,599.7900997997509,598.2669524354458,593.3380475645542,591.8149002002491,,,
2023-07-17 15:20:00,SBIN,602.25,602.4,600.65,601.4,1174467,1.5685178914441285,596.3175,600.4238798398007,598.8553619483566,593.7796380516434,592.2111201601992,,,
2023-07-17 15:25:00,SBIN,601.4,602.0,600.8,602.0,801440,1.494814313155312,596.84,600.7534238718406,599.2586095586853,594.4213904413148,592.9265761281595,,,
2023-07-18 09:15:00,SBIN,603.05,603.95,601.15,602.25,783289,1.7558514505242635,597.2775,601.8743190974726,600.1184676469483,594.4365323530518,592.6806809025275,,,
2023-07-18 09:20:00,SBIN,602.2,603.05,601.3,602.6,406192,1.754681160419411,597.7724999999999,602.366255277978,600.6115741175586,594.9334258824413,593.1787447220219,,,
2023-07-18 09:25:00,SBIN,602.9,603.45,602.0,602.2,771858,1.6937449283355381,598.1949999999999,602.6292242223824,600.9354792940468,595.4545207059531,593.7607757776175,,,
2023-07-18 09:30:00,SBIN,602.2,602.35,599.55,600.0,852301,1.9149959426684444,598.54,603.5534593779059,601.6384634352376,595.4415365647624,593.526540622094,602.35,,
2023-07-18 09:35:00,SBIN,599.95,601.35,599.4,600.7,517109,1.921996754134765,598.945,603.9767875023249,602.05479074819,595.83520925181,593.9132124976752,,,
2023-07-18 09:40:00,SBIN,600.7,600.8,597.0,599.6,469936,2.297597403307803,599.27,605.2851100018598,602.987512598552,595.5524874014479,593.2548899981401,,,
2023-07-18 09:45:00,SBIN,599.4,600.55,598.8,600.0,334147,2.1880779226462423,599.6375,605.3658880014879,603.1778100788416,596.0971899211585,593.9091119985122,,,
2023-07-18 09:50:00,SBIN,600.15,601.95,600.0,601.25,386013,2.140462338117003,600.0274999999999,605.6312304011902,603.4907680630732,596.5642319369266,594.4237695988096,,,
2023-07-18 09:55:00,SBIN,601.25,601.7,600.3,601.0,268125,1.9923698704936208,600.4024999999999,605.6185243209522,603.6261544504586,597.1788455495413,595.1864756790476,,,
2023-07-18 10:00:00,SBIN,601.0,601.0,599.75,599.75,177795,1.8438958963948968,600.5975,605.4248194567618,603.580923560367,597.614076439633,595.7701805432381,,,
2023-07-18 10:05:00,SBIN,599.9,600.0,598.7,599.65,269241,1.7351167171159085,600.6875,605.2300355654095,603.4949188482935,597.8800811517065,596.1449644345905,,,
2023-07-18 10:10:00,SBIN,599.6,600.75,599.55,600.35,137086,1.628093373692736,600.8225,605.0848484523276,603.4567550786348,598.1882449213651,596.5601515476724,,,
2023-07-18 10:15:00,SBIN,600.2,602.35,600.0,602.25,299026,1.7724746989541935,600.9849999999999,605.6253387618619,603.8528640629078,598.117135937092,596.3446612381379,,,
2023-07-18 10:20:00,SBIN,602.3,602.7,602.0,602.1,229476,1.557979759163364,601.14,605.2187910094897,603.6608112503263,598.6191887496736,597.0612089905103,,,
2023-07-18 10:25:00,SBIN,602.1,602.45,601.15,601.25,144876,1.506383807330705,601.1825,605.1262128075917,603.6198290002611,598.7451709997389,597.2387871924083,,,
2023-07-18 10:30:00,SBIN,601.3,602.15,600.8,602.0,126641,1.4751070458645685,601.2475,605.1093302460733,603.6342232002088,598.8607767997911,597.3856697539265,,,
2023-07-18 10:35:00,SBIN,602.1,602.65,602.0,602.65,135948,1.3100856366916502,601.265,604.6948041968587,603.3847185601671,599.1452814398328,597.8351958031412,,,
2023-07-18 10:40:00,SBIN,602.6,603.0,602.0,602.5,136712,1.2480685093533201,601.275,604.542443357487,603.2943748481337,599.2556251518663,598.007556642513,,,
2023-07-18 10:45:00,SBIN,602.5,602.6,601.85,602.45,116125,1.1484548074826562,601.3275,604.3341546859896,603.185699878507,599.469300121493,598.3208453140104,,,
2023-07-18 10:50:00,SBIN,602.5,603.2,602.45,602.95,301033,1.0687638459861248,601.375,604.1730237487917,603.1042599028056,599.6457400971944,598.5769762512083,,,
2023-07-18 10:55:00,SBIN,602.9,603.3,602.7,603.3,169737,0.9750110767888817,601.4275,603.9800789990333,603.0050679222444,599.8499320777556,598.8749210009668,,,
2023-07-18 11:00:00,SBIN,603.3,603.65,603.05,603.1,318076,0.9000088614311099,601.4525000000001,603.8087231992267,602.9087143377957,599.9962856622045,599.0962768007735,,,
2023-07-18 11:05:00,SBIN,603.25,603.5,602.0,602.9,279509,1.020007089144888,601.4875,604.1578785593813,603.1378714702364,599.8371285297635,598.8171214406186,,,
2023-07-18 11:10:00,SBIN,602.9,603.2,602.2,603.0,335104,1.0160056713159105,601.6375,604.297402847505,603.2813971761892,599.9936028238109,598.977597152495,,,
2023-07-18 11:15:00,SBIN,603.05,603.2,602.1,602.25,300482,1.032804537052733,601.7149999999999,604.4188822780039,603.3860777409512,600.0439222590486,599.0111177219959,,,
2023-07-18 11:20:00,SBIN,602.3,602.3,601.35,601.95,276734,1.0162436296421729,601.8325000000001,604.4930258224033,603.4767821927611,600.1882178072391,599.1719741775969,,,
2023-07-18 11:25:00,SBIN,601.95,602.0,600.3,600.8,306618,1.1529949037137475,601.8725000000001,604.8910406579226,603.7380457542089,600.0069542457912,598.8539593420775,,,
2023-07-18 11:30:00,SBIN,600.8,601.0,600.0,600.15,256853,1.122395922970998,601.8175,604.755932526338,603.633536603367,600.001463396633,598.879067473662,,,
2023-07-18 11:35:00,SBIN,600.0,600.2,597.75,598.15,525873,1.3879167383768076,601.675,605.3085660210704,603.9206492826936,599.4293507173063,598.0414339789295,,597.75,1.8500000000000227
2023-07-18 11:40:00,SBIN,598.45,598.55,596.15,597.4,620637,1.5903333907014416,601.5575000000001,605.7209928168564,604.130659426155,598.9843405738452,597.3940071831438,,,
2023-07-18 11:45:00,SBIN,597.25,598.4,596.2,597.75,481859,1.7122667125611397,601.4625,605.945214253485,604.2329475409239,598.6920524590761,596.979785746515,,,
2023-07-18 11:50:00,SBIN,597.6,598.2,596.6,597.95,374858,1.6898133700489164,601.3425,605.766431402788,604.0766180327391,598.6083819672608,596.9185685972119,,,
2023-07-18 11:55:00,SBIN,597.75,598.25,597.35,597.8,267676,1.5318506960391287,601.1200000000001,605.1303851222306,603.5985344261915,598.6414655738088,597.1096148777697,,,
2023-07-18 12:00:00,SBIN,597.8,598.25,595.1,595.25,454634,1.8554805568312984,600.7775,605.6351480977844,603.779667540953,597.775332459047,595.9198519022157,,,
2023-07-18 12:05:00,SBIN,595.3,596.0,594.7,595.6,337324,1.7443844454650297,600.495,605.0617984782275,603.3174140327624,597.6725859672376,595.9282015217725,,,
2023-07-18 12:10:00,SBIN,595.6,595.8,593.8,594.75,265276,1.7955075563720237,600.1324999999999,604.8331387825818,603.0376312262099,597.22736877379,595.431861217418,,,
2023-07-18 12:15:00,SBIN,594.75,595.45,594.45,594.7,188307,1.636406045097619,599.735,604.0191110260656,602.382704980968,597.087295019032,595.4508889739344,,,
2023-07-18 12:20:00,SBIN,594.8,595.65,594.1,595.45,271163,1.6191248360780863,599.3825,603.6213688208525,602.0022439847744,596.7627560152257,595.1436311791476,,,
2023-07-18 12:25:00,SBIN,595.45,596.45,595.05,596.45,323383,1.5752998688624873,599.0825,603.206635056682,601.6313351878194,596.5336648121805,594.958364943318,,,
2023-07-18 12:30:00,SBIN,596.45,597.7,596.3,597.25,505526,1.5402398950900082,598.7974999999999,602.8298480453456,601.2896081502555,596.3053918497443,594.7651519546542,,,
2023-07-18 12:35:00,SBIN,597.25,598.0,596.8,597.65,296754,1.4721919160720158,598.515,602.3691984362765,600.8970065202045,596.1329934797955,594.6608015637235,,,
2023-07-18 12:40:00,SBIN,597.65,598.0,597.1,597.5,142017,1.3577535328576082,598.235,601.7895987490213,600.4318452161637,596.0381547838364,594.6804012509788,,,
2023-07-18 12:45:00,SBIN,597.6,598.35,597.05,598.05,369626,1.3462028262861003,597.9925000000001,601.5168589992171,600.170656172931,595.8143438270691,594.468141000783,,,
2023-07-18 12:50:00,SBIN,597.95,598.2,597.5,597.55,362390,1.2169622610288893,597.72,600.9060071993737,599.6890449383448,595.7509550616553,594.5339928006264,,,
2023-07-18 12:55:00,SBIN,597.5,597.9,596.1,596.35,267787,1.3335698088231025,597.425,600.9162857594988,599.5827159506757,595.2672840493242,593.9337142405011,,,
2023-07-18 13:00:00,SBIN,596.35,596.5,594.45,594.7,347664,1.4768558470584732,597.0625,600.928908607599,599.4520527605406,594.6729472394594,593.196091392401,,,
2023-07-18 13:05:00,SBIN,594.7,596.1,594.45,594.8,225823,1.511484677646774,596.7625,600.7195668860793,599.2080822084325,594.3169177915676,592.8054331139208,,,
2023-07-18 13:10:00,SBIN,594.75,595.5,594.5,595.05,194932,1.4091877421174193,596.5074999999999,600.1967535088634,598.787565766746,594.2274342332539,592.8182464911365,,,
2023-07-18 13:15:00,SBIN,594.8,595.5,594.5,595.25,195194,1.3273501936939354,596.3625,599.8375028070907,598.5101526133967,594.2148473866032,592.8874971929092,,,
2023-07-18 13:20:00,SBIN,595.2,597.0,595.05,597.0,381474,1.4518801549551577,596.3425,600.1435222456726,598.6916420907174,593.9933579092825,592.5414777543274,,,
2023-07-18 13:25:00,SBIN,596.9,597.1,595.7,595.7,152534,1.4415041239641218,596.24,600.0138577965381,598.572353672574,593.907646327426,592.4661422034619,,,
2023-07-18 13:30:00,SBIN,595.7,596.25,594.7,595.65,370849,1.4632032991712884,596.125,599.9556662372304,598.4924629380591,593.7575370619409,592.2943337627696,,,
2023-07-18 13:35:00,SBIN,595.55,595.9,595.1,595.25,218659,1.3305626393370216,595.9975,599.4809129897843,598.1503503504473,593.8446496495526,592.5140870102156,,,
2023-07-18 13:40:00,SBIN,595.6,596.1,595.0,595.6,173325,1.2844501114696218,596.015,599.3776903918274,598.0932402803578,593.9367597196422,592.6523096081726,,,
2023-07-18 13:45:00,SBIN,595.65,595.95,594.5,594.9,205371,1.3175600891757067,595.98,599.4293723134621,598.1118122242863,593.8481877757138,592.530627686538,,,
2023-07-18 13:50:00,SBIN,594.9,595.2,594.2,594.45,299086,1.2540480713405653,595.965,599.2480978507697,597.994049779429,593.935950220571,592.6819021492304,,,
2023-07-18 13:55:00,SBIN,594.4,596.2,594.05,595.65,340814,1.4332384570724703,596.0125,599.7647182806157,598.3314798235433,593.6935201764568,592.2602817193844,,,
2023-07-18 14:00:00,SBIN,595.7,596.45,595.15,596.25,350035,1.40659076565799,596.0525,599.7349546244926,598.3283638588347,593.7766361411653,592.3700453755074,,,
2023-07-18 14:05:00,SBIN,596.3,596.7,595.7,596.6,344053,1.3252726125263918,596.0600000000001,599.5295636995942,598.2042910870678,593.9157089129324,592.5904363004059,,,
2023-07-18 14:10:00,SBIN,596.6,596.65,594.55,594.7,141171,1.4802180900211181,595.9325000000001,599.8077109596754,598.3274928696543,593.537507130346,592.0572890403248,,,
2023-07-18 14:15:00,SBIN,594.8,595.05,590.5,590.8,731970,2.0941744720168853,595.5899999999999,601.0725487677402,598.9783742957233,592.2016257042766,590.1074512322597,,,
2023-07-18 14:20:00,SBIN,590.6,590.95,588.8,590.5,763677,2.1053395776135266,595.24,600.7517790141923,598.6464394365787,591.8335605634213,589.7282209858078,,,
2023-07-18 14:25:00,SBIN,590.5,591.5,590.0,591.4,314253,1.9842716620908214,594.9075,600.1023232113538,598.118051549263,591.6969484507371,589.7126767886463,,,
2023-07-18 14:30:00,SBIN,591.3,591.35,590.0,590.4,383521,1.857417329672662,594.55,599.4127185690829,597.5553012394104,591.5446987605895,589.687281430917,,,
2023-07-18 14:35:00,SBIN,590.4,592.1,590.15,592.0,284290,1.8759338637381386,594.3325,599.2436948552664,597.3677609915283,591.2972390084717,589.4213051447335,,,
2023-07-18 14:40:00,SBIN,592.0,592.65,591.35,592.3,449450,1.7607470909905019,594.2125,598.8221358842131,597.0613887932226,591.3636112067774,589.6028641157868,,,
2023-07-18 14:45:00,SBIN,592.45,592.95,591.6,592.1,378326,1.6785976727924061,594.0775,598.4720687073705,596.7934710345781,591.3615289654218,589.6829312926295,,,
2023-07-18 14:50:00,SBIN,592.2,592.6,591.85,592.35,182766,1.492878138233925,593.9425,597.8508549658964,596.3579768276625,591.5270231723375,590.0341450341036,,,
2023-07-18 14:55:00,SBIN,592.3,592.6,591.6,592.0,245681,1.3943025105871398,593.78,597.4302839727171,596.0359814621299,591.52401853787,590.1297160272828,,,
2023-07-18 15:00:00,SBIN,592.3,593.9,592.2,593.35,526796,1.4954420084697073,593.5975000000001,597.5125671781738,596.0171251697041,591.1778748302961,589.6824328218264,,,
2023-07-18 15:05:00,SBIN,593.25,593.5,592.3,593.15,417148,1.436353606775775,593.47,597.230373742539,595.7940201357633,591.1459798642368,589.7096262574611,,,
2023-07-18 15:10:00,SBIN,593.1,593.35,591.85,592.25,440532,1.4490828854206201,593.3,597.0936989940311,595.6446161086105,590.9553838913894,589.5063010059688,,,
2023-07-18 15:15:00,SBIN,592.4,592.9,591.4,591.8,575845,1.4592663083364963,593.1275,596.947859195225,595.4885928868885,590.7664071131117,589.3071408047751,,,
2023-07-18 15:20:00,SBIN,591.65,592.0,591.1,591.85,512374,1.3474130466691925,592.9399999999999,596.4675273561799,595.1201143095107,590.7598856904892,589.41247264382,,,
2023-07-18 15:25:00,SBIN,591.85,592.5,591.5,592.5,384633,1.277930437335354,592.8199999999999,596.1656218849439,594.8876914476085,590.7523085523914,589.474378115056,,,
2023-07-19 09:15:00,SBIN,594.65,594.65,592.25,593.0,514925,1.5023443498682787,592.7475,596.6806375079551,595.1782931580868,590.3167068419131,588.8143624920448,,,
2023-07-19 09:20:00,SBIN,592.95,593.7,592.1,593.2,354091,1.5218754798946275,592.625,596.6092700063641,595.0873945264696,590.1626054735304,588.6407299936359,,,
2023-07-19 09:25:00,SBIN,593.4,593.9,592.75,593.45,293736,1.4475003839156977,592.485,596.2745560050913,594.8270556211756,590.1429443788244,588.6954439949087,,,
2023-07-19 09:30:00,SBIN,593.7,594.5,592.3,593.6,495545,1.5980003071325672,592.335,596.5185648040731,594.9205644969405,589.7494355030595,588.151435195927,,,
2023-07-19 09:35:00,SBIN,593.65,595.45,592.35,594.2,549380,1.8984002457060585,592.31,597.2800118432584,595.3816115975524,589.2383884024475,587.3399881567415,,,
2023-07-19 09:40:00,SBIN,594.15,594.7,593.55,593.8,307109,1.748720196564865,592.46,597.0381494746068,595.289429278042,589.6305707219581,587.8818505253932,,,
2023-07-19 09:45:00,SBIN,593.7,594.7,593.65,594.2,146694,1.608976157251906,592.645,596.8572995796854,595.2483234224336,590.0416765775664,588.4327004203145,,,
2023-07-19 09:50:00,SBIN,594.15,595.0,594.05,595.0,97421,1.4771809258015338,592.825,596.6922596637485,595.2150787379469,590.4349212620532,588.9577403362516,,,
2023-07-19 09:55:00,SBIN,594.95,595.85,594.75,595.8,121038,1.4017447406412318,593.095,596.7647677309988,595.3630229903575,590.8269770096425,589.4252322690013,,,
2023-07-19 10:00:00,SBIN,595.8,596.6,595.35,595.65,284315,1.3713957925129854,593.2775,596.867814184799,595.496418392286,591.058581607714,589.687185815201,,,
2023-07-19 10:05:00,SBIN,595.6,595.95,595.25,595.9,74196,1.2371166340103974,593.4575,596.6962713478392,595.4591547138288,591.4558452861712,590.2187286521607,,,
2023-07-19 10:10:00,SBIN,595.95,597.0,595.95,596.5,161948,1.2096933072083225,593.6775,596.8444770782714,595.6347837710631,591.7202162289369,590.5105229217286,,,
2023-07-19 10:15:00,SBIN,596.5,599.5,596.5,598.85,469440,1.5677546457666582,594.0025,598.1068816626172,596.5391270168506,591.4658729831496,589.8981183373829,,,
2023-07-19 10:20:00,SBIN,598.8,599.0,598.05,598.8,181559,1.4442037166133357,594.3425,598.1234253300937,596.6792216134803,592.0057783865196,590.5615746699062,,,
2023-07-19 10:25:00,SBIN,598.75,599.2,598.0,598.35,93586,1.3953629732906776,594.5925,598.2455602640749,596.8501972907843,592.3348027092156,590.939439735925,,,
2023-07-19 10:30:00,SBIN,598.35,598.55,597.9,598.05,82967,1.2462903786325377,594.8375,598.1002882112599,596.8539978326274,592.8210021673725,591.57471178874,,,
2023-07-19 10:35:00,SBIN,598.1,598.1,596.75,596.8,127553,1.2670323029060349,595.065,598.382090569008,597.115058266102,593.0149417338981,591.7479094309921,598.1,,
2023-07-19 10:40:00,SBIN,596.8,597.45,596.4,596.6,295451,1.2236258423248416,595.305,598.5084524552063,597.2848266128815,593.3251733871184,592.1015475447936,,,
2023-07-19 10:45:00,SBIN,596.6,597.5,596.0,597.45,135850,1.2789006738598734,595.585,598.9331619641652,597.6542612903053,593.5157387096948,592.2368380358349,,,
2023-07-19 10:50:00,SBIN,597.45,597.6,596.6,596.8,65690,1.2231205390878988,595.8,599.002129571332,597.7790090322442,593.8209909677557,592.5978704286679,,,
2023-07-19 10:55:00,SBIN,596.8,597.15,595.7,596.45,200735,1.2684964312703055,595.9725000000001,599.2934236570658,598.0249272257954,593.9200727742048,592.6515763429344,,,
2023-07-19 11:00:00,SBIN,596.5,596.7,596.0,596.1,59339,1.1547971450162535,596.1175000000001,599.1407589256526,597.9859617806363,594.2490382193638,593.0942410743476,,,
2023-07-19 11:05:00,SBIN,596.1,596.3,595.6,596.0,157806,1.0638377160129893,596.245,599.030127140522,597.966289424509,594.523710575491,593.459872859478,,,
2023-07-19 11:10:00,SBIN,596.0,596.45,595.15,595.35,152844,1.111070172810405,596.3325,599.2412817124176,598.1302115396072,594.5347884603927,593.4237182875823,,,
2023-07-19 11:15:00,SBIN,595.35,595.75,594.7,595.0,229010,1.098856138248315,596.3725000000001,599.2493053699342,598.1504492316858,594.5945507683143,593.4956946300659,,,
2023-07-19 11:20:00,SBIN,595.0,596.25,594.8,595.45,140734,1.1690849105986612,596.455,599.5156642959473,598.3465793853487,594.5634206146514,593.3943357040528,,,
2023-07-19 11:25:00,SBIN,595.4,596.3,594.95,596.0,196476,1.2052679284789107,596.545,599.7003914367577,598.4951235082789,594.594876491721,593.3896085632422,,,
2023-07-19 11:30:00,SBIN,595.95,596.7,595.8,596.3,59855,1.1442143427831468,596.61,599.6055531494063,598.4613388066232,594.7586611933768,593.6144468505937,,,
2023-07-19 11:35:00,SBIN,596.3,596.65,596.0,596.6,57116,1.045371474226513,596.65,599.386782519525,598.3414110452985,594.9585889547014,593.9132174804749,,,
2023-07-19 11:40:00,SBIN,596.6,596.7,596.3,596.5,42822,0.9162971793812286,596.6924999999999,599.0913660156199,598.1750688362387,595.2099311637611,594.2936339843799,,,
2023-07-19 11:45:00,SBIN,596.4,597.45,596.15,597.25,94294,0.9930377435049965,596.76,599.3597728124961,598.366735068991,595.153264931009,594.1602271875039,,,
2023-07-19 11:50:00,SBIN,597.25,598.0,597.05,597.05,110275,0.9844301948040064,596.7875,599.3647382499969,598.3803080551929,595.1946919448071,594.2102617500032,,,
2023-07-19 11:55:00,SBIN,597.05,597.65,596.65,596.7,135226,0.9875441558432052,596.68,599.2653905999974,598.2778464441543,595.0821535558456,594.0946094000025,,,
2023-07-19 12:00:00,SBIN,596.7,597.8,596.7,597.15,98446,1.010035324674546,596.5975000000001,599.2417724799981,598.2317371553235,594.9632628446767,593.9532275200021,,,
2023-07-19 12:05:00,SBIN,597.1,597.15,596.2,596.3,51824,0.9980282597396232,596.495,599.1078379839984,598.1098097242588,594.8801902757413,593.8821620160016,,,
2023-07-19 12:10:00,SBIN,596.35,596.65,596.15,596.15,61743,0.8984226077916986,596.4,598.7520703871986,597.853647779407,594.946352220593,594.0479296128013,,,
2023-07-19 12:15:00,SBIN,596.1,596.8,595.9,596.8,260636,0.8987380862333544,596.4,598.7528963097589,597.8541582235256,594.9458417764744,594.0471036902411,,,
2023-07-19 12:20:00,SBIN,596.75,597.2,596.2,597.05,224177,0.9189904689866835,596.4225,598.8284170478072,597.9094265788204,594.9355734211796,594.0165829521928,,,
2023-07-19 12:25:00,SBIN,596.95,597.05,595.9,596.0,212444,0.9651923751893422,596.35,598.8768736382457,597.9116812630564,594.7883187369437,593.8231263617544,,,
2023-07-19 12:30:00,SBIN,596.15,597.15,596.05,596.65,137659,1.0021539001514692,596.3425,598.9661389105966,597.9639850104451,594.7210149895549,593.7188610894034,,,
2023-07-19 12:35:00,SBIN,596.65,598.85,596.4,598.85,355278,1.2917231201211845,596.4625,599.8442311284772,598.5525080083561,594.3724919916439,593.0807688715228,,,
2023-07-19 12:40:00,SBIN,598.55,598.9,597.3,597.4,257601,1.3533784960969522,596.5274999999999,600.0706449027817,598.7172664066848,594.3377335933151,592.9843550972181,,,
2023-07-19 12:45:00,SBIN,597.5,598.3,597.45,597.75,161020,1.2627027968775573,596.615,599.9207559222255,598.6580531253479,594.5719468746521,593.3092440777746,,,
2023-07-19 12:50:00,SBIN,597.8,598.95,597.65,598.95,92630,1.2701622375020594,596.795,600.1202847377804,598.8501225002783,594.7398774997216,593.4697152622196,,,
2023-07-19 12:55:00,SBIN,598.95,599.65,598.35,598.35,277282,1.2761297900016384,596.9625,600.3034077902242,599.0272780002226,594.8977219997773,593.6215922097757,,,
2023-07-19 13:00:00,SBIN,598.35,599.3,598.35,598.8,143643,1.2109038320012973,597.13,600.3001462321794,599.0892424001781,595.1707575998219,593.9598537678206,,,
2023-07-19 13:05:00,SBIN,598.6,599.15,598.05,598.4,74406,1.1887230656010424,597.25,600.3620769857436,599.1733539201425,595.3266460798575,594.1379230142564,,,
2023-07-19 13:10:00,SBIN,598.45,598.7,598.1,598.3,113576,1.0709784524808383,597.35,600.1538215885948,599.082843136114,595.6171568638861,594.5461784114052,,,
2023-07-19 13:15:00,SBIN,598.3,598.65,597.6,597.6,167206,1.0667827619846617,597.4,600.1928372708758,599.1260545088911,595.6739454911088,594.6071627291242,,,
2023-07-19 13:20:00,SBIN,597.6,598.95,597.6,598.3,324922,1.123426209587734,597.49,600.4311298167007,599.307703607113,595.672296392887,594.5488701832993,,,
2023-07-19 13:25:00,SBIN,598.3,599.35,598.1,598.9,239205,1.1487409676701872,597.5725,600.5799038533605,599.4311628856904,595.7138371143096,594.5650961466395,,,
2023-07-19 13:30:00,SBIN,598.95,599.15,598.05,599.1,229871,1.1389927741361543,597.675,600.6568830826884,599.5178903085523,595.8321096914476,594.6931169173115,,,
2023-07-19 13:35:00,SBIN,599.1,600.65,599.05,600.65,647644,1.231194219308928,597.8725,601.0957664661507,599.8645722468418,595.8804277531581,594.6492335338492,,,
2023-07-19 13:40:00,SBIN,600.6,601.65,600.5,600.85,562668,1.214955375447138,598.0575,601.2382531729206,600.0232977974734,596.0917022025266,594.8767468270794,,,
2023-07-19 13:45:00,SBIN,600.9,600.95,600.2,600.95,319335,1.1219643003577104,598.29,601.2273025383364,600.1053382379787,596.4746617620212,595.3526974616635,,,
2023-07-19 13:50:00,SBIN,600.95,601.3,600.05,600.55,234197,1.1475714402861685,598.51,601.5143420306691,600.366770590383,596.653229409617,595.5056579693309,,,
2023-07-19 13:55:00,SBIN,600.6,600.85,599.55,600.5,340521,1.1780571522289485,598.6949999999999,601.7791536245353,600.6010964723064,596.7889035276935,595.6108463754646,,,
2023-07-19 14:00:00,SBIN,600.5,602.35,600.2,601.05,749180,1.3724457217831543,598.895,602.4880628996283,601.1156171778451,596.6743828221548,595.3019371003717,,,
2023-07-19 14:05:00,SBIN,601.1,602.25,600.85,601.75,422080,1.3779565774265188,599.1825,602.7899903197026,601.4120337422761,596.9529662577239,595.5750096802974,,,
2023-07-19 14:10:00,SBIN,601.75,602.1,601.0,601.1,159482,1.3223652619412196,599.405,602.866952255762,601.5445869938209,597.2654130061791,595.9430477442379,,,
2023-07-19 14:15:00,SBIN,601.1,601.15,600.3,600.7,143217,1.2278922095529803,599.4975000000001,602.7121218046098,601.4842295950568,597.5107704049433,596.2828781953904,,,
2023-07-19 14:20:00,SBIN,600.6,600.9,599.0,599.0,310073,1.3623137676423798,599.5775000000001,603.1440374436878,601.7817236760454,597.3732763239548,596.0109625563124,,,
2023-07-19 14:25:00,SBIN,598.75,600.75,598.65,599.85,355169,1.5098510141139085,599.6825,603.6352899549502,602.1254389408363,597.2395610591637,595.7297100450498,,,
2023-07-19 14:30:00,SBIN,599.85,600.0,598.95,599.95,219905,1.4178808112911179,599.7325,603.44451196396,602.026631152669,597.4383688473309,596.0204880360399,,,
2023-07-19 14:35:00,SBIN,599.85,600.0,599.2,599.75,176001,1.2943046490328851,599.8025,603.1909895711681,601.8966849221353,597.7083150778648,596.414010428832,,,
2023-07-19 14:40:00,SBIN,599.75,599.75,598.85,598.85,219991,1.2154437192263037,599.8050000000001,602.9870316569345,601.7715879377082,597.8384120622919,596.6229683430656,,,
2023-07-19 14:45:00,SBIN,599.0,599.75,598.65,599.65,123655,1.1923549753810476,599.8675000000001,602.9890853255476,601.7967303501666,597.9382696498335,596.7459146744525,,,
2023-07-19 14:50:00,SBIN,599.7,600.5,599.5,599.65,171370,1.1538839803048382,599.935,602.955868260438,601.8019842801332,598.0680157198667,596.9141317395619,,,
2023-07-19 14:55:00,SBIN,599.65,601.25,599.65,601.15,217203,1.2431071842438752,600.1125,603.3669546083504,602.1238474241065,598.1011525758934,596.8580453916495,,,
2023-07-19 15:00:00,SBIN,601.3,602.25,600.85,601.6,456523,1.2744857473950957,600.2774999999999,603.6141036866803,602.3396179392852,598.2153820607147,596.9408963133195,,,
2023-07-19 15:05:00,SBIN,601.6,601.95,601.0,601.2,165244,1.2095885979160856,600.3925,603.5592029493444,602.3496143514283,598.4353856485718,597.2257970506557,,,
2023-07-19 15:10:00,SBIN,601.2,602.0,600.95,601.7,493455,1.1776708783328595,600.5224999999999,603.6056423594754,602.4279714811424,598.6170285188574,597.4393576405245,,,
2023-07-19 15:15:00,SBIN,601.7,601.9,601.25,601.35,396374,1.0721367026662831,600.5575,603.3643538875804,602.2922171849141,598.8227828150859,597.7506461124196,,,
2023-07-19 15:20:00,SBIN,601.45,601.75,600.4,600.75,327565,1.127709362133031,600.5525,603.5048431100643,602.3771337479312,598.7278662520688,597.6001568899358,,,
2023-07-19 15:25:00,SBIN,600.7,601.25,600.7,600.75,335049,1.0121674897064157,600.5425,603.1923544880514,602.180186998345,598.904813001655,597.8926455119487,,600.7,-3.9500000000000455
2023-07-20 09:15:00,SBIN,601.4,601.95,599.15,601.7,847384,1.3697339917651463,600.6,604.1859635904411,602.816229598676,598.383770401324,597.0140364095589,,,
2023-07-20 09:20:00,SBIN,601.7,601.75,599.9,600.9,610473,1.4657871934121216,600.62,604.4574308723529,602.9916436789408,598.2483563210592,596.7825691276471,,,
2023-07-20 09:25:00,SBIN,600.9,602.7,600.25,602.7,359541,1.6626297547297064,600.7025000000001,605.0552646978824,603.3926349431528,598.0123650568474,596.3497353021178,,,
2023-07-20 09:30:00,SBIN,602.7,603.85,601.15,603.7,492768,1.8701038037837743,600.8,605.6959317583058,603.8258279545221,597.7741720454778,595.9040682416941,,,
2023-07-20 09:35:00,SBIN,603.8,605.0,603.2,604.15,530745,1.8560830430270105,600.9525,605.8117254066447,603.9556423636177,597.9493576363823,596.0932745933553,,,
2023-07-20 09:40:00,SBIN,604.15,605.7,603.3,605.3,1162578,1.9648664344216267,601.1825,606.3265203253159,604.3616538908942,598.0033461091058,596.0384796746841,,,
2023-07-20 09:45:00,SBIN,605.4,606.0,604.5,604.6,561685,1.8718931475373015,601.4625,606.3631162602526,604.4912231127154,598.4337768872846,596.5618837397474,,,
2023-07-20 09:50:00,SBIN,604.6,604.85,603.7,604.0,465974,1.7275145180298368,601.6700000000001,606.1926330082022,604.4651184901724,598.8748815098278,597.147366991798,,,
2023-07-20 09:55:00,SBIN,604.0,605.15,603.95,605.0,382937,1.6220116144238559,601.9225,606.1689264065617,604.5469147921378,599.2980852078622,597.6760735934383,,,
2023-07-20 10:00:00,SBIN,605.1,605.2,604.8,605.05,325333,1.3776092915391032,602.1875,605.7940811252494,604.4164718337103,599.9585281662897,598.5809188747506,,,
2023-07-20 10:05:00,SBIN,605.0,605.4,603.95,605.1,470932,1.3920874332312692,602.5,606.1444849001995,604.7523974669682,600.2476025330318,598.8555150998005,,,
2023-07-20 10:10:00,SBIN,605.1,605.65,604.65,604.95,438797,1.3136699465850152,602.765,606.2041879201596,604.8905179735746,600.6394820264254,599.3258120798404,,,
2023-07-20 10:15:00,SBIN,605.05,607.0,605.05,606.9,557189,1.4609359572680032,603.1275,606.9522303361277,605.4912943788597,600.7637056211404,599.3027696638724,,,
2023-07-20 10:20:00,SBIN,606.95,607.45,606.25,606.9,716915,1.4087487658144118,603.4150000000001,607.1031042689023,605.6943555030878,601.1356444969124,599.7268957310979,,,
2023-07-20 10:25:00,SBIN,606.9,607.0,606.5,606.9,230973,1.2269990126515296,603.6800000000001,606.8922834151218,605.6652844024702,601.6947155975299,600.4677165848783,,,
2023-07-20 10:30:00,SBIN,606.95,607.0,606.25,606.8,256945,1.1315992101212236,603.9599999999999,606.9225267320973,605.7909275219761,602.1290724780238,600.9974732679026,,,
2023-07-20 10:35:00,SBIN,606.8,607.5,606.4,606.7,471093,1.1252793680969835,604.21,607.1559813856779,606.030702017581,602.3892979824191,601.2640186143221,,,
2023-07-20 10:40:00,SBIN,606.7,606.75,606.15,606.2,256182,1.0202234944775914,604.4525000000001,607.1234451085425,606.1032216140649,602.8017783859353,601.7815548914577,,,
2023-07-20 10:45:00,SBIN,606.3,606.3,604.55,605.2,389760,1.1661787955820733,604.675,607.7280560868338,606.5618772912518,602.7881227087481,601.6219439131661,,,
2023-07-20 10:50:00,SBIN,605.2,605.4,604.7,605.4,385147,1.0729430364656452,604.9075,607.7164648694671,606.6435218330014,603.1714781669987,602.0985351305329,,,
2023-07-20 10:55:00,SBIN,605.4,605.55,604.75,605.1,396972,1.018354429172507,605.0775,607.7435518955737,606.7251974664011,603.4298025335988,602.4114481044263,,,
2023-07-20 11:00:00,SBIN,605.15,605.35,604.7,604.7,160152,0.9446835433380012,605.2675,607.740681516459,606.795997973121,603.7390020268791,602.7943184835411,,,
2023-07-20 11:05:00,SBIN,604.75,604.9,604.0,604.2,323426,0.9357468346703965,605.3425,607.792285213167,606.8565383784967,603.8284616215033,602.8927147868329,,,
2023-07-20 11:10:00,SBIN,604.25,604.85,603.8,604.7,211857,0.9585974677363309,605.3925,607.9021081705338,606.9435107027974,603.8414892972027,602.8828918294663,,,
2023-07-20 11:15:00,SBIN,604.6,605.1,604.3,604.5,195361,0.9268779741890785,605.4100000000001,607.8365665364271,606.909688562238,603.9103114377622,602.9834334635731,,,
2023-07-20 11:20:00,SBIN,604.5,604.65,603.75,604.1,233885,0.9215023793512583,605.35,607.7624932291416,606.8409908497904,603.8590091502097,602.9375067708585,,,
2023-07-20 11:25:00,SBIN,604.05,604.5,603.85,604.35,182302,0.8672019034810021,605.3375,607.6078345833132,606.7406326798323,603.9343673201677,603.0671654166867,,,
2023-07-20 11:30:00,SBIN,604.3,604.4,603.85,604.35,111082,0.8037615227847926,605.355,607.4592476666506,606.6554861438658,604.0545138561342,603.2507523333494,,,
2023-07-20 11:35:00,SBIN,604.35,604.75,603.75,604.75,240984,0.8430092182278341,605.3425,607.5494981333204,606.7064889150926,603.9785110849074,603.1355018666795,,,
2023-07-20 11:40:00,SBIN,604.7,604.85,604.1,604.1,183008,0.8244073745822674,605.295,607.4532985066563,606.628891132074,603.9611088679259,603.1367014933436,,,
2023-07-20 11:45:00,SBIN,604.25,604.45,604.1,604.3,128384,0.7295258996658185,605.255,607.1648988053252,606.4353729056593,604.0746270943407,603.3451011946748,,,
2023-07-20 11:50:00,SBIN,604.35,604.5,604.1,604.5,162393,0.6636207197326502,605.2325000000001,606.9698590442601,606.3062383245275,604.1587616754726,603.49514095574,,,
2023-07-20 11:55:00,SBIN,604.5,606.05,604.45,605.85,368373,0.8508965757861021,605.1800000000001,607.407647235408,606.556750659622,603.8032493403781,602.9523527645921,,,
2023-07-20 12:00:00,SBIN,605.95,606.15,605.5,605.55,184058,0.8107172606288772,605.1125,607.2349577883264,606.4242405276975,603.8007594723024,602.9900422116735,,,
2023-07-20 12:05:00,SBIN,605.65,606.85,605.1,606.7,279484,0.9985738085031017,605.1025000000001,607.7167662306612,606.718192422158,603.4868075778421,602.488233769339,,,
2023-07-20 12:10:00,SBIN,606.6,606.6,605.7,606.45,365229,0.9788590468024769,605.085,607.6476529845289,606.6687939377265,603.5012060622736,602.5223470154712,,,
2023-07-20 12:15:00,SBIN,606.45,606.65,606.05,606.05,161822,0.9030872374419862,605.0525,607.4167823876231,606.5136951501811,603.5913048498189,602.6882176123769,,,
2023-07-20 12:20:00,SBIN,606.1,606.75,605.25,605.95,290900,1.022469789953589,605.04,607.7168259100985,606.6943561201449,603.385643879855,602.3631740899015,,,
2023-07-20 12:25:00,SBIN,605.65,606.15,605.05,606.0,674355,1.0379758319628758,605.08,607.7974207280788,606.759444896116,603.4005551038841,602.3625792719213,,,
2023-07-20 12:30:00,SBIN,606.0,606.05,605.5,605.7,124743,0.9403806655702915,605.095,607.556916582463,606.6165359168928,603.5734640831073,602.633083417537,,,
2023-07-20 12:35:00,SBIN,605.75,606.15,605.6,605.9,452434,0.8623045324562242,605.135,607.3925132659704,606.5302087335142,603.7397912664858,602.8774867340296,,,
2023-07-20 12:40:00,SBIN,606.0,606.2,605.75,605.9,108248,0.7798436259649885,605.1949999999999,607.2366306127763,606.4567869868113,603.9332130131886,603.1533693872236,,,
2023-07-20 12:45:00,SBIN,605.95,606.6,605.9,606.1,226415,0.7638749007719999,605.29,607.289824490221,606.525949589449,604.0540504105509,603.2901755097789,,,
2023-07-20 12:50:00,SBIN,606.15,606.55,605.85,606.05,183276,0.7510999206175863,605.3575,607.3238795921768,606.5727796715593,604.1422203284407,603.3911204078231,,,
2023-07-20 12:55:00,SBIN,606.15,606.3,605.7,605.8,84810,0.7208799364940509,605.4225,607.3097636737415,606.5888837372474,604.2561162627526,603.5352363262585,,,
2023-07-20 13:00:00,SBIN,605.85,606.05,605.7,605.75,104324,0.6467039491952226,605.505,607.198070938993,606.5513669897979,604.4586330102021,603.8119290610069,,,
2023-07-20 13:05:00,SBIN,605.75,606.6,605.75,606.2,93995,0.6873631593561826,605.5975,607.3970167511944,606.7096535918382,604.4853464081617,603.7979832488055,,,
2023-07-20 13:10:00,SBIN,606.25,607.85,606.05,607.85,492426,0.9098905274849598,605.7724999999999,608.1545934009555,607.2447028734706,604.3002971265292,603.3904065990444,,,
2023-07-20 13:15:00,SBIN,607.75,608.65,607.2,608.05,833622,1.0179124219879543,605.9375,608.6023947207644,607.5844822987765,604.2905177012235,603.2726052792356,,,
2023-07-20 13:20:00,SBIN,608.0,608.8,607.65,608.7,909162,1.044329937590359,606.1675,608.9015557766115,607.8572258390212,604.4777741609788,603.4334442233885,,,
2023-07-20 13:25:00,SBIN,608.7,609.0,608.45,608.5,722076,0.9454639500722781,606.3774999999999,608.8527246212892,607.9072606712169,604.847739328783,603.9022753787107,,,
2023-07-20 13:30:00,SBIN,608.55,609.45,608.5,608.9,887638,0.9463711600578317,606.5975,609.0750996970314,608.1287285369735,605.0662714630264,604.1199003029685,,,
2023-07-20 13:35:00,SBIN,608.9,609.0,607.25,607.4,518114,1.1070969280462655,606.675,609.573379757625,608.4662828295789,604.883717170421,603.7766202423749,609.0,,
2023-07-20 13:40:00,SBIN,607.5,608.2,607.3,608.15,517189,1.0656775424370306,606.8050000000001,609.5949438061002,608.5292662636632,605.0807337363369,604.0150561938999,,,
2023-07-20 13:45:00,SBIN,608.15,609.0,608.05,608.65,706950,1.0425420339496336,606.9024999999999,609.6318750448801,608.5893330109304,605.2156669890694,604.1731249551198,,,
2023-07-20 13:50:00,SBIN,608.8,609.5,608.1,609.35,417153,1.1140336271597024,607.0475,609.9640400359041,608.8500064087444,605.2449935912556,604.130959964096,,,
2023-07-20 13:55:00,SBIN,609.5,609.9,609.05,609.85,512525,1.0612269017277665,607.2375,610.0157920287232,608.9545651269955,605.5204348730044,604.4592079712767,,,
2023-07-20 14:00:00,SBIN,609.85,610.0,609.25,609.8,943405,0.9989815213822132,607.4300000000001,610.0453336229787,609.0463521015965,605.8136478984036,604.8146663770215,,,
2023-07-20 14:05:00,SBIN,609.75,610.25,608.8,608.95,753180,1.0891852171057796,607.5775000000001,610.4289868983831,609.3398016812772,605.815198318723,604.7260131016171,,,
2023-07-20 14:10:00,SBIN,608.95,609.8,608.75,608.9,540412,1.0813481736846147,607.7375,610.5684695187063,609.4871213450217,605.9878786549782,604.9065304812937,,,
2023-07-20 14:15:00,SBIN,609.0,610.15,609.0,610.0,642256,1.1150785389476918,607.9425,610.861775614965,609.7466970760173,606.1383029239827,605.023224385035,,,
2023-07-20 14:20:00,SBIN,610.0,610.55,610.0,610.15,476164,1.0020628311581445,608.155,610.778400491972,609.7763376608139,606.5336623391861,605.531599508028,,,
2023-07-20 14:25:00,SBIN,610.1,610.55,610.0,610.3,364735,0.9116502649265066,608.365,610.7517003935776,609.8400501286511,606.8899498713489,605.9782996064224,,,
2023-07-20 14:30:00,SBIN,610.45,610.55,609.85,609.9,361186,0.8693202119411917,608.5575000000001,610.8333803148622,609.9640601029209,607.1509398970793,606.281619685138,,,
2023-07-20 14:35:00,SBIN,609.9,610.0,609.35,609.6,443590,0.8254561695529489,608.7475,610.9085442518896,610.0830880823366,607.4119119176632,606.5864557481103,,,
2023-07-20 14:40:00,SBIN,609.55,609.7,608.6,608.6,534152,0.8803649356423636,608.89,611.1947954015117,610.3144304658693,607.4655695341306,606.5852045984883,,,
2023-07-20 14:45:00,SBIN,608.6,608.8,607.7,608.1,546879,0.9242919485138728,608.985,611.4047963212093,610.4805043726955,607.4894956273046,606.5652036787907,,,
2023-07-20 14:50:00,SBIN,608.1,609.0,607.4,608.25,660395,1.0594335588111028,609.005,611.7785970569674,610.7191634981564,607.2908365018436,606.2314029430325,,,
2023-07-20 14:55:00,SBIN,608.25,609.65,607.85,609.45,659944,1.2075468470488733,609.075,612.236357645574,611.0288107985251,607.121189201475,605.9136423544261,,,
2023-07-20 15:00:00,SBIN,609.5,610.5,609.0,609.65,858936,1.2660374776390988,609.1225000000001,612.4369861164593,611.1709486388202,607.07405136118,605.8080138835409,,,
2023-07-20 15:05:00,SBIN,609.65,610.0,609.45,609.65,566401,1.1228299821112702,609.1800000000001,612.1195688931674,610.9967389110561,607.363261088944,606.2404311068327,,,
2023-07-20 15:10:00,SBIN,609.7,610.5,609.2,610.05,643604,1.1582639856890071,609.2375,612.2698351145337,611.1115711288447,607.3634288711552,606.2051648854662,,,
2023-07-20 15:15:00,SBIN,610.05,610.5,609.65,610.05,1221218,1.0966111885512102,609.37,612.2409280916271,611.1443169030758,607.5956830969242,606.4990719083729,,,
2023-07-20 15:20:00,SBIN,610.15,610.6,609.75,610.35,826419,1.0472889508409728,609.48,612.2218024733016,611.1745135224608,607.7854864775393,606.7381975266984,,,
2023-07-20 15:25:00,SBIN,610.45,610.5,609.1,610.0,281923,1.1178311606727738,609.5475,612.4739819786413,611.3561508179686,607.7388491820315,606.6210180213587,,609.1,-2.6000000000000227
2023-07-21 09:15:00,SBIN,610.0,615.3,609.35,614.9,1325197,2.0842649285382056,609.825,615.281605582913,613.1973406543749,606.4526593456252,604.3683944170871,,,
2023-07-21 09:20:00,SBIN,614.8,616.9,614.7,616.7,1355398,2.107411942830551,610.1674999999999,615.6847044663302,613.5772925234998,606.7577074765001,604.6502955336696,,,
2023-07-21 09:25:00,SBIN,616.85,618.0,616.0,616.25,988577,2.0859295542644407,610.49,615.9509635730643,613.8650340187999,607.1149659812002,605.0290364269357,,,
2023-07-21 09:30:00,SBIN,616.0,616.4,613.5,613.65,694441,2.248743643411548,610.725,616.6122108584515,614.3634672150399,607.0865327849601,604.8377891415486,616.4,,
2023-07-21 09:35:00,SBIN,613.45,615.8,612.85,614.3,492628,2.388994914729225,610.995,617.2493886867611,614.8603937720319,607.1296062279681,604.7406113132389,,,
2023-07-21 09:40:00,SBIN,614.2,615.0,613.25,614.7,295131,2.26119593178338,611.23,617.1498109494089,614.8886150176255,607.5713849823745,605.3101890505911,,,
2023-07-21 09:45:00,SBIN,614.7,615.7,613.75,614.3,299109,2.198956745426713,611.4375,617.1943687595272,614.9954120141005,607.8795879858995,605.6806312404728,,,
2023-07-21 09:50:00,SBIN,614.35,615.5,614.3,615.0,140973,1.9991653963413798,611.6725,616.9063150076217,614.9071496112804,608.4378503887197,606.4386849923783,,,
2023-07-21 09:55:00,SBIN,614.9,615.4,613.55,614.45,219765,1.9693323170731085,611.9,617.0557120060973,615.0863796890243,608.7136203109757,606.7442879939026,,,
2023-07-21 10:00:00,SBIN,614.45,615.25,614.0,615.0,166614,1.825465853658487,612.1700000000001,616.949069604878,615.1236037512195,609.2163962487806,607.3909303951222,,,
2023-07-21 10:05:00,SBIN,615.1,615.7,614.65,615.2,280204,1.6703726829268033,612.5,616.8730356839023,615.2026630009756,609.7973369990244,608.1269643160977,,,
2023-07-21 10:10:00,SBIN,615.15,616.0,614.55,615.85,174330,1.6262981463414519,612.8875,617.145148547122,615.5188504007805,610.2561495992196,608.6298514528781,,,
2023-07-21 10:15:00,SBIN,615.8,615.8,614.5,615.3,120902,1.5610385170731524,613.24,617.3267988376975,615.7657603206244,610.7142396793756,609.1532011623025,,,
2023-07-21 10:20:00,SBIN,615.2,615.4,614.3,614.4,102388,1.4688308136585266,613.4875,617.332899070158,615.8640682564994,611.1109317435005,609.642100929842,,,
2023-07-21 10:25:00,SBIN,614.4,614.85,613.8,614.85,136521,1.3850646509268352,613.7475,617.3735992561265,615.9885346051996,611.5064653948003,610.1214007438734,,,
2023-07-21 10:30:00,SBIN,614.95,615.15,614.5,614.5,138455,1.2380517207414636,613.99,617.2312194049011,615.9931676841597,611.9868323158403,610.7487805950989,,,
2023-07-21 10:35:00,SBIN,614.5,615.85,614.5,615.85,260230,1.2604413765931755,614.28,617.5798355239209,616.3193941473278,612.2406058526722,610.980164476079,,,
2023-07-21 10:40:00,SBIN,615.75,618.0,615.75,617.45,689626,1.4583531012745403,614.65,618.4679684191367,617.0096153178622,612.2903846821378,610.8320315808633,,,
2023-07-21 10:45:00,SBIN,617.45,618.4,617.0,617.1,545457,1.4466824810196277,614.9875,618.7749147353094,617.3282322542897,612.6467677457102,611.2000852646905,,,
2023-07-21 10:50:00,SBIN,617.05,618.9,617.0,618.8,555893,1.5373459848156976,615.4275,619.4522717882475,617.9149258034319,612.9400741965682,611.4027282117526,,,
2023-07-21 10:55:00,SBIN,618.9,619.1,618.0,618.5,367071,1.449876787852563,615.6075,619.403277430598,617.9534006427454,613.2615993572546,611.8117225694019,,,
2023-07-21 11:00:00,SBIN,618.55,619.1,618.3,618.9,355899,1.319901430282064,615.7175,619.1730019444784,617.8531005141964,613.5818994858035,612.2619980555215,,,
2023-07-21 11:05:00,SBIN,618.9,619.4,618.55,619.1,279206,1.225921144225656,615.86,619.0694615555827,617.8435404113571,613.8764595886429,612.6505384444173,,618.55,-5.4500000000000455
2023-07-21 11:10:00,SBIN,619.05,619.5,617.85,617.9,274382,1.3107369153805202,616.0725,619.5040092444661,618.1932723290856,613.9517276709144,612.6409907555338,,,
2023-07-21 11:15:00,SBIN,617.9,618.5,617.3,617.5,200271,1.2885895323044252,616.2325,619.6060273955729,618.3174378632685,614.1475621367314,612.858972604427,,,
2023-07-21 11:20:00,SBIN,617.6,618.2,617.1,617.1,186581,1.2508716258435448,616.3525,619.6272819164584,618.3764102906148,614.3285897093851,613.0777180835415,,,
2023-07-21 11:25:00,SBIN,617.1,618.5,616.75,618.1,313385,1.350697300674836,616.5425,620.0786255331667,618.7279282324919,614.3570717675082,613.0063744668333,,,
2023-07-21 11:30:00,SBIN,618.2,618.3,617.2,617.3,108327,1.3005578405398506,616.6575,620.0623604265334,618.7618025859935,614.5531974140066,613.2526395734667,,,
2023-07-21 11:35:00,SBIN,617.35,617.5,616.4,616.45,231568,1.2604462724318852,616.7574999999999,620.0573483412267,618.7969020687947,614.7180979312052,613.4576516587732,,,
2023-07-21 11:40:00,SBIN,616.45,617.7,616.2,617.05,257688,1.3083570179455082,616.8599999999999,620.2852786729812,618.9769216550358,614.743078344964,613.4347213270186,,,
2023-07-21 11:45:00,SBIN,617.05,617.3,616.3,616.85,165959,1.2466856143564065,616.9425,620.206322938385,618.9596373240287,614.9253626759713,613.678677061615,,,
2023-07-21 11:50:00,SBIN,616.95,618.2,616.5,617.9,248742,1.3373484914851343,617.045,620.546178350708,619.2088298592229,614.881170140777,613.5438216492919,,,
2023-07-21 11:55:00,SBIN,617.95,618.25,616.75,616.85,275988,1.3698787931881076,617.1225000000001,620.7088426805665,619.3389638873784,614.9060361126217,613.5361573194336,,,
2023-07-21 12:00:00,SBIN,616.95,617.4,615.6,615.85,327494,1.455903034550477,617.1949999999999,621.006554144453,619.5506511099026,614.8393488900973,613.3834458555468,,,
2023-07-21 12:05:00,SBIN,615.85,617.0,615.8,616.95,172285,1.404722427640391,617.3,620.9775633155625,619.5728408879221,615.0271591120778,613.6224366844374,,,
2023-07-21 12:10:00,SBIN,616.85,616.95,616.45,616.6,65211,1.223777942112313,617.405,620.60885065245,619.3850727103377,615.4249272896623,614.20114934755,,,
2023-07-21 12:15:00,SBIN,616.65,616.8,616.15,616.2,66523,1.1090223536898458,617.4225,620.32592052196,619.2168981682702,615.6281018317299,614.51907947804,,,
2023-07-21 12:20:00,SBIN,616.2,616.25,615.1,616.1,406025,1.1172178829518722,617.355,620.2798764175681,619.1626585346162,615.5473414653839,614.430123582432,,,
2023-07-21 12:25:00,SBIN,616.1,616.1,612.8,613.9,480841,1.5537743063615115,617.1949999999999,621.2627811340544,619.7090068276929,614.680993172307,613.1272188659455,,,
2023-07-21 12:30:00,SBIN,613.8,615.25,613.5,614.95,266060,1.5930194450892095,617.0024999999999,621.1730249072435,619.5800054621543,614.4249945378456,612.8319750927564,,613.5,
2023-07-21 12:35:00,SBIN,615.05,615.5,614.5,614.5,261171,1.4744155560713677,616.8025,620.6625199257949,619.1881043697235,614.4168956302765,612.9424800742052,,,
2023-07-21 12:40:00,SBIN,614.5,615.7,614.35,615.7,95865,1.4495324448570988,616.6425,620.4373759406359,618.9878434957789,614.2971565042212,612.8476240593642,,,
2023-07-21 12:45:00,SBIN,615.55,616.3,614.75,616.15,142535,1.46962595588567,616.495,620.3424807525087,618.8728547966231,614.1171452033769,612.6475192474913,,,
2023-07-21 12:50:00,SBIN,616.15,616.55,615.65,616.5,117151,1.3557007647085315,616.425,619.9742246020069,618.6185238372983,614.2314761627016,612.875775397993,,,
2023-07-21 12:55:00,SBIN,616.5,616.5,615.75,616.1,52119,1.2345606117668253,616.355,619.5870796816056,618.3525190698388,614.3574809301613,613.1229203183944,,,
2023-07-21 13:00:00,SBIN,616.1,616.9,616.1,616.9,71156,1.1476484894134513,616.345,619.3495437452844,618.201895255871,614.488104744129,613.3404562547156,,,
2023-07-21 13:05:00,SBIN,616.85,616.85,616.0,616.45,105427,1.0881187915307657,616.2625,619.1111949962276,618.0230762046968,614.5019237953032,613.4138050037725,,,
2023-07-21 13:10:00,SBIN,616.4,617.75,616.25,617.5,143946,1.1704950332246127,616.2725,619.3368559969821,618.1663609637575,614.3786390362426,613.208144003018,,,
2023-07-21 13:15:00,SBIN,617.5,617.65,616.65,617.35,197787,1.1363960265796902,616.3175,619.2925847975856,618.156188771006,614.478811228994,613.3424152024144,,,
2023-07-21 13:20:00,SBIN,617.35,618.15,616.9,617.4,304332,1.1591168212637522,616.335,619.3695678380685,618.2104510168048,614.4595489831953,613.3004321619316,,,
2023-07-21 13:25:00,SBIN,617.5,618.0,617.0,617.7,119360,1.1272934570110018,616.3775,619.3287542704549,618.2014608134439,614.5535391865562,613.4262457295453,,,
2023-07-21 13:30:00,SBIN,617.75,618.0,617.4,617.95,110693,1.021834765608806,616.38,619.0551634163638,618.033328650755,614.726671349245,613.7048365836362,,,
2023-07-21 13:35:00,SBIN,617.95,618.0,617.55,617.75,135907,0.907467812487054,616.425,618.800750733091,617.893282920604,614.956717079396,614.0492492669089,,,
2023-07-21 13:40:00,SBIN,617.75,617.95,616.8,617.3,131113,0.9559742499896614,616.4975000000001,619.000240586473,618.0442663364834,614.9507336635168,613.9947594135272,,,
2023-07-21 13:45:00,SBIN,617.1,617.45,616.8,617.45,101373,0.8947793999917474,616.5225,618.8650324691785,617.9702530691867,615.0747469308134,614.1799675308216,,,
2023-07-21 13:50:00,SBIN,617.45,617.5,616.9,617.35,70541,0.8358235199934025,616.5600000000001,618.7481859753428,617.9123624553494,615.2076375446508,614.3718140246573,,,
2023-07-21 13:55:00,SBIN,617.35,617.8,617.25,617.6,65198,0.778658815994713,616.63,618.6685287802742,617.8898699642795,615.3701300357205,614.5914712197258,,,
2023-07-21 14:00:00,SBIN,618.0,619.05,616.4,617.0,477358,1.152927052795766,616.675,619.6933630242193,618.5404359714234,614.8095640285765,613.6566369757807,,,
2023-07-21 14:05:00,SBIN,616.8,617.3,616.0,616.85,137022,1.1823416422366038,616.8225,619.9178704193754,618.7355287771388,614.9094712228612,613.7271295806246,,,
2023-07-21 14:10:00,SBIN,616.9,617.3,616.4,616.55,115771,1.1258733137892785,616.9024999999999,619.8500363355002,618.724163021711,615.0808369782889,613.9549636644996,,,
2023-07-21 14:15:00,SBIN,616.55,617.05,616.25,616.4,91312,1.0606986510314136,616.9975,619.7744090684001,618.7137104173688,615.2812895826311,614.2205909315998,,,
2023-07-21 14:20:00,SBIN,616.4,616.7,615.25,615.75,135280,1.13855892082514,617.0,619.9807472547202,618.842188333895,615.157811666105,614.0192527452798,,,
2023-07-21 14:25:00,SBIN,615.75,616.0,615.3,615.95,135564,1.050847136660121,616.99,619.7411178037762,618.6902706671161,615.2897293328839,614.2388821962238,,,
2023-07-21 14:30:00,SBIN,616.0,616.7,615.5,616.05,119809,1.0806777093281061,616.9675,619.7967142430209,618.7160365336929,615.2189634663071,614.138285756979,,,
2023-07-21 14:35:00,SBIN,616.1,616.6,615.5,616.5,144857,1.0845421674624895,616.9875,619.8268313944168,618.7422892269543,615.2327107730456,614.1481686055831,,,
2023-07-21 14:40:00,SBIN,616.4,616.95,615.6,615.6,149923,1.1376337339699962,616.9225,619.9008251155335,618.7631913815635,615.0818086184365,613.9441748844665,,,
2023-07-21 14:45:00,SBIN,615.65,616.0,615.15,615.65,167574,1.0801069871760016,616.8824999999999,619.7102200924267,618.6301131052508,615.1348868947491,614.0547799075732,,,
2023-07-21 14:50:00,SBIN,615.8,616.35,614.8,614.8,333312,1.174085589740815,616.7475000000001,619.8212560739415,618.6471704842007,614.8478295157994,613.6737439260586,,,
2023-07-21 14:55:00,SBIN,614.95,615.5,614.1,614.75,356460,1.2192684717926474,616.6175000000001,619.8095448591532,618.5902763873605,614.6447236126396,613.4254551408469,,,
2023-07-21 15:00:00,SBIN,614.8,615.7,614.2,614.75,632534,1.275414777434118,616.485,619.8240358873226,618.5486211098885,614.4213788901116,613.1459641126775,,,
2023-07-21 15:05:00,SBIN,614.7,615.2,613.2,614.95,396076,1.4203318219472947,616.3475,620.065928709858,618.6455968879106,614.0494031120893,612.629071290142,,,
2023-07-21 15:10:00,SBIN,615.0,615.5,614.05,615.45,276987,1.4262654575578448,616.2225000000001,619.9564629678865,618.5301975103287,613.9148024896715,612.4885370321136,,,
2023-07-21 15:15:00,SBIN,615.2,616.25,615.0,616.1,429198,1.3910123660462759,616.1400000000001,619.7816703743092,618.390658008263,613.8893419917372,612.498329625691,,,
2023-07-21 15:20:00,SBIN,616.1,616.3,615.5,616.25,336428,1.2728098928370115,616.0875,619.4197162994473,618.1469064066102,614.0280935933897,612.7552837005527,,,
2023-07-21 15:25:00,SBIN,616.25,616.25,614.5,615.5,194272,1.3682479142696093,615.99,619.5720730395578,618.2038251252883,613.7761748747117,612.4079269604422,616.25,,0.5499999999999545
2023-07-24 09:15:00,SBIN,615.05,618.7,615.05,617.6,398936,1.8245983314157057,616.0024999999999,620.7792984316462,618.9547001002305,613.0502998997694,611.2257015683537,,,
2023-07-24 09:20:00,SBIN,617.6,618.6,617.1,617.45,420326,1.7596786651325647,615.995,620.6018387453171,618.8421600801845,613.1478399198155,611.3881612546829,,,
2023-07-24 09:25:00,SBIN,617.45,618.0,616.55,617.6,276933,1.6977429321060609,616.025,620.4696909962537,618.7719480641476,613.2780519358523,611.5803090037463,,,
2023-07-24 09:30:00,SBIN,617.7,618.4,617.45,618.4,170825,1.5481943456848353,616.1025,620.1556727970028,618.607478451318,613.5975215486819,612.0493272029971,,,
2023-07-24 09:35:00,SBIN,618.4,619.4,618.4,619.0,264252,1.4385554765478683,616.225,619.9911382376023,618.5525827610545,613.8974172389455,612.4588617623978,,,
2023-07-24 09:40:00,SBIN,618.9,619.35,617.6,618.05,165542,1.5008443812382948,616.3075,620.2367105900819,618.7358662088436,613.8791337911564,612.3782894099181,,,
2023-07-24 09:45:00,SBIN,618.15,618.8,618.1,618.3,87820,1.3506755049906358,616.4350000000001,619.9710684720656,618.620392967075,614.2496070329252,612.8989315279346,,,
2023-07-24 09:50:00,SBIN,618.1,618.4,617.75,618.0,92151,1.210540403992504,616.5375,619.7066947776524,618.4961543736599,614.5788456263401,613.3683052223477,,,
2023-07-24 09:55:00,SBIN,618.0,618.15,616.55,617.15,173991,1.2884323231940078,616.5925,619.9656158221219,618.6771834989279,614.507816501072,613.219384177878,,,
2023-07-24 10:00:00,SBIN,617.1,617.4,616.55,617.1,133425,1.2007458585552109,616.6225000000001,619.7660526576976,618.5653067991424,614.6796932008577,613.4789473423025,,,
2023-07-24 10:05:00,SBIN,617.1,617.5,616.55,616.55,98002,1.150596686844178,616.67,619.682262126158,618.5316654393139,614.808334560686,613.6577378738419,,,
2023-07-24 10:10:00,SBIN,616.55,617.45,616.5,617.3,79408,1.1104773494753515,616.7525,619.6597297009265,618.5492523514512,614.9557476485489,613.8452702990736,,,
2023-07-24 10:15:00,SBIN,617.4,617.85,617.25,617.55,75405,1.008381879580286,616.89,619.5299437607412,618.5215618811609,615.2584381188391,614.2500562392588,,,
2023-07-24 10:20:00,SBIN,617.6,617.75,617.0,617.15,114844,0.9567055036642288,617.01,619.514655008593,618.5579495049287,615.4620504950713,614.505344991407,,,
2023-07-24 10:25:00,SBIN,617.15,618.6,616.9,618.45,157207,1.1053644029313923,617.1949999999999,620.0888440068743,618.9834796039429,615.406520396057,614.3011559931256,,,
2023-07-24 10:30:00,SBIN,618.45,619.0,618.2,618.3,117930,1.0442915223451048,617.3625,620.0964552054994,619.0521636831544,615.6728363168455,614.6285447945005,,,
2023-07-24 10:35:00,SBIN,618.45,618.6,618.15,618.55,68842,0.925433217876093,617.5174999999999,619.9402841643995,619.0148509465234,616.0201490534764,615.0947158356004,,,
2023-07-24 10:40:00,SBIN,618.6,618.9,618.5,618.75,64659,0.82034657430087,617.65,619.7976673315196,618.9773207572188,616.3226792427812,615.5023326684803,,,
2023-07-24 10:45:00,SBIN,618.7,618.75,618.0,618.0,62457,0.8062772594406961,617.7375,619.8483338652157,619.042056605775,616.4329433942249,615.6266661347842,,,
2023-07-24 10:50:00,SBIN,617.9,618.5,617.9,618.05,50769,0.7650218075525614,617.865,619.8678270921727,619.1028052846201,616.6271947153799,615.8621729078274,,,
2023-07-24 10:55:00,SBIN,618.15,618.55,617.45,617.45,151833,0.8320174460420311,617.8575000000001,620.0357216737381,619.2037042276961,616.511295772304,615.6792783262621,,,
2023-07-24 11:00:00,SBIN,617.5,618.5,617.45,618.2,97280,0.8756139568336159,617.895,620.1873573389904,619.3117433821568,616.4782566178432,615.6026426610096,,,
2023-07-24 11:05:00,SBIN,618.35,618.5,617.7,618.4,70742,0.8604911654668836,617.935,620.1877658711923,619.3272747057254,616.5427252942745,615.6822341288076,,,
2023-07-24 11:10:00,SBIN,618.45,619.0,617.85,618.7,225356,0.9183929323735024,617.95,620.3543526969539,619.4359597645804,616.4640402354197,615.5456473030462,,,
2023-07-24 11:15:00,SBIN,618.7,619.45,618.55,619.2,169505,0.9147143458988201,617.96,620.3547221575632,619.4400078116644,616.4799921883357,615.5652778424369,,,
2023-07-24 11:20:00,SBIN,619.2,621.65,619.05,621.65,605990,1.2517714767190606,618.1400000000001,621.4171377260506,620.1653662493316,616.1146337506686,614.8628622739496,,,
2023-07-24 11:25:00,SBIN,621.75,621.85,620.2,620.6,221401,1.331417181375244,618.255,621.7406501808404,620.4092329994652,616.1007670005348,614.7693498191596,,,
2023-07-24 11:30:00,SBIN,620.7,620.7,619.7,619.7,124476,1.2651337451001952,618.3399999999999,621.6521201446723,620.386986399572,616.2930136004278,615.0278798553276,620.7,,
2023-07-24 11:35:00,SBIN,619.7,620.1,618.6,618.65,135604,1.3121069960801561,618.415,621.8500961157378,620.5379891196577,616.2920108803422,614.9799038842622,,,
2023-07-24 11:40:00,SBIN,618.9,619.0,618.25,618.7,130198,1.199685596864125,618.495,621.6357768925902,620.4360912957262,616.5539087042738,615.3542231074098,,,
2023-07-24 11:45:00,SBIN,618.7,618.7,617.0,617.4,174941,1.299748477491309,618.5375,621.9402415140722,620.640493036581,616.434506963419,615.1347584859278,,,
2023-07-24 11:50:00,SBIN,617.4,617.55,616.6,616.65,226956,1.2297987819930336,618.5049999999999,621.7246132112576,620.4948144292646,616.5151855707352,615.2853867887421,,,
2023-07-24 11:55:00,SBIN,616.55,616.9,616.0,616.1,228231,1.1638390255944224,618.4325,621.4794305690062,620.3155915434118,616.5494084565883,615.3855694309938,,616.0,3.6000000000000227
2023-07-24 12:00:00,SBIN,616.0,616.6,615.65,616.5,139742,1.121071220475547,618.4,621.334964455205,620.2138932347294,616.5861067652705,615.465035544795,,,
2023-07-24 12:05:00,SBIN,616.5,616.55,616.0,616.25,115949,1.0068569763804287,618.29,620.9259515641639,619.9190945877835,616.6609054122164,615.654048435836,,,
2023-07-24 12:10:00,SBIN,616.25,617.4,616.15,617.2,88514,1.0554855811043429,618.235,620.9982612513312,619.9427756702269,616.5272243297732,615.4717387486688,,,
2023-07-24 12:15:00,SBIN,617.05,617.3,616.6,616.75,57712,0.9843884648834607,618.1450000000001,620.722129001065,619.7377405361815,616.5522594638187,615.5678709989352,,,
2023-07-24 12:20:00,SBIN,616.85,617.15,616.6,616.9,64125,0.8975107719067594,618.0525,620.4021832008519,619.5046724289451,616.6003275710549,615.7028167991481,,,
2023-07-24 12:25:00,SBIN,616.65,617.1,616.5,617.1,50423,0.8380086175254121,618.0074999999999,620.2014065606814,619.3633979431561,616.6516020568438,615.8135934393184,,,
2023-07-24 12:30:00,SBIN,617.15,617.25,616.5,617.0,70509,0.8204068940203297,617.955,620.1028252485453,619.2824183545249,616.6275816454752,615.8071747514548,,,
2023-07-24 12:35:00,SBIN,617.0,617.55,616.7,617.1,80385,0.8263255152162456,617.9375000000001,620.1008201988362,619.27449468362,616.6005053163802,615.774179801164,,,
2023-07-24 12:40:00,SBIN,617.1,617.7,617.0,617.65,73160,0.8010604121730057,617.9100000000001,620.007176159069,619.206115746896,616.6138842531042,615.8128238409312,,,
2023-07-24 12:45:00,SBIN,617.6,617.95,617.4,617.75,57322,0.7508483297384183,617.8775,619.8432209272553,619.0923725975168,616.6626274024833,615.9117790727448,,,
2023-07-24 12:50:00,SBIN,617.85,619.2,617.8,619.1,240430,0.8906786637907438,617.8975,620.2292967418042,619.3386180780135,616.4563819219866,615.5657032581959,,,
2023-07-24 12:55:00,SBIN,619.05,619.15,618.35,618.5,52007,0.872542931032586,617.8625,620.1468173934433,619.2742744624106,616.4507255375893,615.5781826065567,,,
2023-07-24 13:00:00,SBIN,618.45,619.35,618.0,618.2,110757,0.9680343448260734,617.6899999999999,620.2243139147546,619.2562795699286,616.1237204300713,615.1556860852453,,,
2023-07-24 13:05:00,SBIN,618.2,618.8,617.85,618.75,67985,0.9644274758608452,617.5975,620.1223711318037,619.1579436559429,616.0370563440571,615.0726288681963,,,
2023-07-24 13:10:00,SBIN,618.8,619.45,618.6,619.05,101736,0.9415419806886808,617.565,620.029956905443,619.0884149247544,616.0415850752457,615.1000430945571,,,
2023-07-24 13:15:00,SBIN,619.05,620.45,618.75,620.25,192141,1.0932335845509538,617.6450000000001,620.5070855243545,619.4138519398035,615.8761480601967,614.7829144756457,,,
2023-07-24 13:20:00,SBIN,620.05,620.8,619.2,619.6,236786,1.194586867640745,617.6899999999999,620.8174284194835,619.6228415518426,615.7571584481573,614.5625715805164,,,
2023-07-24 13:25:00,SBIN,619.45,619.9,619.0,619.4,73035,1.1356694941125915,617.7900000000001,620.7631827355868,619.6275132414743,615.9524867585259,614.8168172644133,,,
2023-07-24 13:30:00,SBIN,619.3,619.65,618.6,619.05,137353,1.1185355952900642,617.9100000000001,620.8383261884695,619.7197905931794,616.1002094068208,614.9816738115306,,,
2023-07-24 13:35:00,SBIN,619.05,619.05,617.6,617.65,153506,1.1848284762320378,617.9875,621.0893809507754,619.9045524745434,616.0704475254565,614.8856190492245,,,
2023-07-24 13:40:00,SBIN,617.65,618.95,617.5,618.65,125800,1.2378627809856393,618.095,621.3357247606205,620.0978619796348,616.0921380203653,614.8542752393796,,,
2023-07-24 13:45:00,SBIN,618.75,618.75,617.7,618.35,86536,1.2002902247885023,618.2,621.3423598084963,620.1420695837079,616.2579304162922,615.0576401915038,,,
2023-07-24 13:50:00,SBIN,618.25,618.85,618.0,618.6,87854,1.1302321798308064,618.27,621.228947846797,620.0987156669662,616.4412843330338,615.3110521532029,,,
2023-07-24 13:55:00,SBIN,618.75,619.35,618.35,619.0,110652,1.1041857438646452,618.3824999999999,621.2732582774375,620.169072533573,616.5959274664269,615.4917417225623,,,
2023-07-24 14:00:00,SBIN,618.95,620.1,618.85,619.85,227423,1.1333485950917161,618.53,621.4971066219501,620.3637580268584,616.6962419731416,615.5628933780498,,,
2023-07-24 14:05:00,SBIN,619.9,620.1,617.75,617.9,284411,1.3766788760733775,618.5699999999999,622.17414529756,620.7974664214867,616.3425335785132,614.9658547024399,,,
2023-07-24 14:10:00,SBIN,617.65,619.15,617.2,618.65,387154,1.4913431008586884,618.6524999999999,622.5568362380479,621.0654931371893,616.2395068628106,614.7481637619519,,,
2023-07-24 14:15:00,SBIN,618.55,619.05,617.85,618.7,100751,1.433074480686937,618.7325,622.4842889904384,621.0512145097514,616.4137854902485,614.9807110095616,,,
2023-07-24 14:20:00,SBIN,618.65,618.85,617.8,618.0,128762,1.3564595845495635,618.75,622.3012111923507,620.9447516078012,616.5552483921988,615.1987888076493,,,
2023-07-24 14:25:00,SBIN,618.0,618.5,617.85,618.3,74632,1.2151676676396463,618.7774999999999,621.9588089538805,620.7436412862409,616.811358713759,615.5961910461193,,,
2023-07-24 14:30:00,SBIN,618.3,618.5,617.75,618.1,126069,1.1221341341117173,618.7275,621.6652471631045,620.5431130289927,616.9118869710072,615.7897528368954,,,
2023-07-24 14:35:00,SBIN,618.15,618.3,617.35,618.0,135964,1.0877073072893602,618.7025,621.5501177304835,620.4624104231941,616.9425895768059,615.8548822695165,,,
2023-07-24 14:40:00,SBIN,618.0,618.75,617.75,618.4,110808,1.0701658458314882,618.7125,621.5141941843868,620.4440283385553,616.9809716614446,615.9108058156131,,,
2023-07-24 14:45:00,SBIN,618.5,618.75,618.0,618.3,183931,1.0061326766651906,618.69,621.3240553475096,620.3179226708444,617.0620773291557,616.0559446524906,,,
2023-07-24 14:50:00,SBIN,618.3,618.8,617.4,618.7,175635,1.084906141332148,618.6724999999999,621.5127842780074,620.4278781366753,616.9171218633245,615.8322157219924,,,
2023-07-24 14:55:00,SBIN,618.55,618.65,617.65,618.1,122868,1.0679249130657185,618.5649999999999,621.360827422406,620.2929025093403,616.8370974906596,615.7691725775938,,,
2023-07-24 15:00:00,SBIN,618.1,618.3,616.55,617.35,236090,1.2043399304525748,618.4525000000001,621.6054619379249,620.4011220074724,616.5038779925278,615.2995380620753,,,
2023-07-24 15:05:00,SBIN,617.35,618.55,616.4,618.3,289631,1.3934719443620553,618.3974999999999,622.0456095503398,620.6521376059777,616.1428623940221,614.74939044966,,,
2023-07-24 15:10:00,SBIN,618.25,618.35,617.25,617.55,198313,1.334777555489649,618.3225,621.8169476402719,620.4821700847823,616.1628299152177,614.8280523597281,,,
2023-07-24 15:15:00,SBIN,617.4,618.0,617.25,617.55,226067,1.2178220443917191,618.3175,621.5057581122176,620.2879360678259,616.3470639321741,615.1292418877824,,,
2023-07-24 15:20:00,SBIN,617.55,618.25,617.55,617.8,322477,1.1142576355133844,618.275,621.1921264897741,620.0778688542606,616.4721311457394,615.3578735102259,,,
2023-07-24 15:25:00,SBIN,617.75,618.0,617.05,617.9,158527,1.0814061084107167,618.2524999999999,621.0836211918192,620.0022150834085,616.5027849165914,615.4213788081806,,,
2023-07-25 09:15:00,SBIN,621.8,621.8,619.05,619.2,361333,1.6451248867285688,618.2825,622.5894369534554,620.9443120667269,615.6206879332732,613.9755630465446,,,
2023-07-25 09:20:00,SBIN,618.7,619.4,617.75,618.9,268305,1.6460999093828506,618.2774999999999,622.5869895627642,620.9408896533814,615.6141103466184,613.9680104372356,,,
2023-07-25 09:25:00,SBIN,618.65,619.6,618.35,618.7,171781,1.5668799275062806,618.22,622.3220916502115,620.7552117227052,615.6847882772948,614.1179083497885,,,
2023-07-25 09:30:00,SBIN,618.6,619.6,618.25,618.85,228335,1.523503942005029,618.2675,622.2560333201692,620.7325293781641,615.8024706218359,614.2789666798309,,,
2023-07-25 09:35:00,SBIN,619.0,619.0,615.5,615.75,379671,1.9188031536040233,618.1225000000001,623.1459266561354,621.2271235025314,615.0178764974687,613.0990733438647,,,
2023-07-25 09:40:00,SBIN,615.8,617.45,615.8,616.2,265891,1.875042522883228,617.9975,622.9063613249083,621.031318802025,614.9636811979749,613.0886386750916,,,
2023-07-25 09:45:00,SBIN,616.35,616.75,616.0,616.55,110799,1.6500340183065823,617.925,622.2447890599266,620.59475504162,615.2552449583799,613.6052109400733,,,
2023-07-25 09:50:00,SBIN,616.4,616.55,615.5,616.25,108940,1.5300272146452567,617.8225,621.8281112479413,620.298084033296,615.3469159667039,613.8168887520587,,,
2023-07-25 09:55:00,SBIN,616.3,616.65,615.55,615.9,198144,1.44402177171621,617.7125,621.492948998353,620.0489272266368,615.3760727733631,613.932051001647,,,
2023-07-25 10:00:00,SBIN,616.0,616.3,614.0,614.15,274785,1.615217417372959,617.52,621.7486391986824,620.1334217813094,614.9065782186906,613.2913608013175,,,
2023-07-25 10:05:00,SBIN,614.15,615.15,614.1,615.15,172782,1.5021739338983582,617.3575,621.2901913589459,619.7880174250475,614.9269825749524,613.424808641054,,,
2023-07-25 10:10:00,SBIN,615.15,615.6,614.8,615.4,77028,1.3617391471187004,617.2125,620.7775330871567,619.415793940038,615.0092060599619,613.6474669128432,,,
2023-07-25 10:15:00,SBIN,615.4,615.4,612.3,612.35,219863,1.7093913176949649,616.895,621.3701864697254,619.6607951520305,614.1292048479695,612.4198135302746,,,
2023-07-25 10:20:00,SBIN,612.4,613.0,612.3,612.65,183980,1.507513054155981,616.6225000000001,620.5691691757804,619.0616561216244,614.1833438783757,612.6758308242197,,,
2023-07-25 10:25:00,SBIN,612.6,613.4,612.3,612.8,138371,1.4260104433247895,616.395,620.1282953406243,618.7022848972995,614.0877151027005,612.6617046593757,,,
2023-07-25 10:30:00,SBIN,612.65,613.35,612.5,613.35,79330,1.3108083546598364,616.1475,619.5791962724995,618.2683879178396,614.0266120821605,612.7158037275005,,,
2023-07-25 10:35:00,SBIN,613.5,614.1,613.15,613.65,105892,1.2386466837278782,615.9525,619.1952770179996,617.9566303342717,613.9483696657283,612.7097229820004,,,
2023-07-25 10:40:00,SBIN,613.75,613.95,613.3,613.6,39240,1.1209173469823208,615.755,618.6895616143997,617.5686442674174,613.9413557325826,612.8204383856003,,,
2023-07-25 10:45:00,SBIN,613.4,613.8,613.15,613.2,100589,1.026733877585852,615.525,618.2129892915198,617.1862554139338,613.8637445860661,612.8370107084802,,,
2023-07-25 10:50:00,SBIN,613.1,613.3,612.6,613.3,54992,0.9613871020686681,615.295,617.8119114332158,616.8505243311471,613.7394756688528,612.7780885667842,,,
2023-07-25 10:55:00,SBIN,613.3,613.55,612.3,612.55,99982,1.0191096816549345,614.9625,617.6305291465726,616.6114194649176,613.3135805350823,612.2944708534274,,,
2023-07-25 11:00:00,SBIN,612.7,612.8,611.5,611.5,271687,1.0752877453239384,614.5925,617.407603317258,616.3323155719341,612.8526844280658,611.7773966827419,,,
2023-07-25 11:05:00,SBIN,611.5,611.75,611.15,611.35,182645,0.9802301962591553,614.225,616.7912426538065,615.8110124575473,612.6389875424527,611.6587573461935,,,
2023-07-25 11:10:00,SBIN,611.4,611.95,611.25,611.95,74388,0.9241841570073334,613.8799999999999,616.2995141230451,615.3753299660377,612.384670033962,611.4604858769546,,,
2023-07-25 11:15:00,SBIN,612.1,612.25,611.5,611.65,125998,0.8893473256058667,613.675,616.0033112984361,615.1139639728302,612.2360360271697,611.3466887015638,,,
2023-07-25 11:20:00,SBIN,611.7,612.35,611.7,611.75,83925,0.8514778604847025,613.4525000000001,615.6816690387491,614.8301911782644,612.0748088217358,611.2233309612511,,,
2023-07-25 11:25:00,SBIN,611.7,611.75,611.0,611.55,126953,0.8311822883877621,613.2025,615.3785352309991,614.5473529426114,611.8576470573886,611.0264647690009,,,
2023-07-25 11:30:00,SBIN,611.75,611.9,610.75,610.75,166444,0.8949458307102052,612.9275,615.2704681847994,614.3755223540891,611.479477645911,610.5845318152006,,,
2023-07-25 11:35:00,SBIN,610.75,611.25,610.5,610.8,146419,0.8659566645681642,612.6724999999999,614.9395745478394,614.0736178832711,611.2713821167287,610.4054254521604,,,
2023-07-25 11:40:00,SBIN,611.0,611.0,609.2,609.55,267978,1.0527653316545225,612.4425,615.1986396382715,614.145874306617,610.739125693383,609.6863603617285,,,
2023-07-25 11:45:00,SBIN,609.6,610.0,608.5,608.6,293865,1.142212265323618,612.115,615.1053117106172,613.9630994452937,610.2669005547064,609.1246882893828,,,
2023-07-25 11:50:00,SBIN,608.55,608.75,607.8,607.85,197745,1.1037698122589035,611.7375,614.6271693684938,613.5233995562348,609.9516004437651,608.8478306315061,,,
2023-07-25 11:55:00,SBIN,607.85,609.4,607.55,608.55,215741,1.2530158498071273,611.5475,614.827895494795,613.574879644988,609.5201203550121,608.267104505205,,,
2023-07-25 12:00:00,SBIN,608.6,609.45,608.35,609.15,213894,1.2224126798457065,611.3725,614.5727763958361,613.3503637159903,609.3946362840096,608.1722236041638,,,
2023-07-25 12:05:00,SBIN,609.0,609.45,608.1,608.3,224510,1.2479301438765698,611.1474999999999,614.4145811166687,613.1666509727922,609.1283490272076,607.8804188833311,,,
2023-07-25 12:10:00,SBIN,608.3,609.3,608.25,609.05,141593,1.2083441151012468,610.9325,614.0959448933351,612.8876007782338,608.9773992217662,607.769055106665,,608.25,
2023-07-25 12:15:00,SBIN,609.05,609.85,608.85,609.55,215033,1.1666752920809975,610.7275,613.781855914668,612.615180622587,608.8398193774129,607.673144085332,,,
2023-07-25 12:20:00,SBIN,609.4,609.95,609.2,609.75,234776,1.083340233664798,610.535,613.3711847317344,612.2878444980696,608.7821555019303,607.6988152682655,,,
2023-07-25 12:25:00,SBIN,609.6,609.85,609.15,609.6,146521,1.0066721869318473,610.355,612.9904677853876,611.9837955984558,608.7262044015442,607.7195322146124,,,
2023-07-25 12:30:00,SBIN,609.55,610.2,609.55,609.9,220728,0.9353377495454961,610.185,612.63371422831,611.6983764787645,608.6716235212353,607.7362857716898,,,
2023-07-25 12:35:00,SBIN,609.9,610.25,609.5,609.7,169276,0.898270199636397,610.0425,612.3941713826481,611.4959011830117,608.5890988169883,607.6908286173519,,,
2023-07-25 12:40:00,SBIN,609.7,609.85,608.85,609.1,252312,0.9186161597091176,609.9225,612.3274371061185,611.4088209464094,608.4361790535906,607.5175628938815,,,
2023-07-25 12:45:00,SBIN,609.05,610.0,609.05,609.35,202344,0.9248929277673033,609.8225,612.2438696848948,611.3189767571275,608.3260232428725,607.4011303151052,,,
2023-07-25 12:50:00,SBIN,609.35,609.6,608.0,608.2,206856,1.0599143422138473,609.635,612.4098557479158,611.349941405702,607.920058594298,606.8601442520842,,,
2023-07-25 12:55:00,SBIN,608.15,609.0,608.0,609.0,167829,1.0479314737710779,609.5024999999999,612.2459845983326,611.1980531245615,607.8069468754384,606.7590154016673,,,
2023-07-25 13:00:00,SBIN,608.8,609.75,608.8,609.1,171269,1.0283451790168714,609.37,612.0622076786661,611.0338624996493,607.7061375003507,606.6777923213339,,,
2023-07-25 13:05:00,SBIN,609.2,609.6,608.5,609.05,147765,1.0426761432135017,609.245,611.9747261429329,610.9320499997194,607.5579500002806,606.5152738570671,,,
2023-07-25 13:10:00,SBIN,609.0,609.0,607.1,607.1,557073,1.2141409145707969,609.0625,612.2411209143463,611.0269799997756,607.0980200002244,605.8838790856537,,,
2023-07-25 13:15:00,SBIN,607.05,607.25,605.6,606.2,662597,1.301312731656633,608.8325000000001,612.2393367314771,610.9380239998205,606.7269760001797,605.4256632685231,,,
2023-07-25 13:20:00,SBIN,606.35,606.45,605.5,605.85,308179,1.2310501853253155,608.6474999999999,611.8703893851816,610.6393391998563,606.6556608001436,605.4246106148182,,,
2023-07-25 13:25:00,SBIN,605.85,606.8,605.0,606.8,595750,1.3448401482602435,608.5575,612.0782915081453,610.7334513598851,606.3815486401149,605.0367084918547,,,
2023-07-25 13:30:00,SBIN,606.75,607.0,604.7,604.7,599172,1.5358721186081856,608.4,612.4209132065162,610.885041087908,605.914958912092,604.3790867934838,,,
2023-07-25 13:35:00,SBIN,604.7,606.0,604.25,606.0,289754,1.5786976948865488,608.2724999999999,612.4055305652129,610.8268328703264,605.7181671296735,604.139469434787,,,
2023-07-25 13:40:00,SBIN,606.1,607.0,605.0,606.8,249785,1.662958155909239,608.155,612.5086244521704,610.8456662962611,605.4643337037388,603.8013755478296,,,
2023-07-25 13:45:00,SBIN,606.9,608.25,606.35,607.9,414876,1.7103665247273867,608.135,612.6127395617362,610.9023730370089,605.367626962991,603.6572604382637,,,
2023-07-25 13:50:00,SBIN,607.95,608.0,606.0,606.25,226747,1.7682932197819095,607.995,612.624391649389,610.8560984296072,605.1339015703928,603.365608350611,,,
2023-07-25 13:55:00,SBIN,606.4,607.75,606.3,607.35,140151,1.7146345758255277,607.885,612.3739133195112,610.6592787436857,605.1107212563143,603.3960866804888,,,
2023-07-25 14:00:00,SBIN,607.25,607.75,606.8,607.7,176143,1.5617076606604312,607.7825,611.871050655609,610.3093429949486,605.2556570050515,603.6939493443911,,,
2023-07-25 14:05:00,SBIN,607.65,607.95,607.15,607.9,182638,1.4093661285283587,607.6975,611.3872205244872,609.9778543959588,605.4171456040411,604.0077794755127,,,
2023-07-25 14:10:00,SBIN,607.7,609.4,607.7,609.0,355244,1.4674929028226733,607.6525,611.4943964195897,610.0269035167671,605.278096483233,603.8106035804103,,,
2023-07-25 14:15:00,SBIN,609.2,610.8,608.6,610.55,438514,1.613994322258125,607.6949999999999,611.9204371356717,610.3064428134136,605.0835571865863,603.4695628643282,610.8,,1.5
2023-07-25 14:20:00,SBIN,610.55,611.8,610.55,611.05,368681,1.5411954578065001,607.7924999999999,611.8273497085373,610.2861542507309,605.2988457492689,603.7576502914625,,,
2023-07-25 14:25:00,SBIN,611.25,611.4,609.7,609.8,270780,1.5729563662451864,607.815,611.93299976683,610.3600434005848,605.2699565994153,603.6970002331701,,,
2023-07-25 14:30:00,SBIN,610.0,611.75,609.15,611.4,394576,1.7783650929961539,607.975,612.630759813464,610.8523947204678,605.0976052795322,603.319240186536,,,
2023-07-25 14:35:00,SBIN,611.25,612.0,610.8,611.05,366248,1.6626920743969322,608.0775,612.4304278507711,610.7677357763743,605.3872642236257,603.7245721492288,,,
2023-07-25 14:40:00,SBIN,611.1,612.0,611.0,611.7,256334,1.5301536595175458,608.2075,612.213442280617,610.6832886210993,605.7317113789006,604.201557719383,,,
2023-07-25 14:45:00,SBIN,611.7,611.8,610.55,611.3,199000,1.4741229276140366,608.3199999999999,612.1792538244935,610.7051308968795,605.9348691031204,604.4607461755064,,,
2023-07-25 14:50:00,SBIN,611.25,611.7,610.35,611.45,185022,1.4492983420912338,608.5375,612.3317630595949,610.8824647175037,606.1925352824964,604.7432369404052,,,
2023-07-25 14:55:00,SBIN,611.7,612.4,610.95,611.95,368796,1.4494386736729736,608.825,612.619630447676,611.1701917740029,606.4798082259972,605.0303695523241,,,
2023-07-25 15:00:00,SBIN,611.95,612.15,609.55,609.7,622457,1.6795509389383834,609.0175,613.4145643581408,611.7350134192023,606.2999865807977,604.6204356418593,,,
2023-07-25 15:05:00,SBIN,609.65,609.75,607.6,608.35,504911,1.7736407511507022,609.095,613.7383914865126,611.9647507353619,606.2252492646381,604.4516085134875,,,
2023-07-25 15:10:00,SBIN,608.25,610.1,607.75,609.35,413857,1.8889126009205666,609.3275000000001,614.2726731892102,612.3837605882895,606.2712394117107,604.38232681079,,,
2023-07-25 15:15:00,SBIN,609.45,610.2,609.4,610.15,324883,1.681130080736458,609.5350000000001,613.9361985513681,612.2550684706317,606.8149315293684,605.1338014486321,,,
2023-07-25 15:20:00,SBIN,610.0,610.4,609.5,609.8,240131,1.524904064589162,609.685,613.6771988410944,612.1522947765052,607.2177052234947,605.6928011589055,,,
2023-07-25 15:25:00,SBIN,609.7,610.2,609.1,609.6,227473,1.4399232516713343,609.77,613.5397190728755,612.0997958212042,607.4402041787957,606.0002809271244,,,
2023-07-26 09:15:00,SBIN,612.0,612.7,609.9,610.4,447314,1.771938601337072,609.9775,614.6164352583004,612.8444966569633,607.1105033430366,605.3385647416995,,,
2023-07-26 09:20:00,SBIN,610.5,611.75,609.25,611.55,272406,1.9175508810696575,610.1875,615.2076482066403,613.2900973255707,607.0849026744293,605.1673517933597,,,
2023-07-26 09:25:00,SBIN,611.6,612.5,611.5,611.7,157532,1.734040704855726,610.3875,614.9272185653124,613.1931778604566,607.5818221395435,605.8477814346877,,,
2023-07-26 09:30:00,SBIN,611.55,611.7,609.85,610.55,162623,1.7572325638845854,610.52,615.1204348522498,613.3632022883652,607.6767977116348,605.9195651477502,,,
2023-07-26 09:35:00,SBIN,610.7,610.95,610.0,610.6,94441,1.5957860511076774,610.6,614.7777678818,613.1819818306923,608.0180181693078,606.4222321182001,,,
2023-07-26 09:40:00,SBIN,610.6,610.6,609.95,610.6,108412,1.4066288408861374,610.6025,614.2850543054399,612.8784254645537,608.3265745354462,606.91994569456,,,
2023-07-26 09:45:00,SBIN,610.45,610.8,610.0,610.4,65706,1.285303072708901,610.57,613.934923444352,612.6496203716431,608.490379628357,607.2050765556481,,,
2023-07-26 09:50:00,SBIN,610.35,610.65,610.2,610.65,41365,1.118242458167107,610.6125,613.5400587554815,612.4218162973143,608.8031837026856,607.6849412445184,,,
2023-07-26 09:55:00,SBIN,610.65,611.9,610.1,611.75,186765,1.2545939665336767,610.63,613.9145270043851,612.6599330378515,608.6000669621485,607.3454729956148,,,
2023-07-26 10:00:00,SBIN,611.55,611.95,611.3,611.7,85189,1.1336751732269594,610.6625,613.6304616035083,612.4967864302812,608.8282135697189,607.6945383964918,,,
2023-07-26 10:05:00,SBIN,611.85,612.2,611.45,611.6,170960,1.0569401385815675,610.6575,613.4245692828066,612.367629144225,608.947370855775,607.8904307171935,,,
2023-07-26 10:10:00,SBIN,611.5,612.0,611.15,612.0,104308,1.0155521108652585,610.6925,613.3512154262453,612.33566331538,609.04933668462,608.0337845737547,,,
2023-07-26 10:15:00,SBIN,612.0,612.0,611.1,611.25,76084,0.9924416886922024,610.6825,613.2807123409962,612.2882706523039,609.0767293476961,608.0842876590038,,,
2023-07-26 10:20:00,SBIN,611.3,613.5,611.2,613.35,195050,1.2539533509537528,610.7524999999999,614.0353498727968,612.7813965218431,608.7236034781567,607.4696501272031,,,
2023-07-26 10:25:00,SBIN,613.35,614.0,613.05,613.8,213230,1.1931626807630114,610.9575,614.0811998982375,612.8880372174746,609.0269627825254,607.8338001017624,,,
2023-07-26 10:30:00,SBIN,613.85,613.95,613.25,613.8,73734,1.094530144610418,611.23,614.0954799185901,613.0009497739796,609.4590502260204,608.36452008141,,,
2023-07-26 10:35:00,SBIN,613.95,614.3,613.7,613.8,124823,0.9956241156883163,611.4525,614.059043934872,613.0634198191837,609.8415801808163,608.845956065128,,,
2023-07-26 10:40:00,SBIN,613.7,614.0,613.35,613.7,108619,0.9264992925506486,611.63,614.0555751478976,613.129075855347,610.130924144653,609.2044248521024,,,
2023-07-26 10:45:00,SBIN,613.65,613.8,613.0,613.1,64078,0.9011994340405098,611.7950000000001,614.1543401183181,613.2531406842776,610.3368593157226,609.435659881682,613.8,,
2023-07-26 10:50:00,SBIN,613.05,613.7,612.9,613.15,107214,0.8809595472324216,611.9725000000001,614.2788520946546,613.3978925474221,610.5471074525781,609.6661479053456,,,
2023-07-26 10:55:00,SBIN,613.15,613.35,612.6,612.65,47177,0.8547676377859373,612.085,614.3227816757236,613.4680140379377,610.7019859620624,609.8472183242765,,,
2023-07-26 11:00:00,SBIN,612.65,612.8,612.05,612.65,67453,0.83381411022875,612.14,614.3229253405789,613.4891112303501,610.7908887696499,609.9570746594211,,,
2023-07-26 11:05:00,SBIN,612.5,612.95,612.45,612.75,46633,0.767051288183,612.1925,614.200640272463,613.43358898428,610.9514110157199,610.184359727537,,,
2023-07-26 11:10:00,SBIN,612.75,613.0,612.65,612.75,41999,0.6836410305464045,612.3025,614.0922722179705,613.4086311874241,611.1963688125759,610.5127277820295,,,
2023-07-26 11:15:00,SBIN,612.65,612.8,612.2,612.45,42317,0.6669128244371054,612.395,614.1409777743763,613.4740649499392,611.3159350500607,610.6490222256236,,,
2023-07-26 11:20:00,SBIN,612.35,612.8,612.3,612.65,55373,0.6335302595496843,612.4975000000001,614.1560822195012,613.5225519599514,611.4724480400487,610.838917780499,,,
2023-07-26 11:25:00,SBIN,612.7,613.0,612.4,612.45,172103,0.626824207639752,612.6,614.2410257756009,613.6142015679611,611.5857984320389,610.9589742243992,,,
2023-07-26 11:30:00,SBIN,612.45,612.75,611.95,612.3,222927,0.6614593661117926,612.6825,614.4142006204806,613.7527412543689,611.6122587456312,610.9507993795194,,,
2023-07-26 11:35:00,SBIN,612.3,613.35,612.25,613.1,115069,0.7491674928894386,612.75,614.7113204963846,613.9621530034951,611.5378469965049,610.7886795036154,,,
2023-07-26 11:40:00,SBIN,613.2,613.35,612.85,612.95,106347,0.6993339943115509,612.8125,614.6433563971076,613.9440224027961,611.6809775972039,610.9816436028924,,,
2023-07-26 11:45:00,SBIN,613.0,613.15,612.3,612.9,94040,0.7294671954492453,612.8775,614.7872451176862,614.0577779222369,611.6972220777632,610.9677548823139,,,
2023-07-26 11:50:00,SBIN,612.8,613.35,612.8,613.35,37610,0.6935737563594099,612.9449999999999,614.7607760941489,614.0672023377895,611.8227976622104,611.129223905851,,,
2023-07-26 11:55:00,SBIN,613.25,613.75,612.9,613.45,110226,0.7248590050875325,613.0550000000001,614.9526808753192,614.2278218702317,611.8821781297685,611.157319124681,,,
2023-07-26 12:00:00,SBIN,613.25,614.0,613.15,613.9,221239,0.7498872040700306,613.0825,615.0457047002553,614.2958174961852,611.8691825038147,611.1192952997446,,,
2023-07-26 12:05:00,SBIN,613.85,614.0,613.4,613.55,71922,0.7199097632560291,613.07,614.9547237602044,614.2348139969483,611.9051860030518,611.1852762397957,,,
2023-07-26 12:10:00,SBIN,613.5,613.65,613.4,613.5,36216,0.6259278106048233,613.0550000000001,614.6936790081635,614.0677511975587,612.0422488024415,611.4163209918366,,,
2023-07-26 12:15:00,SBIN,613.45,613.9,613.1,613.75,64461,0.6607422484838495,613.0525,614.7823232065307,614.1215809580469,611.9834190419531,611.3226767934693,,,
2023-07-26 12:20:00,SBIN,613.75,613.9,613.05,613.05,45268,0.6985937987870843,613.02,614.8489185652246,614.1503247664375,611.8896752335625,611.1910814347754,,,
2023-07-26 12:25:00,SBIN,613.15,613.3,612.75,613.1,55791,0.6688750390296583,613.02,614.7711148521796,614.1022398131499,611.93776018685,611.2688851478204,,,
2023-07-26 12:30:00,SBIN,613.25,614.0,613.0,613.9,63599,0.7351000312237266,613.0575,614.9819918817437,614.24689185052,611.86810814948,611.1330081182563,,,
2023-07-26 12:35:00,SBIN,613.9,614.0,613.3,613.45,97069,0.7280800249789904,613.0975000000001,615.003613505395,614.2755334804161,611.919466519584,611.1913864946051,,,
2023-07-26 12:40:00,SBIN,613.4,613.65,612.55,612.75,107741,0.8024640199831968,613.1025000000001,615.2033508043161,614.4008867843329,611.8041132156673,611.0016491956841,,,
2023-07-26 12:45:00,SBIN,612.7,613.5,612.5,613.45,116692,0.8419712159865576,613.1375,615.3417806434528,614.4998094274663,611.7751905725338,610.9332193565473,,,
2023-07-26 12:50:00,SBIN,613.45,613.8,613.2,613.6,41707,0.7935769727892279,613.1800000000001,615.2575845147622,614.464007541973,611.8959924580271,611.1024154852379,,,
2023-07-26 12:55:00,SBIN,613.55,613.7,613.0,613.1,60775,0.7748615782313915,613.2125,615.2410876118098,614.4662260335783,611.9587739664216,611.1839123881902,,,
2023-07-26 13:00:00,SBIN,613.2,613.9,612.85,613.9,94548,0.8298892625851042,613.275,615.4476500894477,614.6177608268626,611.9322391731373,611.1023499105522,,,
2023-07-26 13:05:00,SBIN,613.75,613.85,613.4,613.45,53744,0.7539114100680925,613.325,615.2987400715583,614.5448286614902,612.1051713385099,611.3512599284418,,,
2023-07-26 13:10:00,SBIN,613.6,614.0,613.45,614.0,70370,0.7131291280544649,613.4100000000001,615.2769720572467,614.5638429291922,612.256157070808,611.5430279427535,,,
2023-07-26 13:15:00,SBIN,614.2,614.75,613.4,613.8,188438,0.8405033024435765,613.4449999999999,615.6454376457972,614.8049343433537,612.0850656566462,611.2445623542027,,,
2023-07-26 13:20:00,SBIN,613.8,614.6,613.6,613.7,131977,0.8724026419548612,613.4825000000001,615.7664501166379,614.894047474683,612.0709525253171,611.1985498833623,,,
2023-07-26 13:25:00,SBIN,613.75,615.0,613.75,614.35,169614,0.9579221135638799,613.555,616.0628400933102,615.1049179797463,612.0050820202536,611.0471599066897,,,
2023-07-26 13:30:00,SBIN,614.4,614.8,614.15,614.25,101430,0.8963376908510994,613.6,615.9466120746482,615.050274383797,612.149725616203,611.2533879253518,,,
2023-07-26 13:35:00,SBIN,614.3,614.6,613.9,614.2,110824,0.8570701526808887,613.6375,615.8813096597186,615.0242395070377,612.2507604929624,611.3936903402815,,,
2023-07-26 13:40:00,SBIN,614.2,614.25,613.6,613.65,82250,0.8156561221447065,613.625,615.7603877277749,614.9447316056302,612.3052683943698,611.4896122722251,,,
2023-07-26 13:45:00,SBIN,613.45,613.55,612.05,612.45,174990,0.9525248977157653,613.5699999999999,616.0637101822198,615.111185284504,612.0288147154959,611.0762898177801,,,
2023-07-26 13:50:00,SBIN,612.4,612.45,611.85,612.05,240107,0.8820199181726168,613.4975,615.8066281457759,614.9246082276032,612.0703917723966,611.188371854224,,611.85,1.0500000000000682
2023-07-26 13:55:00,SBIN,612.05,613.8,611.95,613.6,117727,1.0756159345380754,613.49,616.3059625166206,615.2303465820826,611.7496534179174,610.6740374833794,,,
2023-07-26 14:00:00,SBIN,613.75,615.1,613.55,615.1,311842,1.170492747630474,613.5925,616.6568500132965,615.4863572656661,611.6986427343338,610.5281499867034,,,
2023-07-26 14:05:00,SBIN,615.05,616.3,615.05,615.3,377672,1.1863941981043793,613.7025,616.8084800106373,615.6220858125329,611.7829141874671,610.5965199893627,,,
2023-07-26 14:10:00,SBIN,615.3,615.85,615.0,615.3,207770,1.119115358483508,613.7725,616.7023440085098,615.5832286500264,611.9617713499737,610.8426559914902,,,
2023-07-26 14:15:00,SBIN,615.25,615.8,614.75,615.5,175197,1.1052922867867974,613.875,616.7686552068078,615.6633629200211,612.0866370799789,610.9813447931922,,,
2023-07-26 14:20:00,SBIN,615.6,616.25,615.4,615.75,153278,1.0542338294294424,614.025,616.7849841654463,615.7307503360169,612.3192496639831,611.2650158345537,,,
2023-07-26 14:25:00,SBIN,615.75,616.25,615.55,616.0,206598,0.9833870635435631,614.1525,616.7270073323571,615.7436202688135,612.5613797311865,611.577992667643,,,
2023-07-26 14:30:00,SBIN,616.0,616.15,615.5,615.6,190901,0.916709650834846,614.2524999999999,616.6524458658855,615.7357362150507,612.7692637849492,611.8525541341144,,,
2023-07-26 14:35:00,SBIN,615.55,615.6,615.05,615.05,161090,0.8433677206678905,614.35,616.5579366927086,615.7145689720406,612.9854310279594,612.1420633072914,,,
2023-07-26 14:40:00,SBIN,615.05,615.45,614.35,615.35,269579,0.8946941765343169,614.4225,616.7648093541668,615.8701151776326,612.9748848223675,612.0801906458332,,,
2023-07-26 14:45:00,SBIN,615.4,615.6,614.8,614.95,67770,0.8757553412274672,614.4975,616.7902274833334,615.914472142106,613.0805278578939,612.2047725166665,,,
2023-07-26 14:50:00,SBIN,614.95,614.95,614.4,614.6,163575,0.8106042729819875,614.5274999999999,616.6496619866667,615.8390577136847,613.2159422863151,612.4053380133331,,,
2023-07-26 14:55:00,SBIN,614.5,615.0,614.05,614.95,133240,0.8384834183855991,614.585,616.7801495893335,615.9416661709479,613.2283338290522,612.3898504106666,,,
2023-07-26 15:00:00,SBIN,615.15,615.95,614.2,615.15,220599,1.0207867347084794,614.6575,617.3299196714669,616.3091329367584,613.0058670632417,611.9850803285332,,,
2023-07-26 15:05:00,SBIN,615.05,615.35,614.6,615.25,135659,0.9666293877667835,614.7025000000001,617.2331357371735,616.2665063494068,613.1384936505934,612.1718642628267,,,
2023-07-26 15:10:00,SBIN,615.25,615.5,614.85,615.3,186230,0.9033035102134224,614.755,617.1198485897387,616.2165450795253,613.2934549204747,612.3901514102613,,,
2023-07-26 15:15:00,SBIN,615.3,615.65,615.05,615.1,187021,0.8426428081707424,614.8,617.0060388717909,616.1633960636202,613.4366039363797,612.593961128209,,,
2023-07-26 15:20:00,SBIN,615.1,615.45,614.95,615.4,152316,0.774114246536594,614.8875,616.9141310974328,616.1400168508962,613.6349831491038,612.8608689025673,,,
2023-07-26 15:25:00,SBIN,615.35,615.4,614.4,614.85,128968,0.8192913972292752,615.0074999999999,617.1524048779462,616.3331134807169,613.681886519283,612.8625951220537,,,
2023-07-27 09:15:00,SBIN,616.4,616.4,614.95,616.3,295928,0.9654331177834112,615.22,617.747503902357,616.7820707845735,613.6579292154265,612.692496097643,,,
2023-07-27 09:20:00,SBIN,616.3,616.55,615.4,615.6,211259,1.0023464942267246,615.3199999999999,617.9441431218855,616.9417966276587,613.6982033723411,612.6958568781143,,,
2023-07-27 09:25:00,SBIN,615.8,617.0,615.55,616.2,250243,1.0918771953813888,615.375,618.2335344975085,617.1416573021271,613.6083426978729,612.5164655024915,,,
2023-07-27 09:30:00,SBIN,616.45,618.0,616.25,617.7,203938,1.233501756305102,615.4950000000001,618.7243075980069,617.4908058417018,613.4991941582985,612.2656924019933,,,
2023-07-27 09:35:00,SBIN,617.5,618.2,617.0,617.75,129703,1.2268014050440907,615.6175,618.8292660784053,617.6024646733613,613.6325353266386,612.4057339215946,,,
2023-07-27 09:40:00,SBIN,617.65,617.9,617.0,617.1,68114,1.161441124035268,615.6975,618.7381528627243,617.576711738689,613.818288261311,612.6568471372757,,,
2023-07-27 09:45:00,SBIN,617.1,617.25,616.5,616.55,62205,1.0791528992282144,615.7375,618.5627222901794,617.4835693909512,613.9914306090487,612.9122777098205,,,
2023-07-27 09:50:00,SBIN,616.45,617.0,616.15,616.35,176231,1.0333223193825762,615.7549999999999,618.4602378321434,617.4269155127608,614.0830844872389,613.0497621678563,,,
2023-07-27 09:55:00,SBIN,616.35,617.3,616.0,616.0,146558,1.086657855506052,615.775,618.6198702657148,617.5332124102088,614.0167875897912,612.9301297342852,,,
2023-07-27 10:00:00,SBIN,616.15,616.9,615.7,615.8,277284,1.109326284404828,615.8125,618.7167162125719,617.607389928167,614.017610071833,612.9082837874281,,,
2023-07-27 10:05:00,SBIN,615.8,617.05,615.75,616.95,83258,1.1474610275238533,615.8924999999999,618.8965529700574,617.7490919425335,614.0359080574664,612.8884470299424,,,
2023-07-27 10:10:00,SBIN,617.05,617.5,616.5,617.3,178876,1.1179688220190827,616.01,618.936842376046,617.8188735540268,614.2011264459732,613.083157623954,,,
2023-07-27 10:15:00,SBIN,617.35,617.5,616.65,617.1,182157,1.0643750576152706,616.135,618.9215339008367,617.8571588432216,614.4128411567784,613.3484660991633,,,
2023-07-27 10:20:00,SBIN,617.05,618.75,616.8,618.45,276691,1.2415000460922256,616.31,619.5602471206694,618.3187470745771,614.3012529254228,613.0597528793305,,,
2023-07-27 10:25:00,SBIN,618.6,621.15,618.55,621.0,521754,1.533200036873767,616.6025,620.6164176965354,619.0832176596617,614.1217823403382,612.5885823034645,,,
2023-07-27 10:30:00,SBIN,621.05,621.1,619.6,619.8,216667,1.5265600294990138,616.83,620.8265341572285,619.2999741277295,614.3600258722706,612.8334658427716,,,
2023-07-27 10:35:00,SBIN,619.8,620.4,619.8,619.9,201535,1.3412480235992157,617.0600000000001,620.5713873257828,619.2301393021836,614.8898606978165,613.5486126742173,,,
2023-07-27 10:40:00,SBIN,619.8,620.65,619.45,619.7,220405,1.312998418879359,617.29,620.7274298606261,619.4144314417467,615.1655685582532,613.8525701393738,,,
2023-07-27 10:45:00,SBIN,619.65,619.9,619.05,619.05,166629,1.220398735103492,617.4725000000001,620.6675038885011,619.4471051533975,615.4978948466027,614.2774961114991,619.9,,
2023-07-27 10:50:00,SBIN,619.05,619.1,617.75,617.9,155735,1.2463189880827983,617.625,620.8878631108008,619.641544122718,615.608455877282,614.3621368891992,,,
2023-07-27 10:55:00,SBIN,617.9,618.75,617.25,617.45,354728,1.2970551904662386,617.6825000000001,621.0781904886408,619.7811352981745,615.5838647018257,614.2868095113595,,,
2023-07-27 11:00:00,SBIN,617.5,617.7,616.65,617.35,141343,1.2476441523730046,617.7700000000001,621.0363323909127,619.7886882385396,615.7513117614606,614.5036676090875,,,
2023-07-27 11:05:00,SBIN,617.4,618.25,617.2,617.9,93083,1.2081153218983947,617.855,621.01784591273,619.8097305908316,615.9002694091685,614.6921540872701,,,
2023-07-27 11:10:00,SBIN,617.9,618.75,617.4,617.5,199615,1.2364922575187203,617.845,621.0821367301841,619.8456444726653,615.8443555273348,614.607863269816,,,
2023-07-27 11:15:00,SBIN,617.6,617.65,616.05,616.3,188763,1.3091938060149808,617.7725,621.1999693841473,619.8907755781323,615.6542244218678,614.3450306158528,,,
2023-07-27 11:20:00,SBIN,616.4,616.7,615.75,616.0,105520,1.2373550448119937,617.7175,620.9568955073178,619.7195404625057,615.7154595374942,614.4781044926822,,,
2023-07-27 11:25:00,SBIN,616.1,616.35,615.0,615.65,345189,1.2598840358495995,617.6724999999999,620.9708764058541,619.7109923700045,615.6340076299953,614.3741235941457,,,
2023-07-27 11:30:00,SBIN,615.5,616.05,615.05,615.7,225256,1.2079072286796797,617.64,620.8023011246834,619.5943938960037,615.6856061039963,614.4776988753166,,,
2023-07-27 11:35:00,SBIN,615.7,616.3,615.6,616.0,174210,1.1063257829437303,617.64,620.5363608997467,619.430035116803,615.849964883197,614.7436391002533,,,
2023-07-27 11:40:00,SBIN,615.95,616.55,615.55,615.95,262737,1.0850606263549842,617.6475,620.4881887197973,619.4031280934424,615.8918719065576,614.8068112802027,,,
2023-07-27 11:45:00,SBIN,616.1,616.4,614.75,614.75,129855,1.198048501083983,617.5375,620.6739909758379,619.4759424747539,615.5990575252462,614.4010090241621,,614.75,4.2999999999999545
2023-07-27 11:50:00,SBIN,614.95,616.25,614.45,616.15,164901,1.3184388008671775,617.48,620.9316727806703,619.6132339798031,615.3467660201969,614.0283272193298,,,
2023-07-27 11:55:00,SBIN,616.15,616.9,615.95,616.4,103549,1.2447510406937283,617.4449999999999,620.7037582245362,619.4590071838423,615.4309928161575,614.1862417754637,,,
2023-07-27 12:00:00,SBIN,616.5,616.8,615.7,616.3,99324,1.2158008325549645,617.3375,620.5204665796289,619.304665747074,615.370334252926,614.1545334203711,,,
2023-07-27 12:05:00,SBIN,616.1,616.9,616.0,616.6,113647,1.1526406660439672,617.1175000000001,620.1351132637031,618.9824725976592,615.2525274023409,614.099886736297,,,
2023-07-27 12:10:00,SBIN,616.75,617.25,616.0,616.2,166949,1.1721125328351738,616.9375,620.0060906109625,618.8339780781273,615.0410219218727,613.8689093890375,,,
2023-07-27 12:15:00,SBIN,616.2,616.8,615.75,616.75,81896,1.14769002626813,616.78,619.7846524887699,618.6369624625019,614.9230375374981,613.77534751123,,,
2023-07-27 12:20:00,SBIN,616.8,616.8,616.25,616.7,51699,1.028152021014495,616.63,619.321701991016,618.2935499700014,614.9664500299986,613.938298008984,,,
2023-07-27 12:25:00,SBIN,616.7,617.8,616.65,617.45,134246,1.0525216168115916,616.55,619.3055015928127,618.2529799760011,614.8470200239988,613.7944984071872,,,
2023-07-27 12:30:00,SBIN,617.45,618.0,617.1,617.3,251600,1.0220172934492688,616.52,619.1956412742502,618.1736239808009,614.866376019199,613.8443587257498,,,
2023-07-27 12:35:00,SBIN,617.6,618.2,617.05,617.05,210322,1.0476138347594333,616.5,619.2426530194002,618.1950391846408,614.8049608153592,613.7573469805998,,,
2023-07-27 12:40:00,SBIN,617.2,618.0,616.95,617.7,124115,1.0480910678075375,616.5175,619.2614024155201,618.2133113477126,614.8216886522874,613.77359758448,,,
2023-07-27 12:45:00,SBIN,617.8,618.35,617.25,617.95,149504,1.0584728542460347,616.52,619.2910819324161,618.2326090781701,614.8073909218299,613.7489180675839,,,
2023-07-27 12:50:00,SBIN,618.25,618.5,617.35,617.5,213795,1.0767782833968234,616.52,619.3390055459329,618.262227262536,614.7777727374639,613.7009944540671,,,
2023-07-27 12:55:00,SBIN,617.5,617.95,616.75,617.3,247951,1.1014226267174678,616.5699999999999,619.4535244367463,618.3521018100288,614.7878981899711,613.6864755632536,,,
2023-07-27 13:00:00,SBIN,617.5,617.8,615.75,615.9,149146,1.2911381013739653,616.5649999999999,619.945199549397,618.6540614480231,614.4759385519768,613.1848004506029,,,
2023-07-27 13:05:00,SBIN,615.9,616.8,615.5,616.25,153276,1.2929104810991632,616.595,619.9798396395176,618.6869291584185,614.5030708415816,613.2101603604824,,,
2023-07-27 13:10:00,SBIN,616.05,618.0,616.05,617.95,211738,1.4243283848793395,616.7075,620.4363917116141,619.0120633267347,614.4029366732652,612.9786082883859,,,
2023-07-27 13:15:00,SBIN,617.85,618.35,617.65,618.35,155803,1.2794627079034806,616.825,620.1746333692913,618.8951706613879,614.7548293386122,613.4753666307088,,,
2023-07-27 13:20:00,SBIN,618.35,618.8,618.0,618.25,172435,1.1835701663227756,616.9399999999999,620.038586695433,618.8550165291102,615.0249834708897,613.8414133045669,,,
2023-07-27 13:25:00,SBIN,618.25,618.4,617.7,617.7,272330,1.0868561330582067,617.0875,619.9328893563463,618.8460332232881,615.3289667767118,614.2421106436536,,,
2023-07-27 13:30:00,SBIN,618.0,618.1,616.1,616.1,315974,1.2694849064465654,617.0849999999999,620.408511485077,619.1390265786305,615.0309734213694,613.7614885149228,,,
2023-07-27 13:35:00,SBIN,616.2,616.7,615.9,616.4,192498,1.175587925157266,617.085,620.1626891880618,618.9871012629045,615.1828987370956,614.0073108119383,,,
2023-07-27 13:40:00,SBIN,616.35,616.45,615.3,616.25,320966,1.170470340125831,617.0825000000001,620.1467913504496,618.9763210103237,615.1886789896765,614.0182086495506,,,
2023-07-27 13:45:00,SBIN,616.0,616.35,615.0,615.4,222579,1.2063762721006692,617.0225,620.1807930803595,618.9744168082589,615.0705831917412,613.8642069196405,,,
2023-07-27 13:50:00,SBIN,615.2,615.95,614.7,615.65,148327,1.2151010176805355,616.995,620.1761344642877,618.9610334466071,615.0289665533929,613.8138655357124,,,
2023-07-27 13:55:00,SBIN,615.6,616.3,615.25,615.5,266832,1.1820808141444192,616.9325,620.0271875714301,618.8451067572856,615.0198932427144,613.8378124285699,,,
2023-07-27 14:00:00,SBIN,615.5,616.45,615.05,616.05,229181,1.2256646513155536,616.9,620.1087900571441,618.8831254058285,614.9168745941714,613.6912099428558,,,
2023-07-27 14:05:00,SBIN,616.15,616.8,615.8,616.1,217312,1.1805317210524429,616.8325,619.9231320457153,618.7426003246628,614.9223996753371,613.7418679542847,,,
2023-07-27 14:10:00,SBIN,616.0,616.45,614.85,615.3,336237,1.2644253768419589,616.7325000000001,620.0427656365723,618.7783402597304,614.6866597402698,613.4222343634278,,,
2023-07-27 14:15:00,SBIN,615.3,616.5,615.0,615.1,194584,1.3115403014735671,616.635,620.0686125092578,618.7570722077842,614.5129277922158,613.2013874907421,,,
2023-07-27 14:20:00,SBIN,615.3,615.75,614.4,615.5,276506,1.3192322411788582,616.525,619.9787500074062,618.6595177662274,614.3904822337726,613.0712499925937,,,
2023-07-27 14:25:00,SBIN,615.4,615.9,614.5,615.8,330993,1.335385792943082,616.4175,619.913540005925,618.5781542129819,614.2568457870182,612.921459994075,,,
2023-07-27 14:30:00,SBIN,615.75,616.15,614.55,614.65,453888,1.3883086343544702,616.275,619.90959200474,618.5212833703855,614.0287166296145,612.6404079952599,,,
2023-07-27 14:35:00,SBIN,614.6,614.65,613.1,613.75,402920,1.420646907483567,616.0975000000001,619.8167536037921,618.3961066963085,613.7988933036917,612.378246396208,,,
2023-07-27 14:40:00,SBIN,613.75,614.5,613.5,614.25,176453,1.3365175259868536,616.015,619.5140028830335,618.1774853570467,613.8525146429532,612.5159971169664,,,
2023-07-27 14:45:00,SBIN,614.5,615.35,613.7,615.0,339796,1.3992140207894783,615.9525,619.6156423064268,618.2164282856373,613.6885717143626,612.2893576935732,,,
2023-07-27 14:50:00,SBIN,615.1,615.45,614.25,614.7,258060,1.3593712166315919,615.79,619.3488338451415,617.9894626285098,613.5905373714901,612.2311661548584,,,
2023-07-27 14:55:00,SBIN,614.75,615.55,614.5,615.2,208424,1.2974969733052644,615.6324999999999,619.0293470761131,617.7318501028078,613.5331498971921,612.2356529238867,,,
2023-07-27 15:00:00,SBIN,615.3,616.7,615.2,616.05,654952,1.3379975786442115,615.5225,619.0253776608906,617.6873800822464,613.3576199177537,612.0196223391094,,,
2023-07-27 15:05:00,SBIN,616.05,616.9,615.95,616.15,541613,1.2603980629153557,615.4449999999999,618.7447221287123,617.484324065797,613.4056759342029,612.1452778712876,,,
2023-07-27 15:10:00,SBIN,616.1,617.5,615.95,616.7,547061,1.3183184503322756,615.475,618.9263577029699,617.6080392526377,613.3419607473624,612.0236422970302,,,
2023-07-27 15:15:00,SBIN,616.7,617.3,616.3,616.95,505460,1.2546547602658205,615.5024999999999,618.7871861623759,617.5325314021101,613.4724685978898,612.217813837624,,,
2023-07-27 15:20:00,SBIN,616.95,617.25,616.3,616.9,461373,1.1937238082126655,615.535,618.6601689299007,617.466445121688,613.6035548783119,612.4098310700992,,,
2023-07-27 15:25:00,SBIN,617.0,617.5,616.3,617.0,326605,1.1949790465701415,615.615,618.7434551439206,617.5484760973505,613.6815239026495,612.4865448560794,,,
2023-07-28 09:15:00,SBIN,616.4,617.15,614.7,615.45,400835,1.4459832372560997,615.605,619.3905841151364,617.9446008778804,613.2653991221197,611.8194158848636,,,
2023-07-28 09:20:00,SBIN,615.15,616.25,614.2,616.2,209514,1.5667865898048707,615.64,619.7418472921091,618.1750607023042,613.1049392976958,611.5381527078908,,,
2023-07-28 09:25:00,SBIN,616.3,616.45,615.0,615.9,149630,1.5434292718439058,615.6325,619.6731978336874,618.1297685618434,613.1352314381567,611.5918021663127,,,
2023-07-28 09:30:00,SBIN,616.0,616.9,615.4,616.85,256233,1.5347434174751247,615.67,619.6879582669499,618.1532148494747,613.1867851505252,611.65204173305,,,
2023-07-28 09:35:00,SBIN,616.9,618.25,616.25,618.0,383949,1.6277947339801,615.805,620.0665666135599,618.4387718795798,613.1712281204201,611.54343338644,,,
2023-07-28 09:40:00,SBIN,618.05,618.45,617.6,617.65,206266,1.4722357871840848,615.9325000000001,619.786813290848,618.3145775036639,613.5504224963363,612.0781867091522,,,
2023-07-28 09:45:00,SBIN,617.65,619.0,617.65,618.8,194729,1.4477886297472726,616.0975000000001,619.8878106326785,618.4400220029312,613.754977997069,612.3071893673217,,,
2023-07-28 09:50:00,SBIN,618.8,619.7,618.7,619.2,221902,1.3582309037978182,616.2675,619.8233485061427,618.4651176023449,614.0698823976552,612.7116514938574,,,
2023-07-28 09:55:00,SBIN,619.0,619.65,618.4,618.6,131459,1.3365847230382546,616.4649999999999,619.964178804914,618.6275940818758,614.302405918124,612.9658211950858,,,
2023-07-28 10:00:00,SBIN,618.7,619.2,618.2,618.25,84492,1.2692677784306037,616.6899999999999,620.0129430439313,618.7436752655007,614.6363247344992,613.3670569560686,,,
2023-07-28 10:05:00,SBIN,618.35,618.85,618.15,618.6,92256,1.155414222744492,616.9075,619.9323744351451,618.7769602124006,615.0380397875995,613.882625564855,,,
2023-07-28 10:10:00,SBIN,618.7,619.9,618.6,619.5,161209,1.1843313781955844,617.1324999999999,620.2330795481159,619.0487481699204,615.2162518300795,614.0319204518839,,,
2023-07-28 10:15:00,SBIN,619.5,619.6,618.85,619.05,89776,1.0974651025564675,617.3500000000001,620.223163638493,619.1256985359365,615.5743014640638,614.4768363615073,,,
2023-07-28 10:20:00,SBIN,619.0,619.25,617.5,617.85,173444,1.227972082045174,617.4825,620.6973309107942,619.469358828749,615.4956411712509,614.2676690892057,,,
2023-07-28 10:25:00,SBIN,617.85,618.7,617.75,618.3,134881,1.1723776656361484,617.595,620.6642847286355,619.4919070629993,615.6980929370008,614.5257152713646,,,
2023-07-28 10:30:00,SBIN,618.35,618.55,617.6,618.45,173111,1.1279021325089051,617.7099999999999,620.6628477829082,619.5349456503993,615.8850543496005,614.7571522170916,,,
2023-07-28 10:35:00,SBIN,618.45,618.9,618.05,618.5,108374,1.0723217060071286,617.8,620.6073382263266,619.5350165203195,616.0649834796804,614.9926617736733,,,
2023-07-28 10:40:00,SBIN,618.5,618.9,618.3,618.6,113618,0.9778573648057075,617.8824999999999,620.4425305810613,619.4646732162556,616.3003267837443,615.3224694189386,,,
2023-07-28 10:45:00,SBIN,618.6,618.95,618.25,618.6,93506,0.9222858918445752,617.9675,620.3820444648491,619.4597585730045,616.4752414269955,615.5529555351509,,,
2023-07-28 10:50:00,SBIN,618.6,618.8,618.3,618.55,52101,0.8378287134756602,618.045,620.2384355718792,619.4006068584035,616.6893931415964,615.8515644281207,,,
2023-07-28 10:55:00,SBIN,618.6,618.7,617.6,617.85,60847,0.8902629707805327,618.165,620.4957084575034,619.6054454867228,616.7245545132771,615.8342915424965,,,
2023-07-28 11:00:00,SBIN,617.9,618.25,617.8,617.95,75858,0.8022103766244353,618.2525,620.3526867660029,619.5504763893784,616.9545236106217,616.1523132339972,,,
2023-07-28 11:05:00,SBIN,618.1,618.35,617.85,618.25,116248,0.7417683012995483,618.37,620.3119494128023,619.5701811115026,617.1698188884974,616.4280505871977,,,
2023-07-28 11:10:00,SBIN,618.25,618.4,616.6,616.6,192218,0.9534146410396296,618.3575000000001,620.8535395302418,619.9001248892022,616.814875110798,615.8614604697583,,,
2023-07-28 11:15:00,SBIN,616.55,616.9,615.7,616.2,184001,1.0027317128316902,618.2675,620.8926516241934,619.8899199113617,616.6450800886383,615.6423483758067,,,
2023-07-28 11:20:00,SBIN,616.25,616.95,616.2,616.5,135941,0.9521853702653522,618.2099999999999,620.7028212993546,619.7506359290893,616.6693640709105,615.7171787006453,,,
2023-07-28 11:25:00,SBIN,616.5,616.8,616.05,616.1,69839,0.9117482962122818,618.075,620.4619570394838,619.5502087432715,616.5997912567286,615.6880429605163,,,
2023-07-28 11:30:00,SBIN,616.2,617.4,616.05,617.4,297310,0.9993986369698301,617.9849999999999,620.601425631587,619.6020269946171,616.3679730053827,615.3685743684129,,,
2023-07-28 11:35:00,SBIN,617.45,617.5,616.15,616.25,162603,1.0695189095758688,617.8675000000001,620.6675005052697,619.5979815956938,616.1370184043063,615.0674994947304,,,
2023-07-28 11:40:00,SBIN,616.2,616.35,615.3,615.45,244324,1.0656151276607089,617.7275000000001,620.5172804042159,619.4516652765551,616.003334723445,614.9377195957843,,,
2023-07-28 11:45:00,SBIN,615.45,616.2,615.05,616.1,195167,1.0824921021285854,617.6025000000001,620.4364643233727,619.3539722212441,615.851027778756,614.7685356766275,,,
2023-07-28 11:50:00,SBIN,616.1,616.25,615.6,616.15,111778,0.9959936817028638,617.4350000000001,620.0425114586982,619.0465177769953,615.8234822230048,614.8274885413019,,,
2023-07-28 11:55:00,SBIN,616.2,616.5,615.6,616.0,126829,0.9767949453622866,617.2825,619.8397491669585,618.8629542215962,615.7020457784039,614.7252508330415,,,
2023-07-28 12:00:00,SBIN,615.9,616.0,615.5,615.7,74123,0.8814359562898293,617.175,619.4825993335668,618.6011633772769,615.748836622723,614.8674006664331,,,
2023-07-28 12:05:00,SBIN,615.85,616.0,614.5,615.65,205264,1.0051487650318636,617.0425,619.6739794668534,618.6688307018215,615.4161692981785,614.4110205331466,,,
2023-07-28 12:10:00,SBIN,615.85,616.3,615.55,616.25,80242,0.9541190120254909,616.9325000000001,619.4303835734828,618.4762645614574,615.3887354385429,614.4346164265174,,,
2023-07-28 12:15:00,SBIN,616.15,616.6,615.8,615.85,45114,0.9232952096204065,616.8,619.2171868587861,618.2938916491657,615.3061083508342,614.3828131412138,,,
2023-07-28 12:20:00,SBIN,615.95,616.5,615.65,615.95,69439,0.9086361676963298,616.6675,619.046309487029,618.1376733193326,615.1973266806674,614.288690512971,,,
2023-07-28 12:25:00,SBIN,615.75,616.4,615.7,616.0,52613,0.8669089341570503,616.5375,618.8070675896232,617.9401586554661,615.1348413445339,614.2679324103768,,,
2023-07-28 12:30:00,SBIN,615.9,616.35,615.65,615.85,53632,0.8335271473256494,616.4025,618.5846740716986,617.751146924373,615.0538530756271,614.2203259283015,,,
2023-07-28 12:35:00,SBIN,615.85,616.65,615.8,616.65,289617,0.8368217178605242,616.3425,618.5332992573589,617.6964775394983,614.9885224605016,614.1517007426411,,,
2023-07-28 12:40:00,SBIN,616.65,616.9,616.35,616.8,170044,0.7794573742884102,616.2850000000001,618.3256194058871,617.5461620315988,615.0238379684014,614.2443805941131,,,
2023-07-28 12:45:00,SBIN,616.75,616.75,615.15,615.15,241815,0.9435658994307328,616.13,618.6002555247096,617.6566896252789,614.6033103747211,613.6597444752904,,,
2023-07-28 12:50:00,SBIN,615.3,615.9,614.85,614.9,131683,0.9648527195445771,616.045,618.5709844197677,617.606131700223,614.4838682997769,613.5190155802322,,,
2023-07-28 12:55:00,SBIN,615.15,615.25,614.7,615.25,71984,0.8818821756356526,615.9975000000001,618.3062675358142,617.4243853601786,614.5706146398215,613.6887324641859,,,
2023-07-28 13:00:00,SBIN,615.2,616.1,615.0,615.75,72625,0.9255057405085266,615.96,618.3829740286513,617.4574682881429,614.4625317118572,613.5370259713487,,,
2023-07-28 13:05:00,SBIN,615.85,616.1,615.15,615.35,59847,0.9304045924068305,615.9225,618.3582992229211,617.4278946305143,614.4171053694857,613.4867007770789,,,
2023-07-28 13:10:00,SBIN,615.2,616.1,615.1,615.65,39973,0.9443236739254643,615.835,618.3072393783369,617.3629157044114,614.3070842955887,613.3627606216631,,,
2023-07-28 13:15:00,SBIN,615.5,615.85,615.05,615.6,85607,0.9154589391403852,615.8025,618.1991715026695,617.2837125635292,614.3212874364708,613.4058284973305,,,
2023-07-28 13:20:00,SBIN,615.65,615.7,615.0,615.2,35054,0.8723671513123173,615.79,618.0738572021356,617.2014900508233,614.3785099491766,613.5061427978643,,,
2023-07-28 13:25:00,SBIN,615.2,615.55,614.95,615.3,55938,0.8178937210498357,615.75,617.8912457617084,617.0733520406586,614.4266479593414,613.6087542382916,,,
2023-07-28 13:30:00,SBIN,615.2,615.85,614.95,615.85,221622,0.8343149768398641,615.735,617.9192366093667,617.0849216325269,614.3850783674732,613.5507633906333,,,
2023-07-28 13:35:00,SBIN,615.9,616.1,615.3,615.35,123658,0.827451981471905,615.7025,617.8687692874935,617.0413173060215,614.3636826939785,613.5362307125065,,,
2023-07-28 13:40:00,SBIN,615.45,615.45,613.8,614.5,295935,0.9919615851775423,615.6424999999999,618.2394554299947,617.2474938448172,614.0375061551827,613.0455445700052,,,
2023-07-28 13:45:00,SBIN,614.5,614.9,614.1,614.25,152543,0.9535692681420248,615.5725,618.0689443439958,617.1153750758538,614.0296249241462,613.0760556560042,,,
2023-07-28 13:50:00,SBIN,614.25,615.25,614.25,615.1,78476,0.9628554145136199,615.515,618.0357554751967,617.072900060683,613.957099939317,612.9942445248033,,,
2023-07-28 13:55:00,SBIN,615.15,615.5,614.5,615.35,114613,0.970284331610896,615.49,618.0302043801573,617.0599200485465,613.9200799514535,612.9497956198427,,,
2023-07-28 14:00:00,SBIN,615.25,615.4,614.9,615.4,62049,0.8762274652887169,615.4625,617.7564635041258,616.8802360388371,614.0447639611629,613.1685364958742,,,
2023-07-28 14:05:00,SBIN,615.3,616.05,615.15,615.65,104410,0.8809819722309691,615.4449999999999,617.7514108033006,616.8704288310696,614.0195711689303,613.1385891966993,,,
2023-07-28 14:10:00,SBIN,615.7,616.05,615.1,615.7,74844,0.8947855777847618,615.4375,617.7800486426405,616.8852630648557,613.9897369351443,613.0949513573595,,,
2023-07-28 14:15:00,SBIN,615.7,615.7,615.25,615.45,23409,0.8058284622278186,615.3775,617.4871589141125,616.6813304518847,614.0736695481154,613.2678410858877,,,
2023-07-28 14:20:00,SBIN,615.45,616.35,615.25,616.35,100268,0.8646627697822594,615.3549999999999,617.6186871312899,616.7540243615076,613.9559756384922,613.0913128687099,,,
2023-07-28 14:25:00,SBIN,616.35,617.0,616.05,616.9,352662,0.8817302158258167,615.4425,617.750869705032,616.8691394892062,614.0158605107938,613.134130294968,,,
2023-07-28 14:30:00,SBIN,616.8,617.25,616.7,617.0,251956,0.8153841726606442,615.5475,617.6821757640256,616.866791591365,614.228208408635,613.4128242359744,,,
2023-07-28 14:35:00,SBIN,617.0,617.45,616.5,616.7,295881,0.8423073381285244,615.62,617.8251606112204,616.9828532730919,614.2571467269081,613.4148393887796,,,
2023-07-28 14:40:00,SBIN,616.6,617.7,615.85,616.35,334707,1.0438458705028242,615.65,618.3827884889764,617.3389426184735,613.9610573815264,612.9172115110235,,,
2023-07-28 14:45:00,SBIN,616.45,618.6,616.1,617.7,419063,1.3350766964022593,615.7675,619.2627307911812,617.9276540947789,613.6073459052212,612.2722692088189,,,
2023-07-28 14:50:00,SBIN,617.75,618.2,616.75,617.0,138604,1.3580613571218167,615.835,619.390404632945,618.0323432758231,613.637656724177,612.2795953670551,,,
2023-07-28 14:55:00,SBIN,617.0,617.1,615.55,616.65,123866,1.396449085697467,615.8875,619.543403706356,618.1469546206586,613.6280453793415,612.2315962936441,,,
2023-07-28 15:00:00,SBIN,616.7,617.2,616.0,616.45,289306,1.3571592685579827,615.95,619.5030429650849,618.1458836965269,613.7541163034732,612.3969570349152,,,
2023-07-28 15:05:00,SBIN,616.45,616.85,616.1,616.2,177311,1.2357274148463864,615.995,619.2301343720678,617.9944069572215,613.9955930427785,612.7598656279322,,,
2023-07-28 15:10:00,SBIN,616.3,616.4,615.6,615.8,197501,1.1485819318771,615.9925,618.9994874976542,617.8509055657771,614.1340944342228,612.9855125023457,,,
2023-07-28 15:15:00,SBIN,615.7,616.2,615.6,615.85,245675,1.0388655455016846,616.0175,618.7372499981235,617.6983844526218,614.3366155473783,613.2977500018766,,,
2023-07-28 15:20:00,SBIN,615.85,615.9,615.5,615.75,189827,0.9110924364013433,616.08,618.4652399984988,617.5541475620975,614.6058524379026,613.6947600015013,,,
2023-07-28 15:25:00,SBIN,615.75,616.0,615.3,616.0,278652,0.8688739491210838,616.1675,618.442211998799,617.5733380496779,614.7616619503222,613.892788001201,,,
2023-07-31 09:15:00,SBIN,616.65,617.3,614.75,616.2,336788,1.205099159296858,616.2225000000001,619.3774495990392,618.1723504397424,614.2726495602577,613.067550400961,,,
2023-07-31 09:20:00,SBIN,616.2,616.4,615.2,616.2,100175,1.2040793274374728,616.265,619.4172796792313,618.2132003517938,614.3167996482061,613.1127203207686,,,
2023-07-31 09:25:00,SBIN,616.2,617.25,616.0,617.05,134840,1.2132634619499783,616.3475000000001,619.5238237433852,618.3105602814352,614.384439718565,613.171176256615,,,
2023-07-31 09:30:00,SBIN,616.95,616.95,615.7,616.3,106355,1.2206107695599826,616.38,619.575558994708,618.3549482251481,614.4050517748519,613.184441005292,,,
2023-07-31 09:35:00,SBIN,616.4,617.05,616.2,617.05,110182,1.146488615647968,616.4475,619.4490071957664,618.3025185801184,614.5924814198816,613.4459928042336,,,
2023-07-31 09:40:00,SBIN,617.4,617.95,616.85,617.6,148811,1.137190892518379,616.555,619.532165756613,618.3949748640947,614.7150251359052,613.5778342433869,,,
2023-07-31 09:45:00,SBIN,617.6,617.95,616.7,617.85,145312,1.159752714014703,616.63,619.6662326052905,618.5064798912758,614.7535201087242,613.5937673947095,,,
2023-07-31 09:50:00,SBIN,617.65,618.5,617.55,618.25,127681,1.1178021712117716,616.6975,619.6239060842324,618.5061039130206,614.8888960869793,613.7710939157676,,,
2023-07-31 09:55:00,SBIN,618.45,618.45,617.4,618.2,75085,1.104241736969431,616.7574999999999,619.6484048673859,618.5441631304165,614.9708368695834,613.866595132614,,,
2023-07-31 10:00:00,SBIN,618.25,618.8,617.8,618.8,124826,1.083393389575545,616.8625,619.6988238939088,618.6154305043332,615.1095694956667,614.0261761060912,,,
2023-07-31 10:05:00,SBIN,618.8,619.65,618.6,619.1,199123,1.076714711660427,617.0,619.818839115127,618.7421244034666,615.2578755965334,614.181160884873,,,
2023-07-31 10:10:00,SBIN,619.15,619.4,618.3,618.8,95482,1.0813717693283462,617.055,619.8860312921015,618.8046595227732,615.3053404772267,614.2239687078984,,,
2023-07-31 10:15:00,SBIN,618.8,618.85,618.2,618.7,56034,0.9950974154626725,617.14,619.7451650336812,618.7500676182186,615.5299323817814,614.5348349663187,,,
2023-07-31 10:20:00,SBIN,618.6,619.0,618.0,618.85,64356,0.9960779323701381,617.25,619.857732026945,618.8616540945749,615.6383459054251,614.642267973055,,,
2023-07-31 10:25:00,SBIN,618.85,619.0,618.35,618.35,47686,0.9268623458961059,617.345,619.7715256215561,618.84466327566,615.8453367243401,614.918474378444,,,
2023-07-31 10:30:00,SBIN,618.4,618.9,618.2,618.5,66922,0.8814898767168712,617.46,619.7677404972449,618.8862506205279,616.0337493794722,615.1522595027552,,,
2023-07-31 10:35:00,SBIN,618.5,618.65,618.2,618.6,26720,0.7951919013734834,617.6,619.6818123977959,618.8866204964223,616.3133795035777,615.5181876022042,,,
2023-07-31 10:40:00,SBIN,618.65,619.0,618.3,618.5,55732,0.7761535210987959,617.7325000000001,619.7644699182367,618.988316397138,616.4766836028622,615.7005300817634,,,
2023-07-31 10:45:00,SBIN,618.5,619.5,618.4,619.15,102997,0.8409228168790412,617.9025,620.1040359345893,619.2631131177103,616.5418868822898,615.7009640654107,,,
2023-07-31 10:50:00,SBIN,619.1,619.8,619.0,619.05,81292,0.832738253503224,618.0550000000001,620.2351087476715,619.4023704941683,616.7076295058318,615.8748912523287,,,
2023-07-31 10:55:00,SBIN,619.1,619.55,619.0,619.2,35042,0.7761906028025701,618.205,620.2370669981372,619.4608763953346,616.9491236046655,616.1729330018629,,,
2023-07-31 11:00:00,SBIN,619.1,619.6,619.1,619.35,40314,0.7209524822420561,618.3625,620.2499535985097,619.5290011162676,617.1959988837323,616.4750464014902,,,
2023-07-31 11:05:00,SBIN,619.35,619.75,619.1,619.25,58213,0.7067619857936404,618.4725000000001,620.3228028788078,619.6160408930142,617.328959106986,616.6221971211924,,,
2023-07-31 11:10:00,SBIN,619.25,619.5,619.0,619.35,41229,0.6654095886349123,618.625,620.3670423030462,619.7016327144113,617.5483672855887,616.8829576969538,,,
2023-07-31 11:15:00,SBIN,619.4,619.6,619.1,619.5,59672,0.6323276709079299,618.7475,620.4029338424369,619.7706061715289,617.724393828471,617.092066157563,,,
2023-07-31 11:20:00,SBIN,619.5,619.65,619.3,619.5,41721,0.5758621367263485,618.8425,620.3501070739495,619.7742449372232,617.9107550627767,617.3348929260504,,,
2023-07-31 11:25:00,SBIN,619.55,620.65,619.3,620.55,275574,0.7306897093810834,618.9775000000001,620.8904456591598,620.1597559497786,617.7952440502215,617.0645543408403,,,
2023-07-31 11:30:00,SBIN,620.35,620.65,619.75,619.85,87304,0.7645517675048622,619.0575000000001,621.0590965273278,620.294544759823,617.8204552401772,617.0559034726724,,,
2023-07-31 11:35:00,SBIN,619.85,620.1,619.6,619.65,33985,0.7116414140038898,619.13,620.9930772218622,620.2814358078583,617.9785641921417,617.2669227781378,,,
2023-07-31 11:40:00,SBIN,619.7,620.0,619.3,619.95,73037,0.709313131203121,619.1875,621.0444817774898,620.3351686462867,618.0398313537133,617.3305182225102,,,
2023-07-31 11:45:00,SBIN,619.95,620.5,619.8,620.45,74730,0.7074505049625059,619.255,621.1071054219918,620.3996549170294,618.1103450829706,617.4028945780082,,,
2023-07-31 11:50:00,SBIN,620.45,620.75,619.75,620.1,167705,0.7659604039700048,619.32,621.3252843375935,620.5593239336235,618.0806760663766,617.3147156624066,,,
2023-07-31 11:55:00,SBIN,619.9,621.0,619.9,620.5,144667,0.8327683231760084,619.4100000000001,621.5901874700749,620.7574191468989,618.0625808531013,617.2298125299253,,,
2023-07-31 12:00:00,SBIN,620.75,620.75,620.0,620.15,61524,0.8162146585408068,619.475,621.6118499760598,620.7956353175191,618.154364682481,617.3381500239402,,,
2023-07-31 12:05:00,SBIN,620.15,620.2,619.25,619.4,119834,0.8429717268326546,619.5274999999999,621.7343999808478,620.8914282540152,618.1635717459847,617.320600019152,,,
2023-07-31 12:10:00,SBIN,619.3,619.85,619.0,619.25,107842,0.8443773814661284,619.5649999999999,621.7755799846783,620.9312026032121,618.1987973967878,617.3544200153216,,,
2023-07-31 12:15:00,SBIN,619.25,619.5,618.15,618.6,104818,0.9455019051729073,619.565,622.0403239877427,621.0948220825699,618.0351779174302,617.0896760122574,,,
2023-07-31 12:20:00,SBIN,618.6,618.8,618.5,618.75,52466,0.8164015241383169,619.5775,621.7148391901941,620.8984376660558,618.2565623339442,617.4401608098059,,,
2023-07-31 12:25:00,SBIN,618.65,618.7,617.65,617.95,130612,0.8631212193106672,619.5175,621.7771513521553,620.9140301328447,618.1209698671554,617.2578486478448,,,
2023-07-31 12:30:00,SBIN,617.95,618.5,617.65,618.2,73500,0.8604969754485384,619.475,621.7277810817243,620.8672841062757,618.0827158937243,617.2222189182758,,,
2023-07-31 12:35:00,SBIN,618.2,618.7,617.8,618.15,123051,0.8683975803588491,619.4224999999999,621.6959648653793,620.8275672850206,618.0174327149792,617.1490351346205,,,
2023-07-31 12:40:00,SBIN,618.3,618.65,618.05,618.55,66484,0.8147180642870838,619.3824999999999,621.5154318923035,620.7007138280164,618.0642861719834,617.2495681076964,,,
2023-07-31 12:45:00,SBIN,618.6,618.95,618.2,618.9,50393,0.8017744514296671,619.365,621.4640455138428,620.6622710624132,618.0677289375868,617.2659544861572,,,
2023-07-31 12:50:00,SBIN,618.9,619.1,618.6,618.8,47300,0.7414195611437336,619.3375,621.2785364110742,620.5371168499305,618.1378831500695,617.3964635889257,,,
2023-07-31 12:55:00,SBIN,618.95,619.2,618.45,618.95,78743,0.743135648914987,619.3100000000001,621.2555291288595,620.5123934799445,618.1076065200556,617.3644708711406,,,
2023-07-31 13:00:00,SBIN,618.95,619.15,618.6,619.15,41675,0.7045085191319804,619.2925,621.1369033030876,620.4323947839556,618.1526052160444,617.4480966969124,,,
2023-07-31 13:05:00,SBIN,619.2,619.2,618.35,618.9,65273,0.7336068153055889,619.2099999999999,621.1305826424699,620.3969758271644,618.0230241728354,617.2894173575299,,,
2023-07-31 13:10:00,SBIN,618.95,619.35,618.7,618.95,60622,0.7168854522444666,619.165,621.041806113976,620.3249206617315,618.0050793382684,617.2881938860239,,,
2023-07-31 13:15:00,SBIN,619.0,619.7,618.8,619.35,180052,0.7535083617955916,619.15,621.1226848911808,620.3691765293853,617.9308234706147,617.1773151088191,,,
2023-07-31 13:20:00,SBIN,619.3,619.65,618.5,618.8,258236,0.8328066894364687,619.0925,621.2727879129446,620.4399812235082,617.7450187764917,616.9122120870553,,,
2023-07-31 13:25:00,SBIN,618.7,619.25,618.25,619.15,79219,0.866245351549175,619.0274999999999,621.2953303303557,620.4290849788065,617.6259150211934,616.7596696696442,,,
2023-07-31 13:30:00,SBIN,619.2,619.45,618.65,618.85,33359,0.8529962812393538,618.9649999999999,621.1981442642846,620.3451479830452,617.5848520169546,616.7318557357153,,,
2023-07-31 13:35:00,SBIN,618.85,618.9,617.95,618.75,266852,0.8723970249914694,618.8774999999999,621.1614354114276,620.2890383864361,617.4659616135638,616.5935645885722,,,
2023-07-31 13:40:00,SBIN,618.75,618.75,618.55,618.7,34827,0.7379176199931847,618.8050000000001,620.7368683291422,619.9989507091491,617.611049290851,616.8731316708579,,,
2023-07-31 13:45:00,SBIN,618.7,619.0,618.55,618.8,36461,0.6803340959945569,618.775,620.5561146633137,619.8757805673192,617.6742194326807,616.9938853366863,,,
2023-07-31 13:50:00,SBIN,618.8,618.95,618.7,618.95,24883,0.5942672767956455,618.76,620.315791730651,619.7215244538553,617.7984755461447,617.204208269349,,,
2023-07-31 13:55:00,SBIN,618.95,618.95,617.5,618.0,98601,0.7654138214365256,618.73,620.7338533845209,619.9684395630843,617.4915604369157,616.7261466154791,,,
2023-07-31 14:00:00,SBIN,617.95,618.3,617.6,618.3,74287,0.7523310571492069,618.7075,620.6771027076167,619.9247716504674,617.4902283495326,616.7378972923833,,,
2023-07-31 14:05:00,SBIN,618.3,618.5,617.5,617.55,120567,0.8018648457193656,618.6875,620.7867821660933,619.9849173203739,617.3900826796261,616.5882178339067,,,
2023-07-31 14:10:00,SBIN,617.55,617.85,617.0,617.5,149746,0.811491876575497,618.6524999999999,620.7769857328746,619.9654938562991,617.3395061437008,616.5280142671253,,,
2023-07-31 14:15:00,SBIN,617.5,618.7,617.45,618.5,129393,0.8991935012603977,618.6700000000001,621.0240885862997,620.1248950850394,617.2151049149608,616.3159114137004,,,
2023-07-31 14:20:00,SBIN,618.5,618.9,618.45,618.65,66124,0.8093548010083045,618.675,620.7938908690397,619.9845360680314,617.3654639319685,616.5561091309602,,,
2023-07-31 14:25:00,SBIN,618.7,618.9,618.55,618.75,101548,0.7174838408066482,618.6675,620.5458726952319,619.8283888544252,617.5066111455749,616.7891273047682,,,
2023-07-31 14:30:00,SBIN,618.8,619.3,618.75,618.95,94913,0.6839870726453094,618.675,620.4656781561854,619.7816910835401,617.5683089164598,616.8843218438145,,,
2023-07-31 14:35:00,SBIN,618.85,619.2,618.75,619.05,85239,0.6371896581162566,618.6800000000001,620.3481625249484,619.7109728668322,617.6490271331679,617.0118374750517,,,
2023-07-31 14:40:00,SBIN,619.15,619.25,618.65,619.15,97401,0.6297517264930098,618.6800000000001,620.3286900199588,619.6989382934657,617.6610617065344,617.0313099800413,,,
2023-07-31 14:45:00,SBIN,619.15,619.25,618.9,619.05,85705,0.5738013811944124,618.6875,620.189712015967,619.6159106347726,617.7590893652274,617.185287984033,,,
2023-07-31 14:50:00,SBIN,619.0,619.85,618.85,619.8,127398,0.6590411049555299,618.73,620.4553696127736,619.7963285078181,617.663671492182,617.0046303872265,,,
2023-07-31 14:55:00,SBIN,619.8,619.85,619.25,619.25,91762,0.6472328839644285,618.725,620.4194556902189,619.7722228062545,617.6777771937456,617.0305443097811,,,
2023-07-31 15:00:00,SBIN,619.35,620.6,619.3,620.45,369048,0.7877863071715474,618.8075,620.8699245521751,620.0821382450035,617.5328617549965,616.7450754478249,,,
2023-07-31 15:05:00,SBIN,620.4,620.5,620.0,620.4,225248,0.7302290457372379,618.87,620.78173964174,620.0515105960028,617.6884894039972,616.95826035826,,,
2023-07-31 15:10:00,SBIN,620.45,620.85,620.35,620.65,314707,0.6841832365897903,618.96,620.7511917133921,620.0670084768024,617.8529915231977,617.1688082866079,,,
2023-07-31 15:15:00,SBIN,620.65,620.65,619.7,620.1,341116,0.7373465892718186,619.0274999999999,620.9578733707135,620.2205267814418,617.8344732185581,617.0971266292863,,,
2023-07-31 15:20:00,SBIN,620.05,620.5,619.85,620.0,342871,0.7198772714174504,619.0925,620.9771386965708,620.2572614251534,617.9277385748466,617.2078613034291,,,
2023-07-31 15:25:00,SBIN,620.0,620.0,618.9,619.0,234273,0.7959018171339649,619.1025,621.1861709572566,620.3902691401228,617.8147308598772,617.0188290427433,,,
2023-08-01 09:15:00,SBIN,620.2,620.8,618.85,619.75,323488,1.0267214537071583,619.1424999999999,621.8304567658053,620.8037353120981,617.4812646879018,616.4545432341946,,,
2023-08-01 09:20:00,SBIN,619.6,619.9,618.9,619.3,186768,1.0213771629657267,619.2075,621.8814654126443,620.8600882496785,617.5549117503215,616.5335345873557,,,
2023-08-01 09:25:00,SBIN,619.4,619.45,619.0,619.25,158188,0.9071017303725905,619.255,621.6297923301155,620.7226905997428,617.7873094002572,616.8802076698845,,,
2023-08-01 09:30:00,SBIN,619.2,620.2,619.0,619.8,152087,0.9656813842980815,619.3675,621.8956538640923,620.9299724797943,617.8050275202056,616.8393461359076,,,
2023-08-01 09:35:00,SBIN,619.6,619.75,618.65,618.75,134693,0.9925451074384698,619.43,622.0284830912739,621.0359379838354,617.8240620161645,616.831516908726,,,
2023-08-01 09:40:00,SBIN,618.65,618.75,617.75,618.5,171488,0.994036085950776,619.43,622.0323864730191,621.0383503870682,617.8216496129317,616.8276135269808,,,
2023-08-01 09:45:00,SBIN,618.45,619.0,618.4,618.7,100436,0.9152288687606254,619.4325,621.8285691784154,620.9133403096547,617.9516596903453,617.0364308215846,,,
2023-08-01 09:50:00,SBIN,618.75,618.95,618.5,618.55,96515,0.8221830950085094,619.4224999999999,621.5749753427322,620.7527922477236,618.0922077522762,617.2700246572676,,,
2023-08-01 09:55:00,SBIN,618.55,618.9,618.15,618.9,111071,0.8077464760068076,619.42,621.5346802741858,620.726933798179,618.113066201821,617.3053197258141,,,
2023-08-01 10:00:00,SBIN,618.95,619.25,618.45,618.65,134882,0.806197180805437,619.4,621.5106242193486,620.7044270385431,618.0955729614568,617.2893757806513,,,
2023-08-01 10:05:00,SBIN,618.9,620.2,618.65,619.7,174010,0.9549577446443633,619.4275,621.9275793754789,620.9726216308346,617.8823783691654,616.9274206245211,,,
2023-08-01 10:10:00,SBIN,619.75,619.8,619.2,619.65,99933,0.8839661957154725,619.4575,621.7717235003831,620.8877573046676,618.0272426953323,617.1432764996168,,,
2023-08-01 10:15:00,SBIN,619.5,619.75,619.35,619.6,71876,0.7871729565723735,619.4475,621.5083188003065,620.7211458437341,618.1738541562659,617.3866811996935,,,
2023-08-01 10:20:00,SBIN,619.6,619.6,618.8,619.05,97074,0.7897383652579125,619.4375,621.5050350402452,620.7152966749873,618.1597033250127,617.3699649597548,,,
2023-08-01 10:25:00,SBIN,618.9,619.2,618.25,619.05,129818,0.8217906922063392,619.3675000000001,621.5189480321962,620.6971573399899,618.0378426600103,617.2160519678039,,,
2023-08-01 10:30:00,SBIN,619.0,619.0,618.0,618.4,162415,0.8574325537650713,619.2675,621.512258425757,620.6548258719919,617.8801741280082,617.0227415742431,,,
2023-08-01 10:35:00,SBIN,618.25,618.45,617.05,617.25,197458,0.9659460430120752,619.0975,621.6263467406055,620.6604006975936,617.5345993024064,616.5686532593944,,,
2023-08-01 10:40:00,SBIN,617.3,617.5,617.1,617.45,117193,0.8527568344096557,618.965,621.1975173924845,620.3447605580749,617.5852394419252,616.7324826075155,,,
2023-08-01 10:45:00,SBIN,617.45,617.45,616.6,616.9,256886,0.8522054675277292,618.8100000000001,621.0410739139877,620.1888684464599,617.4311315535402,616.5789260860124,,,
2023-08-01 10:50:00,SBIN,616.85,617.0,616.1,616.6,195187,0.8617643740221789,618.69,620.9460991311901,620.084334757168,617.2956652428321,616.43390086881,,,
2023-08-01 10:55:00,SBIN,616.5,617.0,616.3,616.7,159962,0.8294114992177523,618.5375,620.7088993049521,619.8794878057344,617.1955121942657,616.366100695048,,,
2023-08-01 11:00:00,SBIN,616.8,616.85,616.05,616.2,99592,0.8235291993742155,618.3824999999999,620.5384994439617,619.7149702445874,617.0500297554124,616.2265005560382,,,
2023-08-01 11:05:00,SBIN,616.15,616.5,616.1,616.3,60556,0.7388233594993678,618.2349999999999,620.1692395551693,619.4304161956699,617.0395838043299,616.3007604448305,,,
2023-08-01 11:10:00,SBIN,616.5,616.5,616.3,616.5,47678,0.6310586875995035,618.0699999999999,619.7221116441355,619.0910529565359,617.048947043464,616.4178883558644,,,
2023-08-01 11:15:00,SBIN,616.45,616.5,616.2,616.3,37568,0.5648469500795937,617.9475,619.4262693153083,618.8614223652288,617.0335776347712,616.4687306846916,,,
2023-08-01 11:20:00,SBIN,616.35,616.4,615.5,615.75,156950,0.6318775600636705,617.8100000000001,619.4642554522468,618.8323778921831,616.787622107817,616.1557445477533,,,
2023-08-01 11:25:00,SBIN,615.75,616.4,615.55,615.95,96320,0.6755020480509409,617.6724999999999,619.4409643617972,618.7654623137463,616.5795376862535,615.9040356382026,,,
2023-08-01 11:30:00,SBIN,615.95,616.0,615.5,615.8,57946,0.6404016384407527,617.5350000000001,619.211571489438,618.5711698509972,616.498830149003,615.8584285105621,,,
2023-08-01 11:35:00,SBIN,615.55,615.95,615.55,615.75,52851,0.5923213107526204,617.3775,618.9281971915505,618.3358758807977,616.4191241192024,615.8268028084497,,,
2023-08-01 11:40:00,SBIN,615.7,615.8,615.15,615.25,73258,0.6038570486020918,617.2075,618.7883977532402,618.1845407046382,616.2304592953618,615.6266022467597,,,
2023-08-01 11:45:00,SBIN,615.5,615.75,615.25,615.6,46307,0.5830856388816734,617.0025,618.5290182025923,617.9459325637106,616.0590674362895,615.4759817974078,,,
2023-08-01 11:50:00,SBIN,615.65,615.65,615.2,615.5,38081,0.5564685111053251,616.7950000000001,618.2518345620738,617.6953660509685,615.8946339490317,615.3381654379264,,,
2023-08-01 11:55:00,SBIN,615.55,615.75,615.5,615.7,28137,0.49517480888426013,616.6,617.896367649659,617.4011928407748,615.7988071592252,615.303632350341,,,
2023-08-01 12:00:00,SBIN,615.75,615.8,615.05,615.1,82238,0.5461398471074081,616.4024999999999,617.8322941197271,617.2861542726197,615.5188457273802,614.9727058802728,,,
2023-08-01 12:05:00,SBIN,615.2,615.2,613.1,613.1,229346,0.8569118776859311,616.105,618.3483952957818,617.4914834180959,614.7185165819042,613.8616047042183,,,
2023-08-01 12:10:00,SBIN,613.0,613.5,612.5,613.4,417986,0.885529502148745,615.855,618.1733162366254,617.2877867344766,614.4222132655234,613.5366837633746,,,
2023-08-01 12:15:00,SBIN,613.2,613.5,612.15,613.05,307277,0.9784236017190007,615.645,618.2065129893003,617.2280893875813,614.0619106124186,613.0834870106996,,,
2023-08-01 12:20:00,SBIN,612.9,613.4,612.35,612.45,110900,0.9927388813751914,615.395,617.9939903914402,617.001251510065,613.788748489935,612.7960096085598,,,
2023-08-01 12:25:00,SBIN,612.55,612.6,610.65,611.0,519053,1.1841911051001621,615.1,618.2002123131523,617.016021208052,613.183978791948,611.9997876868478,,,
2023-08-01 12:30:00,SBIN,611.2,611.85,610.95,611.7,135269,1.1273528840801252,614.855,617.8064098505217,616.6790569664416,613.0309430335584,611.9035901494783,,,
2023-08-01 12:35:00,SBIN,611.85,612.35,611.25,611.5,219951,1.1218823072641049,614.595,617.5320878804174,616.4102055731533,612.7797944268467,611.6579121195826,,,
2023-08-01 12:40:00,SBIN,611.55,611.8,611.1,611.4,74857,1.0375058458112703,614.355,617.0711903043339,616.0336844585227,612.6763155414774,611.6388096956662,,,
2023-08-01 12:45:00,SBIN,611.4,611.95,611.2,611.6,69353,0.9800046766490162,614.1200000000001,616.6856522434672,615.7056475668182,612.534352433182,611.554347756533,,,
2023-08-01 12:50:00,SBIN,611.55,612.85,611.35,612.5,113140,1.0840037413192132,613.9200000000001,616.7579217947738,615.6739180534546,612.1660819465455,611.0820782052264,,611.35,
2023-08-01 12:55:00,SBIN,612.4,612.7,612.05,612.15,120685,0.9972029930553888,613.7125,616.3231774358189,615.3259744427636,612.0990255572364,611.101822564181,,,
2023-08-01 13:00:00,SBIN,612.35,613.0,612.0,612.25,318184,0.997762394444311,613.5375,616.1496419486552,615.151879554211,611.9231204457891,610.9253580513448,,,
2023-08-01 13:05:00,SBIN,612.35,613.0,611.85,611.9,366319,1.0282099155554443,613.335,616.0268535589242,614.9986436433687,611.6713563566313,610.6431464410758,,,
2023-08-01 13:10:00,SBIN,611.9,612.95,611.6,612.9,95815,1.09256793244436,613.1899999999999,616.0503428471393,614.9577749146949,611.422225085305,610.3296571528606,,,
2023-08-01 13:15:00,SBIN,612.9,613.0,612.5,612.9,145919,0.974054345955488,613.0474999999999,615.5975742777114,614.6235199317559,611.4714800682439,610.4974257222884,,,
2023-08-01 13:20:00,SBIN,612.95,613.0,612.45,612.9,192959,0.8892434767643813,612.9300000000001,615.2580394221692,614.3687959454048,611.4912040545953,610.6019605778309,,,
2023-08-01 13:25:00,SBIN,612.9,613.0,612.3,613.0,125879,0.8513947814115143,612.8,615.0289515377353,614.1775567563238,611.4224432436761,610.5710484622646,,,
2023-08-01 13:30:00,SBIN,612.95,613.9,612.85,613.75,156137,0.8911158251292024,612.7125,615.0454412301882,614.154325405059,611.2706745949409,610.3795587698118,,,
2023-08-01 13:35:00,SBIN,613.8,614.3,613.3,614.2,229972,0.912892660103362,612.6375,615.0274529841506,614.1145603240473,611.1604396759528,610.2475470158495,614.3,,1.7000000000000455
2023-08-01 13:40:00,SBIN,614.3,614.35,612.65,612.7,213746,1.0703141280826989,612.5175,615.3195823873206,614.2492682592379,610.7857317407622,609.7154176126795,,,
2023-08-01 13:45:00,SBIN,612.75,613.6,612.7,613.3,132162,1.0362513024661546,612.5274999999999,615.2404059098563,614.2041546073901,610.8508453926097,609.8145940901435,,,
2023-08-01 13:50:00,SBIN,613.2,614.15,613.15,613.4,482745,1.0290010419729236,612.5274999999999,615.221424727885,614.1924236859121,610.8625763140877,609.8335752721148,,,
2023-08-01 13:55:00,SBIN,613.1,613.45,612.3,612.5,154861,1.0532008335783571,612.5,615.2572797823082,614.2040789487298,610.7959210512702,609.7427202176918,,,
2023-08-01 14:00:00,SBIN,612.6,612.75,611.25,611.8,221727,1.1425606668626858,612.4675,615.4587238258465,614.3161631589838,610.6188368410161,609.4762761741534,,,
2023-08-01 14:05:00,SBIN,611.55,612.25,611.25,611.85,200841,1.1140485334901487,612.51,615.4265790606772,614.312530527187,610.7074694728129,609.5934209393228,,,
2023-08-01 14:10:00,SBIN,611.85,612.0,611.25,611.4,97167,1.041238826792119,612.495,615.2209632485418,614.1797244217496,610.8102755782504,609.7690367514582,,,
2023-08-01 14:15:00,SBIN,611.35,611.7,610.9,611.35,328223,0.992991061433709,612.4875,615.0871505988334,614.0941595373997,610.8808404626002,609.8878494011665,,,
2023-08-01 14:20:00,SBIN,611.35,612.6,611.1,612.3,302976,1.0943928491469672,612.5325,615.3976204790667,614.3032276299198,610.7617723700803,609.6673795209333,,,
2023-08-01 14:25:00,SBIN,612.3,613.0,611.5,612.95,183939,1.175514279317574,612.6,615.6774963832535,614.5019821039358,610.6980178960642,609.5225036167466,,,
2023-08-01 14:30:00,SBIN,612.9,613.3,612.65,612.95,192573,1.0704114234540545,612.6225,615.4248371066027,614.3544256831486,610.8905743168513,609.8201628933972,,,
2023-08-01 14:35:00,SBIN,612.85,613.25,612.45,613.2,107256,1.0163291387632345,612.675,615.335749685282,614.3194205465188,611.0305794534811,610.0142503147179,,,
2023-08-01 14:40:00,SBIN,613.2,613.35,612.4,612.5,169593,1.0030633110105966,612.6875,615.3135197482258,614.3104564372152,611.0645435627848,610.0614802517742,,,
2023-08-01 14:45:00,SBIN,612.45,613.0,612.0,612.75,175745,1.0024506488084775,612.73,615.3544157985806,614.3519651497721,611.1080348502279,610.1055842014194,,,
2023-08-01 14:50:00,SBIN,612.75,612.85,611.4,611.95,334572,1.0919605190467911,612.6825,615.5412526388645,614.4492921198178,610.9157078801823,609.8237473611355,,,
2023-08-01 14:55:00,SBIN,611.95,612.1,611.1,612.05,278285,1.073568415237433,612.6400000000001,615.4506021110917,614.3770336958543,610.9029663041459,609.8293978889085,,,
2023-08-01 15:00:00,SBIN,612.05,612.45,611.5,612.15,383250,1.0488547321899555,612.6025,615.3484016888733,614.2995469566833,610.9054530433166,609.8565983111266,,,
2023-08-01 15:05:00,SBIN,612.0,612.45,611.1,611.3,297726,1.1090837857519689,612.5174999999999,615.4210813510986,614.3119975653466,610.7230024346533,609.6139186489013,,,
2023-08-01 15:10:00,SBIN,611.2,611.8,611.2,611.7,166249,1.007267028601557,612.415,615.0520250808788,614.0447580522773,610.7852419477226,609.7779749191211,,,
2023-08-01 15:15:00,SBIN,611.65,612.1,611.4,612.0,395343,0.9458136228812548,612.3050000000001,614.7811400647032,613.835326441822,610.7746735581782,609.8288599352969,,,
2023-08-01 15:20:00,SBIN,612.0,612.55,611.0,612.0,361171,1.066650898304995,612.27,615.0624920517624,613.9958411534575,610.5441588465425,609.4775079482375,,,
2023-08-01 15:25:00,SBIN,612.0,612.35,612.0,612.35,221687,0.9233207186440004,612.2225000000001,614.63975364141,613.7164329227661,610.7285670772341,609.8052463585901,,,
2023-08-02 09:15:00,SBIN,609.85,610.0,607.45,608.2,612792,1.2486565749151914,611.9625,615.2314829131279,613.9828263382127,609.9421736617873,608.693517086872,,,
2023-08-02 09:20:00,SBIN,608.0,608.7,607.6,607.95,240031,1.2189252599321578,611.735,614.9261463305024,613.7072210705702,609.7627789294298,608.5438536694976,,,
2023-08-02 09:25:00,SBIN,608.0,608.0,605.9,606.4,367630,1.395140207945731,611.4649999999999,615.1174770644019,613.7223368564561,609.2076631435438,607.8125229355979,,,
2023-08-02 09:30:00,SBIN,606.3,608.8,606.2,608.7,181913,1.6361121663565665,611.3075,615.5908416515215,613.9547294851649,608.6602705148351,607.0241583484785,,606.2,
2023-08-02 09:35:00,SBIN,608.8,609.35,608.3,609.05,197668,1.518889733085267,611.1899999999999,615.1664533212172,613.6475635881319,608.732436411868,607.2135466787827,,,
2023-08-02 09:40:00,SBIN,609.1,609.8,608.8,609.05,127185,1.4151117864682137,611.075,614.7797626569738,613.3646508705057,608.7853491294944,607.3702373430262,,,
2023-08-02 09:45:00,SBIN,609.05,609.3,609.0,609.0,62040,1.1920894291745618,610.9100000000001,614.030890125579,612.8388006964045,608.9811993035956,607.7891098744211,,,
2023-08-02 09:50:00,SBIN,608.85,609.25,608.35,609.05,89719,1.133671543339645,610.7149999999999,613.6829521004631,612.5492805571234,608.8807194428764,607.7470478995367,,,
2023-08-02 09:55:00,SBIN,609.05,610.5,608.95,609.9,159212,1.216937234671707,610.5625,613.7484416803705,612.5315044456988,608.5934955543012,607.3765583196295,,,
2023-08-02 10:00:00,SBIN,609.85,610.1,608.9,608.9,78098,1.2135497877373747,610.3475,613.5245733442964,612.311023556559,608.3839764434409,607.1704266557035,,,
2023-08-02 10:05:00,SBIN,608.85,609.4,608.55,609.35,54016,1.1408398301899043,610.1899999999999,613.1767186754371,612.0358788452472,608.3441211547527,607.2032813245628,,,
2023-08-02 10:10:00,SBIN,609.4,609.45,608.4,608.4,57812,1.122671864151937,609.9725,612.9116549403498,611.7889830761978,608.1560169238021,607.0333450596502,,,
2023-08-02 10:15:00,SBIN,608.5,608.85,608.05,608.25,48852,1.0581374913215633,609.7875,612.5577039522799,611.4995664609584,608.0754335390417,607.0172960477202,,,
2023-08-02 10:20:00,SBIN,608.35,609.25,608.3,609.0,63213,1.0465099930572508,609.635,612.3747631618239,611.3282531687667,607.9417468312333,606.8952368381761,,,
2023-08-02 10:25:00,SBIN,609.0,609.25,608.25,608.5,65121,1.0372079944458006,609.4525,612.167910529459,611.1307025350133,607.7742974649867,606.7370894705409,,,
2023-08-02 10:30:00,SBIN,608.55,608.65,607.1,607.15,169260,1.1397663955566315,609.2450000000001,612.2289084235674,611.0891420280108,607.4008579719895,606.2610915764328,,,
2023-08-02 10:35:00,SBIN,607.1,607.8,607.05,607.4,183544,1.0618131164453053,609.03,611.8098267388538,610.7480136224085,607.3119863775914,606.2501732611462,,,
2023-08-02 10:40:00,SBIN,607.2,607.45,606.6,606.9,133417,1.019450493156249,608.775,611.443921391083,610.4244708979268,607.1255291020732,606.106078608917,,,
2023-08-02 10:45:00,SBIN,606.95,607.15,606.25,606.5,101868,0.9955603945249947,608.5,611.1063771128664,610.1108167183414,606.8891832816586,605.8936228871336,,,
2023-08-02 10:50:00,SBIN,606.45,606.8,606.0,606.3,166600,0.9564483156199867,608.1975,610.7014816902931,609.7450333746731,606.6499666253269,605.6935183097069,,,
2023-08-02 10:55:00,SBIN,606.4,606.4,605.65,605.95,157351,0.9151586524959894,608.085,610.4808853522345,609.5657266997385,606.6042733002615,605.6891146477656,,,
2023-08-02 11:00:00,SBIN,605.95,606.0,604.25,604.5,220642,1.0821269219967915,607.9125,610.7455082817876,609.6633813597908,606.1616186402092,605.0794917182125,606.0,,-4.2000000000000455
2023-08-02 11:05:00,SBIN,604.3,605.4,603.65,605.1,249082,1.2157015375974334,607.8475000000001,611.0302066254302,609.8145050878327,605.8804949121675,604.66479337457,,,
2023-08-02 11:10:00,SBIN,605.05,605.15,604.0,604.1,151164,1.2025612300779422,607.6175000000001,610.7658053003441,609.5632440702661,605.671755929734,604.469194699656,,,
2023-08-02 11:15:00,SBIN,604.25,604.85,604.0,604.2,158225,1.1320489840623584,607.375,610.3387042402752,609.2066552562129,605.5433447437871,604.4112957597248,,,
2023-08-02 11:20:00,SBIN,604.25,605.0,603.8,604.95,214313,1.1456391872498959,607.17,610.1692833922202,609.0236442049703,605.3163557950296,604.1707166077797,,,
2023-08-02 11:25:00,SBIN,604.95,605.15,603.5,603.55,260410,1.2465113497999123,606.8974999999999,610.160866713776,608.9143553639761,604.8806446360237,603.6341332862238,,,
2023-08-02 11:30:00,SBIN,603.55,603.95,603.05,603.5,160289,1.1772090798399482,606.62,609.701933371021,608.5247242911811,604.7152757088189,603.538066628979,,,
2023-08-02 11:35:00,SBIN,603.5,603.7,601.8,601.8,196463,1.3217672638719766,606.215,609.6753866968169,608.3536194329449,604.0763805670551,602.7546133031832,,,
2023-08-02 11:40:00,SBIN,601.85,603.25,601.7,602.55,125662,1.3674138110975722,605.8975,609.4773893574535,608.1099755463559,603.6850244536441,602.3176106425466,,,
2023-08-02 11:45:00,SBIN,602.55,602.55,601.45,601.5,216565,1.3139310488780396,605.505,608.9448714859627,607.6309404370846,603.3790595629154,602.0651285140373,,,
2023-08-02 11:50:00,SBIN,601.5,602.4,601.1,602.2,120222,1.3111448391024225,605.195,608.6275771887701,607.3164323496678,603.0735676503323,601.76242281123,,,
2023-08-02 11:55:00,SBIN,602.2,602.35,600.8,601.05,256764,1.3589158712819516,604.835,608.3926417510162,607.0337258797342,602.6362741202659,601.2773582489839,,,
2023-08-02 12:00:00,SBIN,600.95,601.65,600.8,601.45,152705,1.2571326970255658,604.4575000000001,607.748673400813,606.4915407037875,602.4234592962127,601.1663265991872,,,
2023-08-02 12:05:00,SBIN,601.35,602.65,601.35,602.55,274310,1.2657061576204436,604.1600000000001,607.4736187206504,606.2079125630299,602.1120874369702,600.8463812793498,,601.35,
2023-08-02 12:10:00,SBIN,602.6,602.9,602.05,602.2,111937,1.1825649260963595,603.9125,607.0084549765203,605.8258900504239,601.9991099495761,600.8165450234798,,,
2023-08-02 12:15:00,SBIN,602.35,602.5,602.0,602.1,108755,1.0460519408770876,603.6474999999999,606.3860639812161,605.340012040339,601.9549879596608,600.9089360187837,,,
2023-08-02 12:20:00,SBIN,602.0,602.65,602.0,602.6,82371,0.9668415527016656,603.4325,605.963691184973,604.9968496322713,601.8681503677287,600.901308815027,,,
2023-08-02 12:25:00,SBIN,602.4,602.6,601.6,601.85,65460,0.9734732421613326,603.2,605.7485529479784,604.7750797058171,601.624920294183,600.6514470520217,,,
2023-08-02 12:30:00,SBIN,601.7,603.2,601.7,603.05,191431,1.0787785937290661,603.0375,605.8617423583827,604.7829637646537,601.2920362353464,600.2132576416174,,,
2023-08-02 12:35:00,SBIN,603.1,604.0,603.05,604.0,151206,1.053022874983262,602.9399999999999,605.6968138867061,604.6437910117229,601.236208988277,600.1831861132938,,,
2023-08-02 12:40:00,SBIN,604.0,604.0,603.05,603.3,195935,1.0324182999866187,602.88,605.582871109365,604.5504528093784,601.2095471906216,600.177128890635,,,
2023-08-02 12:45:00,SBIN,603.4,603.55,603.0,603.45,124379,0.9359346399892859,602.7974999999999,605.2477768874918,604.3118422475026,601.2831577524972,600.347223112508,,,
2023-08-02 12:50:00,SBIN,603.5,603.7,601.65,601.8,132624,1.1587477119914424,602.6825,605.7161015099936,604.5573537980022,600.8076462019978,599.6488984900064,,,
2023-08-02 12:55:00,SBIN,601.75,601.8,600.9,601.45,333415,1.1069981695931495,602.545,605.4431212079949,604.3361230384016,600.7538769615983,599.646878792005,,,
2023-08-02 13:00:00,SBIN,601.3,601.75,601.2,601.2,112785,0.9955985356745105,602.3575,604.9639769663959,603.9683784307214,600.7466215692785,599.751023033604,,,
2023-08-02 13:05:00,SBIN,601.3,602.2,601.05,602.0,78410,1.0264788285396267,602.28,604.9673215731167,603.9408427445771,600.6191572554228,599.5926784268833,,,
2023-08-02 13:10:00,SBIN,602.15,602.2,600.25,600.5,287027,1.2111830628317106,602.13,605.3008772584934,604.0896941956617,600.1703058043383,598.9591227415066,,,
2023-08-02 13:15:00,SBIN,600.25,600.55,599.3,599.75,401719,1.2189464502653684,602.0274999999999,605.2187018067947,603.9997553565292,600.0552446434706,598.8362981932052,,,
2023-08-02 13:20:00,SBIN,599.75,600.1,598.65,598.9,241036,1.265157160212304,601.845,605.1571814454359,603.8920242852236,599.7979757147765,598.5328185545642,,,
2023-08-02 13:25:00,SBIN,598.9,599.6,598.65,599.0,161780,1.2021257281698523,601.72,604.8671651563487,603.6650394281788,599.7749605718212,598.5728348436513,,,
2023-08-02 13:30:00,SBIN,599.0,599.75,597.45,598.1,214967,1.4217005825358728,601.515,605.2370121250789,603.815311542543,599.214688457457,597.7929878749211,,,
2023-08-02 13:35:00,SBIN,598.35,599.0,597.4,597.55,139845,1.4573604660287027,601.3399999999999,605.155369700063,603.6980092340343,598.9819907659655,597.5246302999368,,,
2023-08-02 13:40:00,SBIN,597.6,597.9,596.0,596.0,208397,1.5458883728229578,601.0674999999999,605.1146357600504,603.5687473872274,598.5662526127724,597.0203642399493,597.9,,-6.5499999999999545
2023-08-02 13:45:00,SBIN,596.1,597.25,595.8,596.95,197198,1.5267106982583754,600.7875,604.7844286080405,603.2577179097821,598.317282090218,596.7905713919596,,,
2023-08-02 13:50:00,SBIN,596.95,597.95,596.75,597.75,176524,1.4613685586067096,600.5649999999999,604.3908628864323,602.9294943278256,598.2005056721742,596.7391371135676,,,
2023-08-02 13:55:00,SBIN,597.7,598.15,596.35,596.4,346171,1.5290948468853587,600.28,604.2831703091458,602.7540754622605,597.8059245377394,596.2768296908541,,,
2023-08-02 14:00:00,SBIN,596.6,597.9,596.3,597.25,201031,1.5432758775082915,600.0125,604.0527962473168,602.5095203698085,597.5154796301916,595.9722037526833,,,
2023-08-02 14:05:00,SBIN,597.25,598.1,596.9,597.85,185384,1.4746207020066424,599.8125,603.6730569978533,602.1984362958467,597.4265637041533,595.9519430021467,,596.9,
2023-08-02 14:10:00,SBIN,597.85,598.05,596.35,596.5,167710,1.5196965616053002,599.485,603.4635655982827,601.9438690366774,597.0261309633227,595.5064344017173,,,
2023-08-02 14:15:00,SBIN,596.45,596.75,594.9,595.1,296199,1.5857572492842449,599.0400000000001,603.1915124786262,601.605755229342,596.4742447706582,594.8884875213739,,,
2023-08-02 14:20:00,SBIN,595.0,596.2,594.1,594.7,240280,1.6886057994274006,598.6099999999999,603.0307699829008,601.3421641834734,595.8778358165264,594.189230017099,,,
2023-08-02 14:25:00,SBIN,594.7,595.95,594.5,595.75,115201,1.6408846395419296,598.225,602.5208359863208,600.8799513467789,595.5700486532212,593.9291640136793,,,
2023-08-02 14:30:00,SBIN,595.7,596.45,595.5,595.9,117507,1.5027077116335528,597.9300000000001,601.8640887890567,600.3613810774232,595.498618922577,593.9959112109434,,,
2023-08-02 14:35:00,SBIN,595.8,597.0,595.4,597.0,338363,1.522166169306847,597.7075000000001,601.6925310312454,600.1703648619385,595.2446351380617,593.7224689687548,,,
2023-08-02 14:40:00,SBIN,597.0,598.25,596.6,597.25,352951,1.547732935445473,597.51,601.5619648249963,600.0142318895507,595.0057681104493,593.4580351750037,,,
2023-08-02 14:45:00,SBIN,597.2,597.65,596.35,597.5,237912,1.4981863483563693,597.2850000000001,601.2072518599971,599.7090655116407,594.8609344883595,593.3627481400031,,,
2023-08-02 14:50:00,SBIN,597.25,597.7,596.7,597.1,132230,1.3985490786850954,597.115,600.7764014879975,599.3778524093125,594.8521475906875,593.4535985120025,,,
2023-08-02 14:55:00,SBIN,597.1,598.25,597.0,597.85,212017,1.3688392629480763,597.02,600.603621190398,599.23478192745,594.80521807255,593.4363788096019,,,
2023-08-02 15:00:00,SBIN,597.85,598.5,597.0,597.15,487287,1.3950714103584612,596.9325,600.5847969523185,599.18972554196,594.67527445804,593.2802030476815,,,
2023-08-02 15:05:00,SBIN,597.1,597.45,597.0,597.4,314623,1.2060571282867782,596.8525000000001,600.0099575618549,598.8039004335681,594.9010995664321,593.6950424381453,,,
2023-08-02 15:10:00,SBIN,597.45,599.5,597.45,599.5,397354,1.3848457026294272,596.9225,600.5480260494838,599.1631803468545,594.6818196531456,593.2969739505162,599.5,,1.6499999999999773
2023-08-02 15:15:00,SBIN,599.3,599.55,598.55,599.3,474850,1.3078765621035418,597.01,600.4340208395871,599.1261442774835,594.8938557225165,593.5859791604129,,,
2023-08-02 15:20:00,SBIN,599.3,599.4,598.5,598.85,321300,1.226301249682829,597.1525,600.3629566716696,599.1366554219868,595.1683445780133,593.9420433283304,,,
2023-08-02 15:25:00,SBIN,598.75,598.9,598.3,598.9,193313,1.1010409997462678,597.25,600.1325253373358,599.0314843375895,595.4685156624105,594.3674746626642,,,
2023-08-03 09:15:00,SBIN,598.7,598.9,595.3,598.9,374315,1.6008327997970189,597.3075,601.4984802698687,599.8976474700715,594.7173525299285,593.1165197301314,,,
2023-08-03 09:20:00,SBIN,598.6,599.8,598.0,599.0,430436,1.6406662398376062,597.4375,601.7327642158948,600.0920979760573,594.7829020239427,593.1422357841052,,,
2023-08-03 09:25:00,SBIN,599.15,600.0,598.5,599.7,224837,1.612532991870085,597.5600000000001,601.7816113727159,600.1690783808458,594.9509216191543,593.3383886272842,,,
2023-08-03 09:30:00,SBIN,599.7,600.85,598.05,598.4,293380,1.8500263934960817,597.5875,602.4308690981727,600.5808427046767,594.5941572953233,592.7441309018272,,,
2023-08-03 09:35:00,SBIN,598.2,598.4,596.2,596.75,234748,1.9200211147968518,597.6,602.6266152785382,600.7065941637413,594.4934058362587,592.5733847214618,,,
2023-08-03 09:40:00,SBIN,596.75,597.25,595.6,596.3,164526,1.8660168918374769,597.66,602.5452322228305,600.679215330993,594.640784669007,592.7747677771695,,,
2023-08-03 09:45:00,SBIN,596.35,598.2,595.4,597.75,257721,2.0528135134699954,597.8125,603.1867657782644,601.1339522647944,594.4910477352056,592.4382342217356,,,
2023-08-03 09:50:00,SBIN,597.7,599.0,597.45,598.45,289345,1.9522508107759873,597.9475,603.0584926226115,601.1062418118355,594.7887581881645,592.8365073773884,,,
2023-08-03 09:55:00,SBIN,598.6,599.4,595.2,595.6,555342,2.4018006486207764,597.9325,604.2204140980892,601.8186134494684,594.0463865505316,591.6445859019108,,,
2023-08-03 10:00:00,SBIN,595.7,596.3,593.55,594.75,557926,2.471440518896621,597.8199999999999,604.2902312784713,601.8187907595747,593.8212092404252,591.3497687215286,,,
2023-08-03 10:05:00,SBIN,594.8,595.2,593.5,593.55,249122,2.317152415117306,597.635,603.7013050227771,601.3841526076598,593.8858473923402,591.5686949772229,,,
2023-08-03 10:10:00,SBIN,593.65,593.7,592.0,592.2,309992,2.193721932093854,597.37,603.1131640182217,600.9194420861279,593.8205579138721,591.6268359817783,,,
2023-08-03 10:15:00,SBIN,592.2,593.45,591.75,593.2,264182,2.0949775456750923,597.175,602.6596512145774,600.5646736689023,593.7853263310976,591.6903487854225,,,
2023-08-03 10:20:00,SBIN,593.0,593.05,591.5,591.8,281056,1.9859820365400649,596.8725000000001,602.0718009716619,600.0858189351219,593.6591810648782,591.6731990283382,,,
2023-08-03 10:25:00,SBIN,591.8,593.25,590.7,593.1,306712,2.098785629232043,596.6700000000001,602.1646207773296,600.0658351480976,593.2741648519026,591.1753792226706,,,
2023-08-03 10:30:00,SBIN,592.8,593.7,592.55,592.9,146789,1.9090285033856524,596.4449999999999,601.4428366218635,599.533808118478,593.3561918815219,591.4471633781363,,,
2023-08-03 10:35:00,SBIN,592.8,593.35,592.2,592.85,83864,1.7572228027085175,596.1125,600.7129092974908,598.9556864947823,593.2693135052176,591.5120907025091,,,
2023-08-03 10:40:00,SBIN,592.9,593.25,591.55,591.7,102179,1.7457782421668233,595.7325,600.3029474379927,598.5571691958258,592.9078308041741,591.1620525620073,,,
2023-08-03 10:45:00,SBIN,591.75,592.65,591.2,591.25,109057,1.686622593733445,595.3525,599.7680779503942,598.0814553566606,592.6235446433393,590.9369220496058,,,
2023-08-03 10:50:00,SBIN,591.35,592.8,591.2,592.8,115451,1.6692980749867379,595.0475,599.4177223603153,597.7484242853286,592.3465757146714,590.6772776396847,,591.2,
2023-08-03 10:55:00,SBIN,592.85,593.7,591.65,592.35,280419,1.7454384599894042,594.72,599.2895578882523,597.5441194282629,591.8958805717372,590.1504421117478,,,
2023-08-03 11:00:00,SBIN,592.35,593.4,592.0,593.35,176669,1.676350767991519,594.4375,598.8261863106018,597.1498355426103,591.7251644573897,590.0488136893982,,,
2023-08-03 11:05:00,SBIN,593.1,593.7,592.65,593.55,163848,1.551080614393229,594.13,598.1907290484814,596.6396484340883,591.6203515659117,590.0692709515185,,,
2023-08-03 11:10:00,SBIN,593.4,594.2,592.7,593.05,216688,1.5408644915145833,593.8625,597.8964832387851,596.3556187472706,591.3693812527293,589.8285167612148,,,
2023-08-03 11:15:00,SBIN,593.05,593.1,592.05,592.55,197404,1.4426915932116804,593.6524999999999,597.4294665910281,595.9867749978164,591.3182250021835,589.8755334089717,,,
2023-08-03 11:20:00,SBIN,592.55,592.95,592.0,592.9,244385,1.3441532745693534,593.4825000000001,597.0014932728226,595.6573399982533,591.3076600017469,589.9635067271776,,,
2023-08-03 11:25:00,SBIN,592.7,594.75,592.5,594.75,181266,1.5253226196554828,593.3325000000001,597.3257946182581,595.8004719986027,590.8645280013975,589.3392053817421,,,
2023-08-03 11:30:00,SBIN,594.75,596.0,594.4,595.1,359616,1.5402580957243908,593.165,597.1973956946064,595.6571375988821,590.6728624011179,589.1326043053936,,,
2023-08-03 11:35:00,SBIN,595.2,595.45,594.1,595.15,221826,1.5022064765795173,593.1425,597.0752765556853,595.5730700791057,590.7119299208944,589.2097234443148,,,
2023-08-03 11:40:00,SBIN,595.15,595.2,594.5,594.85,106964,1.3417651812636229,593.1474999999999,596.660241244548,595.3184760632845,590.9765239367154,589.6347587554518,,,
2023-08-03 11:45:00,SBIN,594.85,595.75,593.8,593.8,287804,1.4634121450109077,593.1600000000001,596.9912129956386,595.5278008506277,590.7921991493724,589.3287870043615,,,
2023-08-03 11:50:00,SBIN,593.95,594.9,593.45,594.5,177478,1.4607297160087125,593.275,597.0991903965108,595.638460680502,590.9115393194979,589.4508096034891,,,
2023-08-03 11:55:00,SBIN,594.5,595.4,594.0,595.0,179636,1.4485837728069657,593.365,597.1573923172086,595.7088085444017,591.0211914555983,589.5726076827914,,,
2023-08-03 12:00:00,SBIN,595.0,595.7,592.8,593.5,269244,1.7388670182455908,593.45,598.002353853767,596.2634868355215,590.6365131644786,588.8976461462331,,,
2023-08-03 12:05:00,SBIN,593.35,593.35,592.25,592.95,369862,1.6110936145964774,593.4424999999999,597.6603430830135,596.049249468417,590.8357505315828,589.2246569169863,,,
2023-08-03 12:10:00,SBIN,592.95,593.35,591.75,591.9,244168,1.6088748916771864,593.3925,597.6045344664109,595.9956595747337,590.7893404252663,589.1804655335892,,,
2023-08-03 12:15:00,SBIN,591.9,592.65,591.65,592.1,474073,1.4870999133417493,593.3549999999999,597.2482275731286,595.7611276597869,590.9488723402129,589.4617724268712,,,
2023-08-03 12:20:00,SBIN,592.3,592.3,590.05,590.1,427936,1.6396799306733993,593.275,597.5676820585029,595.9280021278296,590.6219978721704,588.9823179414971,,,
2023-08-03 12:25:00,SBIN,590.35,590.5,589.1,589.7,525879,1.591743944538715,593.1975,597.3646856468024,595.7729417022637,590.6220582977363,589.0303143531976,,,
2023-08-03 12:30:00,SBIN,589.6,590.0,588.95,589.45,438624,1.4833951556309628,593.03,596.9135285174418,595.4301333618108,590.6298666381891,589.1464714825581,,,
2023-08-03 12:35:00,SBIN,589.35,590.1,588.8,588.85,382494,1.4467161245047842,592.855,596.6425028139536,595.1957866894487,590.5142133105513,589.0674971860465,590.1,,-3.949999999999932
2023-08-03 12:40:00,SBIN,588.85,590.5,588.85,589.9,276553,1.4873728996038227,592.6825,596.5764422511628,595.089069351559,590.275930648441,588.7885577488372,,,
2023-08-03 12:45:00,SBIN,589.9,589.9,588.0,588.05,735272,1.5698983196830536,592.4075,596.5174938009303,594.9475954812472,589.8674045187529,588.2975061990697,,,
2023-08-03 12:50:00,SBIN,588.05,589.4,587.9,588.4,459584,1.555918655746443,592.175,596.2483950407442,594.6924763849977,589.6575236150022,588.1016049592557,,,
2023-08-03 12:55:00,SBIN,588.55,588.6,587.55,588.1,229502,1.4547349245971684,591.9525000000001,595.7609960325955,594.3062611079984,589.5987388920018,588.1440039674047,,,
2023-08-03 13:00:00,SBIN,588.15,588.8,587.0,588.25,322324,1.5237879396777256,591.72,595.7092768260763,594.1854888863986,589.2545111136014,587.7307231739237,,,
2023-08-03 13:05:00,SBIN,588.25,589.95,588.0,589.45,248345,1.6090303517421898,591.4549999999999,595.667441460861,594.0584111091188,588.8515888908811,587.2425585391388,,588.0,
2023-08-03 13:10:00,SBIN,589.3,590.5,589.3,590.35,682291,1.527224281393761,591.2175,595.2157731686889,593.688548887295,588.7464511127049,587.2192268313111,,,
2023-08-03 13:15:00,SBIN,590.35,590.95,589.7,589.75,275156,1.471779425115009,590.9475,594.8006185349511,593.328839109836,588.5661608901639,587.0943814650489,,,
2023-08-03 13:20:00,SBIN,589.95,590.15,589.0,589.8,240191,1.4074235400920028,590.695,594.3796348279609,592.972211287869,588.4177887121311,587.0103651720392,,,
2023-08-03 13:25:00,SBIN,589.45,589.95,588.9,589.35,251814,1.335938832073616,590.4725,593.9699878623687,592.634049030295,588.3109509697049,586.9750121376312,,,
2023-08-03 13:30:00,SBIN,589.35,589.8,588.55,589.05,370996,1.318751065658893,590.2,593.652490289895,592.3337392242362,588.0662607757639,586.7475097101051,,,
2023-08-03 13:35:00,SBIN,588.85,589.2,587.35,587.4,442359,1.425000852527119,589.8199999999999,593.5506522319159,592.1256513793888,587.514348620611,586.0893477680839,,,
2023-08-03 13:40:00,SBIN,587.55,588.0,587.05,587.4,496139,1.3300006820217043,589.515,592.9969417855328,591.6669411035111,587.3630588964888,586.0330582144671,,,
2023-08-03 13:45:00,SBIN,587.2,587.65,587.05,587.6,111058,1.1840005456173681,589.2475000000001,592.3472134284264,591.1632128828089,587.3317871171912,586.1477865715738,,,
2023-08-03 13:50:00,SBIN,587.45,588.5,587.25,588.0,268961,1.1972004364938944,589.0525,592.186770742741,590.9895703062472,587.1154296937528,585.918229257259,,,
2023-08-03 13:55:00,SBIN,588.0,588.25,586.2,586.65,678325,1.3677603491951065,588.78,592.3607965941927,590.9930362449977,586.5669637550022,585.1992034058072,,,
2023-08-03 14:00:00,SBIN,586.65,587.85,585.95,586.65,818700,1.4742082793560807,588.6075,592.4669772753542,590.9927689959981,586.2222310040019,584.7480227246457,,,
2023-08-03 14:05:00,SBIN,586.75,587.05,585.25,585.6,641972,1.5393666234848555,588.4024999999999,592.4325618202832,590.8931951967984,585.9118048032014,584.3724381797166,,,
2023-08-03 14:10:00,SBIN,585.4,586.0,585.05,586.0,644272,1.4214932987878937,588.23,591.9514694562267,590.5299761574388,585.9300238425612,584.5085305437733,,,
2023-08-03 14:15:00,SBIN,586.0,586.9,585.9,586.75,177059,1.3371946390303149,588.125,591.6257755649814,590.288580925951,585.961419074049,584.6242244350186,,,
2023-08-03 14:20:00,SBIN,586.8,587.9,586.65,587.3,235245,1.319755711224252,587.9950000000001,591.4501204519852,590.1303647407609,585.8596352592393,584.539879548015,,,
2023-08-03 14:25:00,SBIN,587.3,588.5,587.05,588.1,576057,1.3458045689794107,587.9975,591.520816361588,590.1750117926086,585.8199882073912,584.4741836384119,,,
2023-08-03 14:30:00,SBIN,587.9,589.15,587.75,588.85,455719,1.356643655183524,588.02,591.5716930892704,590.215049434087,585.824950565913,584.4683069107296,,,
2023-08-03 14:35:00,SBIN,588.75,589.95,588.6,589.75,393481,1.3553149241468239,588.1025,591.6507144714163,590.2953995472695,585.9096004527304,584.5542855285836,,,
2023-08-03 14:40:00,SBIN,589.75,590.1,586.9,587.1,778900,1.7242519393174685,588.045,592.5590915771331,590.8348396378157,585.2551603621843,583.5309084228668,,,
2023-08-03 14:45:00,SBIN,587.05,588.0,586.95,587.45,387226,1.5894015514539657,587.945,592.1060532617065,590.5166517102525,585.3733482897476,583.7839467382936,,,
2023-08-03 14:50:00,SBIN,587.45,587.9,586.6,587.6,762626,1.5315212411631636,587.8075,591.8170226093652,590.285501368202,585.3294986317981,583.7979773906349,,,
2023-08-03 14:55:00,SBIN,587.5,589.45,587.5,589.3,326288,1.6152169929305402,587.7850000000001,592.0136380874923,590.3984210945617,585.1715789054384,583.5563619125079,,,
2023-08-03 15:00:00,SBIN,589.3,590.25,588.85,589.3,759016,1.5721735943444277,587.76,591.8759504699937,590.3037768756493,585.2162231243507,583.6440495300063,,,
2023-08-03 15:05:00,SBIN,589.3,590.0,589.0,589.15,809058,1.4577388754755423,587.75,591.5663603759949,590.1086215005195,585.3913784994805,583.9336396240051,,,
2023-08-03 15:10:00,SBIN,589.15,590.8,589.15,590.8,797299,1.4961911003804294,587.8375,591.754528300796,590.2583372004156,585.4166627995844,583.920471699204,590.8,,1.349999999999909
2023-08-03 15:15:00,SBIN,590.8,591.85,590.2,591.5,670277,1.5269528803043388,588.0425,592.0400626406367,590.5131097603324,585.5718902396676,584.0449373593633,,,
2023-08-03 15:20:00,SBIN,591.5,592.4,591.1,592.05,714019,1.481562304243462,588.275,592.1537301125094,590.672167808266,585.877832191734,584.3962698874906,,,
2023-08-03 15:25:00,SBIN,592.1,592.55,591.15,591.4,422345,1.4652498433947652,588.4649999999999,592.3010240900074,590.8357742466127,586.0942257533871,584.6289759099924,,,
2023-08-04 09:15:00,SBIN,594.8,594.8,589.1,593.15,1103954,2.3121998747157986,588.7225000000001,594.775839272006,592.4636393972902,584.98136060271,582.6691607279942,,,
2023-08-04 09:20:00,SBIN,593.35,593.65,591.55,592.25,611913,2.2697598997726436,589.0024999999999,594.9447314176048,592.6749715178321,585.3300284821678,583.0602685823951,593.65,,
2023-08-04 09:25:00,SBIN,592.2,592.8,591.5,592.5,337519,2.075807919818106,589.2950000000001,594.7294651340839,592.6536572142658,585.9363427857344,583.8605348659163,,,
2023-08-04 09:30:00,SBIN,592.45,592.65,590.55,591.85,452577,2.0806463358544893,589.6075,595.054632107267,592.9739857714126,586.2410142285873,584.1603678927329,,,
2023-08-04 09:35:00,SBIN,591.85,592.05,590.3,590.9,309596,2.0145170686835914,589.8525,595.1265056858136,593.11198861713,586.5930113828699,584.5784943141863,,,
2023-08-04 09:40:00,SBIN,590.9,591.1,588.05,588.5,710884,2.2216136549468866,589.9399999999999,595.7561845486509,593.534570893704,586.3454291062959,584.123815451349,,,
2023-08-04 09:45:00,SBIN,588.6,590.4,588.0,590.1,374557,2.257290923957505,590.0799999999999,595.9895876389206,593.7322967149631,586.4277032850367,584.1704123610792,,,
2023-08-04 09:50:00,SBIN,590.25,591.5,589.6,591.5,429483,2.1858327391659995,590.25,595.9725101111366,593.7866773719705,586.7133226280295,584.5274898888634,,,
2023-08-04 09:55:00,SBIN,591.65,591.85,591.05,591.45,191263,1.9086661913328133,590.38,595.3768880889093,593.4682218975765,587.2917781024235,585.3831119110907,,,
2023-08-04 10:00:00,SBIN,591.5,591.65,590.55,591.3,195339,1.7469329530662554,590.4575,595.0309704711275,593.2840375180612,587.6309624819388,585.8840295288725,,,
2023-08-04 10:05:00,SBIN,591.25,592.1,590.65,591.95,197124,1.6875463624530136,590.7,595.117996376902,593.430450014449,587.9695499855511,586.282003623098,,,
2023-08-04 10:10:00,SBIN,592.0,592.7,591.8,592.6,277905,1.5300370899624292,590.9575,594.9631371015216,593.4331000115592,588.4818999884408,586.9518628984783,,,
2023-08-04 10:15:00,SBIN,592.7,592.7,591.5,592.3,252884,1.4640296719699526,591.1925,595.0253296812174,593.5613000092474,588.8236999907526,587.3596703187826,,,
2023-08-04 10:20:00,SBIN,592.25,593.0,592.25,592.8,282241,1.3212237375759623,591.3675,594.8264637449738,593.5052400073979,589.229759992602,587.9085362550261,,,
2023-08-04 10:25:00,SBIN,592.85,593.25,592.1,592.85,229596,1.2869789900607655,591.545,594.914310995979,593.6273320059183,589.4626679940816,588.1756890040209,,,
2023-08-04 10:30:00,SBIN,592.7,592.8,591.75,592.15,221463,1.2395831920486033,591.695,594.9402287967833,593.7006456047347,589.6893543952654,588.4497712032168,,,
2023-08-04 10:35:00,SBIN,592.15,592.55,591.15,592.55,213774,1.271666553638878,591.7825,595.1117230374266,593.8400564837877,589.7249435162123,588.4532769625735,,,
2023-08-04 10:40:00,SBIN,592.55,594.6,592.55,594.55,363460,1.427333242911116,591.935,595.6717584299413,594.2444251870302,589.6255748129697,588.1982415700586,,,
2023-08-04 10:45:00,SBIN,594.55,594.95,593.2,593.25,363566,1.491866594328893,591.995,595.900706743953,594.4088401496241,589.5811598503759,588.089293256047,,,
2023-08-04 10:50:00,SBIN,593.5,593.9,593.0,593.05,221746,1.37349327546311,592.0775000000001,595.6733053951625,594.2998121196994,589.8551878803008,588.4816946048377,,,
2023-08-04 10:55:00,SBIN,593.25,594.3,593.0,594.2,203370,1.3587946203704788,592.13,595.6873243161299,594.3285296957595,589.9314703042405,588.5726756838701,,,
2023-08-04 11:00:00,SBIN,594.1,595.4,594.0,595.2,298334,1.3670356962963788,592.2774999999999,595.8563994529038,594.4893637566074,590.0656362433924,588.698600547096,,,
2023-08-04 11:05:00,SBIN,595.25,595.4,594.55,594.7,159779,1.2636285570371077,592.3875,595.6956795623232,594.4320510052861,590.342948994714,589.0793204376769,,,
2023-08-04 11:10:00,SBIN,594.7,595.75,594.55,595.2,231077,1.2509028456296953,592.5550000000001,595.8298636498586,594.5789608042289,590.5310391957712,589.2801363501416,,,
2023-08-04 11:15:00,SBIN,595.2,596.5,595.0,596.25,462293,1.3007222765037563,592.8225,596.2277909198868,594.9270686433831,590.7179313566169,589.4172090801131,,595.0,-4.0
2023-08-04 11:20:00,SBIN,596.2,597.95,596.1,596.9,394238,1.4105778212030096,593.2425000000001,596.9353927359095,595.5248149147066,590.9601850852936,589.5496072640906,,,
2023-08-04 11:25:00,SBIN,596.85,597.75,596.6,597.0,401412,1.3584622569624032,593.5875,597.1439541887275,595.7854919317651,591.3895080682348,590.0310458112724,,,
2023-08-04 11:30:00,SBIN,596.9,597.4,596.55,596.85,164797,1.2567698055699272,593.855,597.1452233509821,595.8884535454122,591.8215464545879,590.564776649018,,,
2023-08-04 11:35:00,SBIN,596.85,597.3,596.2,596.35,257845,1.2254158444559236,594.1,597.3081386807856,596.0827228363297,592.1172771636703,590.8918613192144,,,
2023-08-04 11:40:00,SBIN,596.35,596.65,595.7,596.35,336617,1.1703326755647252,594.3525000000001,597.4164309446285,596.2460982690639,592.4589017309363,591.2885690553717,,,
2023-08-04 11:45:00,SBIN,596.3,598.7,596.3,597.75,559205,1.4162661404517984,594.6425,598.3502847557029,596.934018615251,592.350981384749,590.9347152442972,,,
2023-08-04 11:50:00,SBIN,597.7,597.95,596.85,597.1,301413,1.3530129123614434,594.8675000000001,598.4096878045623,597.0566748922009,592.6783251077992,591.3253121954378,,,
2023-08-04 11:55:00,SBIN,597.2,597.55,596.25,596.45,248652,1.3424103298891457,595.075,598.5894302436499,597.2470199137607,592.9029800862394,591.5605697563502,,,
2023-08-04 12:00:00,SBIN,596.65,596.9,595.45,595.95,191634,1.363928263911303,595.2325000000001,598.8032641949198,597.4393359310086,593.0256640689915,591.6617358050803,,,
2023-08-04 12:05:00,SBIN,595.95,596.6,595.6,596.0,208035,1.2911426111290425,595.3900000000001,598.7702113559359,597.4790687448069,593.3009312551933,592.0097886440643,,,
2023-08-04 12:10:00,SBIN,596.0,596.8,595.25,596.8,207527,1.342914088903225,595.6225000000001,599.1382490847487,597.7953349958455,593.4496650041547,592.1067509152514,,,
2023-08-04 12:15:00,SBIN,596.75,597.45,596.5,597.05,245994,1.2643312711225891,595.8475000000001,599.157519267799,597.8931879966765,593.8018120033237,592.5374807322012,,,
2023-08-04 12:20:00,SBIN,597.05,597.55,596.8,597.25,241750,1.1614650168980716,595.9825000000001,599.0232154142392,597.8617503973411,594.103249602659,592.941784585761,,,
2023-08-04 12:25:00,SBIN,597.45,597.5,595.2,595.3,273554,1.3891720135184482,596.085,599.7218523313913,598.3326803178729,593.8373196821271,592.4481476686087,,,
2023-08-04 12:30:00,SBIN,595.35,595.35,593.4,593.8,404162,1.5013376108147676,596.1225,600.0530018651131,598.5516642542982,593.6933357457017,592.1919981348868,,,
2023-08-04 12:35:00,SBIN,593.9,593.95,592.4,592.7,445585,1.5110700886518278,596.0475,600.0034814920905,598.4924114034387,593.6025885965613,592.0915185079095,,,
2023-08-04 12:40:00,SBIN,592.55,594.55,592.55,594.1,327601,1.6088560709214623,595.9925000000001,600.2044851936724,598.595629122751,593.3893708772491,591.7805148063277,,,
2023-08-04 12:45:00,SBIN,594.2,594.9,593.7,594.75,288014,1.5270848567371564,595.9950000000001,599.992908154938,598.4658232982008,593.5241767017994,591.9970918450622,,,
2023-08-04 12:50:00,SBIN,594.75,595.45,594.25,595.2,222460,1.4616678853897342,595.995,599.8216465239503,598.3599786385606,593.6300213614394,592.1683534760497,,,
2023-08-04 12:55:00,SBIN,595.2,595.4,593.25,593.4,303000,1.599334308311783,595.8525000000001,600.0395572191603,598.4402229108485,593.2647770891516,591.6654427808398,,,
2023-08-04 13:00:00,SBIN,593.4,594.3,593.1,593.9,348312,1.519467446649413,595.7025000000001,599.6804657753282,598.1609983286788,593.2440016713214,591.724534224672,,,
2023-08-04 13:05:00,SBIN,593.9,594.7,593.55,593.85,158168,1.4455739573195485,595.5450000000001,599.3295126202627,597.8839386629431,593.206061337057,591.7604873797375,,,
2023-08-04 13:10:00,SBIN,593.85,594.15,592.9,593.0,345290,1.406459165855639,595.3525000000001,599.0346100962101,597.6281509303545,593.0768490696456,591.67038990379,,,
2023-08-04 13:15:00,SBIN,592.95,593.85,592.75,593.45,122388,1.3451673326845157,595.2075,598.729148076968,597.3839807442836,593.0310192557164,591.6858519230319,,,
2023-08-04 13:20:00,SBIN,593.5,594.5,590.6,590.85,535050,1.8561338661476081,594.9325,599.7918584615744,597.9357245954268,591.9292754045732,590.0731415384256,,,
2023-08-04 13:25:00,SBIN,590.7,592.15,583.1,585.0,4163469,3.2949070929180775,594.295,602.9210667692595,599.6261596763414,588.9638403236585,585.6689332307404,,,
2023-08-04 13:30:00,SBIN,585.0,587.5,578.7,579.05,2379361,4.395925674334453,593.3924999999999,604.9010334154075,600.5051077410731,586.2798922589268,581.8839665845924,,,
2023-08-04 13:35:00,SBIN,578.85,584.7,578.3,584.5,2249355,4.796740539467581,592.795,605.3528667323261,600.5561261928585,585.0338738071414,580.2371332676738,,,
2023-08-04 13:40:00,SBIN,584.5,585.7,581.15,583.15,1295356,4.747392431574078,592.155,604.583673385861,599.8362809542868,584.4737190457131,579.726326614139,,,
2023-08-04 13:45:00,SBIN,583.15,583.3,578.6,579.25,1466652,4.737913945259249,591.3175,603.7213587086887,598.9834447634295,583.6515552365705,578.9136412913113,,,
2023-08-04 13:50:00,SBIN,579.1,579.1,575.4,577.0,2331785,4.530331156207408,590.3275000000001,602.1879069669511,597.6575758107437,582.9974241892565,578.4670930330491,,,
2023-08-04 13:55:00,SBIN,577.1,578.05,572.25,573.5,2787480,4.7842649249659175,589.15,601.6752055735608,596.8909406485948,581.4090593514052,576.6247944264392,,,
2023-08-04 14:00:00,SBIN,573.2,577.6,572.8,575.75,2316090,4.787411939972747,588.075,600.6084444588487,595.821032518876,580.3289674811241,575.5415555411514,,,
2023-08-04 14:05:00,SBIN,575.7,575.7,573.9,574.8,1725704,4.189929551978212,587.05,598.0192355670789,593.8293060151007,580.2706939848993,576.080764432921,,,
2023-08-04 14:10:00,SBIN,574.9,577.05,574.15,576.35,1284094,3.9319436415825653,586.1775,596.4713284536632,592.5393848120806,579.8156151879194,575.8836715463368,,,
2023-08-04 14:15:00,SBIN,576.5,577.75,576.25,577.0,1116674,3.4455549132660526,585.3925,594.4129627629305,590.9674078496645,579.8175921503356,576.3720372370695,,,
2023-08-04 14:20:00,SBIN,576.95,579.7,576.95,577.85,1385767,3.3064439306128426,584.58,593.2362702103445,589.9298262797316,579.2301737202685,575.9237297896556,,,
2023-08-04 14:25:00,SBIN,577.9,578.3,575.8,576.35,654042,3.1451551444902743,583.66,591.8940161682755,588.7488610237853,578.5711389762147,575.4259838317245,,,
2023-08-04 14:30:00,SBIN,576.3,576.65,575.1,575.8,505865,2.8261241155922106,582.69,590.0887929346204,587.2626688190282,578.1173311809719,575.2912070653797,,,
2023-08-04 14:35:00,SBIN,575.8,576.9,575.45,576.85,546676,2.550899292473755,581.8625,588.5407543476963,585.9898550552225,577.7351449447774,575.1842456523036,,,
2023-08-04 14:40:00,SBIN,576.9,577.7,575.7,576.0,715893,2.440719433979004,580.9675,587.357303478157,584.916584044178,577.018415955822,574.577696521843,,,
2023-08-04 14:45:00,SBIN,576.0,577.0,575.5,575.6,802590,2.252575547183203,580.055,585.9522427825256,583.6996672353424,576.4103327646575,574.1577572174743,,,
2023-08-04 14:50:00,SBIN,575.6,576.2,574.4,574.95,1804097,2.162060437746576,579.1524999999999,584.8127742260205,582.6507137882738,575.654286211726,573.4922257739794,,,
2023-08-04 14:55:00,SBIN,575.0,575.0,574.05,574.8,658628,1.91964835019727,578.22,583.2456393808164,581.3259910306192,575.1140089693808,573.1943606191836,,,
2023-08-04 15:00:00,SBIN,574.8,575.9,572.1,572.35,1283972,2.2957186801578073,577.295,583.3051915046531,581.0094728244953,573.5805271755046,571.2848084953469,,,
2023-08-04 15:05:00,SBIN,572.2,574.85,572.0,574.4,867935,2.4065749441262505,576.765,583.0654132037225,580.6588382595962,572.8711617404037,570.4645867962774,,,
2023-08-04 15:10:00,SBIN,574.4,575.0,573.9,573.9,653897,2.145259955301005,576.5075,582.1237905629781,579.978530607677,573.036469392323,570.891209437022,,,
2023-08-04 15:15:00,SBIN,574.0,574.15,572.05,572.3,1146116,2.1362079642408087,575.8975,581.4900924503825,579.3538844861416,572.4411155138584,570.3049075496176,,,
2023-08-04 15:20:00,SBIN,572.2,573.0,571.5,573.0,1251254,2.0089663713926473,575.39,580.649473960306,578.6405075889132,572.1394924110867,570.130526039694,,,
2023-08-04 15:25:00,SBIN,573.0,573.2,572.8,573.2,758915,1.6871730971141363,575.0875,579.5045191682448,577.8173460711306,572.3576539288694,570.6704808317552,,,
2023-08-07 09:15:00,SBIN,577.0,577.0,571.5,573.4,2054681,2.449738477691309,574.9075,581.3209153345958,578.8711768569045,570.9438231430955,568.4940846654042,,,
2023-08-07 09:20:00,SBIN,573.3,573.3,569.2,573.1,2086844,2.779790782153029,574.8875,582.1649922676767,579.3852014855237,570.3897985144764,567.6100077323234,,,
2023-08-07 09:25:00,SBIN,573.1,574.25,572.3,574.2,707667,2.6138326257224325,574.81,581.6530138141412,579.0391811884189,570.580818811581,567.9669861858587,,,
2023-08-07 09:30:00,SBIN,574.05,574.15,569.75,570.5,1033728,2.9710661005779415,574.595,582.3732510513131,579.4021849507351,569.787815049265,566.816748948687,,,
2023-08-07 09:35:00,SBIN,570.5,572.45,570.3,572.25,412937,2.8068528804623716,574.39,581.7383408410504,578.9314879605881,569.8485120394118,567.0416591589495,,,
2023-08-07 09:40:00,SBIN,572.25,572.85,571.9,572.8,374463,2.4354823043699065,574.1800000000001,580.5560926728405,578.1206103684706,570.2393896315295,567.8039073271597,,,
2023-08-07 09:45:00,SBIN,572.8,573.5,571.15,571.75,432657,2.4183858434959298,573.875,580.2063341382724,577.7879482947765,569.9620517052235,567.5436658617276,,,
2023-08-07 09:50:00,SBIN,571.85,571.85,570.6,571.1,395313,2.184708674796744,573.6125,579.3320673106178,577.1473586358211,570.0776413641788,567.8929326893821,,,
2023-08-07 09:55:00,SBIN,571.3,571.3,570.45,570.85,258674,1.9177669398373771,573.365,578.3857138484942,576.4679469086569,570.2620530913431,568.3442861515058,,,
2023-08-07 10:00:00,SBIN,570.85,570.95,569.6,570.8,398606,1.8042135518699065,573.0625,577.7859310787954,575.9817175269255,570.1432824730745,568.3390689212046,,,
2023-08-07 10:05:00,SBIN,570.6,572.2,570.5,571.45,212511,1.7833708414959344,572.8349999999999,577.5038648630363,575.7204940215404,569.9495059784595,568.1661351369636,,,
2023-08-07 10:10:00,SBIN,571.6,571.95,570.65,570.9,212067,1.6866966731967614,572.6,577.0157718904292,575.3290752172323,569.8709247827677,568.1842281095709,,,
2023-08-07 10:15:00,SBIN,571.1,571.5,570.15,570.65,180494,1.6193573385574136,572.385,576.6244775123433,575.0051201737859,569.764879826214,568.1455224876566,,,
2023-08-07 10:20:00,SBIN,570.65,571.0,570.0,571.0,299717,1.4954858708459309,572.195,576.1101820098747,574.6146961390288,569.7753038609713,568.2798179901254,,,
2023-08-07 10:25:00,SBIN,570.8,571.3,570.5,571.1,233697,1.3563886966767358,572.1324999999999,575.6835256078996,574.3271369112229,569.937863088777,568.5814743921003,,,
2023-08-07 10:30:00,SBIN,571.2,572.0,570.65,571.05,226861,1.355110957341393,571.965,575.5126804863198,574.1575695289785,569.7724304710216,568.4173195136802,,,
2023-08-07 10:35:00,SBIN,571.25,571.65,570.8,571.0,173399,1.254088765873119,571.8199999999999,575.1032043890558,573.8491156231827,569.7908843768172,568.5367956109441,,,
2023-08-07 10:40:00,SBIN,571.15,571.55,570.55,570.75,373420,1.2032710126984951,571.7425000000001,574.8926635112447,573.6893924985462,569.7956075014539,568.5923364887554,,,
2023-08-07 10:45:00,SBIN,570.85,571.2,569.1,569.5,761251,1.3826168101588008,571.5675,575.1871908089958,573.804573998837,569.330426001163,567.9478091910042,,,
2023-08-07 10:50:00,SBIN,569.5,570.05,568.0,568.2,455517,1.5160934481270316,571.3174999999999,575.2866326471965,573.7705391990694,568.8644608009304,567.3483673528033,,,
2023-08-07 10:55:00,SBIN,568.1,568.85,567.15,568.35,665192,1.5528747585016345,571.0649999999999,575.1304261177572,573.5775513592556,568.5524486407443,566.9995738822427,,,
2023-08-07 11:00:00,SBIN,568.5,568.6,567.85,568.05,253475,1.3922998068013075,570.8125,574.4575408942059,573.0652410874045,568.5597589125955,567.1674591057941,,,
2023-08-07 11:05:00,SBIN,568.1,568.35,567.6,568.1,224213,1.263839845441046,570.5074999999999,573.8162327153645,572.5523928699236,568.4626071300763,567.1987672846353,,,
2023-08-07 11:10:00,SBIN,568.1,568.75,567.9,568.2,248909,1.1810718763528414,570.3925,573.4845461722917,572.3034742959389,568.4815257040611,567.3004538277083,,,
2023-08-07 11:15:00,SBIN,568.2,568.65,568.0,568.3,186777,1.0748575010822687,570.1949999999999,573.0089769378333,571.9341194367511,568.4558805632488,567.3810230621666,,,
2023-08-07 11:20:00,SBIN,568.4,568.95,568.2,568.55,621493,1.009886000865815,569.9825,572.6263815502666,571.6164955494008,568.3485044505991,567.3386184497333,,,
2023-08-07 11:25:00,SBIN,568.3,568.55,568.05,568.35,183913,0.907908800692652,569.8125,572.1894052402133,571.2814964395208,568.3435035604792,567.4355947597867,,568.05,
2023-08-07 11:30:00,SBIN,568.45,568.45,567.7,568.3,231824,0.8763270405541217,569.6725,571.9667241921707,571.0903971516166,568.2546028483835,567.3782758078294,,,
2023-08-07 11:35:00,SBIN,568.25,568.6,568.0,568.25,129374,0.821061632443302,569.5425,571.6920393537366,570.8709777212932,568.2140222787068,567.3929606462634,,,
2023-08-07 11:40:00,SBIN,568.25,571.0,568.25,570.45,500934,1.2068493059546417,569.525,572.6845314829892,571.4776821770346,567.5723178229654,566.3654685170108,,,
2023-08-07 11:45:00,SBIN,570.4,570.65,570.0,570.1,539886,1.0954794447637088,569.4575,572.3254651863914,571.2299857416276,567.6850142583723,566.5895348136086,,,
2023-08-07 11:50:00,SBIN,570.15,570.7,569.4,569.6,391162,1.1363835558109807,569.3925,572.3675521491132,571.2311685933022,567.5538314066979,566.4174478508869,,,
2023-08-07 11:55:00,SBIN,569.65,570.4,569.5,570.05,366262,1.0891068446487802,569.3625,572.2137817192904,571.1246748746416,567.6003251253583,566.5112182807095,,,
2023-08-07 12:00:00,SBIN,570.05,570.6,569.9,570.4,185119,1.0112854757190333,569.3325,571.9800453754324,570.9687598997134,567.6962401002866,566.6849546245676,,,
2023-08-07 12:05:00,SBIN,570.4,570.5,569.35,569.4,363810,1.039028380575222,569.2475000000001,571.9676763003459,570.9286479197708,567.5663520802293,566.5273236996542,,,
2023-08-07 12:10:00,SBIN,569.35,569.95,569.1,569.65,362559,1.0012227044601822,569.1775,571.7987010402768,570.7974783358165,567.5575216641835,566.5562989597232,,,
2023-08-07 12:15:00,SBIN,569.45,569.95,569.2,569.65,128732,0.9509781635681459,569.1099999999999,571.5996608322213,570.6486826686531,567.5713173313467,566.6203391677785,,,
2023-08-07 12:20:00,SBIN,569.6,570.2,569.45,570.05,89034,0.9107825308545168,569.075,571.4594286657772,570.5486461349227,567.6013538650774,566.6905713342229,,,
2023-08-07 12:25:00,SBIN,570.2,570.4,569.75,570.05,206331,0.8586260246836089,569.1025,571.3503829326216,570.491756907938,567.7132430920619,566.8546170673783,,,
2023-08-07 12:30:00,SBIN,570.1,570.15,569.35,569.9,109708,0.8469008197468781,569.1875,571.4046863460974,570.5577855263505,567.8172144736495,566.9703136539026,,,
2023-08-07 12:35:00,SBIN,569.85,570.0,569.35,569.55,82638,0.807520655797498,569.2475000000001,571.3615890768779,570.5540684210804,567.9409315789197,567.1334109231223,,,
2023-08-07 12:40:00,SBIN,569.55,569.75,569.35,569.55,73951,0.7260165246379939,569.3225,571.2232112615022,570.4971947368642,568.1478052631358,567.4217887384978,,,
2023-08-07 12:45:00,SBIN,569.55,569.75,569.2,569.25,182894,0.690813219710386,569.38,571.1885490092018,570.4977357894913,568.2622642105086,567.5714509907982,,,
2023-08-07 12:50:00,SBIN,569.2,569.75,568.75,569.75,220940,0.7526505757683088,569.4575,571.4279392073614,570.6752886315932,568.2397113684068,567.4870607926385,,,
2023-08-07 12:55:00,SBIN,569.75,570.0,567.7,567.75,461397,1.062120460614638,569.4300000000001,572.2106313658892,571.1485109052745,567.7114890947256,566.6493686341109,,,
2023-08-07 13:00:00,SBIN,567.75,568.35,567.5,568.05,548869,1.0196963684917149,569.405,572.0745650927113,571.0548687242195,567.7551312757804,566.7354349072887,,,
2023-08-07 13:05:00,SBIN,568.1,568.9,568.0,568.9,269929,0.9957570947933674,569.4325,572.0393920741691,571.0436349793757,567.8213650206243,566.8256079258309,,,
2023-08-07 13:10:00,SBIN,568.9,568.95,568.2,568.65,163243,0.946605675834694,569.45,571.9282136593353,570.9816079835006,567.9183920164995,566.9717863406648,,,
2023-08-07 13:15:00,SBIN,568.65,569.55,568.2,569.4,267758,1.0272845406677371,569.5074999999999,572.1969309274681,571.1696463868003,567.8453536131996,566.8180690725318,,,
2023-08-07 13:20:00,SBIN,569.35,569.4,568.5,568.85,320391,1.0018276325341853,569.4275,572.0502847419745,571.0484571094403,567.8065428905597,566.8047152580256,,,
2023-08-07 13:25:00,SBIN,568.9,569.0,568.35,568.8,247953,0.9314621060273437,569.3625,571.8010677935796,570.8696056875522,567.8553943124477,566.9239322064203,,,
2023-08-07 13:30:00,SBIN,568.8,568.95,567.75,567.85,510497,0.985169684821884,569.275,571.8541742348636,570.8690045500418,567.6809954499581,566.6958257651363,,,
2023-08-07 13:35:00,SBIN,567.9,569.0,567.6,568.95,415909,1.0681357478575029,569.22,572.016379387891,570.9482436400334,567.4917563599666,566.4236206121091,,,
2023-08-07 13:40:00,SBIN,569.0,569.45,568.7,568.9,420431,1.0045085982860025,569.145,571.7748035103127,570.7702949120268,567.5197050879732,566.5151964896872,,,
2023-08-07 13:45:00,SBIN,569.0,569.0,567.8,568.2,316926,1.043606878628811,569.0849999999999,571.8171628082501,570.7735559296214,567.3964440703785,566.3528371917497,,,
2023-08-07 13:50:00,SBIN,568.2,568.5,567.95,568.5,226100,0.9448855029030397,569.0274999999999,571.5012102466001,570.556324743697,567.4986752563028,566.5537897533998,,,
2023-08-07 13:55:00,SBIN,568.5,568.95,567.8,568.0,261340,0.98590840232245,568.9449999999999,571.5261081972801,570.5401997949576,567.3498002050422,566.3638918027198,,,
2023-08-07 14:00:00,SBIN,568.0,568.3,567.65,567.8,261990,0.9187267218579556,568.8325,571.2377265578241,570.3189998359661,567.3460001640339,566.4272734421759,,,
2023-08-07 14:05:00,SBIN,567.85,567.9,567.1,567.5,531214,0.8949813774863554,568.705,571.0480612462593,570.1530798687729,567.2569201312272,566.3619387537408,,,
2023-08-07 14:10:00,SBIN,567.5,567.75,566.9,567.1,559938,0.885985101989089,568.565,570.8845089970075,569.9985238950184,567.1314761049817,566.2454910029926,,,
2023-08-07 14:15:00,SBIN,567.0,567.25,566.7,567.0,458507,0.8187880815912622,568.4375,570.5810871976059,569.7622991160147,567.1127008839853,566.2939128023941,,,
2023-08-07 14:20:00,SBIN,566.8,568.4,566.7,567.2,507313,0.9950304652729962,568.3199999999999,570.9249897580846,569.9299592928116,566.7100407071882,565.7150102419153,,,
2023-08-07 14:25:00,SBIN,567.35,568.9,567.1,567.95,562705,1.156024372218388,568.255,571.2814718064677,570.1254474342494,566.3845525657506,565.2285281935323,,,
2023-08-07 14:30:00,SBIN,568.0,568.4,567.05,567.2,406013,1.194819497774715,568.1274999999999,571.2555374451741,570.0607179473994,566.1942820526004,564.9994625548258,,,
2023-08-07 14:35:00,SBIN,567.2,567.4,566.9,567.2,480405,1.0558555982197722,568.1,570.8642299561394,569.8083743579197,566.3916256420804,565.3357700438606,,,
2023-08-07 14:40:00,SBIN,567.05,567.6,567.0,567.6,353188,0.9646844785758223,568.0775000000001,570.6030439649116,569.6383594863357,566.5166405136645,565.5519560350886,,,
2023-08-07 14:45:00,SBIN,567.6,568.1,567.3,567.75,531738,0.9317475828606716,568.02,570.4593151719292,569.5275675890686,566.5124324109314,565.5806848280707,,,
2023-08-07 14:50:00,SBIN,567.65,567.8,566.65,566.8,930690,0.9753980662885328,567.9275,570.4810921375434,569.5056940712549,566.3493059287451,565.3739078624566,,,
2023-08-07 14:55:00,SBIN,567.15,567.75,566.85,567.6,428703,0.9703184530308353,567.8375,570.3777937100347,569.4074752570039,566.2675247429961,565.2972062899653,,,
2023-08-07 15:00:00,SBIN,567.75,568.1,567.2,567.3,611195,0.9562547624246638,567.76,570.2634749680277,569.3072202056031,566.2127797943969,565.2565250319723,,,
2023-08-07 15:05:00,SBIN,567.35,568.1,567.0,567.95,719823,0.9850038099397356,567.7175,570.2962399744222,569.3112361644825,566.1237638355175,565.1387600255778,,,
2023-08-07 15:10:00,SBIN,568.0,568.45,567.85,568.25,709065,0.9080030479517931,567.7375,570.1146519795377,569.206648931586,566.268351068414,565.3603480204622,,,
2023-08-07 15:15:00,SBIN,568.25,568.7,567.6,567.85,879833,0.946402438361439,567.6825,570.1601815836302,569.2137791452689,566.1512208547312,565.2048184163698,,,
2023-08-07 15:20:00,SBIN,567.8,568.2,567.45,567.85,745058,0.9071219506891512,567.63,570.0048452669042,569.097723316215,566.162276683785,565.2551547330958,,,
2023-08-07 15:25:00,SBIN,567.85,568.35,567.6,568.05,437078,0.8756975605513211,567.6225000000001,569.9150762135234,569.0393786529721,566.205621347028,565.3299237864767,568.35,,-0.3000000000000682
2023-08-08 09:15:00,SBIN,571.0,571.65,570.15,571.55,705710,1.4205580484410616,567.775,571.4940209708187,570.0734629223776,565.4765370776223,564.0559790291812,,,
2023-08-08 09:20:00,SBIN,571.5,571.55,570.0,570.45,528641,1.4464464387528402,567.8975,571.684296776655,570.2378503379022,565.5571496620979,564.1107032233451,,,
2023-08-08 09:25:00,SBIN,570.4,570.6,569.4,570.2,374629,1.3971571510022813,568.0175,571.675257421324,570.2781002703217,565.7568997296784,564.3597425786761,570.6,,
2023-08-08 09:30:00,SBIN,570.15,570.95,569.55,569.7,394418,1.3977257208018434,568.1274999999999,571.7867459370592,570.3890202162573,565.8659797837425,564.4682540629407,,,
2023-08-08 09:35:00,SBIN,569.7,569.85,568.7,569.5,463346,1.3481805766414703,568.2475,571.7770367496473,570.4288561730059,566.066143826994,564.7179632503526,,,
2023-08-08 09:40:00,SBIN,569.5,570.05,569.05,569.85,238119,1.2785444613131762,568.39,571.7372293997179,570.4586849384048,566.3213150615952,565.0427706002821,,,
2023-08-08 09:45:00,SBIN,569.9,570.85,569.9,570.5,252117,1.222835569050541,568.5550000000001,571.7563835197744,570.5335479507238,566.5764520492763,565.3536164802257,,,
2023-08-08 09:50:00,SBIN,570.55,570.55,569.5,570.5,175435,1.1882684552404237,568.6825,571.7933868158194,570.605118360579,566.759881639421,565.5716131841806,,,
2023-08-08 09:55:00,SBIN,570.45,572.0,570.25,572.0,425949,1.3006147641923391,568.9225,572.3275094526556,571.0268946884632,566.8181053115368,565.5174905473444,,,
2023-08-08 10:00:00,SBIN,572.0,572.45,571.65,572.3,452446,1.200491811353885,569.1775,572.3203875621244,571.1198957507706,567.2351042492294,566.0346124378756,,,
2023-08-08 10:05:00,SBIN,572.4,572.4,571.4,571.7,270114,1.160393449083108,569.3824999999999,572.4204100496995,571.2600166006164,567.5049833993835,566.3445899503004,,,
2023-08-08 10:10:00,SBIN,571.55,573.3,571.55,572.8,530854,1.2783147592664865,569.635,572.9816280397597,571.7033132804931,567.5666867195068,566.2883719602403,,,
2023-08-08 10:15:00,SBIN,572.85,572.9,571.3,572.5,1343343,1.3426518074131937,569.9200000000001,573.4350624318079,572.0924106243946,567.7475893756056,566.4049375681923,,,
2023-08-08 10:20:00,SBIN,572.5,573.0,572.25,572.7,316641,1.224121445930555,570.175,573.3797499454462,572.1556284995156,568.1943715004843,566.9702500545537,,,
2023-08-08 10:25:00,SBIN,572.8,572.95,572.0,572.4,175252,1.169297156744453,570.4300000000001,573.491219956357,572.3219227996126,568.5380772003875,567.3687800436431,,,
2023-08-08 10:30:00,SBIN,572.5,572.9,572.1,572.7,200973,1.0954377253955534,570.6675,573.5353559650856,572.43991823969,568.8950817603101,567.7996440349144,,,
2023-08-08 10:35:00,SBIN,572.7,574.0,572.7,573.7,401121,1.1363501803164335,570.94,573.9149647720685,572.778614591752,569.1013854082481,567.9650352279316,,,
2023-08-08 10:40:00,SBIN,573.75,574.25,573.3,574.0,300500,1.099080144253156,571.2475000000001,574.1248918176548,573.0258116734017,569.4691883265984,568.3701081823453,,,
2023-08-08 10:45:00,SBIN,573.95,574.0,572.3,572.45,248742,1.2192641154025339,571.4775,574.6695334541238,573.4502693387212,569.5047306612787,568.2854665458761,,,
2023-08-08 10:50:00,SBIN,572.45,572.7,571.55,572.0,255791,1.2054112923220455,571.675,574.830766763299,573.6253554709771,569.7246445290228,568.5192332367009,,,
2023-08-08 10:55:00,SBIN,572.25,572.75,571.8,571.85,171010,1.1543290338576455,571.69,574.7120334106394,573.5577043767818,569.8222956232183,568.6679665893607,,,
2023-08-08 11:00:00,SBIN,571.85,572.4,571.1,571.15,232890,1.1834632270861074,571.725,574.8233067285114,573.6398435014254,569.8101564985747,568.6266932714886,,,
2023-08-08 11:05:00,SBIN,571.15,571.55,570.7,571.25,308446,1.1167705816688678,571.7774999999999,574.701205382809,573.5844348011401,569.9705651988597,568.8537946171908,,,
2023-08-08 11:10:00,SBIN,571.3,571.3,570.05,570.3,276844,1.1434164653350942,571.8075000000001,574.8009643062474,573.6575478409123,569.9574521590879,568.8140356937529,,,
2023-08-08 11:15:00,SBIN,570.3,570.35,569.3,569.7,301035,1.124733172268089,571.8175,574.7620514449978,573.6373182727298,569.9976817272702,568.8729485550022,,569.3,0.5
2023-08-08 11:20:00,SBIN,569.65,570.0,569.05,569.55,269565,1.0897865378144804,571.8025,574.6555611559983,573.5657746181838,570.0392253818162,568.9494388440017,,,
2023-08-08 11:25:00,SBIN,569.65,570.2,569.3,569.5,137019,1.0518292302516026,571.7525,574.5061889247987,573.4543596945472,570.0506403054529,568.9988110752014,,,
2023-08-08 11:30:00,SBIN,569.45,569.85,568.55,569.6,255242,1.1014633842012957,571.7075,574.5911311398389,573.4896677556377,569.9253322443623,568.823868860161,,,
2023-08-08 11:35:00,SBIN,569.5,570.25,569.25,570.25,181340,1.0811707073610366,571.62,574.4505049118712,573.3693342045102,569.8706657954898,568.7894950881288,,569.25,
2023-08-08 11:40:00,SBIN,570.2,571.0,570.05,570.95,200381,1.0549365658888383,571.5525,574.3143239294969,573.2593873636082,569.8456126363918,568.7906760705031,,,
2023-08-08 11:45:00,SBIN,570.95,571.0,570.05,570.8,160479,1.0339492527110798,571.5074999999999,574.2143791435975,573.1804298908864,569.8345701091134,568.8006208564024,,,
2023-08-08 11:50:00,SBIN,570.95,572.0,570.5,571.4,263727,1.127159402168864,571.4375,574.3884033148781,573.2612439127092,569.6137560872908,568.4865966851219,,,
2023-08-08 11:55:00,SBIN,571.45,571.65,570.5,570.75,330070,1.1317275217350868,571.35,574.3128626519025,573.1811351301674,569.5188648698327,568.3871373480976,,,
2023-08-08 12:00:00,SBIN,570.75,571.15,570.3,570.75,514788,1.0753820173880742,571.2525,574.067850121522,572.992468104134,569.5125318958661,568.4371498784781,,,
2023-08-08 12:05:00,SBIN,570.6,571.55,570.3,571.3,253469,1.1103056139104592,571.1975,574.1042800972176,572.9939744833072,569.4010255166928,568.2907199027824,,,
2023-08-08 12:10:00,SBIN,571.35,571.55,570.7,571.45,256096,1.0582444911283493,571.135,573.905484077774,572.8472395866456,569.4227604133544,568.364515922226,,,
2023-08-08 12:15:00,SBIN,571.45,571.7,571.05,571.1,248787,0.9765955929026977,571.0049999999999,573.5617272622192,572.5851316693164,569.4248683306834,568.4482727377806,,,
2023-08-08 12:20:00,SBIN,571.1,571.25,570.5,571.15,159106,0.9312764743221582,570.8625,573.3005818097754,572.3693053354532,569.3556946645467,568.4244181902245,,,
2023-08-08 12:25:00,SBIN,571.1,571.25,571.0,571.0,156443,0.7950211794577267,570.7900000000001,572.8713654478204,572.0763442683627,569.5036557316374,568.7086345521798,,,
2023-08-08 12:30:00,SBIN,571.0,571.6,570.65,571.45,229368,0.8260169435661904,570.7625,572.9250123582564,572.0989954146902,569.4260045853099,568.5999876417437,,,
2023-08-08 12:35:00,SBIN,571.35,571.6,570.7,570.8,118604,0.8408135548529478,570.71,572.9112498866051,572.0704363317521,569.3495636682479,568.508750113395,,,
2023-08-08 12:40:00,SBIN,570.8,571.4,570.6,570.7,186455,0.8326508438823492,570.6875,572.867379909284,572.0347290654016,569.3402709345984,568.507620090716,,,
2023-08-08 12:45:00,SBIN,570.7,571.4,570.6,571.3,161765,0.8261206751058704,570.69,572.8527839274273,572.0266632523213,569.3533367476788,568.5272160725729,,,
2023-08-08 12:50:00,SBIN,571.25,571.3,570.65,570.75,169896,0.7908965400846918,570.7125,572.7830671419417,571.992170601857,569.432829398143,568.6419328580582,,,
2023-08-08 12:55:00,SBIN,570.75,571.1,569.8,569.85,291962,0.8927172320677671,570.72,573.0571337135534,572.1644164814857,569.2755835185144,568.3828662864466,,,
2023-08-08 13:00:00,SBIN,569.75,570.4,569.6,570.1,367848,0.8741737856542047,570.7475,573.0360869708427,572.1619131851885,569.3330868148114,568.4589130291572,,,
2023-08-08 13:05:00,SBIN,570.25,571.2,569.85,570.7,344302,0.9693390285233684,570.8075,573.3452295766742,572.3758905481508,569.2391094518492,568.2697704233258,,,
2023-08-08 13:10:00,SBIN,570.7,570.8,570.25,570.75,142361,0.8854712228186856,570.865,573.1831636613393,572.2976924385207,569.4323075614793,568.5468363386607,,,
2023-08-08 13:15:00,SBIN,570.75,570.9,570.3,570.9,156630,0.828376978254953,570.8975,573.0661909290715,572.2378139508165,569.5571860491835,568.7288090709286,,,
2023-08-08 13:20:00,SBIN,570.95,571.35,570.45,570.45,128664,0.842701582603958,570.8725000000001,573.0786927432572,572.2359911606533,569.5090088393468,568.6663072567429,,,
2023-08-08 13:25:00,SBIN,570.45,570.95,570.45,570.5,149619,0.7741612660831664,570.8575000000001,572.8842541946058,572.1100929285226,569.6049070714776,568.8307458053944,,,
2023-08-08 13:30:00,SBIN,570.55,570.7,570.2,570.4,160825,0.7193290128665332,570.8075,572.6907033556846,571.9713743428181,569.6436256571819,568.9242966443154,,,
2023-08-08 13:35:00,SBIN,570.3,570.9,569.85,570.0,259689,0.7854632102932175,570.77,572.8263426845476,572.0408794742544,569.4991205257455,568.7136573154523,,,
2023-08-08 13:40:00,SBIN,570.0,570.55,569.85,569.85,120136,0.7683705682345604,570.725,572.7365941476381,571.9682235794036,569.4817764205965,568.7134058523619,,,
2023-08-08 13:45:00,SBIN,569.85,571.0,569.6,570.4,272007,0.8946964545876438,570.6800000000001,573.0223153181105,572.1276188635229,569.2323811364772,568.3376846818896,,,
2023-08-08 13:50:00,SBIN,570.2,571.75,570.15,571.15,225811,1.0357571636701197,570.665,573.3766122544884,572.3408550908182,568.9891449091817,567.9533877455116,,,
2023-08-08 13:55:00,SBIN,571.15,571.55,570.75,571.0,270425,0.9886057309360867,570.6600000000001,573.2481698035907,572.2595640726547,569.0604359273455,568.0718301964095,,,
2023-08-08 14:00:00,SBIN,571.25,572.5,571.05,572.15,438384,1.0908845847488695,570.7099999999999,573.5659358428725,572.4750512581236,568.9449487418763,567.8540641571274,,,
2023-08-08 14:05:00,SBIN,572.05,572.45,571.5,571.8,315979,1.0627076677991047,570.75,573.5321686742981,572.4694610064989,569.0305389935011,567.9678313257019,,,
2023-08-08 14:10:00,SBIN,571.85,572.25,571.45,571.75,200873,1.0101661342392747,570.7650000000001,573.4096149394385,572.3994488051992,569.130551194801,568.1203850605617,,,
2023-08-08 14:15:00,SBIN,571.75,572.2,571.55,571.75,204696,0.9381329073914381,570.8125,573.2685319515508,572.3303990441593,569.2946009558407,568.3564680484492,,,
2023-08-08 14:20:00,SBIN,571.75,573.2,571.5,572.95,613847,1.0905063259131595,570.925,573.7799455612407,572.6894392353274,569.1605607646725,568.0700544387593,573.2,,2.7000000000000455
2023-08-08 14:25:00,SBIN,572.95,573.6,571.8,572.25,776009,1.2324050607305415,570.9725,574.1989364489925,572.966531388262,568.978468611738,567.7460635510074,,,
2023-08-08 14:30:00,SBIN,572.4,572.7,571.7,572.05,470111,1.1859240485844331,571.0375,574.1422491591941,572.9563251106097,569.1186748893904,567.932750840806,,,
2023-08-08 14:35:00,SBIN,572.0,572.95,571.4,571.65,490468,1.2587392388675602,571.1275,574.4228793273553,573.1641400884878,569.0908599115123,567.8321206726448,,,
2023-08-08 14:40:00,SBIN,571.6,571.85,570.8,571.2,304903,1.216991391094062,571.1825,574.3685834618842,573.1515920707902,569.2134079292098,567.9964165381158,,,
2023-08-08 14:45:00,SBIN,571.3,572.7,571.0,571.9,471711,1.3135931128752587,571.2425000000001,574.6814867695075,573.3678936566322,569.1171063433679,567.8035132304926,,,
2023-08-08 14:50:00,SBIN,571.9,572.3,571.1,571.7,429083,1.2908744903001934,571.29,574.6695094156058,573.3786349253057,569.2013650746942,567.9104905843941,,,
2023-08-08 14:55:00,SBIN,571.7,572.65,571.6,572.3,374718,1.2426995922401456,571.36,574.6133875324847,573.3706879402446,569.3493120597554,568.1066124675153,,,
2023-08-08 15:00:00,SBIN,572.35,573.0,572.15,572.5,514971,1.1641596737921212,571.4625,574.5102700259878,573.3461103521956,569.5788896478043,568.4147299740122,,,
2023-08-08 15:05:00,SBIN,572.5,573.5,572.35,573.3,662020,1.1613277390336925,571.6025,574.6428560207902,573.4815282817565,569.7234717182434,568.5621439792097,,,
2023-08-08 15:10:00,SBIN,573.25,573.4,572.5,572.5,394342,1.1090621912269494,571.7075,574.6110248166322,573.5019626254052,569.9130373745948,568.8039751833678,,,
2023-08-08 15:15:00,SBIN,572.55,573.6,572.5,573.55,578844,1.1072497529815641,571.885,574.7837798533058,573.6765301003242,570.0934698996758,568.9862201466942,,,
2023-08-08 15:20:00,SBIN,573.55,573.65,573.05,573.25,504747,1.005799802385256,572.055,574.6881838826446,573.6823840802593,570.4276159197406,569.4218161173553,,,
2023-08-08 15:25:00,SBIN,573.3,573.9,573.25,573.7,694850,0.9346398419082003,572.22,574.6668871061157,573.7322472642074,570.7077527357926,569.7731128938843,,,
2023-08-09 09:15:00,SBIN,575.0,575.0,572.3,572.55,753882,1.2877118735265694,572.29,575.6612296848925,574.3735178113659,570.206482188634,568.9187703151074,,,
2023-08-09 09:20:00,SBIN,572.7,572.95,572.3,572.75,269835,1.1601694988212736,572.3774999999999,575.414823747914,574.2546542490927,570.5003457509072,569.3401762520858,,,
2023-08-09 09:25:00,SBIN,572.6,572.85,570.5,570.8,441083,1.3981355990570234,572.3100000000001,575.9703189983313,574.5721833992743,570.0478166007258,568.6496810016688,,,
2023-08-09 09:30:00,SBIN,571.1,571.5,570.3,571.45,232567,1.358508479245628,572.2924999999999,575.849075198665,574.4905667194193,570.0944332805805,568.7359248013348,,,
2023-08-09 09:35:00,SBIN,571.35,571.65,571.05,571.6,237099,1.2068067833965068,572.285,575.4444201589321,574.2376133755355,570.3323866244644,569.1255798410679,,,
2023-08-09 09:40:00,SBIN,571.5,571.6,570.45,570.65,316158,1.195445426717201,572.2299999999999,575.3596761271456,574.1642307004283,570.2957692995715,569.1003238728542,,,
2023-08-09 09:45:00,SBIN,570.65,571.0,570.05,570.5,249011,1.1463563413737698,572.1075,575.1086609017165,573.9623045603428,570.2526954396571,569.1063390982835,,,
2023-08-09 09:50:00,SBIN,570.4,570.4,569.1,569.75,513415,1.1770850730990068,571.9825,575.0641087213731,573.8870236482742,570.0779763517257,568.9008912786268,,,
2023-08-09 09:55:00,SBIN,569.7,570.2,569.35,570.1,254620,1.11166805847921,571.885,574.7953469770986,573.6836789186193,570.0863210813807,568.9746530229014,,,
2023-08-09 10:00:00,SBIN,570.1,570.65,569.8,570.55,176187,1.0593344467833725,571.8299999999999,574.6033375816788,573.5440031348954,570.1159968651044,569.056662418321,,,
2023-08-09 10:05:00,SBIN,570.5,570.6,570.2,570.4,135718,0.9274675574266935,571.7900000000001,574.2181100653431,573.2906425079165,570.2893574920837,569.361889934657,,,
2023-08-09 10:10:00,SBIN,570.4,570.4,569.65,569.65,147000,0.8919740459413549,571.6775,574.0126880522745,573.1207140063332,570.2342859936668,569.3423119477255,,,
2023-08-09 10:15:00,SBIN,569.65,570.5,569.55,570.2,197051,0.903579236753093,571.6025,573.9680704418196,573.0644912050665,570.1405087949335,569.2369295581803,,,
2023-08-09 10:20:00,SBIN,570.15,570.4,569.7,569.95,178855,0.8628633894024609,571.4849999999999,573.7439763534555,572.881112964053,570.0888870359468,569.2260236465443,,,
2023-08-09 10:25:00,SBIN,569.95,570.35,569.7,570.2,164700,0.8202907115219642,571.37,573.5175210827645,572.6972303712425,570.0427696287575,569.2224789172355,,,
2023-08-09 10:30:00,SBIN,570.1,570.4,569.85,570.1,126007,0.7662325692175623,571.21,573.2159968662116,572.4497642969941,569.970235703006,569.2040031337884,,,
2023-08-09 10:35:00,SBIN,570.1,570.7,570.0,570.7,129965,0.752986055374059,571.12,573.0913174929693,572.3383314375952,569.9016685624048,569.1486825070307,,,
2023-08-09 10:40:00,SBIN,570.5,570.8,570.25,570.65,107521,0.7123888442992382,570.975,572.8400339943754,572.1276451500762,569.8223548499238,569.1099660056246,,,
2023-08-09 10:45:00,SBIN,570.6,570.65,570.35,570.5,121212,0.6299110754393815,570.8375,572.4866071955003,571.8566961200609,569.8183038799391,569.1883928044997,,,
2023-08-09 10:50:00,SBIN,570.6,570.65,570.1,570.2,135945,0.6139288603514961,570.6625,572.2697657564003,571.6558368960488,569.6691631039513,569.0552342435998,,,
2023-08-09 10:55:00,SBIN,570.15,570.55,570.1,570.4,164956,0.5811430882811832,570.5550000000001,572.0764326051202,571.495289516839,569.6147104831612,569.0335673948799,,,
2023-08-09 11:00:00,SBIN,570.4,570.45,569.6,569.65,201037,0.6349144706249512,570.4,572.0622060840961,571.4272916134712,569.3727083865288,568.7377939159038,,,
2023-08-09 11:05:00,SBIN,569.65,570.0,569.35,570.0,189329,0.6379315764999565,570.3599999999999,572.0301048672768,571.3921732907768,569.327826709223,568.689895132723,,,
2023-08-09 11:10:00,SBIN,569.85,570.2,569.8,570.05,141418,0.5903452611999833,570.2900000000001,571.8355238938217,571.2451786326217,569.3348213673785,568.7444761061785,,,
2023-08-09 11:15:00,SBIN,570.05,570.1,569.35,569.7,191960,0.6222762089599867,570.1949999999999,571.8241191150572,571.2018429060972,569.1881570939026,568.5658808849427,,,
2023-08-09 11:20:00,SBIN,569.7,569.8,568.5,568.55,422946,0.7578209671679803,570.09,572.0739752920458,571.3161543248779,568.8638456751222,568.1060247079542,,,
2023-08-09 11:25:00,SBIN,568.65,569.35,568.45,569.3,202077,0.7862567737343797,570.03,572.0884202336366,571.3021634599022,568.7578365400977,567.9715797663633,,,
2023-08-09 11:30:00,SBIN,569.3,569.4,569.0,569.2,127004,0.7090054189874992,570.0025,571.8586761869093,571.1496707679219,568.8553292320782,568.1463238130908,,,
2023-08-09 11:35:00,SBIN,569.4,569.45,569.0,569.25,101743,0.6572043351900085,569.96,571.6805609495275,571.0233566143374,568.8966433856626,568.2394390504726,,,
2023-08-09 11:40:00,SBIN,569.4,569.45,569.1,569.4,100907,0.5957634681520113,569.9025,571.462208759622,570.86644529147,568.9385547085301,568.3427912403781,,,
2023-08-09 11:45:00,SBIN,569.45,569.55,569.1,569.3,97248,0.5666107745215954,569.8475,571.3308870076975,570.7642762331759,568.930723766824,568.3641129923025,,,
2023-08-09 11:50:00,SBIN,569.3,569.45,569.05,569.4,94789,0.5332886196172945,569.835,571.2311496061582,570.6978609865408,568.9721390134592,568.4388503938419,,,
2023-08-09 11:55:00,SBIN,569.2,570.2,569.1,569.95,178065,0.6466308956938401,569.8225,571.5153796849264,570.8687487892327,568.7762512107673,568.1296203150736,,,
2023-08-09 12:00:00,SBIN,569.85,570.0,569.2,569.75,164051,0.6773047165550631,569.8125,571.5856837479412,570.9083790313861,568.7166209686139,568.0393162520588,,,
2023-08-09 12:05:00,SBIN,569.6,569.8,569.4,569.75,111172,0.621843773244046,569.79,571.4179869983528,570.7961432251088,568.7838567748911,568.1620130016471,,,
2023-08-09 12:10:00,SBIN,569.7,569.8,569.1,569.2,127979,0.6374750185952232,569.745,571.4139095986823,570.7764345800871,568.7135654199129,568.0760904013177,,,
2023-08-09 12:15:00,SBIN,569.25,569.5,569.0,569.05,171843,0.6099800148761785,569.6625,571.2594276789458,570.6494476640697,568.6755523359303,568.0655723210542,,,
2023-08-09 12:20:00,SBIN,569.05,569.3,568.8,569.2,183663,0.5879840119009428,569.59,571.1293421431567,570.5413581312557,568.6386418687443,568.0506578568434,,,
2023-08-09 12:25:00,SBIN,569.1,569.5,569.0,569.35,91460,0.5703872095207543,569.5325,571.0257737145254,570.4553865050046,568.6096134949954,568.0392262854747,,,
2023-08-09 12:30:00,SBIN,569.35,569.9,569.1,569.5,257918,0.6163097676165944,569.4975000000001,571.1109989716203,570.4946892040037,568.5003107959964,567.8840010283798,,,
2023-08-09 12:35:00,SBIN,569.7,570.6,569.45,570.6,285985,0.723047814093271,569.5074999999999,571.4004391772961,570.6773913632029,568.337608636797,567.6145608227038,,,
2023-08-09 12:40:00,SBIN,570.4,570.65,570.1,570.2,160311,0.6884382512746077,569.5350000000001,571.3373313418371,570.6488930905624,568.4211069094378,567.7326686581631,,,
2023-08-09 12:45:00,SBIN,570.2,570.45,569.7,569.95,225247,0.7007506010196862,569.5325,571.3670650734696,570.6663144724499,568.3986855275501,567.6979349265305,,,
2023-08-09 12:50:00,SBIN,569.95,570.6,569.65,570.55,218138,0.750600480815758,569.5575,571.5225720587756,570.7719715779599,568.3430284220401,567.5924279412244,,,
2023-08-09 12:55:00,SBIN,570.6,570.7,569.95,570.05,363803,0.7504803846526065,569.575,571.5397576470206,570.7892772623679,568.3607227376322,567.6102423529795,,,
2023-08-09 13:00:00,SBIN,570.05,570.65,570.0,570.35,191563,0.7303843077220806,569.665,571.5771461176164,570.8467618098942,568.4832381901057,567.7528538823835,,,
2023-08-09 13:05:00,SBIN,570.45,570.6,570.3,570.3,130349,0.6443074461776781,569.715,571.4017968940932,570.7574894479155,568.6725105520845,568.0282031059069,,,
2023-08-09 13:10:00,SBIN,570.3,570.65,570.2,570.6,130959,0.6054459569421289,569.785,571.3700575152744,570.7646115583324,568.8053884416676,568.1999424847255,,,
2023-08-09 13:15:00,SBIN,570.6,570.9,570.4,570.75,190817,0.5843567655537031,569.8599999999999,571.3898460122196,570.8054892466658,568.914510753334,568.3301539877802,,,
2023-08-09 13:20:00,SBIN,570.8,571.5,570.6,571.0,400751,0.647485412442958,569.9399999999999,571.6351168097756,570.9876313973326,568.8923686026673,568.2448831902243,,,
2023-08-09 13:25:00,SBIN,570.9,571.35,570.9,571.1,111842,0.6079883299543755,570.03,571.6217134478205,571.0137251178661,569.0462748821338,568.4382865521794,,,
2023-08-09 13:30:00,SBIN,571.3,571.7,571.0,571.6,149817,0.6263906639635095,570.1400000000001,571.7798907582566,571.153500094293,569.1264999057072,568.5001092417436,,,
2023-08-09 13:35:00,SBIN,571.6,572.2,571.2,571.4,269942,0.7011125311708077,570.2125,572.0480126066052,571.3469000754343,569.0780999245657,568.3769873933948,,,
2023-08-09 13:40:00,SBIN,571.4,571.65,571.35,571.55,127554,0.6208900249366371,570.3025,571.9279900852841,571.3071000603475,569.2978999396526,568.6770099147159,,,
2023-08-09 13:45:00,SBIN,571.5,571.75,570.9,571.0,166106,0.6667120199493143,570.365,572.1104520682273,571.443740048278,569.2862599517221,568.6195479317727,571.75,,
2023-08-09 13:50:00,SBIN,570.9,571.25,570.6,571.05,125877,0.6633696159594469,570.4575,572.1942016545818,571.5308320386224,569.3841679613776,568.7207983454182,,,
2023-08-09 13:55:00,SBIN,571.05,571.4,570.9,571.15,86637,0.6306956927675575,570.5625,572.2136613236655,571.5829656308979,569.5420343691021,568.9113386763345,,,
2023-08-09 14:00:00,SBIN,571.2,571.75,571.2,571.65,109241,0.6245565542140507,570.685,572.3200890589324,571.6955325047182,569.6744674952816,569.0499109410675,,,
2023-08-09 14:05:00,SBIN,571.7,571.9,571.45,571.8,119492,0.5896452433712269,570.8075,572.3511912471458,571.7615460037747,569.8534539962253,569.2638087528542,,,
2023-08-09 14:10:00,SBIN,571.7,572.4,571.65,572.2,237362,0.6217161946969816,570.9424999999999,572.5701529977166,571.9484368030196,569.9365631969802,569.3148470022832,,,
2023-08-09 14:15:00,SBIN,572.2,572.3,571.65,571.8,157484,0.6273729557575807,571.0025,572.6449623981734,572.0175894424158,569.9874105575843,569.3600376018267,,,
2023-08-09 14:20:00,SBIN,571.85,571.9,571.2,571.8,237327,0.6418983646060509,571.0825,572.7629899185387,572.1210915539326,570.0439084460673,569.4020100814613,,,
2023-08-09 14:25:00,SBIN,571.85,572.45,571.55,572.05,209303,0.693518691684859,571.1874999999999,573.0031319348309,572.309613243146,570.0653867568537,569.3718680651689,,,
2023-08-09 14:30:00,SBIN,572.0,572.25,571.65,572.0,138830,0.6748149533478918,571.26,573.0266655478648,572.3518505945169,570.1681494054831,569.4933344521352,,,
2023-08-09 14:35:00,SBIN,572.05,572.45,571.7,572.45,209630,0.6898519626783135,571.38,573.1860324382918,572.4961804756135,570.2638195243865,569.5739675617082,,,
2023-08-09 14:40:00,SBIN,572.45,573.8,572.4,573.35,477810,0.8318815701426463,571.53,573.7078659506334,572.8759843804908,570.1840156195092,569.3521340493666,,,
2023-08-09 14:45:00,SBIN,573.35,573.5,572.7,572.75,186643,0.825505256114108,571.6524999999999,573.8136727605066,572.9881675043925,570.3168324956073,569.4913272394932,,,
2023-08-09 14:50:00,SBIN,572.8,574.1,572.75,574.1,285998,0.9304042048912909,571.8275000000001,574.2632982084054,573.3328940035142,570.322105996486,569.3917017915948,,,
2023-08-09 14:55:00,SBIN,574.05,574.2,573.3,573.6,186807,0.924323363913051,571.97,574.3898785667244,573.4655552028113,570.4744447971888,569.5501214332756,,,
2023-08-09 15:00:00,SBIN,573.55,573.9,573.5,573.75,164225,0.8194586911304362,572.1075000000001,574.2528428533795,573.4333841622491,570.781615837751,569.9621571466206,,,
2023-08-09 15:05:00,SBIN,573.7,574.15,573.7,573.8,231888,0.7455669529043354,572.2425000000001,574.1943942827036,573.4488273297993,571.0361726702008,570.2906057172966,,,
2023-08-09 15:10:00,SBIN,573.9,574.1,573.75,573.95,260313,0.6664535623234729,572.36,574.1047754261629,573.4383218638394,571.2816781361606,570.6152245738372,,,
2023-08-09 15:15:00,SBIN,573.75,574.05,573.4,573.75,323622,0.6631628498587737,572.4775,574.2136603409302,573.5504974910715,571.4045025089284,570.7413396590697,,,
2023-08-09 15:20:00,SBIN,573.7,573.9,573.4,573.75,372282,0.6305302798870189,572.5875,574.2382282727442,573.6076979928572,571.5673020071428,570.9367717272557,,,
2023-08-09 15:25:00,SBIN,573.75,573.9,573.2,573.65,259072,0.6444242239096015,572.72,574.4071026181954,573.7626783942858,571.6773216057143,571.0328973818047,,573.2,-2.6499999999999773
2023-08-10 09:15:00,SBIN,573.75,573.75,571.6,571.75,938898,0.9455393791276767,572.755,575.2304220945563,574.2848827154286,571.2251172845714,570.2795779054437,,,
2023-08-10 09:20:00,SBIN,571.75,572.9,571.6,572.0,408545,1.0164315033021323,572.7975,575.458517675645,574.4420861723429,571.1529138276571,570.136482324355,,,
2023-08-10 09:25:00,SBIN,572.2,572.7,572.05,572.45,399774,0.953145202641715,572.8375,575.332834140516,574.3796889378742,571.2953110621257,570.342165859484,,,
2023-08-10 09:30:00,SBIN,572.45,574.15,572.4,574.05,328709,1.1125161621133721,572.95,575.8625673124128,574.7500511502994,571.1499488497006,570.0374326875873,,,
2023-08-10 09:35:00,SBIN,574.2,574.5,573.25,573.5,309752,1.1400129296906978,573.0150000000001,575.9995538499303,574.8595409202396,571.1704590797606,570.0304461500699,,,
2023-08-10 09:40:00,SBIN,573.5,574.2,573.25,573.45,249213,1.1020103437525675,573.0975,575.9825630799442,574.8805527361916,571.3144472638083,570.2124369200558,,,
2023-08-10 09:45:00,SBIN,573.45,574.2,573.25,573.7,238137,1.071608275002063,573.1925,575.9979704639554,574.9263621889534,571.4586378110466,570.3870295360446,,,
2023-08-10 09:50:00,SBIN,573.7,574.0,572.8,573.3,340580,1.0972866200016596,573.255,576.1276963711643,575.0304097511627,571.4795902488373,570.3823036288356,,,
2023-08-10 09:55:00,SBIN,573.3,573.65,573.05,573.6,269021,0.9978292960013322,573.335,575.9473170969316,574.9494878009302,571.7205121990698,570.7226829030685,,,
2023-08-10 10:00:00,SBIN,573.35,576.85,573.35,575.95,1212575,1.4982634368010659,573.51,577.4324536775451,575.9341902407441,571.0858097592559,569.5875463224548,,,
2023-08-10 10:05:00,SBIN,576.1,576.75,575.6,576.2,586750,1.4286107494408482,573.6524999999999,577.3926029420361,575.9639921925952,571.3410078074046,569.9123970579637,,,
2023-08-10 10:10:00,SBIN,576.1,577.45,575.8,577.45,536117,1.4728885995526968,573.8875,577.743522353629,576.2706337540764,571.5043662459237,570.0314776463711,,,
2023-08-10 10:15:00,SBIN,577.5,577.6,575.7,576.0,532223,1.558310879642153,573.9825,578.0621578829031,576.503847003261,571.461152996739,569.9028421170968,,,
2023-08-10 10:20:00,SBIN,576.0,576.3,570.45,571.6,1309496,2.4166487037137045,573.8824999999999,580.2092863063224,577.7926376026087,569.9723623973912,567.5557136936775,,,
2023-08-10 10:25:00,SBIN,571.65,572.45,570.5,571.2,595745,2.3233189629709727,573.755,579.837449045058,577.514130082087,569.995869917913,567.672550954942,,,
2023-08-10 10:30:00,SBIN,571.15,571.6,570.2,571.2,568809,2.1386551703767736,573.625,579.2239992360464,577.0853440656696,570.1646559343304,568.0260007639536,,,
2023-08-10 10:35:00,SBIN,571.2,571.75,570.5,571.4,379386,1.960924136301419,573.4975,578.6311993888371,576.6702752525356,570.3247247474643,568.3638006111628,,,
2023-08-10 10:40:00,SBIN,571.4,571.75,570.85,571.35,345978,1.7487393090411307,573.3775,577.9556995110697,576.2069602020287,570.5480397979715,568.7993004889304,,,
2023-08-10 10:45:00,SBIN,571.35,573.2,571.3,572.5,388760,1.7789914472329227,573.3149999999999,577.9723996088558,576.1934081616228,570.4365918383771,568.6576003911441,,,
2023-08-10 10:50:00,SBIN,572.55,574.8,572.2,573.85,522648,1.94319315778632,573.325,578.4122796870846,576.4690865292984,570.1809134707017,568.2377203129155,,,
2023-08-10 10:55:00,SBIN,573.95,574.35,572.65,572.95,381572,1.8945545262290653,573.385,578.3449437496677,576.4503892234386,570.3196107765614,568.4250562503323,,,
2023-08-10 11:00:00,SBIN,573.15,573.4,572.4,573.25,179052,1.7156436209832522,573.4475,577.9390549997341,576.2234113787509,570.671588621249,568.9559450002658,,,
2023-08-10 11:05:00,SBIN,573.2,574.1,572.5,573.15,232687,1.6925148967866064,573.4825000000001,577.9135039997874,576.2209891030008,570.7440108969994,569.0514960002128,,,
2023-08-10 11:10:00,SBIN,573.1,573.5,572.75,572.85,152064,1.5040119174292852,573.4225,577.3600031998299,575.8559912824006,570.9890087175994,569.4849968001702,,,
2023-08-10 11:15:00,SBIN,572.75,573.65,572.4,573.4,148049,1.4532095339434283,573.4175,577.2220025598639,575.7687930259204,571.0662069740796,569.6129974401362,,,
2023-08-10 11:20:00,SBIN,573.4,574.05,573.3,574.0,180309,1.3125676271547428,573.445,576.8813020478912,575.5687344207364,571.3212655792637,570.008697952109,,,
2023-08-10 11:25:00,SBIN,574.0,574.7,573.55,574.4,263425,1.2800541017238125,573.48,576.831181638313,575.5511275365891,571.408872463411,570.1288183616871,,,
2023-08-10 11:30:00,SBIN,574.35,574.45,573.8,573.9,259086,1.1540432813790682,573.51,576.5312853106504,575.3772420292713,571.6427579707287,570.4887146893495,,,
2023-08-10 11:35:00,SBIN,573.9,574.75,573.85,574.65,335645,1.10323462510325,573.5625,576.4507682485203,575.347533623417,571.777466376583,570.6742317514797,,,
2023-08-10 11:40:00,SBIN,574.65,575.85,574.5,575.45,428405,1.1525877000826048,573.5375,576.5549745988163,575.4023868987337,571.6726131012664,570.5200254011837,,,
2023-08-10 11:45:00,SBIN,575.65,575.65,574.85,574.95,387888,1.082070160066075,573.475,576.307859679053,575.225789518987,571.7242104810131,570.6421403209471,,,
2023-08-10 11:50:00,SBIN,574.95,576.45,574.95,575.75,530632,1.1656561280528601,573.39,576.4416877432424,575.2760316151895,571.5039683848105,570.3383122567576,,,
2023-08-10 11:55:00,SBIN,575.8,576.4,575.75,575.95,374560,1.0625249024422836,573.3875,576.169190194594,575.1066652921517,571.6683347078484,570.6058098054061,,,
2023-08-10 12:00:00,SBIN,575.9,576.2,574.45,574.6,308934,1.200019921953827,573.5375,576.6791521556752,575.4791322337213,571.5958677662787,570.3958478443249,576.2,,
2023-08-10 12:05:00,SBIN,574.75,574.75,574.0,574.3,165808,1.1100159375630616,573.6925,576.5985217245401,575.488505786977,571.896494213023,570.7864782754599,,,
2023-08-10 12:10:00,SBIN,574.25,574.4,572.7,572.7,411272,1.2280127500504356,573.7675,576.9824373796321,575.7544246295816,571.7805753704184,570.552562620368,,,
2023-08-10 12:15:00,SBIN,572.9,573.75,572.5,573.2,309834,1.2324102000403485,573.8575000000001,577.0839499037057,575.8515397036654,571.8634602963348,570.6310500962944,,,
2023-08-10 12:20:00,SBIN,573.15,574.0,572.8,573.85,178233,1.225928160032288,573.9825,577.1919799229645,575.9660517629322,571.9989482370677,570.7730200770354,,,
2023-08-10 12:25:00,SBIN,573.85,574.15,573.0,573.15,151812,1.210742528025826,574.0150000000001,577.1847239383717,575.9739814103459,572.0560185896543,570.8452760616285,,,
2023-08-10 12:30:00,SBIN,573.2,573.55,572.8,573.1,130539,1.1185940224206607,573.9775,576.9059791506972,575.7873851282766,572.1676148717233,571.0490208493027,,,
2023-08-10 12:35:00,SBIN,573.15,573.8,573.0,573.4,112119,1.0548752179365195,574.0,576.7616633205578,575.7067881026213,572.2932118973787,571.2383366794422,,,
2023-08-10 12:40:00,SBIN,573.4,573.7,573.0,573.3,204699,0.9839001743492247,574.0024999999999,576.5783506564462,575.5944504820969,572.410549517903,571.4266493435537,,,
2023-08-10 12:45:00,SBIN,573.35,573.65,572.85,573.2,201016,0.9471201394793708,574.005,576.484560525157,575.5374403856777,572.4725596143223,571.525439474843,,,
2023-08-10 12:50:00,SBIN,573.15,574.85,573.1,574.65,393305,1.1076961115834967,574.095,576.9949484201256,575.8872523085421,572.302747691458,571.1950515798744,,,
2023-08-10 12:55:00,SBIN,574.5,574.7,573.3,573.3,139596,1.1661568892668155,574.0899999999999,577.1429987361005,575.9768418468336,572.2031581531662,571.0370012638994,,,
2023-08-10 13:00:00,SBIN,573.3,573.8,573.05,573.7,125384,1.0829255114134524,574.075,576.9100989888805,575.827173477467,572.3228265225331,571.2399010111196,,,
2023-08-10 13:05:00,SBIN,573.75,573.95,573.15,573.35,222220,1.0263404091307755,574.0225,576.7094591911044,575.6831187819736,572.3618812180265,571.3355408088956,,,
2023-08-10 13:10:00,SBIN,573.25,573.55,572.8,573.25,423320,0.9710723273046205,573.99,576.5322673528835,575.5611950255789,572.4188049744212,571.4477326471165,,,
2023-08-10 13:15:00,SBIN,573.2,574.15,573.0,573.5,432870,1.0068578618436919,573.9325000000001,576.5684538823069,575.5615960204632,572.303403979537,571.2965461176933,,,
2023-08-10 13:20:00,SBIN,573.45,573.7,572.5,572.55,223671,1.0454862894749626,573.7875,576.5245831058455,575.4790968163705,572.0959031836295,571.0504168941545,,,
2023-08-10 13:25:00,SBIN,572.5,572.6,572.0,572.0,329312,0.9563890315799747,573.64,576.1438264846763,575.1874374530964,572.0925625469035,571.1361735153237,,572.0,2.6000000000000227
2023-08-10 13:30:00,SBIN,572.05,572.75,572.0,572.65,257860,0.9151112252639798,573.4849999999999,575.880761187741,574.9656499624771,572.0043500375227,571.0892388122588,,,
2023-08-10 13:35:00,SBIN,572.5,572.95,572.1,572.55,496923,0.9020889802111884,573.3149999999999,575.6766689501928,574.7745799699817,571.8554200300182,570.953331049807,,,
2023-08-10 13:40:00,SBIN,572.5,572.65,572.0,572.15,228734,0.8516711841689463,573.1925,575.4221751601543,574.5705039759854,571.8144960240146,570.9628248398457,,,
2023-08-10 13:45:00,SBIN,572.2,572.5,571.5,572.0,363974,0.8813369473351571,573.0775000000001,575.3848401281235,574.5035031807884,571.6514968192118,570.7701598718767,,,
2023-08-10 13:50:00,SBIN,572.0,572.25,570.75,571.2,452083,1.0050695578681257,573.0024999999999,575.6337721024987,574.6287025446305,571.3762974553694,570.3712278975012,,,
2023-08-10 13:55:00,SBIN,571.1,572.45,571.05,571.6,360494,1.0840556462945188,572.9224999999999,575.760557681999,574.6765020357044,571.1684979642954,570.0844423180008,,,
2023-08-10 14:00:00,SBIN,571.8,572.0,570.7,571.8,550895,1.127244517035606,572.82,575.7711261455993,574.6438816285637,570.9961183714364,569.8688738544008,,,
2023-08-10 14:05:00,SBIN,571.8,573.4,571.45,573.35,371884,1.2917956136284712,572.8299999999999,576.2119209164792,574.9201253028508,570.739874697149,569.4480790835206,,,
2023-08-10 14:10:00,SBIN,573.35,573.55,572.45,572.8,407045,1.2534364909027587,572.815,576.0964967331835,574.8430602422807,570.7869397577194,569.5335032668166,,,
2023-08-10 14:15:00,SBIN,572.9,573.2,572.45,572.45,478931,1.152749192722207,572.7674999999999,575.7853973865467,574.6326481938245,570.9023518061754,569.7496026134531,,,
2023-08-10 14:20:00,SBIN,572.45,572.85,572.1,572.4,203228,1.0721993541777657,572.7225000000001,575.5295179092375,574.4573185550597,570.9876814449404,569.9154820907627,,,
2023-08-10 14:25:00,SBIN,572.5,572.8,572.3,572.3,183457,0.9577594833422126,572.6775,575.18491432739,574.2271548440477,571.1278451559523,570.1700856726101,,,
2023-08-10 14:30:00,SBIN,572.3,572.85,572.25,572.65,207936,0.8862075866737746,572.5775,574.8975914619119,574.0113838752382,571.1436161247618,570.257408538088,,,
2023-08-10 14:35:00,SBIN,572.65,572.8,572.2,572.65,321626,0.8289660693390015,572.545,574.7152331695295,573.8862671001905,571.2037328998094,570.3747668304704,,,
2023-08-10 14:40:00,SBIN,572.6,572.6,571.8,572.25,309091,0.823172855471215,572.4725,574.6275665356236,573.8043936801524,571.1406063198475,570.3174334643763,,,
2023-08-10 14:45:00,SBIN,572.15,572.45,571.7,572.0,349080,0.8085382843769721,572.405,574.5217532284989,573.7132149441219,571.0967850558781,570.288246771501,,,
2023-08-10 14:50:00,SBIN,572.0,572.2,571.4,572.0,317535,0.8068306275015914,572.3425,574.4547825827991,573.6479519552976,571.0370480447024,570.2302174172008,,,
2023-08-10 14:55:00,SBIN,572.0,572.85,571.9,572.5,386697,0.8354645020012823,572.2924999999999,574.4797460662393,573.644281564238,570.9407184357618,570.1052539337605,,,
2023-08-10 15:00:00,SBIN,572.55,573.45,572.5,572.95,278977,0.858371601601035,572.3125,574.5597168529915,573.7013452513904,570.9236547486096,570.0652831470085,,,
2023-08-10 15:05:00,SBIN,573.0,574.4,572.85,574.35,475179,0.996697281280819,572.4300000000001,575.0393534823933,574.0426562011124,570.8173437988877,569.8206465176069,,,
2023-08-10 15:10:00,SBIN,574.3,574.5,573.45,573.6,328705,1.0073578250246462,572.4775,575.1147627859145,574.1074049608899,570.84759503911,569.8402372140854,,,
2023-08-10 15:15:00,SBIN,573.6,574.0,573.05,573.4,382787,0.995886260019726,572.5200000000001,575.1272302287317,574.131343968712,570.9086560312882,569.9127697712685,,,
2023-08-10 15:20:00,SBIN,573.35,574.2,573.1,573.65,450586,1.0167090080157855,572.595,575.2567441829854,574.2400351749695,570.9499648250305,569.9332558170147,,,
2023-08-10 15:25:00,SBIN,573.9,574.25,573.35,574.0,326792,0.9933672064126239,572.6949999999999,575.2956353463882,574.3022681399756,571.0877318600243,570.0943646536117,,,
2023-08-11 09:15:00,SBIN,575.45,575.45,572.5,572.9,585395,1.3846937651301081,572.78,576.4051282771106,575.0204345119805,570.5395654880194,569.1548717228893,,,
2023-08-11 09:20:00,SBIN,572.9,573.4,572.15,573.1,336034,1.3577550121040864,572.855,576.4096026216885,575.0518476095845,570.6581523904156,569.3003973783116,,,
2023-08-11 09:25:00,SBIN,573.05,573.2,572.0,573.0,272851,1.3262040096832783,572.915,576.3870020973508,575.0607980876675,570.7692019123324,569.4429979026492,,,
2023-08-11 09:30:00,SBIN,573.0,573.2,572.5,573.0,361565,1.2009632077466317,572.8975,576.0416216778807,574.840658470134,570.954341529866,569.7533783221194,,,
2023-08-11 09:35:00,SBIN,573.0,573.1,572.5,572.8,123065,1.08077056619731,572.8974999999999,575.7269573423044,574.6461867761071,571.1488132238927,570.0680426576954,,,
2023-08-11 09:40:00,SBIN,572.8,574.95,572.65,574.55,263767,1.3246164529578617,573.0025,576.4703458738437,575.1457294208859,570.8592705791142,569.5346541261564,,,
2023-08-11 09:45:00,SBIN,574.7,574.95,573.85,574.0,202137,1.279693162366294,573.0825000000001,576.432736699075,575.1530435367088,571.0119564632914,569.7322633009252,,,
2023-08-11 09:50:00,SBIN,573.9,574.75,573.55,574.75,174412,1.2637545298930444,573.205,576.5135093592601,575.249754829367,571.1602451706331,569.89649064074,,,
2023-08-11 09:55:00,SBIN,574.75,576.8,574.65,576.45,601510,1.441003623914431,573.395,577.167547487408,575.7265438634935,571.0634561365065,569.622452512592,,,
2023-08-11 10:00:00,SBIN,576.5,576.95,575.1,575.5,317521,1.5228028991315494,573.5375,577.5241979899264,576.0013950907949,571.0736049092052,569.5508020100737,,,
2023-08-11 10:05:00,SBIN,575.45,575.75,575.0,575.65,170871,1.3682423193052395,573.7075,577.2895583919411,575.9213160726358,571.4936839273641,570.1254416080588,,,
2023-08-11 10:10:00,SBIN,575.7,576.0,574.6,575.0,200731,1.374593855444187,573.8575,577.4561867135528,576.0815928581087,571.6334071418912,570.2588132864471,,,
2023-08-11 10:15:00,SBIN,575.0,575.55,574.6,574.95,127781,1.289675084355336,574.005,577.3813693708423,576.0916942864869,571.9183057135131,570.6286306291577,,,
2023-08-11 10:20:00,SBIN,574.85,575.1,574.55,574.75,176880,1.1417400674842824,574.1175000000001,577.1065754966739,575.9648354291896,572.2701645708105,571.1284245033262,,,
2023-08-11 10:25:00,SBIN,574.75,575.0,574.1,574.8,88345,1.0933920539874213,574.2099999999999,577.072500397339,575.9791083433515,572.4408916566483,571.3474996026608,,,
2023-08-11 10:30:00,SBIN,574.9,575.15,574.75,575.0,472891,0.9547136431899326,574.2425,576.7419403178712,575.7872266746813,572.6977733253186,571.7430596821287,,,
2023-08-11 10:35:00,SBIN,574.95,575.2,574.7,574.7,314051,0.8637709145519461,574.2975,576.558852254297,575.6950813397451,572.8999186602549,572.036147745703,,,
2023-08-11 10:40:00,SBIN,574.8,574.9,574.05,574.35,169004,0.8610167316415616,574.345,576.5991418034376,575.738125071796,572.951874928204,572.0908581965624,,,
2023-08-11 10:45:00,SBIN,574.3,574.6,573.8,574.05,187414,0.848813385313263,574.365,576.5871934427502,575.7383800574369,572.9916199425631,572.1428065572499,,,
2023-08-11 10:50:00,SBIN,574.05,574.1,573.25,573.9,160955,0.849050708250615,574.3599999999999,576.5828147542001,575.7337640459494,572.9862359540504,572.1371852457997,,,
2023-08-11 10:55:00,SBIN,573.9,574.3,573.85,574.15,97439,0.7692405666004785,574.4225,576.4363718033601,575.6671312367596,573.1778687632404,572.4086281966399,,,
2023-08-11 11:00:00,SBIN,574.1,574.1,572.8,573.5,256866,0.8753924532803965,574.4425,576.734277442688,575.8588849894077,573.0261150105923,572.150722557312,,,
2023-08-11 11:05:00,SBIN,573.5,574.0,573.3,573.85,133741,0.8403139626243263,574.4849999999999,576.6849419541504,575.8446279915261,573.1253720084737,572.2850580458494,,,
2023-08-11 11:10:00,SBIN,573.85,574.0,573.45,573.55,165216,0.782251170099452,574.5125,576.5604335633204,575.778182393221,573.2468176067791,572.4645664366797,,,
2023-08-11 11:15:00,SBIN,573.55,573.9,573.45,573.45,100556,0.7158009360795481,574.545,576.4189668506563,575.7031659145766,573.3868340854233,572.6710331493437,,,
2023-08-11 11:20:00,SBIN,573.65,574.8,573.5,574.75,551472,0.8426407488636203,574.555,576.7610334805249,575.9183927316612,573.1916072683387,572.348966519475,,,
2023-08-11 11:25:00,SBIN,574.7,575.6,574.5,575.5,765196,0.8941125990909008,574.6299999999999,576.9707867844198,576.076674185329,573.1833258146708,572.2892132155799,,,
2023-08-11 11:30:00,SBIN,575.4,575.6,575.0,575.5,372939,0.8352900792727252,574.6674999999999,576.854289427536,576.0189993482632,573.3160006517367,572.4807105724639,,,
2023-08-11 11:35:00,SBIN,575.55,576.15,575.45,575.95,375521,0.8082320634181666,574.6425,576.7584515420288,575.9502194786106,573.3347805213895,572.5265484579713,,,
2023-08-11 11:40:00,SBIN,575.95,576.75,575.85,576.5,313237,0.8265856507345288,574.6925,576.856501233623,576.0299155828884,573.3550844171116,572.528498766377,,,
2023-08-11 11:45:00,SBIN,576.55,578.5,576.5,578.05,925104,1.061268520587623,574.8125,577.5909009868984,576.5296324663108,573.0953675336892,572.0340990131016,,,
2023-08-11 11:50:00,SBIN,578.05,578.9,577.3,577.7,442800,1.169014816470103,574.9475,578.0079807895187,576.8389659730486,573.0560340269514,571.8870192104813,,,
2023-08-11 11:55:00,SBIN,577.7,578.4,577.3,577.9,268289,1.155211853176087,575.095,578.119344631615,576.964132778439,573.2258672215611,572.070655368385,,,
2023-08-11 12:00:00,SBIN,578.0,578.5,577.7,577.7,170300,1.0841694825408608,575.2425000000001,578.080855705292,576.9966862227511,573.488313777249,572.4041442947081,,,
2023-08-11 12:05:00,SBIN,577.7,578.35,577.5,577.95,283434,1.0373355860326932,575.4,578.1157445642335,577.0784089782009,573.7215910217991,572.6842554357664,,,
2023-08-11 12:10:00,SBIN,577.9,577.95,577.55,577.6,115869,0.9098684688261728,575.53,577.9120356513869,577.0021671825607,574.0578328174392,573.1479643486131,,,
2023-08-11 12:15:00,SBIN,577.6,577.9,577.0,577.1,223238,0.9078947750609337,575.65,578.0268685211095,577.1189737460486,574.1810262539514,573.2731314788905,577.9,,
2023-08-11 12:20:00,SBIN,577.1,577.5,577.05,577.5,126168,0.8163158200487561,575.8075,577.9446148168877,577.1282989968389,574.4867010031611,573.6703851831123,,,
2023-08-11 12:25:00,SBIN,577.45,577.65,576.65,576.8,118679,0.853052656039005,575.945,578.1782918535101,577.3252391974712,574.5647608025289,573.71170814649,,,
2023-08-11 12:30:00,SBIN,576.8,577.05,576.35,576.45,210825,0.8224421248311904,576.0725,578.2256534828081,577.4032113579768,574.7417886420232,573.9193465171919,,,
2023-08-11 12:35:00,SBIN,576.4,577.0,576.4,576.75,83156,0.7779536998649569,576.2025,578.2391827862465,577.4612290863815,574.9437709136184,574.1658172137535,,,
2023-08-11 12:40:00,SBIN,576.75,577.05,576.45,576.7,168931,0.7423629598919473,576.3625,578.306006228997,577.5636432691051,575.1613567308948,574.4189937710029,,,
2023-08-11 12:45:00,SBIN,576.75,577.2,576.4,576.55,129663,0.7538903679135716,576.4975000000001,578.4711849831978,577.7172946152842,575.2777053847159,574.5238150168024,,,
2023-08-11 12:50:00,SBIN,576.5,576.5,574.7,575.5,361080,0.9631122943308483,576.595,579.1164279865582,578.1533156922274,575.0366843077727,574.0735720134419,,,
2023-08-11 12:55:00,SBIN,575.5,576.3,575.15,575.6,152229,1.0004898354646743,576.7025000000001,579.3217823892467,578.321292553782,575.0837074462182,574.0832176107535,,,
2023-08-11 13:00:00,SBIN,575.6,577.95,575.25,577.2,372813,1.3403918683717486,576.825,580.3341459113973,578.9937540430255,574.6562459569745,573.3158540886028,,,
2023-08-11 13:05:00,SBIN,577.3,578.5,576.9,577.6,204015,1.3923134946974034,576.9300000000001,580.5750767291179,579.1827632344205,574.6772367655797,573.2849232708822,,,
2023-08-11 13:10:00,SBIN,577.55,577.75,577.25,577.35,109101,1.2138507957579228,577.0225,580.2003613832943,578.9865105875364,575.0584894124637,573.8446386167058,,,
2023-08-11 13:15:00,SBIN,577.45,577.45,576.45,576.95,127058,1.1710806366063382,577.0725,580.1383891066354,578.967308470029,575.177691529971,574.0066108933646,,,
2023-08-11 13:20:00,SBIN,576.9,577.3,576.9,577.15,89808,1.016864509285066,577.105,579.7671512853083,578.7502867760232,575.4597132239768,574.4428487146918,,,
2023-08-11 13:25:00,SBIN,577.1,577.25,576.65,577.1,86053,0.9334916074280575,577.0575000000001,579.5013810282468,578.5678894208187,575.5471105791815,574.6136189717535,,,
2023-08-11 13:30:00,SBIN,577.0,577.0,576.3,576.4,105991,0.8867932859424551,576.9925000000001,579.3141248225974,578.427331536655,575.5576684633452,574.6708751774028,,,
2023-08-11 13:35:00,SBIN,576.45,577.0,575.6,575.8,139013,0.9894346287539596,576.8875,579.4778398580779,578.4884052293239,575.2865947706762,574.2971601419222,,,
2023-08-11 13:40:00,SBIN,575.75,576.1,575.4,575.65,152858,0.9315477030031768,576.7850000000001,579.2237918864624,578.2922441834593,575.2777558165409,574.3462081135377,,,
2023-08-11 13:45:00,SBIN,575.6,576.65,575.6,576.1,126923,0.9552381624025323,576.6924999999999,579.1933135091697,578.2380753467672,575.1469246532325,574.1916864908301,,,
2023-08-11 13:50:00,SBIN,576.05,576.1,575.5,575.9,112620,0.8841905299220305,576.6075000000001,578.922310807336,578.0381202774139,575.1768797225862,574.2926891926642,,,
2023-08-11 13:55:00,SBIN,575.95,576.1,575.75,575.75,73724,0.7773524239376289,576.5400000000001,578.5751086458688,577.7977562219312,575.282243778069,574.5048913541314,,,
2023-08-11 14:00:00,SBIN,575.8,575.85,574.95,575.6,169957,0.8018819391500986,576.4449999999999,578.5443269166949,577.7424449775448,575.1475550224551,574.345673083305,,,
2023-08-11 14:05:00,SBIN,575.55,575.6,574.55,575.3,127122,0.8515055513200925,576.37,578.599241533356,577.7477359820359,574.9922640179641,574.140758466644,,,
2023-08-11 14:10:00,SBIN,575.3,576.15,575.05,575.85,210964,0.9012044410560786,576.34,578.6993532266848,577.7981487856288,574.8818512143713,573.9806467733152,,,
2023-08-11 14:15:00,SBIN,575.85,576.6,575.5,575.9,141201,0.9409635528448674,576.2975,578.7609425813479,577.819979028503,574.775020971497,573.8340574186522,,,
2023-08-11 14:20:00,SBIN,575.8,576.75,575.75,576.3,218282,0.952770842275894,576.2774999999999,578.7718540650782,577.8190832228023,574.7359167771975,573.7831459349217,,,
2023-08-11 14:25:00,SBIN,576.35,576.9,576.15,576.25,188859,0.9122166738207153,576.2625,578.6506832520627,577.738466578242,574.7865334217581,573.8743167479374,,,
2023-08-11 14:30:00,SBIN,576.2,576.4,576.0,576.3,81254,0.8097733390565678,576.3025,578.4224866016501,577.6127132625935,574.9922867374065,574.1825133983499,,,
2023-08-11 14:35:00,SBIN,576.3,576.35,575.4,575.4,101438,0.8378186712452633,576.2925,578.4859092813201,577.6480906100749,574.9369093899252,574.0990907186799,,,
2023-08-11 14:40:00,SBIN,575.3,575.4,573.75,574.45,409467,1.0002549369962062,576.155,578.773667425056,577.7734124880599,574.5365875119401,573.5363325749439,,573.75,2.6499999999999773
2023-08-11 14:45:00,SBIN,574.45,575.25,574.3,574.55,103641,0.9902039495969741,576.0025,578.5948539400449,577.6046499904479,574.4003500095522,573.4101460599552,,,
2023-08-11 14:50:00,SBIN,574.5,575.2,574.35,574.95,100511,0.9621631596775839,575.8824999999999,578.4014431520359,577.4392799923583,574.3257200076416,573.363556847964,,,
2023-08-11 14:55:00,SBIN,575.0,575.95,574.9,575.4,267580,0.9797305277420808,575.805,578.3699345216287,577.3902039938866,574.2197960061133,573.2400654783712,,,
2023-08-11 15:00:00,SBIN,575.4,575.5,573.75,574.15,300611,1.1337844221936648,575.655,578.623247617303,577.4894631951094,573.8205368048906,572.6867523826969,,,
2023-08-11 15:05:00,SBIN,574.1,574.35,573.7,574.15,212436,1.0370275377549274,575.5074999999999,578.2224380938424,577.1854105560874,573.8295894439125,572.7925619061575,,,
2023-08-11 15:10:00,SBIN,574.05,574.3,573.75,573.9,236409,0.9396220302039329,575.3824999999999,577.8424304750738,576.90280844487,573.8621915551299,572.9225695249261,,,
2023-08-11 15:15:00,SBIN,574.0,574.6,573.8,574.0,707103,0.91169762416316,575.2925,577.6793243800591,576.767626755896,573.817373244104,572.9056756199409,,,
2023-08-11 15:20:00,SBIN,574.0,574.7,573.85,574.5,406080,0.8993580993305327,575.2349999999999,577.5895195040472,576.6901614047167,573.7798385952831,572.8804804959526,,,
2023-08-11 15:25:00,SBIN,574.5,574.65,574.0,574.5,255483,0.8494864794644217,575.155,577.3789556032378,576.5294691237734,573.7805308762265,572.9310443967621,,,
2023-08-14 09:15:00,SBIN,572.95,572.95,565.4,566.25,874834,2.189589183571551,574.6724999999999,580.4048444825902,578.2152552990186,571.1297447009812,568.9401555174096,,,
2023-08-14 09:20:00,SBIN,566.15,566.3,564.1,564.15,521228,2.1916713468572273,574.0925,579.8302955860722,577.638624239215,570.5463757607849,568.3547044139277,,,
2023-08-14 09:25:00,SBIN,564.05,564.2,561.1,562.0,1019928,2.3733370774857865,573.4125,579.6258964688578,577.2525593913721,569.572440608628,567.1991035311422,,,
2023-08-14 09:30:00,SBIN,562.05,562.25,561.25,562.1,561820,2.0986696619886294,572.7524999999999,578.2468171750862,576.1481475130976,569.3568524869023,567.2581828249137,,,
2023-08-14 09:35:00,SBIN,562.1,562.9,561.6,562.65,377176,1.9389357295908944,572.0925,577.1686337400689,575.229698010478,568.9553019895219,567.016366259931,,,
2023-08-14 09:40:00,SBIN,562.65,563.8,562.1,562.7,365919,1.891148583672702,571.4325,576.3835269920552,574.4923784083825,568.3726215916175,566.4814730079448,,,
2023-08-14 09:45:00,SBIN,562.65,563.65,561.75,563.35,377716,1.8929188669381571,570.7850000000001,575.7406615936442,573.847742726706,567.7222572732942,565.829338406356,,,
2023-08-14 09:50:00,SBIN,563.25,563.45,561.9,562.05,309744,1.8243350935505394,570.075,574.8511092749153,573.0267741813648,567.1232258186353,565.2988907250848,,,
2023-08-14 09:55:00,SBIN,561.9,562.8,561.6,562.45,270387,1.699468074840418,569.3825,573.8317074199323,572.1322393450919,566.6327606549082,564.9332925800678,,,
2023-08-14 10:00:00,SBIN,562.45,562.55,561.55,562.15,343018,1.5595744598723345,568.72,572.8029659359458,571.2433914760735,566.1966085239266,564.6370340640542,,,
2023-08-14 10:05:00,SBIN,562.15,562.6,561.5,562.6,252459,1.4676595678978723,568.1275,571.9698327487566,570.5021731808588,565.7528268191413,564.2851672512435,,,
2023-08-14 10:10:00,SBIN,562.6,562.95,562.15,562.9,152872,1.3341276543183116,567.545,571.0377461990053,569.703618544687,565.386381455313,564.0522538009947,,,
2023-08-14 10:15:00,SBIN,563.15,563.5,562.7,563.3,275355,1.2273021234546402,566.9625,570.1755769592042,568.9482748357495,564.9767251642504,563.7494230407957,,,
2023-08-14 10:20:00,SBIN,563.3,563.45,563.15,563.25,217031,1.0418416987637258,566.3549999999999,569.0825415673634,568.0406998685996,564.6693001314002,563.6274584326364,,,
2023-08-14 10:25:00,SBIN,563.25,563.4,562.75,563.3,583510,0.9634733590109761,565.8125,568.3348732538907,567.3713998948798,564.2536001051202,563.2901267461093,,,
2023-08-14 10:30:00,SBIN,563.35,563.65,563.05,563.25,171729,0.8907786872087855,565.2675,567.5995586031127,566.7087799159038,563.8262200840962,562.9354413968874,,,
2023-08-14 10:35:00,SBIN,563.3,563.45,562.05,562.05,387442,0.9926229497670467,564.675,567.2736868824901,566.281063932723,563.0689360672769,562.0763131175098,,,
2023-08-14 10:40:00,SBIN,562.15,562.85,562.05,562.6,207226,0.9540983598136511,564.105,566.6028295059922,565.6487311461785,562.5612688538215,561.6071704940078,,562.05,
2023-08-14 10:45:00,SBIN,562.5,562.55,562.1,562.4,131929,0.8532786878509073,563.5,565.7338836047936,564.8806049169427,562.1193950830573,561.2661163952064,,,
2023-08-14 10:50:00,SBIN,562.35,562.85,562.3,562.55,282428,0.7926229502807396,562.9024999999999,564.9775868838349,564.1849639335542,561.6200360664457,560.827413116165,,,
2023-08-14 10:55:00,SBIN,562.55,563.35,562.35,563.05,186285,0.8340983602245917,562.7425000000001,564.926169507068,564.0920711468434,561.3929288531567,560.5588304929321,,,
2023-08-14 11:00:00,SBIN,563.05,563.2,562.05,562.25,292525,0.8972786881796916,562.6475,564.9965756056545,564.0992969174748,561.1957030825253,560.2984243943456,,,
2023-08-14 11:05:00,SBIN,562.2,562.25,561.5,561.7,418291,0.8678229505437534,562.6324999999999,564.9044604845235,564.0366375339797,561.2283624660201,560.3605395154764,,,
2023-08-14 11:10:00,SBIN,561.7,561.7,560.05,560.5,666875,1.024258360435021,562.5525,565.2340083876189,564.2097500271839,560.8952499728161,559.8709916123811,,,
2023-08-14 11:15:00,SBIN,560.4,560.85,560.2,560.7,189531,0.9494066883480123,562.455,564.9405467100952,563.9911400217471,560.918859978253,559.9694532899049,,,
2023-08-14 11:20:00,SBIN,560.7,561.1,560.1,560.45,334212,0.9595253506784098,562.3425,564.8545373680761,563.8950120173977,560.7899879826023,559.8304626319239,,,
2023-08-14 11:25:00,SBIN,560.4,560.7,560.2,560.7,261709,0.8676202805427279,562.2099999999999,564.4814298944608,563.6138096139181,560.8061903860818,559.938570105539,,,
2023-08-14 11:30:00,SBIN,560.7,560.7,560.0,560.4,369027,0.8340962244341915,562.1274999999999,564.3111639155686,563.4770676911345,560.7779323088654,559.9438360844313,,,
2023-08-14 11:35:00,SBIN,560.4,560.4,560.05,560.1,187581,0.7372769795473577,562.01,563.940191132455,563.2029141529076,560.8170858470924,560.079808867545,,,
2023-08-14 11:40:00,SBIN,560.1,560.45,559.3,559.3,591573,0.8198215836379044,561.8675000000001,564.0137929059641,563.1939713223262,560.5410286776739,559.721207094036,560.45,,-3.300000000000068
2023-08-14 11:45:00,SBIN,559.35,559.75,558.7,558.9,441300,0.8658572669103144,561.6825,563.9493143247712,563.0834570578609,560.2815429421391,559.4156856752288,,,
2023-08-14 11:50:00,SBIN,558.95,559.65,558.7,559.65,304664,0.8826858135282379,561.52,563.8308714598169,562.9481856462887,560.0918143537112,559.2091285401831,,,
2023-08-14 11:55:00,SBIN,559.7,559.85,559.0,559.2,366575,0.876148650822595,561.315,563.6087571678536,562.732608517031,559.897391482969,559.0212428321465,,,
2023-08-14 12:00:00,SBIN,559.2,559.65,558.9,559.35,342403,0.8509189206580761,561.12,563.3477057342828,562.4967868136248,559.7432131863752,558.8922942657172,,,
2023-08-14 12:05:00,SBIN,559.35,559.7,559.3,559.55,233374,0.7607351365264791,560.9325,562.9241045874263,562.1633694508998,559.7016305491002,558.9408954125737,,,
2023-08-14 12:10:00,SBIN,559.55,560.2,559.45,560.0,448966,0.7585881092211834,560.77,562.7559836699411,561.9973955607198,559.5426044392801,558.7840163300589,,,
2023-08-14 12:15:00,SBIN,560.05,560.3,559.5,559.75,347021,0.7668704873769376,560.655,562.6626669359528,561.8957964485759,559.4142035514241,558.6473330640472,,,
2023-08-14 12:20:00,SBIN,559.6,560.0,559.5,559.6,133683,0.7134963899015502,560.505,562.3729335487623,561.6594371588607,559.3505628411393,558.6370664512377,,,
2023-08-14 12:25:00,SBIN,559.6,560.0,559.2,559.95,178210,0.7307971119212311,560.3824999999999,562.2957268390097,561.5649297270885,559.2000702729114,558.4692731609902,,,
2023-08-14 12:30:00,SBIN,559.95,560.35,559.1,559.15,261419,0.8346376895369849,560.2125,562.3975814712078,561.5629437816708,558.8620562183291,558.0274185287922,,,
2023-08-14 12:35:00,SBIN,559.15,560.0,559.15,559.85,188527,0.8377101516295926,560.0525,562.2456251769663,561.4079150253367,558.6970849746633,557.8593748230337,,,
2023-08-14 12:40:00,SBIN,559.85,560.4,559.6,559.65,215953,0.830168121303665,559.9224999999999,562.0958801415729,561.2657120202692,558.5792879797306,557.7491198584269,,,
2023-08-14 12:45:00,SBIN,559.7,559.8,559.2,559.35,221030,0.7841344970429138,559.8050000000001,561.8578641132584,561.0737296162155,558.5362703837847,557.7521358867417,,,
2023-08-14 12:50:00,SBIN,559.35,559.5,559.0,559.4,228579,0.7273075976343311,559.75,561.6540912906066,560.9267836929723,558.5732163070277,557.8459087093934,,,
2023-08-14 12:55:00,SBIN,559.45,559.7,559.0,559.1,183938,0.721846078107474,559.67,561.5597930324853,560.8379469543778,558.5020530456221,557.7802069675146,,,
2023-08-14 13:00:00,SBIN,559.1,559.3,559.0,559.25,123761,0.6374768624859702,559.6099999999999,561.2789144259882,560.6414375635022,558.5785624364976,557.9410855740116,,,
2023-08-14 13:05:00,SBIN,559.25,559.6,559.0,559.35,185059,0.6299814899887808,559.5425,561.1917915407906,560.5618100508019,558.5231899491981,557.8932084592094,,,
2023-08-14 13:10:00,SBIN,559.2,559.45,558.75,558.95,258994,0.6439851919910338,559.47,561.1559532326326,560.5119680406415,558.4280319593586,557.7840467673675,,,
2023-08-14 13:15:00,SBIN,559.0,559.1,558.7,559.0,209497,0.5951881535928225,559.4150000000001,560.9732025861061,560.3780144325133,558.4519855674869,557.856797413894,,,
2023-08-14 13:20:00,SBIN,559.0,560.35,558.65,560.35,468615,0.8161505228742671,559.4675,561.6041820688848,560.7880315460105,558.1469684539894,557.3308179311151,,,
2023-08-14 13:25:00,SBIN,560.35,560.4,559.4,560.0,359789,0.8529204182994137,559.5225,561.7554456551079,560.9025252368085,558.1424747631916,557.2895543448922,,,
2023-08-14 13:30:00,SBIN,560.05,560.4,559.75,560.2,325308,0.8123363346395265,559.55,561.6766965240862,560.8643601894468,558.2356398105532,557.4233034759137,,,
2023-08-14 13:35:00,SBIN,560.05,560.7,560.0,560.35,435419,0.7898690677116303,559.6075,561.675377219269,560.8855081515574,558.3294918484426,557.539622780731,,,
2023-08-14 13:40:00,SBIN,560.4,560.7,560.0,560.1,326127,0.7718952541693135,559.6450000000001,561.6658217754153,560.893926521246,558.3960734787541,557.6241782245849,,,
2023-08-14 13:45:00,SBIN,560.2,561.25,560.0,561.25,630050,0.8675162033354509,559.73,562.0011574203322,561.1336412169968,558.3263587830032,557.4588425796678,,,
2023-08-14 13:50:00,SBIN,561.25,561.45,560.8,560.85,544062,0.824012962668379,559.7725,561.9297659362659,561.1057529735974,558.4392470264027,557.6152340637342,,,
2023-08-14 13:55:00,SBIN,560.9,561.75,560.7,561.5,328456,0.869210370134694,559.86,562.1355927490126,561.2663823788779,558.4536176211221,557.5844072509874,,,
2023-08-14 14:00:00,SBIN,561.5,562.95,561.45,562.9,455663,0.9953682961077553,560.025,562.6308741992101,561.6355059031023,558.4144940968977,557.4191258007899,,,
2023-08-14 14:05:00,SBIN,562.8,562.8,561.85,562.45,290384,0.9862946368861907,560.15,562.732119359368,561.7458247224819,558.5541752775181,557.567880640632,,,
2023-08-14 14:10:00,SBIN,562.4,562.85,562.0,562.15,261096,0.9590357095089572,560.3000000000001,562.8107554874945,561.8517197779855,558.7482802220146,557.7892445125057,,,
2023-08-14 14:15:00,SBIN,562.05,562.7,562.05,562.4,423609,0.8972285676071841,560.4275,562.7764443899956,561.8792158223885,558.9757841776116,558.0785556100044,,,
2023-08-14 14:20:00,SBIN,562.4,562.65,561.5,561.65,614518,0.9477828540857427,560.5275,563.0087955119965,562.0610126579107,558.9939873420893,558.0462044880036,,,
2023-08-14 14:25:00,SBIN,561.9,562.0,561.4,561.95,406253,0.8782262832685988,560.6575,562.9566964095973,562.0784701263286,559.2365298736714,558.3583035904028,,,
2023-08-14 14:30:00,SBIN,561.95,562.5,561.7,562.25,378875,0.86258102661487,560.8000000000001,563.0582371276778,562.1956561010629,559.4043438989372,558.5417628723224,,,
2023-08-14 14:35:00,SBIN,562.2,562.3,561.6,561.85,391653,0.8300648212918824,560.9375,563.1106097021421,562.2805448808502,559.5944551191498,558.7643902978579,,,
2023-08-14 14:40:00,SBIN,561.85,562.1,561.55,561.9,365998,0.7740518570335196,561.07,563.0964677617138,562.3224159046803,559.8175840953198,559.0435322382863,,,
2023-08-14 14:45:00,SBIN,561.9,562.3,561.65,562.2,250145,0.7492414856268113,561.2125,563.174014209371,562.4247727237441,560.0002272762558,559.250985790629,,,
2023-08-14 14:50:00,SBIN,562.25,562.45,562.0,562.4,269819,0.6893931885014581,561.385,563.1898313674968,562.5004381789953,560.2695618210047,559.5801686325032,,,
2023-08-14 14:55:00,SBIN,562.4,562.55,561.5,562.15,526138,0.7615145508011574,561.5425,563.5361450939974,562.7746305431963,560.3103694568038,559.5488549060026,,,
2023-08-14 15:00:00,SBIN,562.15,562.45,561.25,561.4,629899,0.849211640640935,561.595,563.818236075198,562.969024434557,560.220975565443,559.371763924802,,,
2023-08-14 15:05:00,SBIN,561.2,561.95,560.8,561.0,507035,0.9093693125127662,561.6450000000001,564.0257288601586,563.1163595476457,560.1736404523544,559.2642711398416,,,
2023-08-14 15:10:00,SBIN,561.0,561.25,560.2,560.7,648474,0.937495450010204,561.67,564.1243630881266,563.1868676381165,560.1531323618834,559.2156369118733,,,
2023-08-14 15:15:00,SBIN,560.7,560.75,560.0,560.1,930136,0.8999963600081632,561.6575,564.0136904705014,563.1136941104933,560.2013058895068,559.3013095294987,,,
2023-08-14 15:20:00,SBIN,560.15,560.4,559.8,560.1,637651,0.8399970880065352,561.6575,563.8566123764011,563.0166152883946,560.2983847116054,559.4583876235989,,,
2023-08-14 15:25:00,SBIN,560.15,561.55,560.0,561.0,557697,0.9819976704052191,561.645,564.2158699011209,563.2338722307156,560.0561277692843,559.0741300988791,,,
2023-08-16 09:15:00,SBIN,558.8,559.45,554.4,558.9,1335928,1.795598136324189,561.5474999999999,566.2483759208966,564.4527777845724,558.6422222154274,556.8466240791032,,,
2023-08-16 09:20:00,SBIN,559.05,561.95,558.1,561.6,644005,2.2064785090593557,561.5525,567.3290607367175,565.1225822276581,557.9824177723419,555.7759392632826,,,
2023-08-16 09:25:00,SBIN,561.55,563.65,560.6,562.15,756513,2.3751828072474757,561.515,567.7332285893739,565.3580457821264,557.6719542178736,555.2967714106261,,,
2023-08-16 09:30:00,SBIN,562.5,563.5,561.7,562.0,418472,2.2601462457979715,561.4925000000001,567.4095628714991,565.1494166257012,557.835583374299,555.575437128501,,,
2023-08-16 09:35:00,SBIN,562.1,564.5,561.7,564.05,573743,2.368116996638368,561.5875,567.7872302971992,565.4191133005609,557.7558866994391,555.3877697028007,,,
2023-08-16 09:40:00,SBIN,564.1,564.4,563.6,564.3,257951,2.0544935973106853,561.6825,567.0611642377594,565.0066706404486,558.3583293595514,556.3038357622406,,,
2023-08-16 09:45:00,SBIN,564.3,566.0,564.0,564.4,688667,2.043594877848548,561.8199999999999,567.1701313902074,565.1265365123589,558.5134634876409,556.4698686097925,,,
2023-08-16 09:50:00,SBIN,564.3,565.65,564.15,565.25,212034,1.9348759022788387,561.9849999999999,567.0505051121659,565.1156292098871,558.8543707901127,556.9194948878339,,,
2023-08-16 09:55:00,SBIN,565.25,565.25,564.0,564.3,234231,1.797900721823071,562.0875,566.7944040897328,564.9965033679097,559.1784966320903,557.3805959102672,565.25,,
2023-08-16 10:00:00,SBIN,564.05,564.5,563.4,563.9,214650,1.6583205774584615,562.19,566.5314832717863,564.8731626943279,559.5068373056722,557.8485167282138,,,
2023-08-16 10:05:00,SBIN,563.6,564.55,563.5,564.5,154910,1.5366564619667602,562.3199999999999,566.3429666174289,564.8063101554621,559.8336898445377,558.2970333825709,,,
2023-08-16 10:10:00,SBIN,564.35,565.0,564.3,564.85,145869,1.3693251695734172,562.4525,566.0373932939432,564.6680681243698,560.2369318756301,558.8676067060568,,,
2023-08-16 10:15:00,SBIN,564.9,565.45,564.5,565.0,153832,1.285460135658743,562.5825000000001,565.9478346351547,564.662374499496,560.5026255005042,559.2171653648455,,,
2023-08-16 10:20:00,SBIN,565.0,565.5,564.2,564.5,155056,1.2883681085269854,562.7,566.0729477081237,564.7845795995967,560.6154204004034,559.3270522918764,,,
2023-08-16 10:25:00,SBIN,564.5,564.7,563.85,564.0,104311,1.200694486821593,562.8299999999999,565.9734181664988,564.7727236796773,560.8872763203226,559.686581833501,,,
2023-08-16 10:30:00,SBIN,563.95,564.15,563.1,563.2,142486,1.1705555894572652,562.9399999999999,566.0045145331991,564.8339589437418,561.0460410562581,559.8754854668008,,,
2023-08-16 10:35:00,SBIN,563.35,563.5,563.05,563.3,114862,1.0264444715658214,563.07,565.7572316265594,564.7307871549935,561.4092128450066,560.3827683734407,,,
2023-08-16 10:40:00,SBIN,563.4,563.65,563.1,563.6,131035,0.9311555772526481,563.245,565.6827653012474,564.7516097239948,561.7383902760052,560.8072346987526,,,
2023-08-16 10:45:00,SBIN,563.6,564.15,563.4,564.0,198334,0.8949244618021185,563.4399999999999,565.7829122409979,564.8879877791958,561.9920122208041,561.097087759002,,,
2023-08-16 10:50:00,SBIN,564.1,564.2,563.1,564.2,155398,0.9359395694416993,563.6,566.0502897927984,565.1143502233567,562.0856497766433,561.1497102072017,,,
2023-08-16 10:55:00,SBIN,564.2,564.75,564.1,564.7,225211,0.878751655553355,563.8900000000001,566.1905718342388,565.3118201786855,562.4681798213147,561.5894281657614,,,
2023-08-16 11:00:00,SBIN,564.75,565.2,564.5,564.55,224015,0.8430013244426932,564.0375,566.244477467391,565.4014761429484,562.6735238570517,561.830522532609,,,
2023-08-16 11:05:00,SBIN,564.55,564.85,563.75,564.15,77888,0.894401059554159,564.1375,566.4790419739128,565.5846409143587,562.6903590856414,561.7959580260873,,,
2023-08-16 11:10:00,SBIN,564.3,564.3,563.75,563.95,137853,0.8255208476433181,564.235,566.3962135791302,565.5706927314869,562.8993072685131,562.0737864208699,,,
2023-08-16 11:15:00,SBIN,563.95,563.95,563.1,563.3,143969,0.8304166781146591,564.1975,566.3715308633042,565.5411141851895,562.8538858148105,562.0234691366958,,,
2023-08-16 11:20:00,SBIN,563.2,563.4,562.95,563.3,231378,0.7543333424917138,564.1475,566.1223446906433,565.3680113481516,562.9269886518484,562.1726553093567,,,
2023-08-16 11:25:00,SBIN,563.3,564.0,563.3,563.75,111710,0.7434666739933802,564.115,566.0613957525147,565.3179290785213,562.9120709214787,562.1686042474853,,,
2023-08-16 11:30:00,SBIN,563.65,563.85,563.15,563.6,108602,0.7347733391947133,564.0325,565.9561366020118,565.221363262817,562.843636737183,562.1088633979882,,,
2023-08-16 11:35:00,SBIN,563.55,563.55,562.35,562.4,136295,0.827818671355757,563.9375,566.1047292816094,565.2769106102536,562.5980893897464,561.7702707183906,,562.35,1.8999999999999773
2023-08-16 11:40:00,SBIN,562.45,562.85,562.1,562.4,137943,0.8122549370846057,563.8625,565.9889834252874,565.1767284882028,562.5482715117971,561.7360165747125,,,
2023-08-16 11:45:00,SBIN,562.4,563.4,562.3,563.3,69061,0.8698039496676891,563.8025,566.07964674023,565.2098427905623,562.3951572094377,561.52535325977,,,
2023-08-16 11:50:00,SBIN,563.25,563.6,563.0,563.2,51920,0.8158431597341559,563.72,565.8558773921841,565.0400342324499,562.3999657675502,561.584122607816,,,
2023-08-16 11:55:00,SBIN,563.15,564.7,563.05,564.7,147691,0.982674527787343,563.705,566.2776419137473,565.2949673859599,562.1150326140402,561.1323580862528,,,
2023-08-16 12:00:00,SBIN,564.65,565.0,564.1,564.3,110999,0.9661396222298699,563.6949999999999,566.2243535309977,565.2582139087679,562.131786091232,561.1656464690021,,,
2023-08-16 12:05:00,SBIN,564.25,564.6,564.25,564.6,42520,0.8429116977839005,563.725,565.9317428247982,565.0888311270144,562.3611688729857,561.5182571752018,,,
2023-08-16 12:10:00,SBIN,564.55,564.9,564.4,564.9,65085,0.7743293582271205,563.8100000000001,565.8371942598386,565.0628649016115,562.5571350983886,561.7828057401615,,,
2023-08-16 12:15:00,SBIN,564.85,564.9,564.55,564.65,45652,0.6894634865817009,563.8775,565.6825154078709,564.9930519212893,562.7619480787108,562.0724845921292,,,
2023-08-16 12:20:00,SBIN,564.65,565.45,564.55,565.4,171618,0.7315707892653789,563.9675,565.8827523262968,565.1511815370313,562.7838184629686,562.0522476737032,,,
2023-08-16 12:25:00,SBIN,565.4,565.95,565.0,565.45,218691,0.7752566314123122,564.0400000000001,566.0696218610375,565.2943652296252,562.7856347703749,562.0103781389627,,,
2023-08-16 12:30:00,SBIN,565.15,565.5,565.15,565.45,65891,0.6902053051298542,564.1025,565.90945748883,565.2192521837001,562.9857478162999,562.29554251117,,,
2023-08-16 12:35:00,SBIN,565.4,565.75,565.0,565.2,113001,0.7021642441038835,564.1274999999999,565.9657659910639,565.26360174696,562.9913982530398,562.289234008936,,,
2023-08-16 12:40:00,SBIN,565.15,565.7,565.0,565.65,87838,0.7017313952831159,564.1825,566.0196327928512,565.3179013975681,563.0470986024319,562.3453672071488,,,
2023-08-16 12:45:00,SBIN,565.7,565.7,565.0,565.15,81120,0.7013851162265019,564.2325,566.0687262342809,565.3673411180545,563.0976588819454,562.396273765719,,,
2023-08-16 12:50:00,SBIN,565.1,565.6,564.95,565.0,199275,0.691108092981197,564.285,566.0943209874248,565.4032128944435,563.1667871055564,562.4756790125751,,,
2023-08-16 12:55:00,SBIN,565.0,565.3,564.85,565.0,146179,0.6428864743849441,564.37,566.0530767899398,565.4101903155548,563.3298096844452,562.6869232100602,,,
2023-08-16 13:00:00,SBIN,565.0,565.25,564.7,565.15,139766,0.6243091795079462,564.4625,566.0969414319518,565.4726322524439,563.4523677475561,562.8280585680482,,,
2023-08-16 13:05:00,SBIN,565.15,565.45,564.9,565.3,249926,0.6094473436063705,564.54,566.1355331455615,565.5260858019551,563.5539141980448,562.9444668544385,,,
2023-08-16 13:10:00,SBIN,565.3,565.45,564.8,565.0,114945,0.6175578748851146,564.61,566.2267665164493,565.6092086415641,563.6107913584359,562.9932334835507,,,
2023-08-16 13:15:00,SBIN,565.0,565.7,564.75,565.35,302881,0.6840462999081007,564.7574999999999,566.5483332131594,565.8642869132512,563.6507130867486,562.9666667868405,,,
2023-08-16 13:20:00,SBIN,565.4,565.95,565.25,565.5,134343,0.6872370399264898,564.9125,566.7116865705276,566.024449530601,563.800550469399,563.1133134294724,,,
2023-08-16 13:25:00,SBIN,565.5,565.6,565.0,565.25,63102,0.6697896319411963,565.01,566.763509256422,566.0937196244809,563.9262803755191,563.256490743578,,,
2023-08-16 13:30:00,SBIN,565.2,565.5,565.0,565.35,57734,0.6358317055529571,565.1175,566.7821074051376,566.1462756995846,564.0887243004153,563.4528925948623,,,
2023-08-16 13:35:00,SBIN,565.3,565.5,565.1,565.15,66794,0.5886653644423612,565.1400000000001,566.6811259241102,566.0924605596679,564.1875394403323,563.59887407589,,,
2023-08-16 13:40:00,SBIN,565.1,565.15,564.05,564.5,156220,0.6909322915538935,565.15,566.9588607392881,566.2679284477342,564.0320715522657,563.3411392607119,,,
2023-08-16 13:45:00,SBIN,564.5,565.65,564.45,565.5,248552,0.7927458332431011,565.195,567.2704085914305,566.4776627581874,563.9123372418127,563.1195914085696,,,
2023-08-16 13:50:00,SBIN,565.55,565.6,564.45,564.75,191180,0.8641966665944764,565.1875,567.4499668731444,566.5857702065499,563.7892297934501,562.9250331268556,,,
2023-08-16 13:55:00,SBIN,564.65,565.25,564.5,565.15,83085,0.8413573332755812,565.2125,567.4151734985154,566.5738161652399,563.85118383476,563.0098265014846,,,
2023-08-16 14:00:00,SBIN,565.05,565.3,564.4,564.55,74060,0.8530858666204605,565.17,567.4033787988124,566.5502929321918,563.7897070678081,562.9366212011876,,,
2023-08-16 14:05:00,SBIN,564.45,564.95,564.1,564.2,103392,0.852468693296373,565.1075,567.3392630390499,566.4867943457535,563.7282056542464,562.87573696095,,,
2023-08-16 14:10:00,SBIN,564.2,564.3,563.7,564.0,298953,0.8019749546370802,565.0350000000001,567.1345704312399,566.3325954766029,563.7374045233972,562.9354295687602,,,
2023-08-16 14:15:00,SBIN,564.1,565.5,564.05,565.3,256467,0.9415799637096642,565.04,567.5050563449919,566.5634763812822,563.5165236187178,562.574943655008,,,
2023-08-16 14:20:00,SBIN,565.35,565.4,564.65,564.85,97071,0.9032639709677315,565.0,567.3647450759935,566.4614811050258,563.5385188949742,562.6352549240065,,,
2023-08-16 14:25:00,SBIN,564.8,565.7,564.75,565.1,172778,0.9126111767741942,564.9975000000001,567.3867160607949,566.4741048840207,563.5208951159794,562.6082839392052,,,
2023-08-16 14:30:00,SBIN,565.1,565.3,564.9,564.9,161391,0.8100889414193508,564.9925000000001,567.1133128486359,566.3032239072165,563.6817760927836,562.8716871513642,,,
2023-08-16 14:35:00,SBIN,565.0,565.5,564.75,565.5,122203,0.7980711531354807,565.0175,567.1068502789087,566.3087791257733,563.7262208742268,562.9281497210914,,,
2023-08-16 14:40:00,SBIN,565.4,565.5,565.0,565.3,103383,0.7384569225083846,565.025,566.958280223127,566.2198233006186,563.8301766993814,563.091719776873,,,
2023-08-16 14:45:00,SBIN,565.2,565.35,564.25,564.4,259860,0.8107655380067122,564.98,567.1025841785016,566.2918186404949,563.6681813595052,562.8574158214984,,,
2023-08-16 14:50:00,SBIN,564.45,564.9,564.2,564.6,191730,0.7886124304053562,564.9599999999999,567.0245873428012,566.2359749123958,563.684025087604,562.8954126571987,,,
2023-08-16 14:55:00,SBIN,564.65,564.95,564.3,564.75,140020,0.7608899443243032,564.93,566.922009874241,566.1611199299167,563.6988800700832,562.9379901257589,,,
2023-08-16 15:00:00,SBIN,564.75,566.0,564.75,566.0,288565,0.8587119554594427,564.9549999999999,567.2031078993928,566.3443959439333,563.5656040560666,562.7068921006071,,,
2023-08-16 15:05:00,SBIN,565.95,566.3,565.0,565.0,308499,0.9469695643675451,564.9424999999999,567.4216663195141,566.4746967551466,563.4103032448531,562.4633336804857,,,
2023-08-16 15:10:00,SBIN,565.05,565.55,565.0,565.0,222641,0.867575651494027,564.925,567.1963130556113,566.3287374041173,563.5212625958826,562.6536869443886,,,
2023-08-16 15:15:00,SBIN,565.1,565.5,564.65,565.45,356688,0.8640605211952262,564.9399999999999,567.202110444489,566.3380499232939,563.541950076706,562.6778895555109,,,
2023-08-16 15:20:00,SBIN,565.45,565.8,565.0,565.25,397453,0.8512484169561719,564.9775,567.2060683555912,566.354819938635,563.6001800613649,562.7489316444087,,,
2023-08-16 15:25:00,SBIN,565.3,565.5,564.7,565.3,297597,0.8409987335649285,564.9675,567.1692346844729,566.328235950908,563.6067640490919,562.765765315527,,,
2023-08-17 09:15:00,SBIN,565.75,567.9,564.85,567.0,584852,1.2827989868519338,565.0799999999999,568.4383677475782,567.1555687607264,563.0044312392735,561.7216322524216,,,
2023-08-17 09:20:00,SBIN,567.05,567.6,566.25,567.4,446081,1.2962391894815517,565.1925,568.5860541980627,567.2898150085812,563.0951849914188,561.7989458019373,,,
2023-08-17 09:25:00,SBIN,567.5,567.6,566.45,566.8,328550,1.266991351585237,565.3050000000001,568.6219833584502,567.354992006865,563.2550079931351,561.98801664155,,,
2023-08-17 09:30:00,SBIN,566.8,567.4,566.3,567.0,252688,1.2335930812681941,565.4449999999999,568.6745466867601,567.4409536054919,563.449046394508,562.2154533132398,,,
2023-08-17 09:35:00,SBIN,566.9,567.25,566.75,566.9,282002,1.0868744650145554,565.5899999999999,568.4354373494081,567.3485628843935,563.8314371156064,562.7445626505918,,,
2023-08-17 09:40:00,SBIN,567.0,567.15,566.45,566.95,172110,1.0094995720116309,565.6725,568.3153698795264,567.3058703075149,564.0391296924852,563.0296301204736,,,
2023-08-17 09:45:00,SBIN,567.0,567.8,566.55,567.6,277701,1.0575996576093047,565.8100000000001,568.5787959036212,567.5211962460119,564.0988037539882,563.0412040963789,,,
2023-08-17 09:50:00,SBIN,567.55,568.5,567.25,567.75,347269,1.096079726087444,565.9425,568.8120367228969,567.7159569968095,564.1690430031905,563.0729632771031,,,
2023-08-17 09:55:00,SBIN,567.85,568.35,567.25,567.25,387575,1.0968637808699597,566.0600000000001,568.9315893783177,567.8347255974477,564.2852744025524,563.1884106216825,,,
2023-08-17 10:00:00,SBIN,567.25,568.0,566.7,568.0,298504,1.1374910246959589,566.1850000000001,569.1629515026541,568.0254604779582,564.3445395220419,563.207048497346,,,
2023-08-17 10:05:00,SBIN,568.0,568.35,567.4,568.25,520115,1.0999928197567763,566.3325000000001,569.2122812021233,568.1122883823666,564.5527116176336,563.4527187978769,,,
2023-08-17 10:10:00,SBIN,568.3,568.55,567.7,567.85,361576,1.049994255805403,566.5049999999999,569.2538849616984,568.2038907058931,564.8061092941067,563.7561150383013,,,
2023-08-17 10:15:00,SBIN,567.8,567.95,567.3,567.9,200255,0.9699954046443406,566.6700000000001,569.209447969359,568.2394525647146,565.1005474352855,564.1305520306412,,,
2023-08-17 10:20:00,SBIN,567.75,568.35,567.55,567.6,186579,0.9359963237154862,566.8125,569.2629383754871,568.3269420517717,565.2980579482283,564.3620616245129,,,
2023-08-17 10:25:00,SBIN,567.6,567.75,567.3,567.7,284056,0.8387970589723981,566.8975,569.0934707003897,568.2546736414174,565.5403263585827,564.7015292996103,,,
2023-08-17 10:30:00,SBIN,567.7,568.15,567.3,567.85,239708,0.8410376471779231,567.0400000000001,569.2418365603119,568.4007989131339,565.6792010868662,564.8381634396883,,,
2023-08-17 10:35:00,SBIN,568.0,569.2,567.95,568.7,650551,0.942830117742343,567.225,569.6933292482495,568.7504991305071,565.6995008694929,564.7566707517506,,,
2023-08-17 10:40:00,SBIN,568.85,568.95,568.1,568.25,232137,0.9242640941938791,567.365,569.7847233985996,568.8604593044057,565.8695406955943,564.9452766014005,,,
2023-08-17 10:45:00,SBIN,568.25,568.25,567.2,567.35,414203,0.9494112753550943,567.47,569.9555587188796,569.0061474435246,565.9338525564755,564.9844412811204,,,
2023-08-17 10:50:00,SBIN,567.3,568.05,567.2,567.75,235719,0.9295290202840573,567.5925,570.0260069751037,569.0964779548195,566.0885220451804,565.1589930248963,,,
2023-08-17 10:55:00,SBIN,567.9,568.1,567.55,567.7,87712,0.8536232162272595,567.6275,569.862285580083,569.0086623638557,566.2463376361444,565.3927144199171,,,
2023-08-17 11:00:00,SBIN,567.8,567.95,567.5,567.85,96321,0.7728985729818166,567.65,569.6734484640664,568.9005498910846,566.3994501089154,565.6265515359336,,,
2023-08-17 11:05:00,SBIN,567.85,568.45,567.65,568.1,609456,0.778318858385467,567.715,569.7526387712531,568.9743199128677,566.4556800871324,565.6773612287469,,,
2023-08-17 11:10:00,SBIN,568.1,568.15,567.5,567.7,271864,0.7526550867083691,567.75,569.7204510170025,568.9677959302942,566.5322040697058,565.7795489829975,,,
2023-08-17 11:15:00,SBIN,567.7,567.95,566.4,566.6,513734,0.912124069366709,567.735,570.1229408136021,569.2108167442353,566.2591832557647,565.3470591863979,,,
2023-08-17 11:20:00,SBIN,566.7,567.6,566.5,567.6,234719,0.9496992554933718,567.7675,570.2538126508817,569.3041133953883,566.2308866046118,565.2811873491183,,,
2023-08-17 11:25:00,SBIN,567.65,567.7,566.35,566.35,197697,1.029759404394702,567.705,570.4009101207054,569.3711507163107,566.0388492836894,565.0090898792947,,,
2023-08-17 11:30:00,SBIN,566.4,567.2,566.15,566.5,217237,1.0338075235157753,567.6425,570.3490080965644,569.3152005730485,565.9697994269516,564.9359919034357,,,
2023-08-17 11:35:00,SBIN,566.5,567.2,566.25,567.05,214791,1.0170460188126293,567.6324999999999,570.2951264772514,569.2780804584388,565.9869195415611,564.9698735227485,,,
2023-08-17 11:40:00,SBIN,567.05,567.3,566.9,567.2,345655,0.8936368150500991,567.5925,569.9320411818011,569.038404366751,566.1465956332489,565.2529588181989,,,
2023-08-17 11:45:00,SBIN,567.15,567.2,566.4,566.65,285011,0.874909452040093,567.5125,569.803012945441,568.928103493401,566.0968965065991,565.2219870545591,,,
2023-08-17 11:50:00,SBIN,566.75,566.8,566.55,566.55,84915,0.7499275616320744,567.4475,569.4108103563527,568.6608827947207,566.2341172052793,565.4841896436473,,,
2023-08-17 11:55:00,SBIN,566.6,567.1,566.5,566.8,186922,0.7199420493056641,567.3925,569.2773082850823,568.5573662357766,566.2276337642235,565.5076917149178,,,
2023-08-17 12:00:00,SBIN,566.5,567.3,566.5,567.1,201553,0.7359536394445222,567.3675000000001,569.2942266280659,568.5582729886213,566.1767270113788,565.4407733719343,,,
2023-08-17 12:05:00,SBIN,567.1,567.3,566.6,567.15,171800,0.7287629115556041,567.34,569.2479013024526,568.519138390897,566.1608616091031,565.4320986975474,,,
2023-08-17 12:10:00,SBIN,567.2,567.2,566.4,566.85,346895,0.7430103292444971,567.29,569.235201041962,568.4921907127176,566.0878092872823,565.3447989580379,,,
2023-08-17 12:15:00,SBIN,566.65,567.15,566.45,566.9,189353,0.7344082633955841,567.2,569.1226808335697,568.3882725701741,566.011727429826,565.2773191664304,,,
2023-08-17 12:20:00,SBIN,566.85,566.9,566.05,566.75,346765,0.7575266107164719,567.125,569.1082046668557,568.3506780561393,565.8993219438607,565.1417953331443,,,
2023-08-17 12:25:00,SBIN,566.65,567.0,566.3,567.0,129328,0.7460212885731866,567.1075000000001,569.0605837334847,568.3145624449115,565.9004375550886,565.1544162665155,,,
2023-08-17 12:30:00,SBIN,567.0,567.2,566.6,566.8,130571,0.7168170308585539,567.0600000000001,568.9366269867877,568.2198099559292,565.9001900440709,565.1833730132124,,,
2023-08-17 12:35:00,SBIN,566.75,567.0,566.1,566.5,236349,0.7534536246868386,567.0,568.9725415894302,568.2190879647433,565.7809120352567,565.0274584105698,,,
2023-08-17 12:40:00,SBIN,566.45,566.55,565.45,566.15,415592,0.8227628997494527,566.915,569.0689932715441,568.2462303717946,565.5837696282053,564.7610067284559,,,
2023-08-17 12:45:00,SBIN,566.15,566.9,565.5,566.4,229195,0.9382103197995577,566.8299999999999,569.2862346172352,568.3480242974356,565.3119757025643,564.3737653827646,,,
2023-08-17 12:50:00,SBIN,566.4,566.7,565.3,565.3,305192,1.0305682558396645,566.71,569.4080276937883,568.3774594379486,565.0425405620515,564.0119723062118,,,
2023-08-17 12:55:00,SBIN,565.25,565.75,565.0,565.45,386273,0.9744546046717316,566.6524999999999,569.2036221550305,568.2291675503587,565.0758324496411,564.1013778449693,,,
2023-08-17 13:00:00,SBIN,565.55,566.6,565.45,566.0,273662,1.009563683737381,566.5725,569.2155377240244,568.2059740402871,564.9390259597129,563.9294622759755,,,
2023-08-17 13:05:00,SBIN,566.0,566.65,565.9,566.6,124528,0.9576509469899048,566.5849999999999,569.0921301792195,568.1344792322296,565.0355207677702,564.0778698207804,,,
2023-08-17 13:10:00,SBIN,566.6,566.6,565.85,566.4,132790,0.9161207575919239,566.5799999999999,568.9784041433755,568.0622833857836,565.0977166142162,564.1815958566243,,,
2023-08-17 13:15:00,SBIN,566.35,566.8,566.0,566.7,267327,0.89289660607353,566.5625,568.9001033147005,568.007206708627,565.117793291373,564.2248966852995,,,
2023-08-17 13:20:00,SBIN,566.75,566.75,565.75,565.85,220882,0.9143172848588241,566.495,568.8886826517604,567.9743653669016,565.0156346330984,564.1013173482396,,,
2023-08-17 13:25:00,SBIN,566.0,566.55,565.85,566.45,271190,0.8714538278870457,566.4849999999999,568.7664661214081,567.8950122935212,565.0749877064786,564.2035338785917,,,
2023-08-17 13:30:00,SBIN,566.4,566.95,566.0,566.7,271471,0.8871630623096458,566.4925000000001,568.8150928971268,567.9279298348171,565.0570701651831,564.1699071028734,,,
2023-08-17 13:35:00,SBIN,566.65,567.15,566.65,567.05,295662,0.8097304498477167,566.5049999999999,568.6248743177013,567.8151438678535,565.1948561321462,564.3851256822985,,,
2023-08-17 13:40:00,SBIN,567.05,567.65,566.6,567.5,216350,0.8577843598781643,566.525,568.770679454161,567.9128950942828,565.1371049057171,564.2793205458389,,,
2023-08-17 13:45:00,SBIN,567.5,567.65,566.9,567.3,190871,0.8362274879025314,566.5325,568.7217435633288,567.8855160754263,565.1794839245738,564.3432564366713,,,
2023-08-17 13:50:00,SBIN,567.3,567.65,567.0,567.6,200252,0.7989819903220207,566.57,568.6617348506632,567.8627528603411,565.277247139659,564.478265149337,,,
2023-08-17 13:55:00,SBIN,567.6,567.95,567.5,567.8,346663,0.7291855922576257,566.615,568.5240078805305,567.7948222882728,565.4351777117272,564.7059921194696,,,
2023-08-17 14:00:00,SBIN,567.8,568.4,567.5,568.4,411592,0.763348473806096,566.6975,568.6959463044243,567.9325978306183,565.4624021693817,564.6990536955757,,,
2023-08-17 14:05:00,SBIN,568.4,568.4,568.1,568.35,244257,0.6706787790448678,566.765,568.5208370435395,567.8501582644946,565.6798417355054,565.0091629564605,,,
2023-08-17 14:10:00,SBIN,568.35,568.95,568.1,568.75,417252,0.7065430232358989,566.8625,568.7122296348315,568.0056866115956,565.7193133884043,565.0127703651684,,,
2023-08-17 14:15:00,SBIN,568.8,568.95,568.35,568.75,218410,0.6852344185887237,566.975,568.7689437078653,568.0837092892766,565.8662907107234,565.1810562921347,,,
2023-08-17 14:20:00,SBIN,568.8,568.85,568.15,568.25,215888,0.688187534870988,567.08,568.8816749662923,568.1934874314213,565.9665125685788,565.2783250337078,,,
2023-08-17 14:25:00,SBIN,568.2,568.7,568.15,568.65,242286,0.6605500278968041,567.1925,568.9218199730338,568.261269945137,566.123730054863,565.4631800269661,,,
2023-08-17 14:30:00,SBIN,568.7,571.05,568.5,570.7,1403528,1.0384400223174342,567.4625,570.181135978427,569.1426959561096,565.7823040438903,564.7438640215729,,,
2023-08-17 14:35:00,SBIN,570.8,571.4,570.65,571.25,974230,0.9807520178539474,567.7525,570.3201087827417,569.3393567648877,566.1656432351124,565.1848912172584,,,
2023-08-17 14:40:00,SBIN,571.1,571.8,570.45,570.75,744467,1.0546016142831398,567.99,570.7509470261932,569.6963454119101,566.2836545880899,565.2290529738068,,,
2023-08-17 14:45:00,SBIN,570.85,571.5,570.4,571.1,364914,1.0636812914265166,568.215,570.9997176209547,569.9360363295282,566.4939636704719,565.4302823790454,,,
2023-08-17 14:50:00,SBIN,571.1,571.35,570.6,570.7,565581,1.0009450331412133,568.4300000000001,571.0504740967638,570.0495290636226,566.8104709363776,565.8095259032364,,,
2023-08-17 14:55:00,SBIN,570.75,572.0,570.55,571.6,912866,1.0907560265129799,568.675,571.5305992774109,570.439843250898,566.9101567491019,565.819400722589,,,
2023-08-17 15:00:00,SBIN,571.65,571.75,570.85,571.45,928481,1.0526048212103793,568.955,571.7107194219288,570.6581146007185,567.2518853992816,566.1992805780712,,,
2023-08-17 15:05:00,SBIN,571.4,572.0,571.15,571.85,894438,1.0120838569683082,569.225,571.8746355375431,570.8625516805747,567.5874483194253,566.575364462457,,,
2023-08-17 15:10:00,SBIN,571.85,573.0,571.75,572.7,1098303,1.0596670855746466,569.525,572.2992084300344,571.2395413444598,567.8104586555402,566.7507915699656,,,
2023-08-17 15:15:00,SBIN,572.65,573.15,572.1,572.7,1030801,1.0577336684597083,569.8075000000001,572.5766467440276,571.518913075568,568.0960869244323,567.0383532559727,,,
2023-08-17 15:20:00,SBIN,572.7,572.85,572.1,572.55,645964,0.9961869347677667,570.0600000000001,572.668017395222,571.6718304604543,568.4481695395458,567.4519826047781,,,
2023-08-17 15:25:00,SBIN,572.6,572.7,571.0,571.25,582671,1.1369495478142224,570.2574999999999,573.2340339161776,572.0970843683633,568.4179156316366,567.2809660838222,,,
2023-08-18 09:15:00,SBIN,570.0,570.3,567.8,569.15,497055,1.409559638251378,570.3349999999999,574.0252271329421,572.6156674946907,568.0543325053092,566.6447728670578,,,
