date,open,high,low,close,volume
2015-02-02 09:15:00+05:30,361.05,363.95,356.5,358.45,275830
2015-02-02 10:15:00+05:30,358.4,360.65,356.55,359.2,156168
2015-02-02 11:15:00+05:30,359.3,360.5,357.6,358.7,185548
2015-02-02 12:15:00+05:30,359.0,360.0,357.75,359.0,57630
2015-02-02 13:15:00+05:30,358.75,360.0,357.95,359.85,440953
2015-02-02 14:15:00+05:30,359.85,360.55,354.1,356.6,274704
2015-02-02 15:15:00+05:30,356.6,357.95,355.1,357.5,86797
2015-02-03 09:15:00+05:30,360.0,364.95,359.1,361.6,323474
2015-02-03 10:15:00+05:30,361.6,363.45,358.0,361.3,210709
2015-02-03 11:15:00+05:30,361.45,366.35,359.0,360.15,535282
2015-02-03 12:15:00+05:30,359.9,360.95,357.8,358.1,113908
2015-02-03 13:15:00+05:30,358.75,362.0,357.65,361.1,117948
2015-02-03 14:15:00+05:30,361.1,362.45,358.65,359.6,166658
2015-02-03 15:15:00+05:30,359.6,359.6,355.5,356.35,114606
2015-02-04 09:15:00+05:30,360.4,361.2,353.75,354.45,307700
2015-02-04 10:15:00+05:30,354.7,358.9,353.0,357.65,158077
2015-02-04 11:15:00+05:30,358.0,358.6,353.5,356.2,372045
2015-02-04 12:15:00+05:30,356.2,357.0,353.05,355.75,189867
2015-02-04 13:15:00+05:30,355.75,357.45,354.25,356.7,217395
2015-02-04 14:15:00+05:30,356.65,358.0,354.35,354.5,205633
2015-02-04 15:15:00+05:30,354.5,355.85,354.0,355.2,396123
2015-02-05 09:15:00+05:30,358.0,360.0,353.2,360.0,203064
2015-02-05 10:15:00+05:30,360.2,362.55,358.55,360.8,126808
2015-02-05 11:15:00+05:30,360.8,361.9,359.4,361.75,92391
2015-02-05 12:15:00+05:30,361.65,362.9,359.15,362.5,195339
2015-02-05 13:15:00+05:30,362.5,364.4,361.9,363.55,134512
2015-02-05 14:15:00+05:30,363.5,364.15,356.0,356.05,232834
2015-02-05 15:15:00+05:30,356.4,359.1,353.05,358.15,106948
2015-02-06 09:15:00+05:30,344.95,344.95,333.3,335.9,1371659
2015-02-06 10:15:00+05:30,336.0,336.3,327.1,330.5,713899
2015-02-06 11:15:00+05:30,330.35,336.45,329.55,336.0,377097
2015-02-06 12:15:00+05:30,336.0,338.05,335.75,336.3,243574
2015-02-06 13:15:00+05:30,336.3,339.8,335.65,337.15,332969
2015-02-06 14:15:00+05:30,337.15,340.45,335.75,337.5,353500
2015-02-06 15:15:00+05:30,337.8,338.75,336.85,337.1,66931
2015-02-09 09:15:00+05:30,333.0,337.5,331.0,332.4,899047
2015-02-09 10:15:00+05:30,332.4,335.85,332.0,333.2,245596
2015-02-09 11:15:00+05:30,333.2,333.95,331.0,331.65,350439
2015-02-09 12:15:00+05:30,331.65,332.75,328.45,332.35,624241
2015-02-09 13:15:00+05:30,332.35,333.6,331.55,333.35,247278
2015-02-09 14:15:00+05:30,333.35,333.35,328.55,329.25,313689
2015-02-09 15:15:00+05:30,329.5,330.15,328.0,328.0,71522
2015-02-10 09:15:00+05:30,329.2,337.55,323.6,335.25,265245
2015-02-10 10:15:00+05:30,335.25,338.6,335.05,337.75,96864
2015-02-10 11:15:00+05:30,337.75,341.45,334.75,335.3,224630
2015-02-10 12:15:00+05:30,334.9,337.1,329.5,331.25,134677
2015-02-10 13:15:00+05:30,331.35,331.45,329.0,330.2,133937
2015-02-10 14:15:00+05:30,330.25,338.2,329.65,335.75,300961
2015-02-10 15:15:00+05:30,335.7,337.5,335.7,336.75,56101
2015-02-11 09:15:00+05:30,338.0,339.8,333.6,335.15,159299
2015-02-11 10:15:00+05:30,335.15,336.4,334.0,334.7,79546
2015-02-11 11:15:00+05:30,334.7,338.2,334.5,335.8,242388
2015-02-11 12:15:00+05:30,335.75,338.4,335.7,337.25,250981
2015-02-11 13:15:00+05:30,337.25,338.15,335.4,337.05,67010
2015-02-11 14:15:00+05:30,337.05,339.7,336.3,339.3,144769
2015-02-11 15:15:00+05:30,338.95,339.6,337.7,338.0,96848
2015-02-12 09:15:00+05:30,342.2,342.2,338.15,339.05,120218
2015-02-12 10:15:00+05:30,339.0,339.0,336.15,338.0,75596
2015-02-12 11:15:00+05:30,338.0,338.5,335.0,335.8,150958
2015-02-12 12:15:00+05:30,336.0,337.45,334.65,336.35,80614
2015-02-12 13:15:00+05:30,336.35,338.5,335.5,337.65,70148
2015-02-12 14:15:00+05:30,337.65,339.8,336.3,338.6,235308
2015-02-12 15:15:00+05:30,338.7,339.0,337.3,337.8,121602
2015-02-13 09:15:00+05:30,339.25,340.05,335.25,336.0,141831
2015-02-13 10:15:00+05:30,336.15,336.25,333.55,334.15,160377
2015-02-13 11:15:00+05:30,334.15,336.45,333.95,336.0,189367
2015-02-13 12:15:00+05:30,336.0,343.8,336.0,342.85,211857
2015-02-13 13:15:00+05:30,342.65,345.0,341.55,343.8,155493
2015-02-13 14:15:00+05:30,343.8,347.3,343.5,346.0,449080
2015-02-13 15:15:00+05:30,346.0,346.9,344.55,345.7,211949
2015-02-16 09:15:00+05:30,347.15,351.5,344.45,350.15,262914
2015-02-16 10:15:00+05:30,350.15,351.45,349.35,351.0,255780
2015-02-16 11:15:00+05:30,351.0,351.2,348.1,349.55,258402
2015-02-16 12:15:00+05:30,349.8,350.4,348.15,348.85,215833
2015-02-16 13:15:00+05:30,348.8,349.8,346.15,349.45,204709
2015-02-16 14:15:00+05:30,349.45,351.65,349.15,350.75,789453
2015-02-16 15:15:00+05:30,350.75,351.0,349.75,350.0,459031
2015-02-18 09:15:00+05:30,350.25,350.25,343.25,345.45,199638
2015-02-18 10:15:00+05:30,345.45,350.1,345.0,348.3,338294
2015-02-18 11:15:00+05:30,348.3,349.4,347.3,347.35,211017
2015-02-18 12:15:00+05:30,347.35,349.8,347.1,349.0,235118
2015-02-18 13:15:00+05:30,349.0,349.4,346.5,348.05,736619
2015-02-18 14:15:00+05:30,348.05,354.1,347.65,350.2,357505
2015-02-18 15:15:00+05:30,350.15,351.65,348.5,349.45,250770
2015-02-19 09:15:00+05:30,372.0,383.9,367.0,373.3,2213539
2015-02-19 10:15:00+05:30,373.3,373.6,367.6,371.45,812339
2015-02-19 11:15:00+05:30,372.3,374.7,370.1,373.7,523812
2015-02-19 12:15:00+05:30,373.7,376.05,372.65,373.75,398018
2015-02-19 13:15:00+05:30,374.0,374.0,369.5,371.35,542484
2015-02-19 14:15:00+05:30,371.35,373.85,371.25,373.7,748211
2015-02-19 15:15:00+05:30,373.4,374.9,372.75,373.05,217874
2015-02-20 09:15:00+05:30,374.9,381.0,370.8,378.0,680791
2015-02-20 10:15:00+05:30,378.0,381.25,375.05,376.2,271967
2015-02-20 11:15:00+05:30,376.2,378.5,375.35,375.5,358477
2015-02-20 12:15:00+05:30,375.5,376.4,372.05,375.0,583579
2015-02-20 13:15:00+05:30,375.0,379.9,374.0,378.5,323570
2015-02-20 14:15:00+05:30,378.65,385.75,378.6,382.1,598011
2015-02-20 15:15:00+05:30,382.1,382.9,379.25,381.0,246203
2015-02-23 09:15:00+05:30,384.5,384.5,376.95,377.75,361824
2015-02-23 10:15:00+05:30,377.95,381.4,377.75,380.7,98636
2015-02-23 11:15:00+05:30,380.7,381.4,378.3,380.1,93370
2015-02-23 12:15:00+05:30,380.1,380.4,378.55,379.3,67138
2015-02-23 13:15:00+05:30,379.3,380.2,376.0,376.35,90993
2015-02-23 14:15:00+05:30,376.35,376.85,371.8,373.3,205513
2015-02-23 15:15:00+05:30,373.3,373.3,370.65,372.2,55123
2015-02-24 09:15:00+05:30,372.0,373.6,365.1,366.0,159029
2015-02-24 10:15:00+05:30,366.0,367.7,363.0,365.75,133405
2015-02-24 11:15:00+05:30,365.75,366.9,363.5,366.0,49249
2015-02-24 12:15:00+05:30,366.0,367.0,362.75,364.45,29303
2015-02-24 13:15:00+05:30,364.2,367.5,364.2,365.9,48467
2015-02-24 14:15:00+05:30,365.9,366.95,363.55,366.4,71859
2015-02-24 15:15:00+05:30,366.2,366.5,365.25,366.1,55717
2015-02-25 09:15:00+05:30,367.5,371.5,366.15,370.1,129808
2015-02-25 10:15:00+05:30,369.75,371.05,369.15,370.75,36578
2015-02-25 11:15:00+05:30,370.75,372.9,370.75,371.8,62800
2015-02-25 12:15:00+05:30,371.85,372.5,369.15,369.8,76457
2015-02-25 13:15:00+05:30,369.8,371.7,364.1,366.15,157105
2015-02-25 14:15:00+05:30,366.15,367.0,364.3,365.1,116982
2015-02-25 15:15:00+05:30,365.1,366.4,364.5,365.35,78776
2015-02-26 09:15:00+05:30,367.55,367.55,360.95,361.85,117838
2015-02-26 10:15:00+05:30,361.65,362.4,356.75,357.0,179116
2015-02-26 11:15:00+05:30,357.0,359.0,356.5,357.55,177479
2015-02-26 12:15:00+05:30,357.35,357.9,354.55,357.7,144821
2015-02-26 13:15:00+05:30,357.5,357.65,350.45,354.4,210738
2015-02-26 14:15:00+05:30,354.4,355.15,347.8,351.25,560123
2015-02-26 15:15:00+05:30,351.75,352.15,349.9,352.15,367770
2015-02-27 09:15:00+05:30,353.45,357.75,352.45,355.15,215270
2015-02-27 10:15:00+05:30,355.15,355.75,353.0,355.75,60751
2015-02-27 11:15:00+05:30,355.8,358.8,354.7,357.2,154480
2015-02-27 12:15:00+05:30,357.0,360.5,355.6,360.5,104146
2015-02-27 13:15:00+05:30,359.8,361.1,358.85,360.0,156294
2015-02-27 14:15:00+05:30,359.9,360.0,356.25,359.9,130098
2015-02-27 15:15:00+05:30,359.95,360.4,357.25,358.1,78181
2015-02-28 09:15:00+05:30,361.0,361.75,355.8,356.1,108128
2015-02-28 10:15:00+05:30,356.8,358.85,355.25,358.85,66541
2015-02-28 11:15:00+05:30,358.9,359.2,351.8,355.8,96753
2015-02-28 12:15:00+05:30,356.15,372.7,352.0,367.5,538679
2015-02-28 13:15:00+05:30,367.35,367.8,357.05,362.0,238281
2015-02-28 14:15:00+05:30,363.2,373.4,363.2,372.8,281408
2015-02-28 15:15:00+05:30,372.6,378.0,371.8,375.7,184555
2015-03-02 09:15:00+05:30,375.0,375.0,369.6,371.55,256691
2015-03-02 10:15:00+05:30,371.55,372.0,362.2,362.4,243922
2015-03-02 11:15:00+05:30,362.4,364.5,359.3,360.85,273229
2015-03-02 12:15:00+05:30,360.75,367.25,359.8,363.25,575078
2015-03-02 13:15:00+05:30,363.5,367.0,362.6,366.75,217511
2015-03-02 14:15:00+05:30,366.75,370.6,366.35,370.05,541092
2015-03-02 15:15:00+05:30,370.05,370.25,369.95,370.25,121908
2015-03-03 09:15:00+05:30,369.9,369.9,364.0,365.0,228211
2015-03-03 10:15:00+05:30,365.2,367.1,364.85,365.15,158122
2015-03-03 11:15:00+05:30,365.05,367.25,364.8,366.35,118768
2015-03-03 12:15:00+05:30,366.35,366.95,365.7,366.15,204210
2015-03-03 13:15:00+05:30,366.0,366.95,365.6,366.2,421945
2015-03-03 14:15:00+05:30,366.2,368.3,366.0,367.0,230926
2015-03-03 15:15:00+05:30,367.05,367.9,366.55,367.0,90966
2015-03-04 09:15:00+05:30,373.45,375.0,367.55,372.3,345120
2015-03-04 10:15:00+05:30,372.3,373.9,367.6,368.3,301478
2015-03-04 11:15:00+05:30,368.2,371.25,367.05,369.5,396746
2015-03-04 12:15:00+05:30,369.4,371.45,369.4,370.0,228499
2015-03-04 13:15:00+05:30,370.0,370.7,369.05,369.1,174924
2015-03-04 14:15:00+05:30,369.05,370.25,361.7,362.5,288733
2015-03-04 15:15:00+05:30,362.1,363.1,361.0,361.7,46720
2015-03-05 09:15:00+05:30,363.5,365.95,360.9,360.95,270550
2015-03-05 10:15:00+05:30,360.95,362.0,360.1,360.1,156973
2015-03-05 11:15:00+05:30,360.1,360.35,355.1,357.0,191442
2015-03-05 12:15:00+05:30,357.0,359.2,354.25,354.5,289156
2015-03-05 13:15:00+05:30,354.3,357.9,353.35,356.6,269344
2015-03-05 14:15:00+05:30,356.2,357.5,354.4,355.2,426949
2015-03-05 15:15:00+05:30,355.2,355.45,353.85,354.25,202595
2015-03-09 09:15:00+05:30,352.65,353.05,347.2,349.6,322074
2015-03-09 10:15:00+05:30,349.85,349.9,345.3,345.5,273581
2015-03-09 11:15:00+05:30,345.7,349.4,344.6,347.25,339244
2015-03-09 12:15:00+05:30,347.55,347.85,344.1,344.2,224709
2015-03-09 13:15:00+05:30,344.5,344.75,339.3,340.0,740438
2015-03-09 14:15:00+05:30,340.0,343.9,338.8,342.6,662350
2015-03-09 15:15:00+05:30,342.6,343.8,341.75,343.5,341592
2015-03-10 09:15:00+05:30,346.5,346.85,344.6,344.95,449786
2015-03-10 10:15:00+05:30,344.95,350.7,344.9,350.6,355611
2015-03-10 11:15:00+05:30,350.65,350.85,349.35,350.0,486777
2015-03-10 12:15:00+05:30,349.9,350.65,346.4,346.75,106218
2015-03-10 13:15:00+05:30,346.5,347.35,342.75,343.0,232179
2015-03-10 14:15:00+05:30,342.75,344.15,339.35,343.6,770900
2015-03-10 15:15:00+05:30,343.7,346.45,343.7,345.1,241934
2015-03-11 09:15:00+05:30,343.7,346.85,341.55,342.3,203087
2015-03-11 10:15:00+05:30,342.3,342.95,336.5,337.05,202040
2015-03-11 11:15:00+05:30,337.05,342.65,336.6,341.5,462545
2015-03-11 12:15:00+05:30,341.4,342.4,338.65,339.6,452656
2015-03-11 13:15:00+05:30,339.6,341.7,338.5,340.8,161477
2015-03-11 14:15:00+05:30,340.9,342.45,339.0,339.9,249598
2015-03-11 15:15:00+05:30,339.9,340.4,339.5,340.0,122138
2015-03-12 09:15:00+05:30,344.1,346.5,343.25,344.6,416034
2015-03-12 10:15:00+05:30,344.6,346.0,344.05,344.85,153355
2015-03-12 11:15:00+05:30,344.9,345.75,343.55,344.85,105814
2015-03-12 12:15:00+05:30,344.6,346.05,343.5,345.65,142443
2015-03-12 13:15:00+05:30,345.95,346.5,343.8,344.65,278296
2015-03-12 14:15:00+05:30,344.5,345.0,342.9,344.25,480039
2015-03-12 15:15:00+05:30,344.5,344.6,343.5,344.6,173774
2015-03-13 09:15:00+05:30,345.1,345.1,337.7,337.75,386494
2015-03-13 10:15:00+05:30,337.8,338.7,336.0,336.4,220511
2015-03-13 11:15:00+05:30,336.8,338.95,335.6,336.35,178609
2015-03-13 12:15:00+05:30,336.5,338.0,336.25,337.5,458208
2015-03-13 13:15:00+05:30,337.5,339.45,337.4,338.0,610675
2015-03-13 14:15:00+05:30,338.0,339.1,337.5,338.0,140742
2015-03-13 15:15:00+05:30,338.25,338.5,337.15,338.15,837559
2015-03-16 09:15:00+05:30,338.9,341.6,338.65,339.15,113123
2015-03-16 10:15:00+05:30,339.1,339.95,334.0,334.85,168068
2015-03-16 11:15:00+05:30,334.85,337.8,334.5,334.65,150565
2015-03-16 12:15:00+05:30,334.8,336.0,334.35,335.65,87044
2015-03-16 13:15:00+05:30,335.65,338.35,335.2,337.05,239160
2015-03-16 14:15:00+05:30,337.0,339.45,336.9,339.1,389809
2015-03-16 15:15:00+05:30,339.0,339.4,338.95,339.35,49239
2015-03-17 09:15:00+05:30,341.35,342.95,340.2,342.6,126584
2015-03-17 10:15:00+05:30,342.65,346.9,342.5,345.5,449584
2015-03-17 11:15:00+05:30,345.3,345.8,343.4,344.95,279817
2015-03-17 12:15:00+05:30,344.95,345.8,343.75,345.1,303676
2015-03-17 13:15:00+05:30,345.15,345.45,342.8,344.5,173970
2015-03-17 14:15:00+05:30,344.7,347.0,343.85,345.5,319138
2015-03-17 15:15:00+05:30,345.75,346.5,344.85,345.1,120513
2015-03-18 09:15:00+05:30,345.3,345.3,341.0,342.0,269547
2015-03-18 10:15:00+05:30,342.0,343.0,341.9,342.85,116052
2015-03-18 11:15:00+05:30,342.85,344.35,342.25,343.25,138985
2015-03-18 12:15:00+05:30,343.3,343.8,341.9,342.0,150781
2015-03-18 13:15:00+05:30,342.0,342.35,339.2,339.95,154366
2015-03-18 14:15:00+05:30,339.85,341.1,338.2,339.05,186547
2015-03-18 15:15:00+05:30,339.0,341.0,339.0,340.95,187691
2015-03-19 09:15:00+05:30,342.0,343.65,341.3,341.85,127585
2015-03-19 10:15:00+05:30,341.85,342.6,338.7,339.25,149014
2015-03-19 11:15:00+05:30,339.25,340.3,338.5,338.6,95376
2015-03-19 12:15:00+05:30,338.6,338.85,337.6,337.7,113697
2015-03-19 13:15:00+05:30,337.6,339.95,337.6,339.45,150381
2015-03-19 14:15:00+05:30,339.45,340.4,334.15,336.65,598080
2015-03-19 15:15:00+05:30,337.4,338.0,332.5,332.85,226880
2015-03-20 09:15:00+05:30,334.1,335.0,326.75,327.75,243369
2015-03-20 10:15:00+05:30,327.75,330.0,326.4,329.9,219439
2015-03-20 11:15:00+05:30,329.75,330.05,329.2,329.7,184638
2015-03-20 12:15:00+05:30,329.35,329.6,327.7,328.0,164448
2015-03-20 13:15:00+05:30,328.4,330.35,327.75,328.4,394866
2015-03-20 14:15:00+05:30,328.4,329.05,326.1,327.0,480257
2015-03-20 15:15:00+05:30,327.05,328.5,326.6,328.0,224106
2015-03-23 09:15:00+05:30,329.0,329.5,320.8,324.05,285564
2015-03-23 10:15:00+05:30,323.9,327.1,323.85,325.4,90457
2015-03-23 11:15:00+05:30,325.4,326.35,325.1,325.8,76127
2015-03-23 12:15:00+05:30,325.95,327.25,325.1,325.95,140786
2015-03-23 13:15:00+05:30,325.95,326.7,323.2,323.95,80730
2015-03-23 14:15:00+05:30,323.95,324.1,320.35,320.75,137560
2015-03-23 15:15:00+05:30,321.2,323.0,321.0,322.4,140517
2015-03-24 09:15:00+05:30,321.95,323.85,320.1,323.7,353302
2015-03-24 10:15:00+05:30,323.7,323.8,319.75,319.95,299264
2015-03-24 11:15:00+05:30,319.95,322.9,319.8,321.45,330623
2015-03-24 12:15:00+05:30,321.45,323.15,320.8,322.1,145827
2015-03-24 13:15:00+05:30,322.1,323.15,319.75,323.15,138133
2015-03-24 14:15:00+05:30,323.15,323.25,310.7,311.25,633319
2015-03-24 15:15:00+05:30,311.25,314.0,311.2,313.7,181749
2015-03-25 09:15:00+05:30,315.0,317.4,313.7,315.6,425430
2015-03-25 10:15:00+05:30,315.45,317.2,315.3,316.15,211954
2015-03-25 11:15:00+05:30,316.15,316.65,313.45,313.7,201706
2015-03-25 12:15:00+05:30,313.7,316.35,312.2,315.1,435689
2015-03-25 13:15:00+05:30,315.05,316.15,314.45,315.3,218038
2015-03-25 14:15:00+05:30,315.2,317.8,314.0,316.0,520214
2015-03-25 15:15:00+05:30,316.05,317.2,316.0,317.0,654759
2015-03-26 09:15:00+05:30,314.8,316.3,313.8,316.15,452043
2015-03-26 10:15:00+05:30,316.2,319.5,315.6,318.55,168372
2015-03-26 11:15:00+05:30,318.65,318.8,317.0,318.5,128130
2015-03-26 12:15:00+05:30,318.1,318.65,311.75,312.8,360419
2015-03-26 13:15:00+05:30,313.0,313.65,309.95,310.5,230786
2015-03-26 14:15:00+05:30,310.6,310.9,307.25,308.35,1185459
2015-03-26 15:15:00+05:30,308.5,311.15,307.0,309.2,1153397
2015-03-27 09:15:00+05:30,308.85,314.75,305.45,313.7,301016
2015-03-27 10:15:00+05:30,314.0,316.45,312.55,315.3,108856
2015-03-27 11:15:00+05:30,315.05,316.0,310.4,310.9,132551
2015-03-27 12:15:00+05:30,310.9,311.7,306.5,310.55,185052
2015-03-27 13:15:00+05:30,310.55,313.9,309.65,312.45,98268
2015-03-27 14:15:00+05:30,312.5,318.55,311.35,316.9,220434
2015-03-27 15:15:00+05:30,316.55,317.0,315.6,316.9,82842
2015-03-30 09:15:00+05:30,318.5,319.8,314.65,317.7,216595
2015-03-30 10:15:00+05:30,317.6,320.3,316.85,319.7,105126
2015-03-30 11:15:00+05:30,319.7,322.9,319.5,321.65,128546
2015-03-30 12:15:00+05:30,321.4,321.95,320.6,321.6,61046
2015-03-30 13:15:00+05:30,321.6,323.9,320.4,320.9,238368
2015-03-30 14:15:00+05:30,320.8,324.9,320.6,324.55,229882
2015-03-30 15:15:00+05:30,324.55,324.9,323.6,324.9,51851
2015-03-31 09:15:00+05:30,325.15,325.4,321.75,325.05,648695
2015-03-31 10:15:00+05:30,325.05,327.65,324.25,327.5,238989
2015-03-31 11:15:00+05:30,327.4,333.2,327.2,332.75,336515
2015-03-31 12:15:00+05:30,332.55,333.15,330.6,332.8,215391
2015-03-31 13:15:00+05:30,332.8,338.85,332.6,336.0,544494
2015-03-31 14:15:00+05:30,335.9,336.2,329.45,331.85,525645
2015-03-31 15:15:00+05:30,331.95,332.0,330.25,331.4,93586
2015-04-01 09:15:00+05:30,333.0,334.1,329.25,332.25,123481
2015-04-01 10:15:00+05:30,332.25,333.85,331.3,333.25,404098
2015-04-01 11:15:00+05:30,333.1,335.5,331.65,333.4,105099
2015-04-01 12:15:00+05:30,333.3,334.75,333.1,333.8,253070
2015-04-01 13:15:00+05:30,333.75,335.4,333.45,335.0,113214
2015-04-01 14:15:00+05:30,335.25,338.4,334.6,338.3,446976
2015-04-01 15:15:00+05:30,338.2,338.7,337.9,338.2,218274
2015-04-06 09:15:00+05:30,338.95,344.4,337.95,343.15,362672
2015-04-06 10:15:00+05:30,343.15,343.5,341.0,342.5,93936
2015-04-06 11:15:00+05:30,342.2,342.5,341.0,341.3,66298
2015-04-06 12:15:00+05:30,341.0,343.0,340.9,342.8,30714
2015-04-06 13:15:00+05:30,342.4,344.0,342.15,343.9,108381
2015-04-06 14:15:00+05:30,343.9,344.0,341.2,342.35,171969
2015-04-06 15:15:00+05:30,342.8,342.8,340.0,340.65,92565
2015-04-07 09:15:00+05:30,341.9,344.6,339.7,344.5,1091392
2015-04-07 10:15:00+05:30,344.5,345.5,340.65,341.25,354893
2015-04-07 11:15:00+05:30,341.25,345.85,341.05,343.25,229100
2015-04-07 12:15:00+05:30,342.6,343.65,340.05,340.9,151324
2015-04-07 13:15:00+05:30,341.05,341.95,340.2,341.45,105495
2015-04-07 14:15:00+05:30,341.5,343.0,340.15,342.7,110906
2015-04-07 15:15:00+05:30,342.9,344.85,342.35,343.5,41094
2015-04-08 09:15:00+05:30,347.0,347.6,344.35,346.2,289514
2015-04-08 10:15:00+05:30,346.2,346.9,345.35,346.45,162738
2015-04-08 11:15:00+05:30,346.35,346.75,345.55,346.6,327322
2015-04-08 12:15:00+05:30,346.6,346.75,344.75,345.55,54389
2015-04-08 13:15:00+05:30,345.55,346.0,343.2,344.95,122911
2015-04-08 14:15:00+05:30,344.95,345.9,343.7,345.8,122542
2015-04-08 15:15:00+05:30,345.85,346.6,345.0,345.05,29212
2015-04-09 09:15:00+05:30,346.8,346.8,341.6,342.1,164197
2015-04-09 10:15:00+05:30,342.1,344.35,341.05,341.9,133269
2015-04-09 11:15:00+05:30,342.0,342.2,339.95,340.8,106611
2015-04-09 12:15:00+05:30,340.8,342.55,340.2,342.25,33762
2015-04-09 13:15:00+05:30,342.25,343.8,341.55,343.4,325001
2015-04-09 14:15:00+05:30,343.55,344.8,342.35,343.5,462208
2015-04-09 15:15:00+05:30,343.5,343.7,342.05,342.65,71790
2015-04-10 09:15:00+05:30,344.0,344.0,340.05,340.2,60844
2015-04-10 10:15:00+05:30,340.2,340.95,339.5,340.6,43755
2015-04-10 11:15:00+05:30,340.6,348.25,340.6,345.55,198555
2015-04-10 12:15:00+05:30,345.5,347.0,343.05,346.0,92382
2015-04-10 13:15:00+05:30,345.85,350.75,345.5,349.3,297089
2015-04-10 14:15:00+05:30,349.45,352.45,348.7,351.7,410771
2015-04-10 15:15:00+05:30,351.5,351.6,349.5,350.0,166931
2015-04-13 09:15:00+05:30,351.75,351.85,347.2,348.75,237742
2015-04-13 10:15:00+05:30,348.35,355.0,347.65,354.0,192712
2015-04-13 11:15:00+05:30,354.0,354.95,353.1,354.6,177430
2015-04-13 12:15:00+05:30,354.6,356.0,353.95,355.5,361740
2015-04-13 13:15:00+05:30,355.55,356.25,354.2,355.4,187331
2015-04-13 14:15:00+05:30,355.4,356.45,354.05,355.0,229634
2015-04-13 15:15:00+05:30,354.95,355.45,353.5,353.55,114393
2015-04-15 09:15:00+05:30,352.4,352.5,345.65,346.15,216646
2015-04-15 10:15:00+05:30,346.25,346.95,345.7,346.6,168139
2015-04-15 11:15:00+05:30,346.6,346.75,342.4,342.75,189079
2015-04-15 12:15:00+05:30,342.75,346.8,342.2,345.35,69281
2015-04-15 13:15:00+05:30,345.3,345.8,343.0,344.8,58926
2015-04-15 14:15:00+05:30,344.75,346.35,342.85,344.1,224391
2015-04-15 15:15:00+05:30,344.15,345.1,341.85,344.95,328744
2015-04-16 09:15:00+05:30,350.0,358.0,349.15,350.95,1172309
2015-04-16 10:15:00+05:30,351.0,351.8,348.55,350.75,317926
2015-04-16 11:15:00+05:30,350.75,353.2,350.4,350.9,171784
2015-04-16 12:15:00+05:30,350.85,351.8,349.5,349.85,214360
2015-04-16 13:15:00+05:30,349.85,350.35,343.35,347.3,301534
2015-04-16 14:15:00+05:30,347.3,352.0,344.15,348.4,272708
2015-04-16 15:15:00+05:30,348.4,348.8,347.25,347.9,121950
2015-04-17 09:15:00+05:30,348.8,349.5,345.0,345.3,195348
2015-04-17 10:15:00+05:30,345.25,347.1,343.1,343.15,130771
2015-04-17 11:15:00+05:30,343.15,345.05,342.5,344.25,123751
2015-04-17 12:15:00+05:30,344.25,344.75,343.4,343.8,135441
2015-04-17 13:15:00+05:30,343.8,345.2,343.0,344.6,187234
2015-04-17 14:15:00+05:30,344.6,344.85,338.5,339.65,263557
2015-04-17 15:15:00+05:30,339.4,342.45,339.4,340.4,110398
2015-04-20 09:15:00+05:30,341.6,343.35,335.0,335.2,134755
2015-04-20 10:15:00+05:30,335.2,335.7,332.0,332.45,93435
2015-04-20 11:15:00+05:30,332.45,333.6,330.7,331.45,139226
2015-04-20 12:15:00+05:30,331.2,332.15,328.2,328.65,195398
2015-04-20 13:15:00+05:30,328.6,329.35,326.0,326.8,191823
2015-04-20 14:15:00+05:30,326.8,329.85,324.5,328.25,625573
2015-04-20 15:15:00+05:30,328.9,331.6,328.55,330.4,119294
2015-04-21 09:15:00+05:30,329.3,332.7,327.3,328.4,102919
2015-04-21 10:15:00+05:30,328.4,333.1,326.45,332.4,154394
2015-04-21 11:15:00+05:30,332.4,332.95,329.65,329.65,112740
2015-04-21 12:15:00+05:30,329.65,332.7,328.1,332.2,146383
2015-04-21 13:15:00+05:30,332.2,332.3,330.05,330.8,66007
2015-04-21 14:15:00+05:30,330.4,331.95,325.1,325.8,139726
2015-04-21 15:15:00+05:30,325.8,329.8,325.8,329.0,40960
2015-04-22 09:15:00+05:30,327.05,329.9,325.8,326.9,98425
2015-04-22 10:15:00+05:30,326.9,328.4,324.7,325.85,55972
2015-04-22 11:15:00+05:30,325.85,326.9,325.0,325.35,62738
2015-04-22 12:15:00+05:30,325.25,325.9,323.0,324.2,34050
2015-04-22 13:15:00+05:30,323.95,324.35,319.65,320.55,192480
2015-04-22 14:15:00+05:30,320.55,329.2,320.0,329.0,430858
2015-04-22 15:15:00+05:30,329.0,329.6,327.1,328.75,97114
2015-04-23 09:15:00+05:30,331.15,331.65,326.65,328.0,319818
2015-04-23 10:15:00+05:30,328.0,328.25,325.8,326.3,223284
2015-04-23 11:15:00+05:30,326.3,327.8,325.0,327.1,224655
2015-04-23 12:15:00+05:30,327.1,327.75,322.2,322.9,248250
2015-04-23 13:15:00+05:30,322.9,323.1,320.0,320.9,242037
2015-04-23 14:15:00+05:30,320.95,323.85,318.0,318.65,1311405
2015-04-23 15:15:00+05:30,318.65,320.05,318.25,318.7,103693
2015-04-24 09:15:00+05:30,320.4,322.4,316.55,322.2,163602
2015-04-24 10:15:00+05:30,322.2,323.0,318.65,319.3,186159
2015-04-24 11:15:00+05:30,319.5,320.0,318.15,318.4,428627
2015-04-24 12:15:00+05:30,318.4,318.4,315.25,315.25,477113
2015-04-24 13:15:00+05:30,315.1,319.75,315.1,319.4,425910
2015-04-24 14:15:00+05:30,319.4,321.35,319.0,320.5,2565245
2015-04-24 15:15:00+05:30,320.5,321.0,320.0,320.8,48720
2015-04-27 09:15:00+05:30,321.9,323.05,317.1,320.2,329849
2015-04-27 10:15:00+05:30,320.0,320.2,311.8,315.6,427851
2015-04-27 11:15:00+05:30,315.6,318.25,314.6,315.15,306749
2015-04-27 12:15:00+05:30,315.15,316.25,314.5,315.8,404070
2015-04-27 13:15:00+05:30,315.8,317.9,315.25,317.5,192112
2015-04-27 14:15:00+05:30,317.6,317.9,315.5,315.8,238417
2015-04-27 15:15:00+05:30,315.8,317.7,315.1,317.0,55116
2015-04-28 09:15:00+05:30,318.0,323.0,314.6,321.5,419851
2015-04-28 10:15:00+05:30,321.7,322.75,318.4,319.95,253429
2015-04-28 11:15:00+05:30,319.95,321.1,317.0,318.2,168489
2015-04-28 12:15:00+05:30,318.2,319.3,317.15,318.4,150388
2015-04-28 13:15:00+05:30,318.4,320.25,318.25,320.0,211703
2015-04-28 14:15:00+05:30,320.0,324.8,319.6,322.5,505911
2015-04-28 15:15:00+05:30,322.6,323.55,321.0,321.95,153170
2015-04-29 09:15:00+05:30,322.95,322.95,317.5,318.05,372473
2015-04-29 10:15:00+05:30,318.0,318.25,315.05,316.2,582869
2015-04-29 11:15:00+05:30,316.0,316.2,315.4,315.8,219665
2015-04-29 12:15:00+05:30,315.65,318.5,315.6,318.15,297363
2015-04-29 13:15:00+05:30,318.0,319.35,317.65,319.2,207076
2015-04-29 14:15:00+05:30,319.0,319.35,317.1,318.6,319846
2015-04-29 15:15:00+05:30,318.55,319.35,318.2,319.0,141130
2015-04-30 09:15:00+05:30,319.1,319.1,313.3,315.1,653353
2015-04-30 10:15:00+05:30,315.1,316.0,314.5,314.5,146957
2015-04-30 11:15:00+05:30,314.5,315.8,314.5,315.0,114680
2015-04-30 12:15:00+05:30,315.0,315.45,309.05,310.45,387362
2015-04-30 13:15:00+05:30,310.25,311.8,309.75,311.6,351801
2015-04-30 14:15:00+05:30,311.35,313.9,309.55,310.4,1014838
2015-04-30 15:15:00+05:30,310.4,312.9,309.7,311.75,826310
2015-05-04 09:15:00+05:30,316.0,316.45,310.05,310.5,438664
2015-05-04 10:15:00+05:30,310.4,312.8,309.25,312.05,271440
2015-05-04 11:15:00+05:30,312.05,312.35,310.0,311.1,237967
2015-05-04 12:15:00+05:30,311.1,312.3,310.5,311.5,590014
2015-05-04 13:15:00+05:30,311.65,313.0,311.0,311.9,699083
2015-05-04 14:15:00+05:30,311.9,312.45,311.0,312.2,847208
2015-05-04 15:15:00+05:30,312.2,314.9,312.15,313.35,239206
2015-05-05 09:15:00+05:30,313.2,315.6,310.7,313.15,703150
2015-05-05 10:15:00+05:30,312.9,316.75,312.45,316.65,222975
2015-05-05 11:15:00+05:30,316.75,317.15,314.35,315.6,176728
2015-05-05 12:15:00+05:30,315.6,316.0,314.0,314.5,271562
2015-05-05 13:15:00+05:30,314.75,315.3,313.25,314.3,170435
2015-05-05 14:15:00+05:30,314.55,316.65,313.0,315.9,263767
2015-05-05 15:15:00+05:30,315.75,315.9,314.15,314.3,82474
2015-05-06 09:15:00+05:30,314.45,315.0,303.75,306.35,489402
2015-05-06 10:15:00+05:30,306.15,309.4,305.5,307.25,321822
2015-05-06 11:15:00+05:30,307.25,308.0,306.0,307.85,126614
2015-05-06 12:15:00+05:30,307.85,308.85,306.25,308.45,159926
2015-05-06 13:15:00+05:30,308.4,308.85,307.15,308.45,125229
2015-05-06 14:15:00+05:30,308.4,308.55,304.6,304.9,161973
2015-05-06 15:15:00+05:30,304.9,305.65,303.1,305.1,88013
2015-05-07 09:15:00+05:30,301.8,303.9,301.0,302.7,256671
2015-05-07 10:15:00+05:30,302.7,305.0,302.0,303.0,161324
2015-05-07 11:15:00+05:30,303.0,303.6,301.1,302.2,215084
2015-05-07 12:15:00+05:30,302.25,303.9,301.5,302.05,211744
2015-05-07 13:15:00+05:30,302.05,302.5,295.5,296.45,228453
2015-05-07 14:15:00+05:30,296.45,296.9,290.3,295.55,487713
2015-05-07 15:15:00+05:30,295.8,296.3,294.5,296.0,113127
2015-05-08 09:15:00+05:30,303.0,304.9,301.8,304.4,461276
2015-05-08 10:15:00+05:30,304.4,306.8,303.75,305.9,565287
2015-05-08 11:15:00+05:30,305.9,308.3,305.65,307.15,232615
2015-05-08 12:15:00+05:30,307.15,310.5,306.5,310.1,277326
2015-05-08 13:15:00+05:30,310.3,310.9,308.9,310.15,241400
2015-05-08 14:15:00+05:30,310.15,310.35,308.15,309.0,489042
2015-05-08 15:15:00+05:30,308.9,310.75,308.9,310.6,193004
2015-05-11 09:15:00+05:30,313.35,316.85,312.45,314.4,363136
2015-05-11 10:15:00+05:30,314.4,316.0,314.15,315.55,201225
2015-05-11 11:15:00+05:30,315.55,315.9,312.5,313.2,263075
2015-05-11 12:15:00+05:30,313.2,319.0,312.85,318.9,582723
2015-05-11 13:15:00+05:30,318.7,324.15,318.7,322.75,497976
2015-05-11 14:15:00+05:30,322.75,323.65,319.3,322.8,472000
2015-05-11 15:15:00+05:30,322.75,323.0,321.9,323.0,258684
2015-05-12 09:15:00+05:30,322.15,322.15,314.2,315.4,382829
2015-05-12 10:15:00+05:30,315.4,317.5,314.15,315.7,220988
2015-05-12 11:15:00+05:30,315.5,317.7,314.0,314.2,178744
2015-05-12 12:15:00+05:30,314.1,315.9,312.55,314.8,422185
2015-05-12 13:15:00+05:30,314.6,315.8,312.7,313.2,318181
2015-05-12 14:15:00+05:30,313.0,315.0,312.75,313.1,138850
2015-05-12 15:15:00+05:30,313.1,314.55,312.1,314.4,56310
2015-05-13 09:15:00+05:30,315.0,319.35,315.0,316.15,184903
2015-05-13 10:15:00+05:30,316.3,317.2,311.3,312.1,182863
2015-05-13 11:15:00+05:30,312.1,313.8,311.2,311.45,152048
2015-05-13 12:15:00+05:30,311.65,316.2,311.15,315.35,185640
2015-05-13 13:15:00+05:30,315.3,318.6,314.85,316.85,208669
2015-05-13 14:15:00+05:30,316.85,318.7,316.8,317.45,117836
2015-05-13 15:15:00+05:30,317.45,318.45,317.45,318.0,53270
2015-05-14 09:15:00+05:30,318.7,318.7,310.0,313.7,330729
2015-05-14 10:15:00+05:30,313.7,314.55,313.25,314.2,153059
2015-05-14 11:15:00+05:30,314.2,314.45,312.85,313.3,144097
2015-05-14 12:15:00+05:30,313.3,313.4,310.35,311.0,144523
2015-05-14 13:15:00+05:30,311.0,314.1,310.8,314.0,186635
2015-05-14 14:15:00+05:30,314.0,315.5,313.3,314.85,208123
2015-05-14 15:15:00+05:30,314.85,316.5,314.7,314.85,103396
2015-05-15 09:15:00+05:30,317.8,318.0,315.4,315.55,345368
2015-05-15 10:15:00+05:30,315.4,316.5,314.5,315.05,105531
2015-05-15 11:15:00+05:30,315.05,315.7,314.85,315.7,71374
2015-05-15 12:15:00+05:30,315.5,316.15,313.0,313.5,286938
2015-05-15 13:15:00+05:30,313.3,315.0,312.6,314.05,410757
2015-05-15 14:15:00+05:30,314.05,314.75,313.15,314.0,212954
2015-05-15 15:15:00+05:30,313.95,314.0,313.25,313.3,118214
2015-05-18 09:15:00+05:30,314.6,315.8,313.0,313.3,198016
2015-05-18 10:15:00+05:30,313.3,313.5,311.1,312.55,442372
2015-05-18 11:15:00+05:30,312.5,313.85,312.5,313.1,178713
2015-05-18 12:15:00+05:30,313.1,314.0,313.0,314.0,200807
2015-05-18 13:15:00+05:30,313.85,315.15,313.8,314.75,194291
2015-05-18 14:15:00+05:30,314.8,318.2,314.75,317.8,342766
2015-05-18 15:15:00+05:30,317.8,318.25,316.05,316.05,167353
2015-05-19 09:15:00+05:30,316.5,316.8,313.3,313.95,97713
2015-05-19 10:15:00+05:30,313.95,315.0,313.5,314.4,105401
2015-05-19 11:15:00+05:30,314.15,316.4,313.8,315.55,133498
2015-05-19 12:15:00+05:30,315.55,316.4,314.8,315.35,110634
2015-05-19 13:15:00+05:30,315.05,315.7,314.0,314.05,100062
2015-05-19 14:15:00+05:30,314.2,314.3,312.5,313.9,219844
2015-05-19 15:15:00+05:30,313.75,313.9,312.25,312.3,86714
2015-05-20 09:15:00+05:30,315.65,316.0,311.6,312.1,192261
2015-05-20 10:15:00+05:30,312.1,313.0,311.5,312.65,129624
2015-05-20 11:15:00+05:30,312.6,313.5,309.1,309.4,436694
2015-05-20 12:15:00+05:30,309.35,310.2,308.0,308.25,570442
2015-05-20 13:15:00+05:30,308.25,310.0,308.1,309.8,363755
2015-05-20 14:15:00+05:30,309.8,310.95,309.2,310.4,238471
2015-05-20 15:15:00+05:30,310.4,310.4,308.6,309.1,106547
2015-05-21 09:15:00+05:30,309.7,314.2,308.5,312.35,251028
2015-05-21 10:15:00+05:30,312.3,312.85,311.0,312.3,97740
2015-05-21 11:15:00+05:30,312.15,313.0,311.1,312.75,73150
2015-05-21 12:15:00+05:30,312.7,313.6,311.75,313.1,84115
2015-05-21 13:15:00+05:30,313.1,315.0,312.85,313.15,195187
2015-05-21 14:15:00+05:30,313.05,316.3,312.75,315.6,208398
2015-05-21 15:15:00+05:30,315.8,316.35,315.5,315.6,96562
2015-05-22 09:15:00+05:30,316.45,318.25,314.05,317.5,143640
2015-05-22 10:15:00+05:30,317.3,318.15,316.5,317.0,129759
2015-05-22 11:15:00+05:30,317.0,318.75,317.0,318.3,192174
2015-05-22 12:15:00+05:30,318.05,318.4,317.75,318.4,204075
2015-05-22 13:15:00+05:30,318.1,318.6,315.4,316.4,214309
2015-05-22 14:15:00+05:30,316.4,317.1,315.3,315.6,329376
2015-05-22 15:15:00+05:30,315.5,316.0,314.4,316.0,108353
2015-05-25 09:15:00+05:30,317.5,317.6,309.15,309.85,268600
2015-05-25 10:15:00+05:30,309.85,310.5,309.2,309.5,115959
2015-05-25 11:15:00+05:30,309.4,312.1,309.35,311.4,189531
2015-05-25 12:15:00+05:30,311.4,311.5,310.15,310.35,108541
2015-05-25 13:15:00+05:30,310.35,310.55,308.5,308.8,206977
2015-05-25 14:15:00+05:30,308.8,309.25,307.0,307.15,132235
2015-05-25 15:15:00+05:30,307.15,308.1,306.3,307.9,129644
2015-05-26 09:15:00+05:30,307.9,307.9,303.0,304.1,236985
2015-05-26 10:15:00+05:30,304.1,304.55,301.0,301.7,230758
2015-05-26 11:15:00+05:30,301.4,306.6,301.4,305.15,157859
2015-05-26 12:15:00+05:30,305.15,306.2,304.3,305.45,179953
2015-05-26 13:15:00+05:30,305.45,306.0,305.0,305.3,201052
2015-05-26 14:15:00+05:30,305.3,309.9,304.45,307.7,628219
2015-05-26 15:15:00+05:30,307.7,309.65,307.15,309.0,252106
2015-05-27 09:15:00+05:30,294.0,300.15,290.15,296.6,1438818
2015-05-27 10:15:00+05:30,296.75,297.75,294.55,297.1,279106
2015-05-27 11:15:00+05:30,297.1,298.25,295.25,295.75,271362
2015-05-27 12:15:00+05:30,295.75,295.8,294.05,295.15,234001
2015-05-27 13:15:00+05:30,295.1,296.6,294.0,296.1,224975
2015-05-27 14:15:00+05:30,296.15,297.75,295.55,296.65,338130
2015-05-27 15:15:00+05:30,296.85,299.0,296.75,298.0,352174
2015-05-28 09:15:00+05:30,299.8,303.9,298.2,301.85,250058
2015-05-28 10:15:00+05:30,301.85,302.35,299.85,300.75,105593
2015-05-28 11:15:00+05:30,300.75,303.5,300.75,301.65,130884
2015-05-28 12:15:00+05:30,301.65,301.7,299.3,300.5,91633
2015-05-28 13:15:00+05:30,300.5,301.0,300.05,300.7,54565
2015-05-28 14:15:00+05:30,300.85,302.5,297.4,298.6,400139
2015-05-28 15:15:00+05:30,298.55,299.9,298.2,298.25,383405
2015-05-29 09:15:00+05:30,300.4,301.3,297.1,301.0,156480
2015-05-29 10:15:00+05:30,301.0,302.0,300.7,301.7,64980
2015-05-29 11:15:00+05:30,301.7,301.75,300.5,300.75,37107
2015-05-29 12:15:00+05:30,300.5,303.2,300.15,302.15,69767
2015-05-29 13:15:00+05:30,302.15,302.4,300.35,300.6,38803
2015-05-29 14:15:00+05:30,300.6,303.0,300.4,300.95,174317
2015-05-29 15:15:00+05:30,300.95,302.0,299.7,301.0,130891
2015-06-01 09:15:00+05:30,302.5,302.5,293.25,294.2,328886
2015-06-01 10:15:00+05:30,294.2,295.15,293.35,294.7,134907
2015-06-01 11:15:00+05:30,294.7,295.25,292.9,293.0,102601
2015-06-01 12:15:00+05:30,293.0,293.65,292.6,293.2,97313
2015-06-01 13:15:00+05:30,293.15,294.1,292.65,292.7,570442
2015-06-01 14:15:00+05:30,292.7,293.55,290.15,290.35,344758
2015-06-01 15:15:00+05:30,290.35,291.25,290.0,291.0,145172
2015-06-02 09:15:00+05:30,293.0,294.9,292.1,293.4,271593
2015-06-02 10:15:00+05:30,293.4,293.45,287.55,288.7,304162
2015-06-02 11:15:00+05:30,288.8,290.25,286.3,290.1,183720
2015-06-02 12:15:00+05:30,290.1,290.2,287.55,287.85,108392
2015-06-02 13:15:00+05:30,287.85,288.7,287.0,287.0,144702
2015-06-02 14:15:00+05:30,287.1,288.35,286.0,287.5,328808
2015-06-02 15:15:00+05:30,287.5,287.5,285.9,287.0,137831
2015-06-03 09:15:00+05:30,288.3,288.8,280.55,281.9,425965
2015-06-03 10:15:00+05:30,281.9,282.35,276.6,278.55,498238
2015-06-03 11:15:00+05:30,278.65,279.6,275.25,276.15,298424
2015-06-03 12:15:00+05:30,275.9,279.95,275.65,278.35,189136
2015-06-03 13:15:00+05:30,278.35,280.7,278.15,279.7,186094
2015-06-03 14:15:00+05:30,279.7,283.0,278.85,280.8,239039
2015-06-03 15:15:00+05:30,280.8,283.2,280.45,281.8,145011
2015-06-04 09:15:00+05:30,284.55,284.55,276.05,278.65,210229
2015-06-04 10:15:00+05:30,278.65,279.75,278.1,279.15,72181
2015-06-04 11:15:00+05:30,279.15,279.3,276.7,277.5,64491
2015-06-04 12:15:00+05:30,277.5,278.7,277.05,277.55,57345
2015-06-04 13:15:00+05:30,277.55,280.25,277.0,280.2,238192
2015-06-04 14:15:00+05:30,280.15,281.95,279.25,281.8,487023
2015-06-04 15:15:00+05:30,281.8,283.5,281.5,283.0,360721
2015-06-05 09:15:00+05:30,282.0,284.8,281.15,282.0,704145
2015-06-05 10:15:00+05:30,282.0,283.35,281.8,282.85,353610
2015-06-05 11:15:00+05:30,282.9,287.0,281.9,286.25,499395
2015-06-05 12:15:00+05:30,286.2,286.45,284.45,285.25,371245
2015-06-05 13:15:00+05:30,285.3,289.0,284.75,288.35,540728
2015-06-05 14:15:00+05:30,288.35,288.55,284.8,285.65,718197
2015-06-05 15:15:00+05:30,285.65,285.85,284.65,285.15,176862
2015-06-08 09:15:00+05:30,284.0,284.75,278.7,282.9,437814
2015-06-08 10:15:00+05:30,282.9,283.05,279.7,280.45,184733
2015-06-08 11:15:00+05:30,280.45,280.9,279.5,279.75,142420
2015-06-08 12:15:00+05:30,279.85,281.85,279.2,279.8,200357
2015-06-08 13:15:00+05:30,279.8,279.95,278.85,279.45,126664
2015-06-08 14:15:00+05:30,279.45,282.1,278.7,280.1,236535
2015-06-08 15:15:00+05:30,280.1,283.3,279.5,282.0,94468
2015-06-09 09:15:00+05:30,279.85,281.05,276.15,280.5,385567
2015-06-09 10:15:00+05:30,280.5,280.95,278.3,279.1,190851
2015-06-09 11:15:00+05:30,279.05,280.0,278.85,279.25,130614
2015-06-09 12:15:00+05:30,279.25,279.55,277.2,278.7,312634
2015-06-09 13:15:00+05:30,278.7,282.95,277.6,282.45,558187
2015-06-09 14:15:00+05:30,282.5,282.65,279.25,282.2,450788
2015-06-09 15:15:00+05:30,282.15,282.25,279.65,279.65,77674
2015-06-10 09:15:00+05:30,281.4,286.1,279.0,284.0,499016
2015-06-10 10:15:00+05:30,284.2,285.0,282.6,282.9,229346
2015-06-10 11:15:00+05:30,283.15,283.85,282.0,283.15,219047
2015-06-10 12:15:00+05:30,283.05,283.4,281.7,283.3,166922
2015-06-10 13:15:00+05:30,283.15,283.55,280.85,281.3,245727
2015-06-10 14:15:00+05:30,281.35,284.3,281.1,281.3,300947
2015-06-10 15:15:00+05:30,281.3,282.75,281.2,282.35,157816
2015-06-11 09:15:00+05:30,283.2,283.2,278.5,279.95,543414
2015-06-11 10:15:00+05:30,279.95,280.3,275.45,275.85,256469
2015-06-11 11:15:00+05:30,275.85,276.65,274.2,275.2,181011
2015-06-11 12:15:00+05:30,275.2,276.0,274.45,275.1,571985
2015-06-11 13:15:00+05:30,275.1,275.1,272.4,273.65,348181
2015-06-11 14:15:00+05:30,273.7,274.2,267.75,270.3,396367
2015-06-11 15:15:00+05:30,270.25,271.45,269.3,270.5,216569
2015-06-12 09:15:00+05:30,268.0,268.0,261.35,265.0,519978
2015-06-12 10:15:00+05:30,265.0,267.25,264.75,265.1,351671
2015-06-12 11:15:00+05:30,265.05,267.5,264.1,267.0,299907
2015-06-12 12:15:00+05:30,267.0,267.2,264.35,264.65,307161
2015-06-12 13:15:00+05:30,264.85,266.0,263.35,263.85,280590
2015-06-12 14:15:00+05:30,263.7,265.9,263.1,265.9,979655
2015-06-12 15:15:00+05:30,265.9,267.4,265.8,266.95,136118
2015-06-15 09:15:00+05:30,266.0,269.35,263.15,263.25,412300
2015-06-15 10:15:00+05:30,263.3,264.5,262.25,263.9,286410
2015-06-15 11:15:00+05:30,263.85,265.25,263.0,263.35,234343
2015-06-15 12:15:00+05:30,263.4,265.5,262.55,265.5,199745
2015-06-15 13:15:00+05:30,265.5,267.35,265.15,265.5,339359
2015-06-15 14:15:00+05:30,265.5,265.7,263.25,263.7,336518
2015-06-15 15:15:00+05:30,263.75,264.7,263.25,263.65,129212
2015-06-16 09:15:00+05:30,265.6,268.05,263.2,264.6,298187
2015-06-16 10:15:00+05:30,264.6,264.6,263.15,263.8,112041
2015-06-16 11:15:00+05:30,263.75,265.15,263.5,264.95,304753
2015-06-16 12:15:00+05:30,264.95,265.65,264.5,264.55,111132
2015-06-16 13:15:00+05:30,264.55,265.5,263.7,265.45,309001
2015-06-16 14:15:00+05:30,265.45,269.6,265.0,267.7,462992
2015-06-16 15:15:00+05:30,267.55,272.55,267.55,272.0,129163
2015-06-17 09:15:00+05:30,275.0,275.0,268.6,269.65,585918
2015-06-17 10:15:00+05:30,269.7,270.45,269.0,269.6,323493
2015-06-17 11:15:00+05:30,269.6,269.8,268.65,269.0,287883
2015-06-17 12:15:00+05:30,269.0,269.8,267.75,268.25,332732
2015-06-17 13:15:00+05:30,268.25,270.5,267.85,269.25,360314
2015-06-17 14:15:00+05:30,269.2,271.25,267.9,268.25,445758
2015-06-17 15:15:00+05:30,268.25,268.85,267.5,267.55,167530
2015-06-18 09:15:00+05:30,270.15,271.75,268.0,269.6,388235
2015-06-18 10:15:00+05:30,269.6,273.8,268.55,273.5,482688
2015-06-18 11:15:00+05:30,273.25,273.6,271.95,272.5,342701
2015-06-18 12:15:00+05:30,272.5,274.1,272.1,273.6,307922
2015-06-18 13:15:00+05:30,273.6,274.15,271.5,272.9,581119
2015-06-18 14:15:00+05:30,272.9,273.25,271.6,272.8,389503
2015-06-18 15:15:00+05:30,272.8,273.0,271.5,271.8,240168
2015-06-19 09:15:00+05:30,274.5,274.5,269.1,270.0,470198
2015-06-19 10:15:00+05:30,270.0,270.45,269.0,269.9,359909
2015-06-19 11:15:00+05:30,269.8,270.35,269.25,269.6,293897
2015-06-19 12:15:00+05:30,269.6,269.75,268.0,268.9,397612
2015-06-19 13:15:00+05:30,268.85,269.4,268.2,268.55,343542
2015-06-19 14:15:00+05:30,268.6,269.75,268.55,269.0,326141
2015-06-19 15:15:00+05:30,269.0,270.25,269.0,269.5,117312
2015-06-22 09:15:00+05:30,272.05,272.45,271.0,271.55,326370
2015-06-22 10:15:00+05:30,271.55,274.25,271.4,274.1,591182
2015-06-22 11:15:00+05:30,274.1,275.25,273.55,275.1,407944
2015-06-22 12:15:00+05:30,275.15,275.2,274.3,274.65,255657
2015-06-22 13:15:00+05:30,274.65,275.7,274.35,274.65,130116
2015-06-22 14:15:00+05:30,274.6,275.35,272.85,272.85,291845
2015-06-22 15:15:00+05:30,272.85,273.1,271.75,272.1,230313
2015-06-23 09:15:00+05:30,274.45,275.9,271.95,275.6,500325
2015-06-23 10:15:00+05:30,275.5,275.75,273.0,273.2,365112
2015-06-23 11:15:00+05:30,273.2,273.45,272.0,272.5,400559
2015-06-23 12:15:00+05:30,272.5,273.8,272.25,272.95,212406
2015-06-23 13:15:00+05:30,272.95,274.2,272.5,274.0,252576
2015-06-23 14:15:00+05:30,274.0,274.0,272.2,272.45,263956
2015-06-23 15:15:00+05:30,272.45,272.9,272.0,272.4,71001
2015-06-24 09:15:00+05:30,272.5,273.75,271.35,271.65,172827
2015-06-24 10:15:00+05:30,271.8,272.4,270.6,271.15,96214
2015-06-24 11:15:00+05:30,271.15,272.55,270.65,272.35,137615
2015-06-24 12:15:00+05:30,272.5,272.5,270.65,270.8,116143
2015-06-24 13:15:00+05:30,270.8,272.3,270.55,270.8,130346
2015-06-24 14:15:00+05:30,270.8,271.4,269.95,270.3,444489
2015-06-24 15:15:00+05:30,270.45,271.25,269.0,271.0,407171
2015-06-25 09:15:00+05:30,271.2,271.35,267.6,268.15,239503
2015-06-25 10:15:00+05:30,268.15,268.55,267.3,267.9,258987
2015-06-25 11:15:00+05:30,268.0,269.05,267.95,268.7,300012
2015-06-25 12:15:00+05:30,268.7,268.9,267.5,267.8,259182
2015-06-25 13:15:00+05:30,267.8,268.25,266.5,267.5,707673
2015-06-25 14:15:00+05:30,267.55,267.85,265.0,265.8,931493
2015-06-25 15:15:00+05:30,265.8,266.9,265.15,266.9,443364
2015-06-26 09:15:00+05:30,266.1,269.5,266.1,268.6,204917
2015-06-26 10:15:00+05:30,268.6,269.3,268.05,268.75,119053
2015-06-26 11:15:00+05:30,268.75,269.6,267.65,268.0,171803
2015-06-26 12:15:00+05:30,268.0,268.95,267.2,268.2,139172
2015-06-26 13:15:00+05:30,268.2,270.0,268.0,269.3,173197
2015-06-26 14:15:00+05:30,269.3,269.9,267.5,268.6,183651
2015-06-26 15:15:00+05:30,268.6,269.15,267.9,268.9,80391
2015-06-29 09:15:00+05:30,263.1,263.2,258.6,261.7,341671
2015-06-29 10:15:00+05:30,261.7,261.95,258.8,259.55,162742
2015-06-29 11:15:00+05:30,259.55,260.35,258.8,260.0,117353
2015-06-29 12:15:00+05:30,260.0,260.45,259.35,260.1,124447
2015-06-29 13:15:00+05:30,260.05,261.9,259.85,261.9,186257
2015-06-29 14:15:00+05:30,261.9,262.6,260.0,260.5,440199
2015-06-29 15:15:00+05:30,260.45,261.95,260.1,261.4,221063
2015-06-30 09:15:00+05:30,261.0,261.4,255.05,257.9,642405
2015-06-30 10:15:00+05:30,257.9,258.9,257.5,258.15,126249
2015-06-30 11:15:00+05:30,258.15,259.6,257.7,258.0,267082
2015-06-30 12:15:00+05:30,258.0,259.25,257.7,258.95,749808
2015-06-30 13:15:00+05:30,258.95,259.95,257.4,257.6,238303
2015-06-30 14:15:00+05:30,257.7,261.65,257.15,261.45,790456
2015-06-30 15:15:00+05:30,261.45,261.6,260.35,260.75,101868
2015-07-01 09:15:00+05:30,262.0,264.1,259.0,263.3,410583
2015-07-01 10:15:00+05:30,263.3,264.45,262.35,262.8,276031
2015-07-01 11:15:00+05:30,262.75,263.4,261.1,262.0,201000
2015-07-01 12:15:00+05:30,262.0,263.2,261.6,262.95,369310
2015-07-01 13:15:00+05:30,262.95,264.2,262.2,263.35,472807
2015-07-01 14:15:00+05:30,263.35,266.35,263.0,263.15,697111
2015-07-01 15:15:00+05:30,263.35,264.15,263.15,263.7,82397
2015-07-02 09:15:00+05:30,267.55,267.55,261.4,262.4,292966
2015-07-02 10:15:00+05:30,262.4,263.0,261.75,262.65,95675
2015-07-02 11:15:00+05:30,262.65,262.8,260.6,261.45,161113
2015-07-02 12:15:00+05:30,261.45,261.75,260.35,260.75,71340
2015-07-02 13:15:00+05:30,260.75,261.0,259.5,259.85,113246
2015-07-02 14:15:00+05:30,259.85,260.45,259.0,259.5,168951
2015-07-02 15:15:00+05:30,259.55,260.75,259.5,260.1,112136
2015-07-03 09:15:00+05:30,260.1,260.6,259.1,259.5,235397
2015-07-03 10:15:00+05:30,259.5,259.95,257.4,258.2,193639
2015-07-03 11:15:00+05:30,258.3,259.7,258.1,259.55,298398
2015-07-03 12:15:00+05:30,259.45,260.0,258.3,259.7,130124
2015-07-03 13:15:00+05:30,259.7,260.55,259.05,259.7,315012
2015-07-03 14:15:00+05:30,259.75,260.25,259.1,259.25,118776
2015-07-03 15:15:00+05:30,259.35,260.3,259.35,260.0,119188
2015-07-06 09:15:00+05:30,257.0,257.0,252.45,253.65,365760
2015-07-06 10:15:00+05:30,253.65,253.95,251.25,251.4,198896
2015-07-06 11:15:00+05:30,251.35,252.65,251.35,252.25,63292
2015-07-06 12:15:00+05:30,252.35,253.85,252.25,253.3,207564
2015-07-06 13:15:00+05:30,253.15,255.0,252.95,254.5,308310
2015-07-06 14:15:00+05:30,254.5,255.85,254.05,254.7,691964
2015-07-06 15:15:00+05:30,254.75,255.15,254.5,255.0,155406
2015-07-07 09:15:00+05:30,256.7,258.6,255.05,255.3,914763
2015-07-07 10:15:00+05:30,255.35,256.15,253.5,253.6,494878
2015-07-07 11:15:00+05:30,253.6,254.25,252.5,253.8,354074
2015-07-07 12:15:00+05:30,253.8,254.0,252.7,252.9,328497
2015-07-07 13:15:00+05:30,253.1,255.5,252.6,252.8,575600
2015-07-07 14:15:00+05:30,252.8,253.7,252.25,252.4,480974
2015-07-07 15:15:00+05:30,252.5,252.8,252.0,252.3,272157
2015-07-08 09:15:00+05:30,248.95,248.95,244.0,246.5,585917
2015-07-08 10:15:00+05:30,246.5,246.65,241.15,242.55,389490
2015-07-08 11:15:00+05:30,242.55,242.7,237.0,239.15,675797
2015-07-08 12:15:00+05:30,239.2,240.45,238.3,239.95,286199
2015-07-08 13:15:00+05:30,239.95,242.8,238.55,242.25,447938
2015-07-08 14:15:00+05:30,242.25,243.95,239.6,239.85,710140
2015-07-08 15:15:00+05:30,239.85,240.1,237.15,238.35,393169
2015-07-09 09:15:00+05:30,239.0,239.0,233.95,237.6,992656
2015-07-09 10:15:00+05:30,237.65,239.9,235.85,239.0,512116
2015-07-09 11:15:00+05:30,239.0,239.25,237.3,238.15,359451
2015-07-09 12:15:00+05:30,238.15,238.55,236.95,237.2,163971
2015-07-09 13:15:00+05:30,237.2,237.5,235.1,235.25,249393
2015-07-09 14:15:00+05:30,235.25,235.8,233.85,234.1,387392
2015-07-09 15:15:00+05:30,234.1,235.9,233.8,235.3,516460
2015-07-10 09:15:00+05:30,238.0,240.7,236.9,239.25,558945
2015-07-10 10:15:00+05:30,239.25,239.45,237.5,238.0,229663
2015-07-10 11:15:00+05:30,238.0,238.6,236.3,237.15,172943
2015-07-10 12:15:00+05:30,237.15,239.1,236.35,238.5,311422
2015-07-10 13:15:00+05:30,238.5,238.7,236.3,236.95,213271
2015-07-10 14:15:00+05:30,236.95,239.1,236.75,239.0,403206
2015-07-10 15:15:00+05:30,238.9,239.0,238.0,238.1,142663
2015-07-13 09:15:00+05:30,239.85,240.2,236.4,236.85,164981
2015-07-13 10:15:00+05:30,236.85,237.25,235.85,237.2,101161
2015-07-13 11:15:00+05:30,237.2,238.4,237.0,238.2,151753
2015-07-13 12:15:00+05:30,238.2,246.65,237.8,245.15,696602
2015-07-13 13:15:00+05:30,245.15,245.6,241.1,243.55,368248
2015-07-13 14:15:00+05:30,243.6,243.95,241.25,241.65,211135
2015-07-13 15:15:00+05:30,241.65,242.5,241.1,242.5,74104
2015-07-14 09:15:00+05:30,243.5,243.5,237.5,238.65,381417
2015-07-14 10:15:00+05:30,238.65,239.75,237.75,238.25,221286
2015-07-14 11:15:00+05:30,238.25,238.9,238.05,238.05,111481
2015-07-14 12:15:00+05:30,238.05,238.85,238.05,238.5,54228
2015-07-14 13:15:00+05:30,238.5,238.65,236.5,237.45,182903
2015-07-14 14:15:00+05:30,237.45,237.45,228.2,232.45,1236391
2015-07-14 15:15:00+05:30,232.6,232.65,231.0,231.8,302512
2015-07-15 09:15:00+05:30,232.9,240.0,232.1,238.2,954025
2015-07-15 10:15:00+05:30,238.2,240.3,238.1,239.75,403672
2015-07-15 11:15:00+05:30,239.65,239.85,237.7,237.8,401790
2015-07-15 12:15:00+05:30,237.8,239.55,237.2,238.65,244197
2015-07-15 13:15:00+05:30,238.65,240.05,238.65,239.5,186634
2015-07-15 14:15:00+05:30,239.5,241.0,238.8,240.6,695498
2015-07-15 15:15:00+05:30,240.6,240.6,239.65,239.9,185166
2015-07-16 09:15:00+05:30,242.5,242.55,235.6,236.65,882737
2015-07-16 10:15:00+05:30,236.5,237.6,236.0,237.55,282653
2015-07-16 11:15:00+05:30,237.55,237.9,237.1,237.15,360804
2015-07-16 12:15:00+05:30,237.15,237.9,237.1,237.6,208634
2015-07-16 13:15:00+05:30,237.6,237.7,235.8,236.5,418157
2015-07-16 14:15:00+05:30,236.45,237.25,236.2,236.7,404938
2015-07-16 15:15:00+05:30,236.6,236.7,235.55,236.4,245547
2015-07-17 09:15:00+05:30,237.5,237.9,235.1,235.6,390123
2015-07-17 10:15:00+05:30,235.55,235.7,233.8,234.7,374546
2015-07-17 11:15:00+05:30,234.65,235.4,234.4,234.8,405436
2015-07-17 12:15:00+05:30,234.8,235.5,233.85,234.05,359588
2015-07-17 13:15:00+05:30,234.05,239.95,233.9,238.6,1574969
2015-07-17 14:15:00+05:30,238.6,239.5,237.0,238.0,960376
2015-07-17 15:15:00+05:30,237.8,238.45,237.8,238.25,203729
2015-07-20 09:15:00+05:30,240.05,240.3,236.15,236.35,412429
2015-07-20 10:15:00+05:30,236.4,237.0,235.3,235.75,243054
2015-07-20 11:15:00+05:30,235.75,236.25,233.8,234.25,395090
2015-07-20 12:15:00+05:30,234.25,234.6,233.4,233.75,277719
2015-07-20 13:15:00+05:30,233.75,235.15,233.75,234.85,231354
2015-07-20 14:15:00+05:30,234.9,235.2,234.5,234.9,392511
2015-07-20 15:15:00+05:30,234.9,235.35,234.5,235.05,161987
2015-07-21 09:15:00+05:30,234.85,237.2,232.95,235.9,283021
2015-07-21 10:15:00+05:30,235.9,236.9,234.25,235.2,418321
2015-07-21 11:15:00+05:30,235.2,238.0,233.3,237.6,364862
2015-07-21 12:15:00+05:30,237.6,238.85,236.55,238.5,463259
2015-07-21 13:15:00+05:30,238.5,238.9,238.0,238.3,217518
2015-07-21 14:15:00+05:30,238.3,238.4,233.0,234.45,853755
2015-07-21 15:15:00+05:30,234.45,235.3,233.5,234.85,116803
2015-07-22 09:15:00+05:30,233.45,236.0,233.1,235.65,397718
2015-07-22 10:15:00+05:30,235.65,239.65,235.5,239.0,403408
2015-07-22 11:15:00+05:30,239.0,240.5,238.6,240.25,357111
2015-07-22 12:15:00+05:30,240.25,240.4,238.95,239.4,263920
2015-07-22 13:15:00+05:30,239.4,241.0,239.0,240.35,589201
2015-07-22 14:15:00+05:30,240.5,240.8,239.5,240.15,384458
2015-07-22 15:15:00+05:30,240.0,241.0,239.55,240.1,369672
2015-07-23 09:15:00+05:30,240.4,242.05,238.75,241.2,688997
2015-07-23 10:15:00+05:30,241.25,247.4,240.8,246.35,982504
2015-07-23 11:15:00+05:30,246.4,251.5,243.75,250.7,793735
2015-07-23 12:15:00+05:30,250.55,255.5,250.35,254.45,1100398
2015-07-23 13:15:00+05:30,254.45,255.7,252.15,252.6,730203
2015-07-23 14:15:00+05:30,252.6,256.4,251.7,254.0,926496
2015-07-23 15:15:00+05:30,254.0,255.9,253.7,255.2,286092
2015-07-24 09:15:00+05:30,254.95,256.95,251.45,252.2,432768
2015-07-24 10:15:00+05:30,252.2,253.5,252.0,252.35,168676
2015-07-24 11:15:00+05:30,252.35,254.25,251.3,254.0,570489
2015-07-24 12:15:00+05:30,254.1,256.3,252.8,253.85,555123
2015-07-24 13:15:00+05:30,253.85,254.05,250.05,250.3,464610
2015-07-24 14:15:00+05:30,250.3,251.45,245.0,246.3,784857
2015-07-24 15:15:00+05:30,246.3,246.6,245.0,245.1,193598
2015-07-27 09:15:00+05:30,245.0,245.5,241.7,243.5,468582
2015-07-27 10:15:00+05:30,243.45,243.95,238.75,239.25,411556
2015-07-27 11:15:00+05:30,239.25,240.7,239.0,240.25,301921
2015-07-27 12:15:00+05:30,240.25,240.3,237.15,239.1,366571
2015-07-27 13:15:00+05:30,239.05,241.25,238.3,240.05,317713
2015-07-27 14:15:00+05:30,240.05,240.9,238.25,238.5,370874
2015-07-27 15:15:00+05:30,238.5,238.8,237.5,237.75,123897
2015-07-28 09:15:00+05:30,239.4,240.3,233.5,236.5,447219
2015-07-28 10:15:00+05:30,236.4,237.7,235.2,237.0,503383
2015-07-28 11:15:00+05:30,237.0,237.85,236.65,237.25,161780
2015-07-28 12:15:00+05:30,237.3,237.35,236.1,236.85,183251
2015-07-28 13:15:00+05:30,236.85,239.9,235.5,239.5,420692
2015-07-28 14:15:00+05:30,239.5,239.95,236.7,237.05,386963
2015-07-28 15:15:00+05:30,237.1,238.0,236.4,237.5,129245
2015-07-29 09:15:00+05:30,238.75,244.0,238.75,242.25,604355
2015-07-29 10:15:00+05:30,242.25,243.2,241.6,241.95,331075
2015-07-29 11:15:00+05:30,241.95,242.15,240.6,241.0,304643
2015-07-29 12:15:00+05:30,241.0,242.0,240.5,241.75,188956
2015-07-29 13:15:00+05:30,241.8,242.1,240.15,240.9,154205
2015-07-29 14:15:00+05:30,240.9,242.65,240.2,241.9,222608
2015-07-29 15:15:00+05:30,241.9,242.45,241.2,242.3,238511
2015-07-30 09:15:00+05:30,244.5,249.4,243.6,247.9,804136
2015-07-30 10:15:00+05:30,247.9,248.9,246.9,247.65,375202
2015-07-30 11:15:00+05:30,247.65,248.35,246.65,248.35,272791
2015-07-30 12:15:00+05:30,248.35,249.0,247.65,248.7,264063
2015-07-30 13:15:00+05:30,248.7,249.0,246.75,248.95,303017
2015-07-30 14:15:00+05:30,248.95,250.95,248.05,249.4,716374
2015-07-30 15:15:00+05:30,249.4,251.0,249.0,251.0,247045
2015-07-31 09:15:00+05:30,252.0,253.0,249.65,250.7,324425
2015-07-31 10:15:00+05:30,250.65,253.5,250.25,252.2,263430
2015-07-31 11:15:00+05:30,252.2,256.0,251.8,254.85,712687
2015-07-31 12:15:00+05:30,254.75,259.7,254.3,259.6,574783
2015-07-31 13:15:00+05:30,259.45,262.8,258.6,262.25,680101
2015-07-31 14:15:00+05:30,262.3,262.3,259.65,260.55,556136
2015-07-31 15:15:00+05:30,260.75,260.85,258.9,260.4,137253
2015-08-03 09:15:00+05:30,261.0,263.35,257.45,262.15,584861
2015-08-03 10:15:00+05:30,262.1,264.4,260.25,262.25,363085
2015-08-03 11:15:00+05:30,262.4,263.5,261.6,262.4,137758
2015-08-03 12:15:00+05:30,262.4,265.3,261.75,265.0,976104
2015-08-03 13:15:00+05:30,265.0,265.05,261.9,262.2,815650
2015-08-03 14:15:00+05:30,262.2,262.75,261.7,262.0,603514
2015-08-03 15:15:00+05:30,262.0,262.2,260.25,260.65,174600
2015-08-04 09:15:00+05:30,256.6,260.9,255.0,258.65,748661
2015-08-04 10:15:00+05:30,258.65,260.7,257.05,258.75,460340
2015-08-04 11:15:00+05:30,258.9,261.75,258.4,259.6,809765
2015-08-04 12:15:00+05:30,259.6,261.0,255.3,256.45,1201770
2015-08-04 13:15:00+05:30,256.5,259.35,256.25,259.2,363365
2015-08-04 14:15:00+05:30,259.2,261.5,258.6,260.45,354920
2015-08-04 15:15:00+05:30,260.45,262.8,260.3,262.45,111960
2015-08-05 09:15:00+05:30,261.9,264.45,260.15,262.35,351527
2015-08-05 10:15:00+05:30,262.35,264.9,261.1,264.4,266591
2015-08-05 11:15:00+05:30,264.35,267.0,264.15,264.9,342717
2015-08-05 12:15:00+05:30,264.9,268.0,264.6,265.95,274893
2015-08-05 13:15:00+05:30,266.0,267.4,262.05,262.9,348918
2015-08-05 14:15:00+05:30,262.9,263.55,260.25,260.55,806765
2015-08-05 15:15:00+05:30,260.55,261.1,259.0,259.7,187858
2015-08-06 09:15:00+05:30,260.6,261.7,257.2,259.8,614325
2015-08-06 10:15:00+05:30,259.8,260.5,259.0,259.75,405535
2015-08-06 11:15:00+05:30,259.75,262.45,258.3,259.65,515216
2015-08-06 12:15:00+05:30,259.6,260.3,259.1,259.9,296949
2015-08-06 13:15:00+05:30,259.85,263.4,259.6,263.2,370614
2015-08-06 14:15:00+05:30,263.2,265.25,260.35,263.9,711893
2015-08-06 15:15:00+05:30,263.85,266.0,263.05,265.3,456604
2015-08-07 09:15:00+05:30,265.45,268.35,264.0,268.0,573616
2015-08-07 10:15:00+05:30,268.0,272.0,267.65,270.35,1992596
2015-08-07 11:15:00+05:30,270.35,270.75,268.95,269.95,525325
2015-08-07 12:15:00+05:30,269.95,272.3,269.8,272.15,479568
2015-08-07 13:15:00+05:30,272.15,272.2,267.4,268.4,708443
2015-08-07 14:15:00+05:30,268.4,271.45,265.95,268.55,496295
2015-08-07 15:15:00+05:30,268.55,270.15,267.1,267.95,180060
2015-08-10 09:15:00+05:30,262.2,271.5,262.2,266.95,793065
2015-08-10 10:15:00+05:30,266.95,269.9,266.25,268.75,344892
2015-08-10 11:15:00+05:30,268.75,269.0,265.5,268.5,311843
2015-08-10 12:15:00+05:30,268.65,272.7,268.5,271.7,402774
2015-08-10 13:15:00+05:30,271.75,271.75,268.45,269.0,478995
2015-08-10 14:15:00+05:30,269.0,269.2,263.05,263.35,524348
2015-08-10 15:15:00+05:30,263.35,265.0,262.0,262.0,372975
2015-08-11 09:15:00+05:30,264.85,266.0,259.0,259.4,810908
2015-08-11 10:15:00+05:30,259.45,259.65,255.5,256.5,532485
2015-08-11 11:15:00+05:30,256.55,256.7,252.75,252.8,679087
2015-08-11 12:15:00+05:30,252.8,253.5,251.2,253.05,512369
2015-08-11 13:15:00+05:30,253.05,254.5,250.5,250.55,469245
2015-08-11 14:15:00+05:30,250.55,252.4,249.15,249.6,1061991
2015-08-11 15:15:00+05:30,249.6,250.75,249.2,250.0,420236
2015-08-12 09:15:00+05:30,249.0,249.0,240.55,242.6,1156521
2015-08-12 10:15:00+05:30,242.7,243.85,240.7,241.3,719925
2015-08-12 11:15:00+05:30,241.3,242.9,240.3,241.65,443069
2015-08-12 12:15:00+05:30,241.6,241.7,240.0,240.2,201606
2015-08-12 13:15:00+05:30,240.2,241.7,238.35,239.0,358353
2015-08-12 14:15:00+05:30,239.0,239.6,237.5,238.65,1002791
2015-08-12 15:15:00+05:30,238.65,240.4,238.35,240.0,313756
2015-08-13 09:15:00+05:30,241.45,244.95,240.0,240.15,527176
2015-08-13 10:15:00+05:30,240.15,242.25,240.0,241.95,395706
2015-08-13 11:15:00+05:30,241.95,241.95,240.0,240.1,282141
2015-08-13 12:15:00+05:30,240.1,241.6,240.0,240.5,299331
2015-08-13 13:15:00+05:30,240.5,241.2,238.35,240.0,790398
2015-08-13 14:15:00+05:30,240.05,240.05,231.4,235.9,606574
2015-08-13 15:15:00+05:30,235.9,237.5,235.5,237.5,97292
2015-08-14 09:15:00+05:30,240.0,240.0,234.5,235.65,398338
2015-08-14 10:15:00+05:30,235.65,243.1,235.4,242.95,310392
2015-08-14 11:15:00+05:30,243.15,244.5,242.15,242.45,231996
2015-08-14 12:15:00+05:30,242.45,243.2,242.0,243.0,235196
2015-08-14 13:15:00+05:30,243.0,247.25,242.7,245.0,327787
2015-08-14 14:15:00+05:30,245.05,245.6,243.15,244.7,317093
2015-08-14 15:15:00+05:30,244.75,245.5,243.8,245.0,145052
2015-08-17 09:15:00+05:30,244.7,244.7,236.45,239.6,386535
2015-08-17 10:15:00+05:30,239.6,240.5,237.1,239.7,218072
2015-08-17 11:15:00+05:30,239.7,241.1,239.55,240.75,256936
2015-08-17 12:15:00+05:30,240.7,246.0,240.6,243.8,492264
2015-08-17 13:15:00+05:30,243.8,244.75,241.1,243.75,303125
2015-08-17 14:15:00+05:30,243.75,244.5,239.7,240.15,302944
2015-08-17 15:15:00+05:30,240.15,241.8,239.45,241.05,211925
2015-08-18 09:15:00+05:30,241.85,245.7,241.85,245.25,229089
2015-08-18 10:15:00+05:30,245.25,247.5,245.0,246.8,401074
2015-08-18 11:15:00+05:30,246.5,246.9,242.2,243.75,509581
2015-08-18 12:15:00+05:30,243.75,244.35,242.1,243.75,111696
2015-08-18 13:15:00+05:30,243.75,244.05,243.1,243.9,124231
2015-08-18 14:15:00+05:30,243.9,244.05,243.0,243.3,227984
2015-08-18 15:15:00+05:30,243.3,244.0,242.9,243.85,132236
2015-08-19 09:15:00+05:30,243.45,248.65,240.75,248.0,368616
2015-08-19 10:15:00+05:30,248.0,249.7,247.2,248.55,215793
2015-08-19 11:15:00+05:30,248.55,250.3,248.5,250.05,371476
2015-08-19 12:15:00+05:30,250.1,250.35,248.4,249.7,224211
2015-08-19 13:15:00+05:30,249.7,250.35,248.55,249.8,206069
2015-08-19 14:15:00+05:30,249.8,250.0,246.2,247.1,925727
2015-08-19 15:15:00+05:30,247.1,249.45,246.8,247.3,403721
2015-08-20 09:15:00+05:30,247.0,247.4,244.55,246.1,321395
2015-08-20 10:15:00+05:30,246.1,246.95,245.75,246.1,307348
2015-08-20 11:15:00+05:30,246.1,246.35,245.5,246.0,284132
2015-08-20 12:15:00+05:30,246.0,246.2,240.5,241.1,235028
2015-08-20 13:15:00+05:30,241.1,244.2,240.25,243.0,678632
2015-08-20 14:15:00+05:30,243.2,245.1,240.5,244.35,409566
2015-08-20 15:15:00+05:30,244.35,244.35,241.6,241.95,84174
2015-08-21 09:15:00+05:30,238.0,238.85,235.2,238.0,370750
2015-08-21 10:15:00+05:30,238.0,238.4,236.65,238.1,357086
2015-08-21 11:15:00+05:30,238.1,239.0,235.3,235.5,404904
2015-08-21 12:15:00+05:30,235.5,237.9,235.05,237.3,305734
2015-08-21 13:15:00+05:30,237.4,238.2,236.5,237.7,219083
2015-08-21 14:15:00+05:30,237.7,239.25,236.95,237.2,289273
2015-08-21 15:15:00+05:30,237.15,237.7,236.5,237.4,127787
2015-08-24 09:15:00+05:30,225.95,231.7,225.1,230.5,1575868
2015-08-24 10:15:00+05:30,230.5,230.85,226.5,229.8,883877
2015-08-24 11:15:00+05:30,229.8,230.85,226.0,226.75,778059
2015-08-24 12:15:00+05:30,226.75,228.5,225.0,225.3,382427
2015-08-24 13:15:00+05:30,225.3,226.05,219.25,220.2,713100
2015-08-24 14:15:00+05:30,220.2,223.35,218.7,220.25,936031
2015-08-24 15:15:00+05:30,220.25,221.0,213.85,220.0,707246
2015-08-25 09:15:00+05:30,222.75,223.9,213.35,215.95,794333
2015-08-25 10:15:00+05:30,215.95,216.9,211.3,212.7,930451
2015-08-25 11:15:00+05:30,212.7,214.4,205.55,213.3,883263
2015-08-25 12:15:00+05:30,213.15,216.4,211.85,214.7,1029314
2015-08-25 13:15:00+05:30,214.7,221.55,214.4,218.5,1051656
2015-08-25 14:15:00+05:30,218.25,225.85,216.9,223.0,1461346
2015-08-25 15:15:00+05:30,223.0,225.5,221.9,225.0,468712
2015-08-26 09:15:00+05:30,224.0,227.5,217.6,227.45,741826
2015-08-26 10:15:00+05:30,227.4,227.7,224.6,227.25,439367
2015-08-26 11:15:00+05:30,227.25,229.4,223.75,227.55,469465
2015-08-26 12:15:00+05:30,227.55,229.35,225.2,228.95,598380
2015-08-26 13:15:00+05:30,228.95,233.0,228.55,230.0,1109654
2015-08-26 14:15:00+05:30,230.0,231.0,224.65,225.7,793437
2015-08-26 15:15:00+05:30,225.9,226.35,223.95,224.5,151359
2015-08-27 09:15:00+05:30,234.0,234.65,229.25,229.7,954009
2015-08-27 10:15:00+05:30,229.7,231.5,226.9,230.9,518363
2015-08-27 11:15:00+05:30,231.0,231.7,228.15,231.7,394787
2015-08-27 12:15:00+05:30,231.7,233.95,231.2,233.9,367617
2015-08-27 13:15:00+05:30,233.9,240.9,232.35,240.9,744115
2015-08-27 14:15:00+05:30,240.8,242.7,237.25,240.85,1068552
2015-08-27 15:15:00+05:30,240.85,241.8,238.8,239.8,696428
2015-08-28 09:15:00+05:30,243.1,245.0,242.15,244.15,365721
2015-08-28 10:15:00+05:30,244.15,246.15,243.8,245.5,299722
2015-08-28 11:15:00+05:30,245.35,246.95,244.6,246.25,411678
2015-08-28 12:15:00+05:30,246.25,247.55,243.35,243.65,425835
2015-08-28 13:15:00+05:30,243.65,246.9,239.7,245.85,662356
2015-08-28 14:15:00+05:30,245.95,247.0,241.85,246.4,446889
2015-08-28 15:15:00+05:30,246.4,246.5,244.95,245.15,120782
2015-08-31 09:15:00+05:30,243.1,243.1,237.05,240.2,387834
2015-08-31 10:15:00+05:30,240.2,242.35,239.65,241.35,101080
2015-08-31 11:15:00+05:30,241.35,242.7,240.3,241.65,97251
2015-08-31 12:15:00+05:30,241.65,247.45,241.15,245.85,232315
2015-08-31 13:15:00+05:30,245.85,246.9,240.0,241.7,392751
2015-08-31 14:15:00+05:30,241.55,242.1,236.35,237.6,527463
2015-08-31 15:15:00+05:30,237.6,238.5,237.25,237.5,149125
2015-09-01 09:15:00+05:30,232.5,232.5,228.35,229.6,854421
2015-09-01 10:15:00+05:30,229.6,230.9,228.6,230.5,211947
2015-09-01 11:15:00+05:30,230.55,231.0,229.05,229.65,268353
2015-09-01 12:15:00+05:30,229.7,229.9,225.95,226.85,461136
2015-09-01 13:15:00+05:30,226.7,226.85,222.3,223.65,679019
2015-09-01 14:15:00+05:30,223.5,224.75,222.1,223.65,628154
2015-09-01 15:15:00+05:30,223.7,224.0,222.0,222.45,209882
2015-09-02 09:15:00+05:30,225.0,226.65,222.55,223.7,408519
2015-09-02 10:15:00+05:30,223.7,226.05,219.7,220.55,353260
2015-09-02 11:15:00+05:30,220.75,223.8,219.1,223.05,264928
2015-09-02 12:15:00+05:30,223.05,224.95,222.2,223.45,194067
2015-09-02 13:15:00+05:30,223.3,223.85,221.6,222.55,207715
2015-09-02 14:15:00+05:30,222.6,224.45,218.55,220.2,500369
2015-09-02 15:15:00+05:30,220.25,221.7,220.15,221.1,123899
2015-09-03 09:15:00+05:30,223.3,242.3,223.3,242.1,1348193
2015-09-03 10:15:00+05:30,242.3,245.5,237.0,237.45,1187805
2015-09-03 11:15:00+05:30,237.5,237.7,235.7,237.3,582070
2015-09-03 12:15:00+05:30,237.3,237.5,234.25,237.1,521700
2015-09-03 13:15:00+05:30,237.1,238.35,236.6,238.0,416629
2015-09-03 14:15:00+05:30,238.0,238.0,233.4,235.15,509529
2015-09-03 15:15:00+05:30,235.15,236.0,232.9,233.7,299223
2015-09-04 09:15:00+05:30,233.0,233.0,221.2,224.3,1008766
2015-09-04 10:15:00+05:30,224.3,225.3,222.35,224.75,419521
2015-09-04 11:15:00+05:30,224.75,225.3,223.4,223.75,530066
2015-09-04 12:15:00+05:30,223.75,223.9,221.1,222.6,378864
2015-09-04 13:15:00+05:30,222.6,224.4,221.25,222.05,401519
2015-09-04 14:15:00+05:30,222.05,224.4,221.5,223.7,640681
2015-09-04 15:15:00+05:30,223.5,224.5,223.0,224.05,225227
2015-09-07 09:15:00+05:30,227.35,231.9,223.35,226.65,982140
2015-09-07 10:15:00+05:30,226.8,228.85,226.0,226.95,313186
2015-09-07 11:15:00+05:30,226.95,227.65,225.45,227.2,170641
2015-09-07 12:15:00+05:30,227.2,228.45,226.1,226.9,140374
2015-09-07 13:15:00+05:30,226.9,227.35,225.5,225.75,157774
2015-09-07 14:15:00+05:30,225.7,226.2,222.2,222.95,464248
2015-09-07 15:15:00+05:30,222.95,224.0,222.5,223.8,134975
2015-09-08 09:15:00+05:30,226.4,227.6,220.1,221.8,446928
2015-09-08 10:15:00+05:30,221.95,223.8,219.6,221.5,282791
2015-09-08 11:15:00+05:30,221.5,226.2,221.15,225.95,436858
2015-09-08 12:15:00+05:30,225.95,230.1,225.25,230.0,671588
2015-09-08 13:15:00+05:30,230.0,231.9,227.7,230.85,402934
2015-09-08 14:15:00+05:30,230.85,236.2,230.15,235.05,561263
2015-09-08 15:15:00+05:30,235.15,235.95,234.1,235.6,138124
2015-09-09 09:15:00+05:30,239.55,240.3,235.35,237.35,465504
2015-09-09 10:15:00+05:30,237.35,242.0,236.55,240.8,447012
2015-09-09 11:15:00+05:30,240.9,245.0,240.65,244.8,400152
2015-09-09 12:15:00+05:30,244.8,245.0,242.35,243.5,298563
2015-09-09 13:15:00+05:30,243.5,245.45,240.3,241.3,441745
2015-09-09 14:15:00+05:30,241.3,242.6,240.1,240.75,259606
2015-09-09 15:15:00+05:30,240.7,240.7,237.5,238.55,167035
2015-09-10 09:15:00+05:30,234.0,234.35,230.1,233.4,337313
2015-09-10 10:15:00+05:30,233.4,238.0,233.05,236.5,264858
2015-09-10 11:15:00+05:30,236.4,243.2,236.35,242.25,327099
2015-09-10 12:15:00+05:30,242.25,242.4,239.1,240.3,237986
2015-09-10 13:15:00+05:30,240.3,244.2,239.7,242.9,354991
2015-09-10 14:15:00+05:30,242.9,246.85,242.0,246.0,487758
2015-09-10 15:15:00+05:30,246.0,247.0,245.5,246.35,181605
2015-09-11 09:15:00+05:30,247.45,250.5,246.25,246.9,552634
2015-09-11 10:15:00+05:30,246.9,247.65,241.25,241.95,222887
2015-09-11 11:15:00+05:30,241.95,245.5,241.95,244.4,157526
2015-09-11 12:15:00+05:30,244.45,247.25,242.95,243.2,159778
2015-09-11 13:15:00+05:30,243.25,244.2,241.6,242.6,189558
2015-09-11 14:15:00+05:30,242.55,244.3,240.8,240.95,294176
2015-09-11 15:15:00+05:30,240.95,242.65,240.7,241.35,116615
2015-09-14 09:15:00+05:30,243.55,246.5,240.85,245.05,509032
2015-09-14 10:15:00+05:30,245.0,248.1,244.35,247.75,340793
2015-09-14 11:15:00+05:30,247.75,248.35,245.75,246.3,268443
2015-09-14 12:15:00+05:30,246.3,248.3,246.25,247.4,245935
2015-09-14 13:15:00+05:30,247.35,248.45,246.75,247.85,290237
2015-09-14 14:15:00+05:30,247.85,249.6,247.0,248.85,645623
2015-09-14 15:15:00+05:30,249.0,249.0,247.4,248.0,289777
2015-09-15 09:15:00+05:30,249.1,251.7,245.65,249.7,512436
2015-09-15 10:15:00+05:30,249.7,249.9,246.25,246.65,249193
2015-09-15 11:15:00+05:30,246.65,247.25,244.1,244.2,258448
2015-09-15 12:15:00+05:30,244.2,245.8,243.3,245.0,135950
2015-09-15 13:15:00+05:30,245.0,245.1,236.2,238.5,860949
2015-09-15 14:15:00+05:30,238.5,240.5,237.85,239.25,469485
2015-09-15 15:15:00+05:30,239.25,239.9,238.65,239.8,153563
2015-09-16 09:15:00+05:30,241.8,243.0,236.8,237.65,457400
2015-09-16 10:15:00+05:30,237.65,238.0,235.3,237.3,191439
2015-09-16 11:15:00+05:30,237.3,240.0,237.2,239.0,331306
2015-09-16 12:15:00+05:30,239.0,243.0,238.8,241.05,389562
2015-09-16 13:15:00+05:30,241.05,241.25,239.0,239.95,192262
2015-09-16 14:15:00+05:30,239.95,240.9,237.0,240.55,401715
2015-09-16 15:15:00+05:30,240.6,241.3,240.1,241.0,171096
2015-09-18 09:15:00+05:30,235.75,244.45,235.75,243.55,1493861
2015-09-18 10:15:00+05:30,243.55,243.7,241.1,243.2,1018712
2015-09-18 11:15:00+05:30,243.2,246.75,243.05,243.45,1099727
2015-09-18 12:15:00+05:30,243.45,245.75,241.6,241.65,1350972
2015-09-18 13:15:00+05:30,241.65,241.75,234.05,240.0,3235386
2015-09-18 14:15:00+05:30,240.0,243.0,236.2,236.2,6795322
2015-09-18 15:15:00+05:30,236.5,236.5,233.65,234.9,2532127
2015-09-21 09:15:00+05:30,233.7,240.05,232.95,240.0,650233
2015-09-21 10:15:00+05:30,240.05,240.9,238.7,238.75,322184
2015-09-21 11:15:00+05:30,238.75,239.0,236.05,238.1,253311
2015-09-21 12:15:00+05:30,238.1,238.3,235.65,237.15,299366
2015-09-21 13:15:00+05:30,237.15,237.5,236.15,236.35,108781
2015-09-21 14:15:00+05:30,236.35,238.1,236.3,236.3,187885
2015-09-21 15:15:00+05:30,236.3,238.5,236.25,238.0,119316
2015-09-22 09:15:00+05:30,238.95,239.55,234.5,236.65,327455
2015-09-22 10:15:00+05:30,236.65,237.7,235.5,236.85,142641
2015-09-22 11:15:00+05:30,237.1,237.45,235.7,235.9,129186
2015-09-22 12:15:00+05:30,235.9,236.0,234.1,234.15,316361
2015-09-22 13:15:00+05:30,234.15,234.4,226.15,227.7,573123
2015-09-22 14:15:00+05:30,227.8,229.4,225.0,227.1,614649
2015-09-22 15:15:00+05:30,227.1,227.1,225.9,226.2,161924
2015-09-23 09:15:00+05:30,222.0,225.95,221.6,223.55,328277
2015-09-23 10:15:00+05:30,223.55,225.9,222.5,223.25,358359
2015-09-23 11:15:00+05:30,223.25,226.5,223.0,226.0,186118
2015-09-23 12:15:00+05:30,226.0,227.6,224.25,225.25,282884
2015-09-23 13:15:00+05:30,225.25,225.35,223.2,224.2,551624
2015-09-23 14:15:00+05:30,224.2,225.0,222.35,223.7,346706
2015-09-23 15:15:00+05:30,223.7,223.9,221.85,223.85,228663
2015-09-24 09:15:00+05:30,223.0,225.75,221.6,222.5,294810
2015-09-24 10:15:00+05:30,222.5,224.4,222.45,222.75,106548
2015-09-24 11:15:00+05:30,222.75,223.85,222.15,223.7,90169
2015-09-24 12:15:00+05:30,223.7,223.85,221.65,221.85,113914
2015-09-24 13:15:00+05:30,221.85,223.4,221.8,222.15,144991
2015-09-24 14:15:00+05:30,222.15,222.15,219.75,221.05,635720
2015-09-24 15:15:00+05:30,221.0,221.25,220.0,220.05,696809
2015-09-28 09:15:00+05:30,221.6,222.0,215.7,218.3,467078
2015-09-28 10:15:00+05:30,218.3,219.3,216.85,217.25,210835
2015-09-28 11:15:00+05:30,217.25,217.5,215.0,215.15,234128
2015-09-28 12:15:00+05:30,215.1,215.9,213.6,215.75,276695
2015-09-28 13:15:00+05:30,215.75,216.4,213.4,213.4,224536
2015-09-28 14:15:00+05:30,213.5,214.0,206.7,207.0,1628352
2015-09-28 15:15:00+05:30,207.0,207.9,204.95,207.85,549313
2015-09-29 09:15:00+05:30,201.5,209.3,201.4,206.15,472922
2015-09-29 10:15:00+05:30,206.15,210.85,204.6,210.2,373315
2015-09-29 11:15:00+05:30,210.15,210.5,206.3,209.8,243763
2015-09-29 12:15:00+05:30,209.7,213.1,209.15,213.1,306242
2015-09-29 13:15:00+05:30,212.9,215.8,212.3,215.55,284672
2015-09-29 14:15:00+05:30,215.55,217.4,212.5,212.95,431224
2015-09-29 15:15:00+05:30,212.8,212.85,211.1,212.4,91133
2015-09-30 09:15:00+05:30,214.95,217.8,211.5,217.7,458956
2015-09-30 10:15:00+05:30,217.85,218.25,214.0,214.6,274034
2015-09-30 11:15:00+05:30,214.6,216.85,214.1,215.8,183432
2015-09-30 12:15:00+05:30,215.8,216.25,214.5,215.4,81833
2015-09-30 13:15:00+05:30,215.4,217.4,214.25,216.7,226146
2015-09-30 14:15:00+05:30,216.8,217.8,215.0,217.6,686139
2015-09-30 15:15:00+05:30,217.6,217.6,215.7,216.4,272893
2015-10-01 09:15:00+05:30,218.5,220.5,216.7,217.05,301453
2015-10-01 10:15:00+05:30,217.1,217.1,214.75,215.4,278237
2015-10-01 11:15:00+05:30,215.4,218.75,215.4,217.25,175658
2015-10-01 12:15:00+05:30,217.25,217.9,216.25,217.5,90815
2015-10-01 13:15:00+05:30,217.5,218.5,215.3,217.1,122473
2015-10-01 14:15:00+05:30,217.1,218.9,216.4,218.7,223219
2015-10-01 15:15:00+05:30,218.75,219.4,218.3,218.5,131223
2015-10-05 09:15:00+05:30,222.0,231.65,222.0,228.6,990730
2015-10-05 10:15:00+05:30,228.6,231.9,228.3,231.4,348190
2015-10-05 11:15:00+05:30,231.4,232.45,230.2,232.4,387813
2015-10-05 12:15:00+05:30,232.4,233.75,231.8,233.35,516585
2015-10-05 13:15:00+05:30,233.35,235.0,232.7,233.4,909687
2015-10-05 14:15:00+05:30,233.4,234.7,233.1,233.65,787211
2015-10-05 15:15:00+05:30,233.65,234.6,233.2,233.8,334304
2015-10-06 09:15:00+05:30,236.8,240.25,235.15,237.95,726265
2015-10-06 10:15:00+05:30,237.95,240.0,237.15,239.9,300409
2015-10-06 11:15:00+05:30,239.9,242.0,239.5,241.6,379390
2015-10-06 12:15:00+05:30,241.7,242.4,240.1,241.5,372359
2015-10-06 13:15:00+05:30,241.5,243.4,240.2,242.5,493743
2015-10-06 14:15:00+05:30,242.5,242.8,240.45,242.0,771706
2015-10-06 15:15:00+05:30,241.95,243.8,241.7,242.15,275963
2015-10-07 09:15:00+05:30,240.15,242.0,237.25,241.8,285919
2015-10-07 10:15:00+05:30,241.8,244.5,240.75,243.45,230381
2015-10-07 11:15:00+05:30,243.45,244.5,242.15,242.8,147135
2015-10-07 12:15:00+05:30,242.8,242.95,241.1,242.95,152048
2015-10-07 13:15:00+05:30,242.95,245.3,242.25,243.7,295339
2015-10-07 14:15:00+05:30,243.7,244.0,240.4,242.0,294997
2015-10-07 15:15:00+05:30,242.0,242.95,241.7,241.9,164005
2015-10-08 09:15:00+05:30,243.0,246.8,241.5,245.3,468384
2015-10-08 10:15:00+05:30,245.6,245.65,241.4,242.75,210063
2015-10-08 11:15:00+05:30,242.75,244.0,240.35,241.75,199631
2015-10-08 12:15:00+05:30,241.75,243.5,241.3,243.1,117463
2015-10-08 13:15:00+05:30,243.1,243.4,242.05,242.4,100208
2015-10-08 14:15:00+05:30,242.4,242.85,241.4,242.2,158962
2015-10-08 15:15:00+05:30,242.2,242.95,241.8,242.95,93249
2015-10-09 09:15:00+05:30,244.7,245.7,241.25,244.4,250561
2015-10-09 10:15:00+05:30,244.4,245.45,242.9,244.0,171036
2015-10-09 11:15:00+05:30,244.2,244.9,241.6,242.2,210057
2015-10-09 12:15:00+05:30,242.2,244.0,241.7,243.6,106538
2015-10-09 13:15:00+05:30,243.6,244.7,242.15,243.85,211428
2015-10-09 14:15:00+05:30,243.85,244.75,242.5,242.95,325354
2015-10-09 15:15:00+05:30,242.85,246.65,242.6,245.4,247509
2015-10-12 09:15:00+05:30,246.4,248.8,245.75,248.7,320395
2015-10-12 10:15:00+05:30,248.7,251.75,246.45,250.9,430028
2015-10-12 11:15:00+05:30,250.9,251.3,249.0,250.85,197810
2015-10-12 12:15:00+05:30,250.85,252.9,250.25,251.1,291265
2015-10-12 13:15:00+05:30,251.1,251.2,244.45,244.8,659612
2015-10-12 14:15:00+05:30,244.8,246.5,244.0,245.2,546242
2015-10-12 15:15:00+05:30,245.2,247.5,245.2,247.25,130533
2015-10-13 09:15:00+05:30,246.5,248.1,244.75,246.1,227212
2015-10-13 10:15:00+05:30,246.1,247.3,245.55,246.25,68167
2015-10-13 11:15:00+05:30,246.25,252.35,245.75,250.4,322595
2015-10-13 12:15:00+05:30,250.5,250.9,245.25,245.75,379556
2015-10-13 13:15:00+05:30,245.75,245.8,243.3,244.55,161457
2015-10-13 14:15:00+05:30,244.55,247.0,244.4,245.35,222196
2015-10-13 15:15:00+05:30,245.3,246.5,244.35,246.3,78006
2015-10-14 09:15:00+05:30,245.55,247.25,244.55,244.95,132503
2015-10-14 10:15:00+05:30,244.95,245.35,243.1,245.15,130016
2015-10-14 11:15:00+05:30,245.15,246.6,243.55,244.0,178667
2015-10-14 12:15:00+05:30,244.0,245.75,241.55,241.85,96690
2015-10-14 13:15:00+05:30,241.85,244.8,240.75,243.2,100534
2015-10-14 14:15:00+05:30,243.2,243.35,240.55,241.2,92315
2015-10-14 15:15:00+05:30,241.2,242.5,241.0,242.45,56619
2015-10-15 09:15:00+05:30,247.85,249.85,244.5,248.7,612004
2015-10-15 10:15:00+05:30,248.7,252.0,248.35,251.4,484424
2015-10-15 11:15:00+05:30,251.4,255.0,251.1,253.95,635001
2015-10-15 12:15:00+05:30,253.95,257.45,252.5,257.3,738560
2015-10-15 13:15:00+05:30,257.35,260.0,257.3,258.25,1109846
2015-10-15 14:15:00+05:30,258.15,260.0,256.25,259.9,1039260
2015-10-15 15:15:00+05:30,259.9,260.0,258.2,260.0,510058
2015-10-16 09:15:00+05:30,264.0,265.85,258.5,260.15,992973
2015-10-16 10:15:00+05:30,260.2,261.3,258.1,259.55,341376
2015-10-16 11:15:00+05:30,259.55,260.5,256.15,256.35,372966
2015-10-16 12:15:00+05:30,256.35,262.25,256.2,261.45,379974
2015-10-16 13:15:00+05:30,261.45,263.8,261.1,263.65,312579
2015-10-16 14:15:00+05:30,263.7,264.0,259.8,260.0,445217
2015-10-16 15:15:00+05:30,260.0,261.45,259.7,261.3,173346
2015-10-19 09:15:00+05:30,260.55,262.6,258.45,259.95,482416
2015-10-19 10:15:00+05:30,259.95,261.35,259.8,260.2,286853
2015-10-19 11:15:00+05:30,260.2,263.9,259.9,263.55,384966
2015-10-19 12:15:00+05:30,263.75,265.25,263.0,264.9,689958
2015-10-19 13:15:00+05:30,264.9,265.25,264.35,264.75,776318
2015-10-19 14:15:00+05:30,264.75,265.95,263.7,265.6,548456
2015-10-19 15:15:00+05:30,265.65,265.65,263.15,264.3,222884
2015-10-20 09:15:00+05:30,264.0,267.35,262.5,267.15,388666
2015-10-20 10:15:00+05:30,267.1,269.0,266.8,268.2,278651
2015-10-20 11:15:00+05:30,268.2,269.75,266.55,268.0,370102
2015-10-20 12:15:00+05:30,267.9,271.95,267.45,271.95,523128
2015-10-20 13:15:00+05:30,271.95,272.7,268.7,269.75,779974
2015-10-20 14:15:00+05:30,269.75,271.4,268.25,269.75,513232
2015-10-20 15:15:00+05:30,269.7,270.35,269.2,269.75,173283
2015-10-21 09:15:00+05:30,269.6,272.7,267.4,272.05,398609
2015-10-21 10:15:00+05:30,272.05,272.3,269.15,269.8,275429
2015-10-21 11:15:00+05:30,269.7,270.75,268.1,268.75,254731
2015-10-21 12:15:00+05:30,268.45,270.0,268.15,270.0,252890
2015-10-21 13:15:00+05:30,270.0,271.7,268.85,269.6,296950
2015-10-21 14:15:00+05:30,269.6,270.0,268.75,269.4,193648
2015-10-21 15:15:00+05:30,269.4,270.5,268.5,270.0,71942
2015-10-23 09:15:00+05:30,272.85,273.45,270.5,272.45,265856
2015-10-23 10:15:00+05:30,272.5,273.7,270.55,270.6,280198
2015-10-23 11:15:00+05:30,270.6,271.95,270.05,271.85,156355
2015-10-23 12:15:00+05:30,271.85,273.45,271.55,272.1,183173
2015-10-23 13:15:00+05:30,272.1,272.8,270.9,272.35,229332
2015-10-23 14:15:00+05:30,272.35,273.5,271.2,272.65,311880
2015-10-23 15:15:00+05:30,272.65,273.4,272.25,273.0,153704
2015-10-26 09:15:00+05:30,275.75,275.75,272.65,273.85,329924
2015-10-26 10:15:00+05:30,273.85,274.95,272.85,272.9,258143
2015-10-26 11:15:00+05:30,272.9,273.8,272.1,272.5,130521
2015-10-26 12:15:00+05:30,272.5,273.15,270.8,272.5,168237
2015-10-26 13:15:00+05:30,272.5,273.15,270.9,272.55,304053
2015-10-26 14:15:00+05:30,272.55,272.95,271.65,272.6,301194
2015-10-26 15:15:00+05:30,272.7,273.5,271.85,273.5,120135
2015-10-27 09:15:00+05:30,272.1,272.85,269.4,272.25,421843
2015-10-27 10:15:00+05:30,272.1,272.7,270.2,270.45,313837
2015-10-27 11:15:00+05:30,270.45,271.5,270.2,270.75,262213
2015-10-27 12:15:00+05:30,270.75,271.0,270.0,270.45,310185
2015-10-27 13:15:00+05:30,270.45,271.0,270.2,270.8,236876
2015-10-27 14:15:00+05:30,270.8,271.0,269.5,270.0,293432
2015-10-27 15:15:00+05:30,270.0,270.45,269.5,270.3,169997
2015-10-28 09:15:00+05:30,269.8,271.0,267.5,267.75,228192
2015-10-28 10:15:00+05:30,267.9,270.2,267.8,269.15,184456
2015-10-28 11:15:00+05:30,269.15,269.65,268.2,269.1,123458
2015-10-28 12:15:00+05:30,268.8,269.9,265.85,266.05,227658
2015-10-28 13:15:00+05:30,266.05,266.25,265.0,265.75,162467
2015-10-28 14:15:00+05:30,265.75,271.0,265.65,268.5,537469
2015-10-28 15:15:00+05:30,268.5,269.85,268.1,268.7,55683
2015-10-29 09:15:00+05:30,269.1,270.0,262.6,269.05,578675
2015-10-29 10:15:00+05:30,269.05,269.8,267.75,268.25,382634
2015-10-29 11:15:00+05:30,268.25,269.9,267.65,267.7,239148
2015-10-29 12:15:00+05:30,267.7,268.65,266.55,267.7,251263
2015-10-29 13:15:00+05:30,267.7,268.7,266.45,267.5,292200
2015-10-29 14:15:00+05:30,267.5,270.0,267.5,268.7,462012
2015-10-29 15:15:00+05:30,268.75,268.95,268.2,268.25,367646
2015-10-30 09:15:00+05:30,269.45,270.25,266.1,266.25,177480
2015-10-30 10:15:00+05:30,266.25,267.1,263.7,265.45,140764
2015-10-30 11:15:00+05:30,265.45,266.4,264.05,265.25,190741
2015-10-30 12:15:00+05:30,265.25,266.05,264.15,264.65,142651
2015-10-30 13:15:00+05:30,264.65,265.2,256.75,256.8,294294
2015-10-30 14:15:00+05:30,256.75,260.45,255.0,260.4,412337
2015-10-30 15:15:00+05:30,260.4,262.0,260.4,261.7,89301
2015-11-02 09:15:00+05:30,263.1,265.35,260.5,261.0,320200
2015-11-02 10:15:00+05:30,260.95,263.7,260.8,263.5,183551
2015-11-02 11:15:00+05:30,263.5,265.0,262.0,264.55,252566
2015-11-02 12:15:00+05:30,264.55,264.6,263.3,264.3,222195
2015-11-02 13:15:00+05:30,264.3,264.5,264.0,264.1,109552
2015-11-02 14:15:00+05:30,264.1,264.7,262.7,263.1,178210
2015-11-02 15:15:00+05:30,263.1,263.4,262.35,262.95,94285
2015-11-03 09:15:00+05:30,264.55,265.9,261.35,262.25,164232
2015-11-03 10:15:00+05:30,262.25,264.35,261.5,261.7,76271
2015-11-03 11:15:00+05:30,261.75,262.6,260.85,260.85,120155
2015-11-03 12:15:00+05:30,260.85,261.5,259.75,260.9,81785
2015-11-03 13:15:00+05:30,260.5,262.0,259.65,261.15,80789
2015-11-03 14:15:00+05:30,261.2,261.5,260.0,260.0,85642
2015-11-03 15:15:00+05:30,260.0,260.6,258.25,260.6,99638
2015-11-04 09:15:00+05:30,264.0,272.8,264.0,270.0,797050
2015-11-04 10:15:00+05:30,270.0,270.0,266.55,269.75,768365
2015-11-04 11:15:00+05:30,269.75,269.95,268.3,268.65,231603
2015-11-04 12:15:00+05:30,268.65,270.0,268.35,269.2,547929
2015-11-04 13:15:00+05:30,269.2,270.0,268.2,269.15,205760
2015-11-04 14:15:00+05:30,269.15,269.7,268.05,268.5,838810
2015-11-04 15:15:00+05:30,268.5,269.8,268.35,269.0,607321
2015-11-05 09:15:00+05:30,270.0,271.8,269.0,269.65,1071671
2015-11-05 10:15:00+05:30,269.65,269.65,265.75,266.55,461161
2015-11-05 11:15:00+05:30,266.55,267.55,266.45,266.9,166067
2015-11-05 12:15:00+05:30,266.9,267.2,265.5,266.35,177658
2015-11-05 13:15:00+05:30,266.15,266.6,265.7,266.2,185927
2015-11-05 14:15:00+05:30,266.2,267.4,265.45,265.9,583298
2015-11-05 15:15:00+05:30,266.0,266.35,265.2,265.75,313296
2015-11-06 09:15:00+05:30,264.9,266.5,261.3,263.0,302007
2015-11-06 10:15:00+05:30,263.15,264.6,260.6,264.0,207268
2015-11-06 11:15:00+05:30,264.0,266.0,263.5,263.8,164635
2015-11-06 12:15:00+05:30,263.8,266.0,263.15,264.8,169652
2015-11-06 13:15:00+05:30,264.6,265.15,262.3,263.15,227949
2015-11-06 14:15:00+05:30,263.0,263.95,260.5,262.5,327355
2015-11-06 15:15:00+05:30,262.5,263.5,261.5,263.5,91734
2015-11-09 09:15:00+05:30,249.05,269.4,249.05,268.5,929747
2015-11-09 10:15:00+05:30,268.5,269.0,266.0,266.85,242016
2015-11-09 11:15:00+05:30,266.85,268.5,266.25,268.0,262237
2015-11-09 12:15:00+05:30,268.05,269.0,267.25,267.65,1503533
2015-11-09 13:15:00+05:30,267.7,268.15,267.25,267.55,585371
2015-11-09 14:15:00+05:30,267.6,271.25,267.55,270.75,586477
2015-11-09 15:15:00+05:30,270.75,271.85,270.2,270.2,237862
2015-11-10 09:15:00+05:30,269.0,278.9,269.0,278.2,749115
2015-11-10 10:15:00+05:30,278.2,278.65,275.25,276.4,460760
2015-11-10 11:15:00+05:30,276.4,277.1,274.55,275.75,360799
2015-11-10 12:15:00+05:30,275.75,276.45,274.05,274.7,333307
2015-11-10 13:15:00+05:30,274.9,275.5,273.85,274.9,353306
2015-11-10 14:15:00+05:30,275.0,275.1,270.95,271.3,300246
2015-11-10 15:15:00+05:30,271.2,271.75,270.25,271.0,107315
2015-11-11 17:15:00+05:30,275.0,276.8,274.0,276.0,122932
2015-11-11 18:15:00+05:30,276.0,279.0,275.55,278.9,160720
2015-11-13 09:15:00+05:30,287.5,294.0,287.0,288.75,4877974
2015-11-13 10:15:00+05:30,288.75,288.9,287.15,288.25,1218942
2015-11-13 11:15:00+05:30,288.25,290.0,287.1,289.9,1689494
2015-11-13 12:15:00+05:30,289.9,290.4,288.6,290.1,1001892
2015-11-13 13:15:00+05:30,290.1,290.95,289.6,290.45,1605102
2015-11-13 14:15:00+05:30,290.45,290.6,288.55,289.5,2088754
2015-11-13 15:15:00+05:30,289.5,292.0,289.35,291.5,758878
2015-11-16 09:15:00+05:30,288.95,295.3,286.3,287.7,1426240
2015-11-16 10:15:00+05:30,287.7,288.05,285.1,286.95,618669
2015-11-16 11:15:00+05:30,286.95,288.25,286.4,286.75,458208
2015-11-16 12:15:00+05:30,286.75,288.0,286.75,287.65,445228
2015-11-16 13:15:00+05:30,287.65,288.05,287.0,287.25,645967
2015-11-16 14:15:00+05:30,287.25,288.25,287.0,287.45,1116436
2015-11-16 15:15:00+05:30,287.45,289.5,287.3,289.2,390057
2015-11-17 09:15:00+05:30,292.45,292.45,287.8,289.55,1577762
2015-11-17 10:15:00+05:30,289.55,290.5,289.0,289.5,437191
2015-11-17 11:15:00+05:30,289.5,289.8,287.7,288.2,364244
2015-11-17 12:15:00+05:30,288.2,288.7,285.6,287.0,446229
2015-11-17 13:15:00+05:30,287.0,289.95,286.6,288.95,1142048
2015-11-17 14:15:00+05:30,288.95,289.0,286.05,286.85,1029282
2015-11-17 15:15:00+05:30,286.85,288.0,286.85,287.0,451879
2015-11-18 09:15:00+05:30,289.6,292.7,288.3,289.8,659542
2015-11-18 10:15:00+05:30,289.8,291.3,289.75,290.3,321497
2015-11-18 11:15:00+05:30,290.3,290.95,289.65,290.7,295930
2015-11-18 12:15:00+05:30,290.7,293.85,290.1,293.0,610711
2015-11-18 13:15:00+05:30,293.0,293.25,286.25,289.6,880266
2015-11-18 14:15:00+05:30,289.7,290.5,288.2,289.9,649069
2015-11-18 15:15:00+05:30,289.9,291.35,289.8,290.0,282707
2015-11-19 09:15:00+05:30,293.35,297.0,292.95,294.4,1069447
2015-11-19 10:15:00+05:30,294.35,295.7,293.65,294.8,568115
2015-11-19 11:15:00+05:30,294.8,295.35,294.35,294.4,400505
2015-11-19 12:15:00+05:30,294.4,295.4,294.1,295.0,430798
2015-11-19 13:15:00+05:30,295.0,295.0,293.6,293.9,567722
2015-11-19 14:15:00+05:30,293.9,294.9,293.7,294.3,590452
2015-11-19 15:15:00+05:30,294.3,294.7,294.15,294.5,220289
2015-11-20 09:15:00+05:30,295.75,300.25,295.05,298.9,917003
2015-11-20 10:15:00+05:30,298.9,299.35,297.75,298.0,829965
2015-11-20 11:15:00+05:30,298.0,298.2,297.6,297.8,388258
2015-11-20 12:15:00+05:30,297.85,297.95,297.05,297.45,302526
2015-11-20 13:15:00+05:30,297.5,297.65,295.9,296.35,529002
2015-11-20 14:15:00+05:30,296.35,297.3,295.4,295.75,548485
2015-11-20 15:15:00+05:30,295.75,296.7,295.5,296.1,221050
2015-11-23 09:15:00+05:30,295.9,300.2,293.85,299.6,1056721
2015-11-23 10:15:00+05:30,299.6,301.55,299.2,299.9,666063
2015-11-23 11:15:00+05:30,299.9,299.95,295.95,296.85,560252
2015-11-23 12:15:00+05:30,296.85,297.25,294.4,295.15,751230
2015-11-23 13:15:00+05:30,295.15,295.8,294.1,294.1,643770
2015-11-23 14:15:00+05:30,294.1,297.0,294.05,296.9,962070
2015-11-23 15:15:00+05:30,297.0,298.4,296.9,297.55,355209
2015-11-24 09:15:00+05:30,296.3,297.25,295.0,295.7,495376
2015-11-24 10:15:00+05:30,295.8,296.05,291.05,291.45,375117
2015-11-24 11:15:00+05:30,291.45,291.9,289.4,290.0,383372
2015-11-24 12:15:00+05:30,290.0,295.5,289.8,295.0,654650
2015-11-24 13:15:00+05:30,295.0,295.85,292.5,293.6,388571
2015-11-24 14:15:00+05:30,293.6,294.45,292.45,293.7,536227
2015-11-24 15:15:00+05:30,293.7,294.5,293.0,293.0,138107
2015-11-26 09:15:00+05:30,295.75,297.0,294.0,295.9,782735
2015-11-26 10:15:00+05:30,295.9,296.0,294.75,295.3,594008
2015-11-26 11:15:00+05:30,295.55,296.6,295.2,295.8,771804
2015-11-26 12:15:00+05:30,296.05,296.55,295.55,295.7,538014
2015-11-26 13:15:00+05:30,295.7,296.9,294.7,296.65,848329
2015-11-26 14:15:00+05:30,296.7,299.0,295.55,298.8,2931142
2015-11-26 15:15:00+05:30,298.7,302.45,298.35,301.95,2553742
2015-11-27 09:15:00+05:30,302.2,303.6,300.8,301.55,777857
2015-11-27 10:15:00+05:30,301.55,302.15,300.7,301.45,584957
2015-11-27 11:15:00+05:30,301.45,301.8,299.15,299.9,469842
2015-11-27 12:15:00+05:30,299.9,301.0,298.85,299.45,319713
2015-11-27 13:15:00+05:30,299.45,300.95,299.2,300.8,233158
2015-11-27 14:15:00+05:30,300.75,301.5,298.3,298.8,610253
2015-11-27 15:15:00+05:30,298.8,299.8,298.55,298.7,227264
2015-11-30 09:15:00+05:30,300.5,304.4,300.1,302.25,2051118
2015-11-30 10:15:00+05:30,302.3,304.0,301.1,301.2,2100962
2015-11-30 11:15:00+05:30,301.2,302.05,299.0,300.05,897627
2015-11-30 12:15:00+05:30,300.1,301.0,298.85,299.9,1037308
2015-11-30 13:15:00+05:30,299.9,300.9,299.3,299.85,1145685
2015-11-30 14:15:00+05:30,299.85,300.95,296.75,298.25,14147863
2015-11-30 15:15:00+05:30,298.25,299.0,294.15,295.65,12153383
2015-12-01 09:15:00+05:30,299.65,299.65,293.3,295.85,802021
2015-12-01 10:15:00+05:30,295.85,295.95,293.4,293.55,293643
2015-12-01 11:15:00+05:30,293.55,294.3,292.25,293.65,360067
2015-12-01 12:15:00+05:30,293.65,294.05,290.1,290.8,328730
2015-12-01 13:15:00+05:30,290.8,290.95,287.9,289.35,420515
2015-12-01 14:15:00+05:30,289.35,291.35,288.5,290.8,437807
2015-12-01 15:15:00+05:30,290.8,291.5,290.35,291.1,161757
2015-12-02 09:15:00+05:30,290.95,293.8,286.7,288.65,583487
2015-12-02 10:15:00+05:30,288.65,289.3,284.55,284.95,393880
2015-12-02 11:15:00+05:30,284.95,286.1,283.9,285.25,483953
2015-12-02 12:15:00+05:30,285.25,286.5,284.3,285.4,600721
2015-12-02 13:15:00+05:30,285.4,289.7,284.8,287.2,363791
2015-12-02 14:15:00+05:30,287.1,288.55,286.25,286.8,188811
2015-12-02 15:15:00+05:30,286.6,287.8,286.15,286.75,188529
2015-12-03 09:15:00+05:30,285.1,286.0,281.6,283.3,287098
2015-12-03 10:15:00+05:30,283.3,283.3,281.25,281.3,168807
2015-12-03 11:15:00+05:30,281.3,283.4,281.05,283.3,168332
2015-12-03 12:15:00+05:30,283.3,283.35,281.0,281.5,238080
2015-12-03 13:15:00+05:30,281.5,282.7,281.3,282.15,208579
2015-12-03 14:15:00+05:30,282.15,282.3,279.05,279.35,339252
2015-12-03 15:15:00+05:30,279.35,280.45,279.2,280.15,304181
2015-12-04 09:15:00+05:30,280.0,283.5,279.0,282.8,480164
2015-12-04 10:15:00+05:30,282.8,284.8,282.3,282.95,228498
2015-12-04 11:15:00+05:30,282.95,283.8,282.7,283.35,154125
2015-12-04 12:15:00+05:30,283.35,285.35,282.7,284.2,311398
2015-12-04 13:15:00+05:30,284.2,284.65,283.25,283.95,156199
2015-12-04 14:15:00+05:30,283.95,285.95,283.5,285.75,530539
2015-12-04 15:15:00+05:30,285.75,285.95,284.15,285.0,158680
2015-12-07 09:15:00+05:30,287.05,287.9,280.95,281.35,307034
2015-12-07 10:15:00+05:30,281.35,281.7,280.0,280.5,257626
2015-12-07 11:15:00+05:30,280.5,280.8,279.8,280.1,289596
2015-12-07 12:15:00+05:30,280.1,280.9,279.8,280.0,173349
2015-12-07 13:15:00+05:30,280.0,280.3,279.3,280.0,184672
2015-12-07 14:15:00+05:30,280.0,282.55,280.0,280.35,250411
2015-12-07 15:15:00+05:30,280.3,280.5,279.9,280.4,169511
2015-12-08 09:15:00+05:30,281.6,288.9,281.55,287.75,697472
2015-12-08 10:15:00+05:30,287.75,287.95,287.05,287.2,295188
2015-12-08 11:15:00+05:30,287.4,287.5,285.6,286.65,168463
2015-12-08 12:15:00+05:30,286.65,286.95,285.5,286.15,186708
2015-12-08 13:15:00+05:30,286.15,286.3,284.1,285.7,180780
2015-12-08 14:15:00+05:30,285.7,287.0,283.5,284.0,347728
2015-12-08 15:15:00+05:30,283.95,284.45,282.65,283.75,148358
2015-12-09 09:15:00+05:30,284.8,286.4,280.6,280.65,316377
2015-12-09 10:15:00+05:30,280.65,284.75,277.7,283.9,533779
2015-12-09 11:15:00+05:30,283.85,284.75,282.65,284.55,210393
2015-12-09 12:15:00+05:30,284.55,285.7,284.0,284.3,187644
2015-12-09 13:15:00+05:30,284.3,285.1,282.7,283.3,177282
2015-12-09 14:15:00+05:30,283.3,283.7,280.0,280.8,366908
2015-12-09 15:15:00+05:30,280.85,282.75,280.6,282.75,160918
2015-12-10 09:15:00+05:30,286.0,286.0,279.75,282.3,463981
2015-12-10 10:15:00+05:30,282.3,283.1,278.8,279.05,365415
2015-12-10 11:15:00+05:30,279.05,282.75,279.05,280.6,314485
2015-12-10 12:15:00+05:30,280.6,282.45,280.3,281.5,144228
2015-12-10 13:15:00+05:30,281.8,282.95,280.0,281.5,167474
2015-12-10 14:15:00+05:30,281.5,285.45,281.15,284.7,524240
2015-12-10 15:15:00+05:30,284.7,285.95,284.4,284.4,302371
2015-12-11 09:15:00+05:30,284.7,285.4,282.7,283.25,131627
2015-12-11 10:15:00+05:30,283.25,283.6,280.55,281.0,112117
2015-12-11 11:15:00+05:30,280.75,281.35,280.0,280.0,142219
2015-12-11 12:15:00+05:30,280.0,280.75,279.75,280.3,194599
2015-12-11 13:15:00+05:30,280.4,280.4,273.9,276.5,482348
2015-12-11 14:15:00+05:30,276.7,278.6,275.5,275.65,447544
2015-12-11 15:15:00+05:30,275.65,278.6,275.5,277.0,196898
2015-12-14 09:15:00+05:30,273.0,273.75,267.65,272.0,370329
2015-12-14 10:15:00+05:30,272.05,274.6,268.95,268.95,284608
2015-12-14 11:15:00+05:30,268.9,271.8,268.2,270.45,328421
2015-12-14 12:15:00+05:30,270.45,271.5,269.2,270.8,189434
2015-12-14 13:15:00+05:30,270.8,271.3,269.7,270.5,295460
2015-12-14 14:15:00+05:30,270.5,270.9,268.3,269.75,409030
2015-12-14 15:15:00+05:30,269.75,272.25,269.7,272.15,127889
2015-12-15 09:15:00+05:30,271.35,273.6,270.4,271.0,403718
2015-12-15 10:15:00+05:30,271.0,271.65,270.0,270.8,95472
2015-12-15 11:15:00+05:30,270.8,272.25,270.0,270.75,148599
2015-12-15 12:15:00+05:30,270.75,271.25,269.85,271.15,133446
2015-12-15 13:15:00+05:30,271.15,281.05,271.15,280.8,665198
2015-12-15 14:15:00+05:30,281.0,281.8,279.5,281.35,557103
2015-12-15 15:15:00+05:30,281.6,282.2,280.6,281.5,277853
2015-12-16 09:15:00+05:30,280.0,281.2,278.2,280.2,467081
2015-12-16 10:15:00+05:30,280.2,283.45,280.0,281.9,268382
2015-12-16 11:15:00+05:30,281.9,283.1,281.0,282.3,106775
2015-12-16 12:15:00+05:30,282.3,282.9,280.0,280.8,90842
2015-12-16 13:15:00+05:30,280.8,281.35,279.3,280.5,110124
2015-12-16 14:15:00+05:30,280.5,281.3,279.25,279.6,245323
2015-12-16 15:15:00+05:30,279.6,280.95,279.15,280.7,82800
2015-12-17 09:15:00+05:30,281.3,285.0,281.1,282.6,263097
2015-12-17 10:15:00+05:30,282.6,283.25,278.6,279.1,191077
2015-12-17 11:15:00+05:30,279.1,280.6,278.65,279.2,123744
2015-12-17 12:15:00+05:30,279.2,279.7,278.5,279.45,98575
2015-12-17 13:15:00+05:30,279.45,282.4,279.3,281.9,152821
2015-12-17 14:15:00+05:30,281.9,283.15,281.7,283.1,180481
2015-12-17 15:15:00+05:30,283.1,283.25,282.2,282.6,96571
2015-12-18 09:15:00+05:30,282.0,283.9,281.3,282.05,175171
2015-12-18 10:15:00+05:30,281.95,284.15,279.3,279.4,719574
2015-12-18 11:15:00+05:30,279.4,280.65,279.0,279.85,144647
2015-12-18 12:15:00+05:30,279.65,281.0,278.15,278.4,280397
2015-12-18 13:15:00+05:30,278.4,280.25,278.0,279.75,259625
2015-12-18 14:15:00+05:30,279.75,280.2,277.5,278.35,535855
2015-12-18 15:15:00+05:30,278.3,279.15,277.8,277.85,395837
2015-12-21 09:15:00+05:30,277.25,279.7,277.2,278.15,386174
2015-12-21 10:15:00+05:30,278.3,279.3,276.3,277.5,214873
2015-12-21 11:15:00+05:30,277.5,278.2,276.7,277.7,85962
2015-12-21 12:15:00+05:30,277.7,278.5,277.4,278.35,97497
2015-12-21 13:15:00+05:30,278.35,279.8,278.0,278.45,141498
2015-12-21 14:15:00+05:30,278.45,281.55,278.05,281.05,204320
2015-12-21 15:15:00+05:30,281.05,281.65,279.8,280.95,177855
2015-12-22 09:15:00+05:30,281.5,282.0,279.5,281.5,149079
2015-12-22 10:15:00+05:30,281.5,281.7,280.0,280.3,216409
2015-12-22 11:15:00+05:30,280.3,281.6,280.15,281.15,48180
2015-12-22 12:15:00+05:30,280.8,281.8,280.8,281.65,76707
2015-12-22 13:15:00+05:30,281.65,281.8,279.55,280.05,109435
2015-12-22 14:15:00+05:30,280.05,280.3,278.35,278.75,131077
2015-12-22 15:15:00+05:30,278.8,279.75,278.35,278.75,93872
2015-12-23 09:15:00+05:30,281.0,281.8,280.05,280.2,143759
2015-12-23 10:15:00+05:30,279.9,281.35,279.7,281.05,172678
2015-12-23 11:15:00+05:30,281.05,281.65,280.9,281.1,69711
2015-12-23 12:15:00+05:30,281.15,281.35,280.5,280.75,115130
2015-12-23 13:15:00+05:30,280.75,281.45,280.2,281.0,57476
2015-12-23 14:15:00+05:30,281.0,281.9,280.45,281.55,178823
2015-12-23 15:15:00+05:30,281.55,282.2,281.4,282.0,155043
2015-12-24 09:15:00+05:30,282.4,283.3,280.65,282.2,144277
2015-12-24 10:15:00+05:30,282.2,284.45,281.65,283.15,284615
2015-12-24 11:15:00+05:30,283.15,283.2,282.4,282.9,60585
2015-12-24 12:15:00+05:30,282.9,283.2,282.2,282.65,56545
2015-12-24 13:15:00+05:30,282.65,283.1,280.9,281.85,136239
2015-12-24 14:15:00+05:30,281.75,282.6,281.35,282.35,64185
2015-12-24 15:15:00+05:30,282.35,282.5,281.6,282.0,71455
2015-12-28 09:15:00+05:30,282.05,290.6,282.05,289.7,344886
2015-12-28 10:15:00+05:30,289.7,292.65,289.55,291.25,294113
2015-12-28 11:15:00+05:30,291.3,292.0,290.2,290.85,109162
2015-12-28 12:15:00+05:30,290.85,291.0,288.6,289.45,129339
2015-12-28 13:15:00+05:30,289.45,289.75,288.05,288.7,143129
2015-12-28 14:15:00+05:30,288.7,289.4,287.75,289.4,196688
2015-12-28 15:15:00+05:30,289.5,289.5,288.75,289.4,366163
2015-12-29 09:15:00+05:30,290.5,291.3,288.15,289.85,208621
2015-12-29 10:15:00+05:30,289.85,290.5,289.6,289.8,107608
2015-12-29 11:15:00+05:30,289.8,290.35,286.3,288.05,224633
2015-12-29 12:15:00+05:30,288.0,288.05,285.85,286.3,181903
2015-12-29 13:15:00+05:30,286.3,289.0,286.25,288.5,158769
2015-12-29 14:15:00+05:30,288.5,289.1,288.0,288.65,159473
2015-12-29 15:15:00+05:30,288.65,289.3,288.3,288.65,90658
2015-12-30 09:15:00+05:30,288.8,290.75,287.75,288.45,109453
2015-12-30 10:15:00+05:30,288.45,289.55,288.35,288.55,62061
2015-12-30 11:15:00+05:30,288.45,289.7,287.3,289.35,162565
2015-12-30 12:15:00+05:30,289.35,291.1,288.75,290.15,100990
2015-12-30 13:15:00+05:30,290.15,290.35,289.05,289.1,119860
2015-12-30 14:15:00+05:30,289.05,290.2,288.5,290.05,291561
2015-12-30 15:15:00+05:30,290.1,290.3,289.65,289.8,88134
2015-12-31 09:15:00+05:30,291.95,291.95,289.0,289.1,121758
2015-12-31 10:15:00+05:30,289.15,289.9,288.5,289.75,47154
2015-12-31 11:15:00+05:30,289.75,289.75,288.7,289.0,26661
2015-12-31 12:15:00+05:30,289.0,289.15,287.15,288.0,62296
2015-12-31 13:15:00+05:30,288.0,289.4,288.0,288.9,58184
2015-12-31 14:15:00+05:30,288.9,289.55,288.1,289.3,388158
2015-12-31 15:15:00+05:30,289.25,290.85,288.95,289.45,357688
2016-01-04 09:15:00+05:30,294.75,294.75,289.65,290.0,237090
2016-01-04 10:15:00+05:30,290.0,291.4,286.0,286.5,156163
2016-01-04 11:15:00+05:30,286.5,286.6,275.65,279.35,563951
2016-01-04 12:15:00+05:30,279.25,279.95,277.15,277.9,224641
2016-01-04 13:15:00+05:30,277.9,279.1,277.7,279.0,357362
2016-01-04 14:15:00+05:30,279.0,280.4,278.0,278.0,387774
2016-01-04 15:15:00+05:30,278.0,279.0,277.1,278.5,430892
2016-01-05 09:15:00+05:30,281.0,282.65,276.4,280.4,452256
2016-01-05 10:15:00+05:30,280.5,281.85,278.3,279.95,621997
2016-01-05 11:15:00+05:30,279.95,281.3,279.25,280.75,109374
2016-01-05 12:15:00+05:30,280.75,281.6,279.5,281.15,151211
2016-01-05 13:15:00+05:30,281.15,281.15,278.8,280.6,142268
2016-01-05 14:15:00+05:30,280.6,280.8,279.25,280.1,324409
2016-01-05 15:15:00+05:30,280.15,280.3,276.5,278.25,541909
2016-01-06 09:15:00+05:30,279.45,280.4,274.55,275.0,558190
2016-01-06 10:15:00+05:30,275.0,276.2,274.65,275.55,207839
2016-01-06 11:15:00+05:30,275.55,277.9,275.55,277.15,114272
2016-01-06 12:15:00+05:30,277.15,277.5,275.85,276.9,97454
2016-01-06 13:15:00+05:30,276.9,277.9,272.5,273.5,291003
2016-01-06 14:15:00+05:30,273.5,275.4,272.65,273.1,239343
2016-01-06 15:15:00+05:30,273.1,274.0,272.5,273.35,137551
2016-01-07 09:15:00+05:30,267.75,267.85,261.1,262.6,418390
2016-01-07 10:15:00+05:30,262.6,262.85,261.9,262.65,208629
2016-01-07 11:15:00+05:30,262.7,262.7,259.55,260.2,708073
2016-01-07 12:15:00+05:30,260.2,260.65,259.2,259.95,408249
2016-01-07 13:15:00+05:30,259.95,259.95,257.85,258.8,250438
2016-01-07 14:15:00+05:30,258.85,260.35,256.55,256.85,397724
2016-01-07 15:15:00+05:30,256.9,259.5,254.7,258.4,443273
2016-01-08 09:15:00+05:30,261.8,264.15,259.15,260.0,349316
2016-01-08 10:15:00+05:30,260.0,261.6,259.0,259.95,122215
2016-01-08 11:15:00+05:30,259.95,261.85,259.55,261.6,159599
2016-01-08 12:15:00+05:30,261.6,267.2,261.15,266.8,469855
2016-01-08 13:15:00+05:30,266.7,267.55,264.55,266.25,386298
2016-01-08 14:15:00+05:30,266.25,266.9,263.9,264.45,406144
2016-01-08 15:15:00+05:30,264.5,265.35,264.1,264.8,179440
2016-01-11 09:15:00+05:30,259.0,266.05,258.4,263.25,364399
2016-01-11 10:15:00+05:30,263.25,274.4,263.0,271.8,353748
2016-01-11 11:15:00+05:30,271.85,273.6,268.1,268.25,277720
2016-01-11 12:15:00+05:30,268.4,270.65,267.15,269.8,196741
2016-01-11 13:15:00+05:30,270.0,272.7,269.7,272.05,192058
2016-01-11 14:15:00+05:30,272.05,274.4,270.75,271.0,421609
2016-01-11 15:15:00+05:30,270.95,272.0,270.35,270.6,128851
2016-01-12 09:15:00+05:30,272.9,274.85,270.65,271.95,175439
2016-01-12 10:15:00+05:30,271.95,272.0,270.25,271.15,271119
2016-01-12 11:15:00+05:30,271.15,271.85,268.15,268.55,168284
2016-01-12 12:15:00+05:30,268.7,269.25,266.4,267.0,118330
2016-01-12 13:15:00+05:30,267.0,270.85,266.6,269.8,183633
2016-01-12 14:15:00+05:30,269.8,270.95,268.6,270.15,160623
2016-01-12 15:15:00+05:30,270.3,270.75,269.7,270.25,89851
2016-01-13 09:15:00+05:30,273.4,278.85,272.7,277.25,437651
2016-01-13 10:15:00+05:30,277.25,277.75,266.8,268.65,406799
2016-01-13 11:15:00+05:30,268.65,271.65,267.25,269.8,445531
2016-01-13 12:15:00+05:30,269.8,269.95,267.0,268.35,165665
2016-01-13 13:15:00+05:30,268.35,275.1,268.15,274.7,195874
2016-01-13 14:15:00+05:30,274.7,277.75,273.5,273.7,247886
2016-01-13 15:15:00+05:30,273.7,274.25,273.0,273.0,65199
2016-01-14 09:15:00+05:30,266.0,268.5,261.6,263.9,607146
2016-01-14 10:15:00+05:30,263.9,267.5,262.6,267.0,278345
2016-01-14 11:15:00+05:30,266.9,267.9,265.7,267.65,121174
2016-01-14 12:15:00+05:30,267.65,269.8,267.25,268.7,135107
2016-01-14 13:15:00+05:30,268.7,270.25,267.2,267.45,161883
2016-01-14 14:15:00+05:30,267.45,268.8,264.7,267.85,230648
2016-01-14 15:15:00+05:30,267.9,268.6,266.0,267.8,144126
2016-01-15 09:15:00+05:30,268.0,268.7,263.35,264.55,159275
2016-01-15 10:15:00+05:30,264.55,265.15,262.6,263.4,78949
2016-01-15 11:15:00+05:30,263.4,265.15,262.9,263.8,106867
2016-01-15 12:15:00+05:30,263.8,264.55,261.8,263.1,129222
2016-01-15 13:15:00+05:30,263.1,264.95,261.8,263.0,128598
2016-01-15 14:15:00+05:30,263.0,263.3,257.0,258.5,272589
2016-01-15 15:15:00+05:30,258.5,258.95,256.75,257.9,86051
2016-01-18 09:15:00+05:30,257.0,260.5,252.05,255.6,353151
2016-01-18 10:15:00+05:30,255.5,259.6,255.0,258.9,207142
2016-01-18 11:15:00+05:30,258.9,259.6,255.85,255.95,117799
2016-01-18 12:15:00+05:30,255.95,258.9,255.6,256.8,95108
2016-01-18 13:15:00+05:30,256.8,257.9,255.2,256.95,89122
2016-01-18 14:15:00+05:30,256.95,258.9,255.35,256.65,374378
2016-01-18 15:15:00+05:30,256.7,258.7,256.45,258.5,106145
2016-01-19 09:15:00+05:30,260.4,264.9,258.5,264.55,204282
2016-01-19 10:15:00+05:30,264.55,264.6,261.05,261.6,93479
2016-01-19 11:15:00+05:30,261.6,264.95,261.05,264.3,105983
2016-01-19 12:15:00+05:30,264.4,265.05,262.55,262.85,194409
2016-01-19 13:15:00+05:30,262.85,268.9,262.25,266.25,350097
2016-01-19 14:15:00+05:30,266.25,266.25,263.15,264.1,340487
2016-01-19 15:15:00+05:30,264.1,264.5,263.6,264.5,95976
2016-01-20 09:15:00+05:30,260.0,260.0,257.6,258.0,351271
2016-01-20 10:15:00+05:30,258.0,259.05,254.2,255.5,239406
2016-01-20 11:15:00+05:30,255.5,255.75,251.95,254.9,581411
2016-01-20 12:15:00+05:30,254.9,256.95,254.55,256.05,194410
2016-01-20 13:15:00+05:30,256.15,256.5,253.35,254.25,275673
2016-01-20 14:15:00+05:30,254.15,259.15,253.0,258.9,334454
2016-01-20 15:15:00+05:30,258.9,259.5,257.6,258.0,142143
2016-01-21 09:15:00+05:30,258.0,261.0,254.2,255.6,553041
2016-01-21 10:15:00+05:30,255.55,257.45,254.0,254.3,384199
2016-01-21 11:15:00+05:30,254.3,255.1,250.0,250.1,341262
2016-01-21 12:15:00+05:30,250.1,250.9,247.8,247.9,315633
2016-01-21 13:15:00+05:30,247.9,252.25,247.0,250.05,849777
2016-01-21 14:15:00+05:30,250.05,250.9,247.5,247.6,409082
2016-01-21 15:15:00+05:30,247.55,249.0,247.5,248.3,159808
2016-01-22 09:15:00+05:30,252.85,255.55,251.0,255.3,499936
2016-01-22 10:15:00+05:30,255.3,258.8,255.0,258.65,146247
2016-01-22 11:15:00+05:30,258.65,262.05,257.45,259.2,215225
2016-01-22 12:15:00+05:30,259.2,259.8,257.15,257.65,56493
2016-01-22 13:15:00+05:30,257.65,258.5,256.4,256.85,46737
2016-01-22 14:15:00+05:30,256.85,259.0,256.8,257.2,150552
2016-01-22 15:15:00+05:30,257.2,258.9,257.0,258.6,66338
2016-01-25 09:15:00+05:30,261.0,263.0,260.05,262.1,163027
2016-01-25 10:15:00+05:30,262.1,262.75,259.0,259.7,170506
2016-01-25 11:15:00+05:30,259.7,262.0,259.3,261.65,76300
2016-01-25 12:15:00+05:30,261.65,263.3,261.15,261.75,114157
2016-01-25 13:15:00+05:30,261.75,262.5,259.7,260.25,160320
2016-01-25 14:15:00+05:30,260.25,260.95,256.4,257.95,315095
2016-01-25 15:15:00+05:30,257.85,258.5,256.7,258.25,87895
2016-01-27 09:15:00+05:30,260.6,262.95,258.9,262.95,292437
2016-01-27 10:15:00+05:30,262.95,263.2,259.35,262.5,286740
2016-01-27 11:15:00+05:30,262.5,264.75,262.0,264.5,211984
2016-01-27 12:15:00+05:30,264.5,265.9,264.5,265.15,201131
2016-01-27 13:15:00+05:30,265.15,265.3,263.05,265.0,250720
2016-01-27 14:15:00+05:30,265.0,266.35,264.25,266.1,198875
2016-01-27 15:15:00+05:30,266.1,266.3,264.5,265.4,88540
2016-01-28 09:15:00+05:30,264.1,276.3,264.1,270.7,482885
2016-01-28 10:15:00+05:30,270.7,273.05,269.05,272.0,182128
2016-01-28 11:15:00+05:30,272.0,272.1,267.75,268.75,243850
2016-01-28 12:15:00+05:30,268.75,269.25,267.3,267.5,152190
2016-01-28 13:15:00+05:30,267.5,268.45,267.1,267.25,239315
2016-01-28 14:15:00+05:30,267.3,268.05,266.1,267.4,1106230
2016-01-28 15:15:00+05:30,267.4,269.9,266.65,267.2,774550
2016-01-29 09:15:00+05:30,266.2,267.95,261.5,262.45,243636
2016-01-29 10:15:00+05:30,262.45,263.4,260.15,263.4,161481
2016-01-29 11:15:00+05:30,263.4,266.1,262.7,265.85,243459
2016-01-29 12:15:00+05:30,265.85,266.0,264.0,264.35,329635
2016-01-29 13:15:00+05:30,264.35,266.05,263.4,265.05,155274
2016-01-29 14:15:00+05:30,265.05,266.9,263.65,265.45,589148
2016-01-29 15:15:00+05:30,265.45,265.9,263.8,264.6,193672
2016-02-01 09:15:00+05:30,266.45,266.95,261.25,262.05,218893
2016-02-01 10:15:00+05:30,262.05,264.8,261.95,262.75,89381
2016-02-01 11:15:00+05:30,263.0,263.7,261.7,262.65,177923
2016-02-01 12:15:00+05:30,262.65,264.0,261.25,262.2,209631
2016-02-01 13:15:00+05:30,262.2,266.25,261.55,264.45,165538
2016-02-01 14:15:00+05:30,264.45,265.8,262.8,262.8,138937
2016-02-01 15:15:00+05:30,262.75,263.2,261.8,262.0,108080
2016-02-02 09:15:00+05:30,264.6,264.9,260.6,260.75,557832
2016-02-02 10:15:00+05:30,260.7,262.0,259.05,259.3,749252
2016-02-02 11:15:00+05:30,259.3,260.95,259.15,259.4,457092
2016-02-02 12:15:00+05:30,259.4,260.4,258.75,259.8,399788
2016-02-02 13:15:00+05:30,259.5,260.05,256.6,256.65,449250
2016-02-02 14:15:00+05:30,256.65,257.25,252.25,254.05,752542
2016-02-02 15:15:00+05:30,254.05,254.45,251.7,251.7,401828
2016-02-03 09:15:00+05:30,251.95,251.95,245.55,245.75,391751
2016-02-03 10:15:00+05:30,245.75,246.0,240.5,241.05,176667
2016-02-03 11:15:00+05:30,241.05,243.75,241.05,243.15,90792
2016-02-03 12:15:00+05:30,243.25,244.35,242.5,243.3,114459
2016-02-03 13:15:00+05:30,243.15,244.8,242.55,243.0,93654
2016-02-03 14:15:00+05:30,243.15,245.3,242.85,243.45,880604
2016-02-03 15:15:00+05:30,243.25,243.8,242.35,243.0,989334
2016-02-04 09:15:00+05:30,245.0,246.0,241.1,242.9,328233
2016-02-04 10:15:00+05:30,242.9,243.1,242.0,242.5,345261
2016-02-04 11:15:00+05:30,242.5,244.15,242.2,243.15,400591
2016-02-04 12:15:00+05:30,243.15,244.45,243.05,244.05,160510
2016-02-04 13:15:00+05:30,244.05,244.05,241.3,242.2,301844
2016-02-04 14:15:00+05:30,242.2,243.9,239.55,243.0,443395
2016-02-04 15:15:00+05:30,243.0,243.65,242.2,242.5,222150
2016-02-05 09:15:00+05:30,244.7,246.85,243.9,245.6,140532
2016-02-05 10:15:00+05:30,245.6,248.8,245.55,248.45,164408
2016-02-05 11:15:00+05:30,248.5,251.6,248.25,250.2,235821
2016-02-05 12:15:00+05:30,250.2,250.9,247.5,247.6,109826
2016-02-05 13:15:00+05:30,247.75,251.5,247.65,249.3,229811
2016-02-05 14:15:00+05:30,249.3,250.5,247.65,249.35,499728
2016-02-05 15:15:00+05:30,249.35,250.0,247.5,247.75,410501
2016-03-08 09:15:00+05:30,247.0,256.5,247.0,254.8,610788
2016-03-08 10:15:00+05:30,254.8,255.25,253.15,254.0,166517
2016-03-08 11:15:00+05:30,253.95,254.5,251.7,252.55,235255
2016-03-08 12:15:00+05:30,252.55,253.1,250.7,251.4,155391
2016-03-08 13:15:00+05:30,251.4,251.8,248.7,250.15,287898
2016-03-08 14:15:00+05:30,250.15,250.25,248.3,249.75,425059
2016-03-08 15:15:00+05:30,249.8,250.4,249.3,249.55,197579
2016-03-09 09:15:00+05:30,247.0,248.8,244.25,247.85,327030
2016-03-09 10:15:00+05:30,247.85,248.65,247.05,247.7,239901
2016-03-09 11:15:00+05:30,247.7,250.5,247.2,250.1,194663
2016-03-09 12:15:00+05:30,250.1,253.5,250.1,251.45,253680
2016-03-09 13:15:00+05:30,251.45,252.6,250.2,250.5,266442
2016-03-09 14:15:00+05:30,250.5,251.45,250.0,250.3,625689
2016-03-09 15:15:00+05:30,250.25,250.7,249.7,250.55,174476
2016-03-10 09:15:00+05:30,253.55,254.35,248.7,249.55,480870
2016-03-10 10:15:00+05:30,249.55,250.4,247.8,249.05,195898
2016-03-10 11:15:00+05:30,249.05,251.0,248.65,248.85,195420
2016-03-10 12:15:00+05:30,248.85,250.1,248.1,250.0,117353
2016-03-10 13:15:00+05:30,249.8,251.5,249.6,250.7,281498
2016-03-10 14:15:00+05:30,250.7,251.35,249.3,249.5,269550
2016-03-10 15:15:00+05:30,249.5,250.75,249.4,249.65,154288
2016-03-11 09:15:00+05:30,250.15,253.6,249.0,253.05,213701
2016-03-11 10:15:00+05:30,253.05,253.3,250.25,251.2,93012
2016-03-11 11:15:00+05:30,251.2,251.9,247.0,250.2,173358
2016-03-11 12:15:00+05:30,250.25,251.25,249.05,249.85,204299
2016-03-11 13:15:00+05:30,249.85,250.6,248.6,249.8,194750
2016-03-11 14:15:00+05:30,249.8,255.85,249.75,254.5,593396
2016-03-11 15:15:00+05:30,254.5,255.45,254.2,255.0,164277
2016-03-14 09:15:00+05:30,258.0,263.3,257.6,262.2,781019
2016-03-14 10:15:00+05:30,262.25,262.9,261.8,262.4,251178
2016-03-14 11:15:00+05:30,262.4,263.0,260.3,261.0,238075
2016-03-14 12:15:00+05:30,261.0,262.25,260.3,261.9,118716
2016-03-14 13:15:00+05:30,261.75,262.7,261.55,261.95,100542
2016-03-14 14:15:00+05:30,261.95,262.5,260.05,262.35,312425
2016-03-14 15:15:00+05:30,262.35,265.5,262.25,265.0,481543
2016-03-15 09:15:00+05:30,265.95,266.3,264.05,264.05,324981
2016-03-15 10:15:00+05:30,264.1,264.4,262.6,264.1,282876
2016-03-15 11:15:00+05:30,264.1,264.75,263.0,263.75,114637
2016-03-15 12:15:00+05:30,263.75,264.25,263.2,263.45,151415
2016-03-15 13:15:00+05:30,263.45,263.95,262.7,263.65,167812
2016-03-15 14:15:00+05:30,263.65,266.4,263.15,264.8,311637
2016-03-15 15:15:00+05:30,264.8,265.5,264.5,265.5,170778
2016-03-16 09:15:00+05:30,264.6,264.6,258.6,260.0,286793
2016-03-16 10:15:00+05:30,260.05,260.35,258.5,259.0,69150
2016-03-16 11:15:00+05:30,259.0,260.0,258.5,259.15,38986
2016-03-16 12:15:00+05:30,259.15,259.8,258.25,259.45,99056
2016-03-16 13:15:00+05:30,259.45,261.6,258.9,260.75,132396
2016-03-16 14:15:00+05:30,260.75,262.85,260.5,261.3,272725
2016-03-16 15:15:00+05:30,261.3,262.5,260.45,262.5,137014
2016-03-17 09:15:00+05:30,265.7,265.8,263.3,264.8,221722
2016-03-17 10:15:00+05:30,264.8,266.5,264.25,265.85,190634
2016-03-17 11:15:00+05:30,265.9,266.25,265.2,265.65,277160
2016-03-17 12:15:00+05:30,265.75,266.9,265.5,266.45,71721
2016-03-17 13:15:00+05:30,266.6,266.65,265.0,265.3,47118
2016-03-17 14:15:00+05:30,265.3,265.4,263.0,263.3,203503
2016-03-17 15:15:00+05:30,263.3,263.4,261.35,261.45,101770
2016-03-18 09:15:00+05:30,263.75,266.7,263.35,264.9,392605
2016-03-18 10:15:00+05:30,264.95,265.3,264.05,264.65,392265
2016-03-18 11:15:00+05:30,264.65,265.0,262.85,263.5,147188
2016-03-18 12:15:00+05:30,263.4,264.7,262.95,263.4,83075
2016-03-18 13:15:00+05:30,263.4,264.2,262.5,264.2,164519
2016-03-18 14:15:00+05:30,264.2,266.75,263.45,266.75,821106
2016-03-18 15:15:00+05:30,266.75,267.8,266.1,266.15,356812
2016-03-21 09:15:00+05:30,266.25,267.9,264.75,266.1,259144
2016-03-21 10:15:00+05:30,266.1,268.85,265.7,267.5,296140
2016-03-21 11:15:00+05:30,267.5,270.9,266.95,270.65,505249
2016-03-21 12:15:00+05:30,270.8,271.9,270.15,270.9,342010
2016-03-21 13:15:00+05:30,270.9,272.5,270.8,272.35,360368
2016-03-21 14:15:00+05:30,272.35,274.8,272.0,274.6,395867
2016-03-21 15:15:00+05:30,274.6,275.0,272.15,272.35,165551
2016-03-22 09:15:00+05:30,273.6,276.3,271.5,275.5,573303
2016-03-22 10:15:00+05:30,275.5,280.65,275.5,279.1,404599
2016-03-22 11:15:00+05:30,279.05,279.05,276.7,277.55,168801
2016-03-22 12:15:00+05:30,277.55,278.0,275.2,275.5,175057
2016-03-22 13:15:00+05:30,275.5,276.2,271.55,273.45,731924
2016-03-22 14:15:00+05:30,273.45,280.0,272.9,279.75,502117
2016-03-22 15:15:00+05:30,279.75,279.9,277.15,277.15,242927
2016-03-23 09:15:00+05:30,278.65,280.75,276.85,278.1,567672
2016-03-23 10:15:00+05:30,278.15,281.9,277.1,278.0,238423
2016-03-23 11:15:00+05:30,278.0,280.0,276.7,279.15,110428
2016-03-23 12:15:00+05:30,279.15,279.85,278.6,279.55,81750
2016-03-23 13:15:00+05:30,279.5,280.9,279.3,280.0,167226
2016-03-23 14:15:00+05:30,280.0,282.9,278.9,282.9,258009
2016-03-23 15:15:00+05:30,282.7,283.0,280.7,280.8,165046
2016-03-28 09:15:00+05:30,284.0,285.35,277.4,277.9,859820
2016-03-28 10:15:00+05:30,277.95,280.45,277.2,277.7,244226
2016-03-28 11:15:00+05:30,277.7,278.7,276.75,277.85,346440
2016-03-28 12:15:00+05:30,277.75,277.9,276.4,277.1,450707
2016-03-28 13:15:00+05:30,277.1,278.5,274.7,275.2,181806
2016-03-28 14:15:00+05:30,275.2,275.45,269.8,273.0,926918
2016-03-28 15:15:00+05:30,273.0,274.7,271.85,272.05,170034
2016-03-29 09:15:00+05:30,273.65,276.75,271.5,273.0,335242
2016-03-29 10:15:00+05:30,273.0,276.95,272.9,275.65,256492
2016-03-29 11:15:00+05:30,275.65,277.9,275.55,276.85,267723
2016-03-29 12:15:00+05:30,276.85,277.6,275.9,276.55,710954
2016-03-29 13:15:00+05:30,276.55,278.9,276.55,278.8,399694
2016-03-29 14:15:00+05:30,278.75,279.95,276.2,276.55,435500
2016-03-29 15:15:00+05:30,276.6,277.0,276.0,276.5,126785
2016-03-30 09:15:00+05:30,281.85,283.75,280.85,282.85,325560
2016-03-30 10:15:00+05:30,282.85,284.0,282.15,283.2,218645
2016-03-30 11:15:00+05:30,283.2,283.35,282.55,282.9,88067
2016-03-30 12:15:00+05:30,282.9,284.6,282.7,283.9,397359
2016-03-30 13:15:00+05:30,283.9,285.15,283.15,284.35,319809
2016-03-30 14:15:00+05:30,284.35,285.0,283.0,283.3,398317
2016-03-30 15:15:00+05:30,283.3,287.5,283.3,286.2,282176
2016-03-31 09:15:00+05:30,287.2,292.35,286.15,291.5,539354
2016-03-31 10:15:00+05:30,291.5,295.45,290.65,293.5,432681
2016-03-31 11:15:00+05:30,293.5,293.5,290.5,292.3,339457
2016-03-31 12:15:00+05:30,292.3,292.75,289.85,290.5,218054
2016-03-31 13:15:00+05:30,290.5,292.8,289.6,291.1,355620
2016-03-31 14:15:00+05:30,291.1,291.5,282.6,288.45,3486777
2016-03-31 15:15:00+05:30,288.7,301.45,287.1,291.0,3699377
2016-04-01 09:15:00+05:30,289.45,289.45,281.2,284.0,398468
2016-04-01 10:15:00+05:30,284.0,285.0,282.7,284.0,207914
2016-04-01 11:15:00+05:30,284.0,284.4,282.85,283.75,294229
2016-04-01 12:15:00+05:30,283.75,286.1,283.65,285.05,341262
2016-04-01 13:15:00+05:30,285.2,286.0,283.5,285.75,192475
2016-04-01 14:15:00+05:30,285.75,286.45,284.2,286.05,312289
2016-04-01 15:15:00+05:30,286.05,286.9,285.25,286.2,234507
2016-04-04 09:15:00+05:30,288.8,289.45,286.0,287.4,493615
2016-04-04 10:15:00+05:30,287.3,287.55,285.5,285.8,169608
2016-04-04 11:15:00+05:30,286.0,286.5,283.15,284.05,200785
2016-04-04 12:15:00+05:30,284.05,284.55,281.85,283.95,293998
2016-04-04 13:15:00+05:30,283.95,285.75,283.9,285.4,292338
2016-04-04 14:15:00+05:30,285.4,286.3,283.5,286.15,797220
2016-04-04 15:15:00+05:30,286.3,286.45,284.3,285.45,268739
2016-04-05 09:15:00+05:30,283.4,283.8,278.3,278.9,335570
2016-04-05 10:15:00+05:30,278.9,280.8,276.75,278.4,482520
2016-04-05 11:15:00+05:30,278.4,279.95,276.55,278.2,243963
2016-04-05 12:15:00+05:30,278.2,278.35,274.0,274.7,465879
2016-04-05 13:15:00+05:30,274.7,275.8,272.0,273.4,349257
2016-04-05 14:15:00+05:30,273.4,274.4,269.8,270.75,753272
2016-04-05 15:15:00+05:30,270.5,271.65,270.35,271.25,250503
2016-04-06 09:15:00+05:30,273.65,276.35,272.0,275.45,327419
2016-04-06 10:15:00+05:30,275.45,276.0,274.0,274.15,262491
2016-04-06 11:15:00+05:30,274.15,275.8,274.1,274.7,160423
2016-04-06 12:15:00+05:30,274.7,277.5,274.0,276.8,212922
2016-04-06 13:15:00+05:30,276.8,277.25,273.85,275.55,295354
2016-04-06 14:15:00+05:30,275.55,277.0,275.25,276.1,202964
2016-04-06 15:15:00+05:30,276.1,277.5,275.9,276.95,114593
2016-04-07 09:15:00+05:30,277.0,277.0,269.85,269.9,360778
2016-04-07 10:15:00+05:30,269.9,274.75,269.05,272.5,318529
2016-04-07 11:15:00+05:30,272.5,276.2,272.35,274.55,295474
2016-04-07 12:15:00+05:30,274.6,281.85,274.15,280.0,739356
2016-04-07 13:15:00+05:30,280.0,280.45,277.2,279.2,582773
2016-04-07 14:15:00+05:30,279.2,279.45,275.3,275.35,401256
2016-04-07 15:15:00+05:30,275.35,277.3,274.8,276.9,100236
2016-04-08 09:15:00+05:30,276.5,280.75,276.5,279.3,346209
2016-04-08 10:15:00+05:30,279.5,280.4,279.1,280.1,90963
2016-04-08 11:15:00+05:30,280.05,280.3,276.05,276.75,207173
2016-04-08 12:15:00+05:30,276.75,278.9,276.0,278.5,122327
2016-04-08 13:15:00+05:30,278.45,278.8,277.25,277.35,147753
2016-04-08 14:15:00+05:30,277.3,278.5,276.0,276.7,227022
2016-04-08 15:15:00+05:30,276.7,277.15,276.35,276.85,122109
2016-04-11 09:15:00+05:30,277.8,280.5,276.95,278.35,290307
2016-04-11 10:15:00+05:30,278.35,279.4,278.1,278.65,91617
2016-04-11 11:15:00+05:30,278.6,278.9,277.65,277.75,59356
2016-04-11 12:15:00+05:30,277.8,279.7,277.2,278.9,212322
2016-04-11 13:15:00+05:30,279.0,284.5,279.0,283.2,434182
2016-04-11 14:15:00+05:30,283.25,286.9,282.55,285.65,458841
2016-04-11 15:15:00+05:30,285.6,289.0,285.45,288.35,446065
2016-04-12 09:15:00+05:30,289.9,294.55,289.9,292.55,685883
2016-04-12 10:15:00+05:30,292.55,294.0,292.4,293.6,180437
2016-04-12 11:15:00+05:30,293.65,293.65,292.3,292.8,161269
2016-04-12 12:15:00+05:30,292.8,294.65,291.35,293.7,454965
2016-04-12 13:15:00+05:30,293.95,294.7,291.0,293.0,320949
2016-04-12 14:15:00+05:30,293.0,294.3,292.4,294.15,484679
2016-04-12 15:15:00+05:30,294.15,294.9,293.25,293.65,293808
2016-04-13 09:15:00+05:30,298.35,298.45,295.5,296.05,337831
2016-04-13 10:15:00+05:30,296.0,296.75,294.55,296.75,474272
2016-04-13 11:15:00+05:30,296.7,300.0,296.1,298.25,705388
2016-04-13 12:15:00+05:30,298.25,299.25,297.6,297.8,303670
2016-04-13 13:15:00+05:30,297.8,298.5,296.35,297.95,429727
2016-04-13 14:15:00+05:30,297.95,300.7,297.6,300.05,834275
2016-04-13 15:15:00+05:30,300.05,300.25,299.85,300.15,275026
2016-04-18 09:15:00+05:30,299.5,302.0,296.7,301.65,374611
2016-04-18 10:15:00+05:30,301.55,301.9,300.0,300.6,131276
2016-04-18 11:15:00+05:30,300.6,301.5,299.5,300.1,64046
2016-04-18 12:15:00+05:30,300.1,301.15,298.2,300.9,82104
2016-04-18 13:15:00+05:30,300.9,302.3,300.45,301.4,110219
2016-04-18 14:15:00+05:30,301.4,301.95,300.3,300.5,173694
2016-04-18 15:15:00+05:30,300.5,301.75,299.9,300.3,120481
2016-04-20 09:15:00+05:30,301.3,305.85,298.7,304.5,438009
2016-04-20 10:15:00+05:30,304.5,304.6,299.45,301.0,188763
2016-04-20 11:15:00+05:30,301.0,303.15,300.5,302.7,101353
2016-04-20 12:15:00+05:30,302.7,303.15,299.05,301.7,113288
2016-04-20 13:15:00+05:30,301.7,302.9,300.65,302.75,101058
2016-04-20 14:15:00+05:30,302.55,303.0,301.05,302.0,320716
2016-04-20 15:15:00+05:30,302.0,302.5,300.55,302.5,224367
2016-04-21 09:15:00+05:30,303.5,307.7,303.5,306.15,288622
2016-04-21 10:15:00+05:30,306.15,306.15,302.45,302.8,175590
2016-04-21 11:15:00+05:30,302.8,303.5,300.6,302.25,135033
2016-04-21 12:15:00+05:30,302.25,304.5,302.1,303.65,88011
2016-04-21 13:15:00+05:30,303.65,304.3,302.2,302.65,574699
2016-04-21 14:15:00+05:30,302.65,302.8,296.85,301.65,193529
2016-04-21 15:15:00+05:30,301.65,301.75,299.65,299.75,114782
2016-04-22 09:15:00+05:30,299.2,303.8,298.8,302.3,157514
2016-04-22 10:15:00+05:30,302.3,303.6,301.7,303.15,72682
2016-04-22 11:15:00+05:30,303.15,303.8,302.55,302.95,49309
2016-04-22 12:15:00+05:30,302.95,303.35,302.35,302.7,61836
2016-04-22 13:15:00+05:30,302.7,305.0,302.6,304.05,131554
2016-04-22 14:15:00+05:30,304.05,304.05,302.2,303.85,273839
2016-04-22 15:15:00+05:30,303.85,304.0,303.45,303.75,61403
2016-04-25 09:15:00+05:30,303.0,304.3,300.5,301.15,95511
2016-04-25 10:15:00+05:30,301.15,301.15,297.2,297.2,248869
2016-04-25 11:15:00+05:30,297.4,298.35,296.3,297.6,189635
2016-04-25 12:15:00+05:30,297.6,298.35,296.8,297.3,145372
2016-04-25 13:15:00+05:30,297.3,298.6,297.0,297.4,173535
2016-04-25 14:15:00+05:30,297.4,297.9,295.75,295.95,895491
2016-04-25 15:15:00+05:30,295.95,297.0,295.35,296.95,227926
2016-04-26 09:15:00+05:30,294.95,299.9,293.5,299.85,357362
2016-04-26 10:15:00+05:30,299.85,300.45,298.25,299.65,196473
2016-04-26 11:15:00+05:30,299.65,300.5,298.65,300.1,249762
2016-04-26 12:15:00+05:30,300.15,303.7,299.55,302.8,461048
2016-04-26 13:15:00+05:30,302.7,304.8,302.55,304.6,306723
2016-04-26 14:15:00+05:30,304.6,307.3,304.5,307.15,718300
2016-04-26 15:15:00+05:30,307.1,307.2,305.25,305.35,145000
2016-04-27 09:15:00+05:30,306.95,309.75,306.15,307.2,223623
2016-04-27 10:15:00+05:30,307.2,307.9,305.05,306.7,127770
2016-04-27 11:15:00+05:30,306.7,307.0,305.9,306.7,50198
2016-04-27 12:15:00+05:30,306.7,307.5,306.4,306.85,70510
2016-04-27 13:15:00+05:30,306.85,307.15,303.5,304.0,91802
2016-04-27 14:15:00+05:30,304.0,304.55,303.15,304.0,157365
2016-04-27 15:15:00+05:30,304.0,305.5,303.7,304.9,75402
2016-04-28 09:15:00+05:30,305.15,307.2,304.65,306.15,139252
2016-04-28 10:15:00+05:30,306.15,306.2,300.75,300.85,100111
2016-04-28 11:15:00+05:30,300.9,303.25,300.2,301.9,77924
2016-04-28 12:15:00+05:30,301.9,304.7,300.5,304.4,158928
2016-04-28 13:15:00+05:30,304.4,305.0,302.3,303.5,216940
2016-04-28 14:15:00+05:30,303.65,304.65,301.45,301.6,567564
2016-04-28 15:15:00+05:30,301.6,302.2,300.35,300.8,236817
2016-04-29 09:15:00+05:30,301.7,305.25,300.45,303.05,218856
2016-04-29 10:15:00+05:30,303.2,303.95,301.15,302.1,141275
2016-04-29 11:15:00+05:30,302.1,303.0,301.25,301.5,143696
2016-04-29 12:15:00+05:30,301.5,302.0,295.6,295.9,283515
2016-04-29 13:15:00+05:30,295.9,297.75,294.85,296.65,206717
2016-04-29 14:15:00+05:30,296.55,298.8,295.3,298.45,447391
2016-04-29 15:15:00+05:30,298.35,298.85,297.3,297.95,155989
2016-05-02 09:15:00+05:30,296.95,297.0,292.7,293.6,183773
2016-05-02 10:15:00+05:30,293.7,293.8,291.7,292.55,228322
2016-05-02 11:15:00+05:30,292.55,296.9,291.65,296.75,251783
2016-05-02 12:15:00+05:30,296.75,297.55,295.0,296.0,382924
2016-05-02 13:15:00+05:30,296.0,296.85,295.25,295.95,49851
2016-05-02 14:15:00+05:30,295.95,296.5,295.0,295.3,90117
2016-05-02 15:15:00+05:30,295.3,295.75,294.7,295.0,59036
2016-05-03 09:15:00+05:30,299.8,311.75,299.35,309.6,1210886
2016-05-03 10:15:00+05:30,309.6,311.9,307.2,307.2,395986
2016-05-03 11:15:00+05:30,307.2,308.05,306.35,307.15,121326
2016-05-03 12:15:00+05:30,307.3,307.45,299.4,301.6,392563
2016-05-03 13:15:00+05:30,301.6,302.9,299.1,302.05,208310
2016-05-03 14:15:00+05:30,302.0,302.55,298.2,298.85,295828
2016-05-03 15:15:00+05:30,299.0,301.35,298.85,300.0,181632
2016-05-04 09:15:00+05:30,296.0,298.7,289.3,290.95,392234
2016-05-04 10:15:00+05:30,290.95,291.0,285.4,288.1,245641
2016-05-04 11:15:00+05:30,288.1,289.5,286.6,287.55,138762
2016-05-04 12:15:00+05:30,287.55,289.0,286.2,286.85,91934
2016-05-04 13:15:00+05:30,286.85,287.8,284.0,284.5,166023
2016-05-04 14:15:00+05:30,284.5,284.9,281.2,281.3,325052
2016-05-04 15:15:00+05:30,281.3,281.85,280.05,281.65,163872
2016-05-05 09:15:00+05:30,283.7,286.7,280.05,285.0,304628
2016-05-05 10:15:00+05:30,285.0,286.8,284.7,285.9,116202
2016-05-05 11:15:00+05:30,285.9,286.1,284.8,285.1,49321
2016-05-05 12:15:00+05:30,285.1,285.95,283.35,284.3,92350
2016-05-05 13:15:00+05:30,284.3,287.05,283.3,286.4,257876
2016-05-05 14:15:00+05:30,286.45,286.5,282.15,283.05,259828
2016-05-05 15:15:00+05:30,283.05,283.45,282.05,282.6,125941
2016-05-06 09:15:00+05:30,281.25,282.7,278.45,281.6,246176
2016-05-06 10:15:00+05:30,281.6,283.5,281.4,281.75,75959
2016-05-06 11:15:00+05:30,281.75,282.2,280.0,280.5,55936
2016-05-06 12:15:00+05:30,280.5,281.8,279.7,281.8,74823
2016-05-06 13:15:00+05:30,281.8,282.4,280.85,282.0,114762
2016-05-06 14:15:00+05:30,282.0,288.0,281.8,287.4,403507
2016-05-06 15:15:00+05:30,287.25,287.55,285.6,286.0,70609
2016-05-09 09:15:00+05:30,289.8,290.9,287.9,288.25,325605
2016-05-09 10:15:00+05:30,288.15,289.15,287.0,288.1,133919
2016-05-09 11:15:00+05:30,288.1,288.6,287.3,287.55,46307
2016-05-09 12:15:00+05:30,287.55,288.0,285.8,286.9,68385
2016-05-09 13:15:00+05:30,286.9,288.95,285.25,288.0,136282
2016-05-09 14:15:00+05:30,288.0,289.85,287.9,289.4,267371
2016-05-09 15:15:00+05:30,289.4,289.8,289.05,289.5,85438
2016-05-10 09:15:00+05:30,290.0,290.0,282.75,283.25,263892
2016-05-10 10:15:00+05:30,283.25,283.8,281.0,281.2,173307
2016-05-10 11:15:00+05:30,281.2,281.3,280.05,281.0,126022
2016-05-10 12:15:00+05:30,281.0,281.95,280.55,281.75,194139
2016-05-10 13:15:00+05:30,281.75,283.0,280.0,282.55,231200
2016-05-10 14:15:00+05:30,282.55,282.85,280.55,280.7,218333
2016-05-10 15:15:00+05:30,280.7,281.75,280.0,281.5,151573
2016-05-11 09:15:00+05:30,276.0,278.7,271.45,278.2,436914
2016-05-11 10:15:00+05:30,278.2,281.6,277.9,280.05,318223
2016-05-11 11:15:00+05:30,280.05,280.8,279.0,279.0,166728
2016-05-11 12:15:00+05:30,279.0,279.05,274.5,274.8,456874
2016-05-11 13:15:00+05:30,274.9,275.0,273.6,274.1,447942
2016-05-11 14:15:00+05:30,274.1,274.9,272.75,274.05,200901
2016-05-11 15:15:00+05:30,274.2,274.35,273.3,273.55,81612
2016-05-12 09:15:00+05:30,275.5,278.4,274.5,277.4,236255
2016-05-12 10:15:00+05:30,277.4,279.0,277.05,278.15,186812
2016-05-12 11:15:00+05:30,278.15,279.25,278.05,278.1,262798
2016-05-12 12:15:00+05:30,278.1,278.4,276.05,277.15,157750
2016-05-12 13:15:00+05:30,277.15,278.5,276.9,277.75,165410
2016-05-12 14:15:00+05:30,277.75,278.2,277.15,277.6,92335
2016-05-12 15:15:00+05:30,277.6,277.95,277.2,277.55,50761
2016-05-13 09:15:00+05:30,277.05,280.9,276.75,279.0,438143
2016-05-13 10:15:00+05:30,279.0,279.5,276.8,277.4,113379
2016-05-13 11:15:00+05:30,277.4,278.4,277.0,277.35,61020
2016-05-13 12:15:00+05:30,277.35,277.45,274.75,275.95,142289
2016-05-13 13:15:00+05:30,275.95,277.2,275.7,276.9,69116
2016-05-13 14:15:00+05:30,276.9,277.85,276.25,277.2,790841
2016-05-13 15:15:00+05:30,277.2,277.25,276.0,276.75,90513
2016-05-16 09:15:00+05:30,277.25,279.75,275.55,275.85,236600
2016-05-16 10:15:00+05:30,275.8,276.55,275.0,275.0,153202
2016-05-16 11:15:00+05:30,275.0,275.4,273.4,274.4,154205
2016-05-16 12:15:00+05:30,274.4,275.3,272.1,273.2,141728
2016-05-16 13:15:00+05:30,273.2,275.4,272.6,274.4,296931
2016-05-16 14:15:00+05:30,274.4,277.3,273.6,275.45,442423
2016-05-16 15:15:00+05:30,275.4,275.9,274.5,275.4,173405
2016-05-17 09:15:00+05:30,277.6,277.6,273.6,274.5,611328
2016-05-17 10:15:00+05:30,274.5,275.0,273.0,273.45,168163
2016-05-17 11:15:00+05:30,273.45,274.1,273.1,273.45,322686
2016-05-17 12:15:00+05:30,273.45,274.55,272.45,273.8,280907
2016-05-17 13:15:00+05:30,273.8,274.6,272.75,274.1,184478
2016-05-17 14:15:00+05:30,274.1,274.35,271.5,271.85,459156
2016-05-17 15:15:00+05:30,271.9,271.95,271.0,271.7,122153
2016-05-18 09:15:00+05:30,268.9,270.3,265.8,266.6,304859
2016-05-18 10:15:00+05:30,266.55,268.0,266.1,267.45,94868
2016-05-18 11:15:00+05:30,267.45,267.55,266.3,267.1,112461
2016-05-18 12:15:00+05:30,267.1,268.5,266.3,267.15,225697
2016-05-18 13:15:00+05:30,267.15,268.35,267.05,267.75,164170
2016-05-18 14:15:00+05:30,267.8,269.75,267.6,268.8,241598
2016-05-18 15:15:00+05:30,268.8,269.0,267.75,268.3,105572
2016-05-19 09:15:00+05:30,270.0,273.5,269.55,272.65,482561
2016-05-19 10:15:00+05:30,272.65,273.25,271.6,272.35,148898
2016-05-19 11:15:00+05:30,272.35,272.7,271.05,271.1,123787
2016-05-19 12:15:00+05:30,271.05,271.2,269.7,269.85,297893
2016-05-19 13:15:00+05:30,269.85,271.85,269.6,270.0,350695
2016-05-19 14:15:00+05:30,270.0,270.3,265.95,266.1,496219
2016-05-19 15:15:00+05:30,265.95,266.6,264.3,264.55,192001
2016-05-20 09:15:00+05:30,266.3,268.45,265.8,266.35,538906
2016-05-20 10:15:00+05:30,266.35,267.0,265.55,266.2,226929
2016-05-20 11:15:00+05:30,266.2,266.75,264.7,265.35,268447
2016-05-20 12:15:00+05:30,265.35,267.25,265.35,265.9,208415
2016-05-20 13:15:00+05:30,265.9,266.05,264.25,264.85,209641
2016-05-20 14:15:00+05:30,264.75,265.3,262.0,263.1,362390
2016-05-20 15:15:00+05:30,263.1,263.95,262.95,263.0,258970
2016-05-23 09:15:00+05:30,265.0,265.9,263.3,265.55,187098
2016-05-23 10:15:00+05:30,265.55,266.35,264.3,264.45,164286
2016-05-23 11:15:00+05:30,264.45,265.15,263.5,264.0,129128
2016-05-23 12:15:00+05:30,264.0,264.5,262.25,262.7,205468
2016-05-23 13:15:00+05:30,262.65,263.75,261.5,263.0,231370
2016-05-23 14:15:00+05:30,263.0,263.85,259.1,259.7,346215
2016-05-23 15:15:00+05:30,259.65,260.7,259.4,260.1,66720
2016-05-24 09:15:00+05:30,260.0,263.1,258.8,262.35,254481
2016-05-24 10:15:00+05:30,262.35,263.6,262.3,262.7,184947
2016-05-24 11:15:00+05:30,262.7,262.7,261.35,262.15,183492
2016-05-24 12:15:00+05:30,262.15,262.5,261.1,262.35,158886
2016-05-24 13:15:00+05:30,262.4,262.6,261.4,262.3,214725
2016-05-24 14:15:00+05:30,262.3,262.45,260.75,261.1,291502
2016-05-24 15:15:00+05:30,261.05,262.5,260.8,261.6,149618
2016-05-25 09:15:00+05:30,264.5,268.2,264.15,267.65,343323
2016-05-25 10:15:00+05:30,267.65,268.35,266.15,268.3,174985
2016-05-25 11:15:00+05:30,268.3,269.0,267.9,268.2,159288
2016-05-25 12:15:00+05:30,268.2,269.4,268.0,268.65,146137
2016-05-25 13:15:00+05:30,268.65,269.7,268.0,269.05,172368
2016-05-25 14:15:00+05:30,269.05,271.05,268.35,270.65,306856
2016-05-25 15:15:00+05:30,270.65,271.2,269.1,269.1,145624
2016-05-26 09:15:00+05:30,272.9,273.7,271.2,271.75,338799
2016-05-26 10:15:00+05:30,271.75,272.4,270.65,271.65,114861
2016-05-26 11:15:00+05:30,271.65,272.0,271.15,271.75,122316
2016-05-26 12:15:00+05:30,271.75,272.0,270.55,271.05,316379
2016-05-26 13:15:00+05:30,270.95,271.25,269.9,270.15,244677
2016-05-26 14:15:00+05:30,270.15,270.95,268.25,269.15,694301
2016-05-26 15:15:00+05:30,269.15,271.25,269.1,270.45,530256
2016-05-27 09:15:00+05:30,271.05,272.15,269.0,269.7,265147
2016-05-27 10:15:00+05:30,269.7,272.35,269.6,272.05,433683
2016-05-27 11:15:00+05:30,272.05,272.05,269.35,270.65,514431
2016-05-27 12:15:00+05:30,270.65,271.0,269.8,270.55,255953
2016-05-27 13:15:00+05:30,270.55,271.9,269.55,270.55,576977
2016-05-27 14:15:00+05:30,270.5,273.1,270.35,271.0,455025
2016-05-27 15:15:00+05:30,271.0,272.0,270.8,271.7,128790
2016-05-30 09:15:00+05:30,273.1,277.0,273.0,273.75,663093
2016-05-30 10:15:00+05:30,273.75,278.0,273.05,276.85,701452
2016-05-30 11:15:00+05:30,276.85,280.75,276.1,279.8,717414
2016-05-30 12:15:00+05:30,279.85,280.0,277.1,278.6,580204
2016-05-30 13:15:00+05:30,278.7,280.55,278.7,280.2,1272651
2016-05-30 14:15:00+05:30,280.15,282.35,279.4,280.5,1629711
2016-05-30 15:15:00+05:30,280.6,282.1,279.95,281.6,723072
2016-05-31 09:15:00+05:30,300.9,309.9,300.15,304.9,4349878
2016-05-31 10:15:00+05:30,304.9,305.4,302.9,304.65,906109
2016-05-31 11:15:00+05:30,304.65,308.4,304.65,308.0,915030
2016-05-31 12:15:00+05:30,308.0,308.35,306.85,307.35,1278061
2016-05-31 13:15:00+05:30,307.35,310.7,306.2,307.8,1444420
2016-05-31 14:15:00+05:30,307.8,316.2,306.55,315.3,3868788
2016-05-31 15:15:00+05:30,315.6,317.65,312.2,313.0,3274253
2016-06-01 09:15:00+05:30,316.55,317.2,310.45,311.8,1042227
2016-06-01 10:15:00+05:30,311.8,312.7,311.05,311.6,181143
2016-06-01 11:15:00+05:30,311.6,312.0,310.55,311.6,198250
2016-06-01 12:15:00+05:30,311.65,311.95,310.6,311.45,203120
2016-06-01 13:15:00+05:30,311.5,311.8,310.65,311.0,155958
2016-06-01 14:15:00+05:30,311.0,311.0,308.7,309.5,398897
2016-06-01 15:15:00+05:30,309.5,309.85,308.0,308.15,169213
2016-06-02 09:15:00+05:30,306.95,314.4,305.65,312.0,634660
2016-06-02 10:15:00+05:30,311.9,312.2,309.5,310.3,255741
2016-06-02 11:15:00+05:30,310.3,311.15,310.15,310.95,175332
2016-06-02 12:15:00+05:30,310.95,312.4,310.8,312.3,235922
2016-06-02 13:15:00+05:30,312.3,313.5,311.55,312.9,219460
2016-06-02 14:15:00+05:30,312.9,314.45,311.6,311.9,529728
2016-06-02 15:15:00+05:30,311.9,311.9,310.3,310.75,338401
2016-06-03 09:15:00+05:30,313.05,316.3,313.05,314.55,696891
2016-06-03 10:15:00+05:30,314.55,317.5,314.05,317.3,646969
2016-06-03 11:15:00+05:30,317.3,320.3,317.0,319.65,719994
2016-06-03 12:15:00+05:30,319.7,321.0,319.0,320.85,513967
2016-06-03 13:15:00+05:30,320.85,321.85,319.65,320.6,530096
2016-06-03 14:15:00+05:30,320.6,323.8,315.45,317.4,866100
2016-06-03 15:15:00+05:30,317.35,317.6,316.1,316.8,245587
2016-06-06 09:15:00+05:30,319.1,322.0,316.6,316.7,788339
2016-06-06 10:15:00+05:30,316.7,317.2,315.0,315.1,302881
2016-06-06 11:15:00+05:30,315.1,315.1,313.25,313.25,248991
2016-06-06 12:15:00+05:30,313.2,314.7,312.3,314.5,303330
2016-06-06 13:15:00+05:30,314.55,315.2,313.25,313.35,252622
2016-06-06 14:15:00+05:30,313.35,320.3,311.3,319.8,1339438
2016-06-06 15:15:00+05:30,319.7,320.85,317.85,318.0,867789
2016-06-07 09:15:00+05:30,322.15,323.4,319.65,320.5,632105
2016-06-07 10:15:00+05:30,320.5,321.25,320.0,321.0,560261
2016-06-07 11:15:00+05:30,321.0,321.55,318.65,318.85,286927
2016-06-07 12:15:00+05:30,318.85,321.15,318.7,319.5,228261
2016-06-07 13:15:00+05:30,319.5,321.25,318.7,320.8,564738
2016-06-07 14:15:00+05:30,320.8,320.8,318.0,319.05,646108
2016-06-07 15:15:00+05:30,319.05,320.0,318.6,319.5,224581
2016-06-08 09:15:00+05:30,321.1,322.95,320.2,321.15,389267
2016-06-08 10:15:00+05:30,321.1,322.5,320.3,322.0,276048
2016-06-08 11:15:00+05:30,322.0,323.5,321.8,322.2,234431
2016-06-08 12:15:00+05:30,322.1,323.25,322.0,322.5,179809
2016-06-08 13:15:00+05:30,322.5,322.9,322.15,322.6,149807
2016-06-08 14:15:00+05:30,322.6,324.35,321.7,324.2,418588
2016-06-08 15:15:00+05:30,324.35,324.45,322.45,322.9,170576
2016-06-09 09:15:00+05:30,323.9,325.4,321.8,323.0,433949
2016-06-09 10:15:00+05:30,323.0,324.2,322.85,323.65,86682
2016-06-09 11:15:00+05:30,323.65,324.0,322.7,323.55,72219
2016-06-09 12:15:00+05:30,323.55,323.6,321.85,322.9,108571
2016-06-09 13:15:00+05:30,322.9,324.0,322.15,322.2,102855
2016-06-09 14:15:00+05:30,322.2,325.2,322.1,323.55,262269
2016-06-09 15:15:00+05:30,323.5,323.55,322.0,323.3,122914
2016-06-10 09:15:00+05:30,321.5,321.9,317.85,318.25,482591
2016-06-10 10:15:00+05:30,318.25,320.35,317.85,319.65,399378
2016-06-10 11:15:00+05:30,319.65,320.0,318.35,318.8,279829
2016-06-10 12:15:00+05:30,318.8,319.0,312.95,314.65,526740
2016-06-10 13:15:00+05:30,314.65,314.95,313.15,313.95,314199
2016-06-10 14:15:00+05:30,313.95,314.15,310.6,313.05,906193
2016-06-10 15:15:00+05:30,313.15,315.0,313.05,314.15,212303
2016-06-13 09:15:00+05:30,306.1,307.0,299.3,299.9,1398658
2016-06-13 10:15:00+05:30,300.0,301.85,298.1,299.3,621154
2016-06-13 11:15:00+05:30,299.2,300.0,297.45,298.0,746726
2016-06-13 12:15:00+05:30,298.0,301.5,297.55,300.5,475277
2016-06-13 13:15:00+05:30,300.5,301.35,299.5,300.3,452952
2016-06-13 14:15:00+05:30,300.3,302.8,299.95,302.65,498727
2016-06-13 15:15:00+05:30,302.65,302.95,301.5,301.6,173326
2016-06-14 09:15:00+05:30,302.2,306.5,301.8,306.0,512808
2016-06-14 10:15:00+05:30,306.05,306.75,305.0,305.1,346153
2016-06-14 11:15:00+05:30,305.0,306.75,304.95,305.0,406206
2016-06-14 12:15:00+05:30,305.0,305.6,304.1,304.35,280408
2016-06-14 13:15:00+05:30,304.25,304.65,302.0,302.0,338935
2016-06-14 14:15:00+05:30,302.0,305.0,301.15,304.55,565573
2016-06-14 15:15:00+05:30,304.55,305.7,304.25,305.25,133615
2016-06-15 09:15:00+05:30,306.95,307.95,305.1,306.2,243713
2016-06-15 10:15:00+05:30,306.2,307.35,305.05,305.8,128585
2016-06-15 11:15:00+05:30,305.8,306.95,305.5,306.8,91714
2016-06-15 12:15:00+05:30,306.8,307.7,306.2,307.25,101911
2016-06-15 13:15:00+05:30,307.25,308.5,307.0,307.85,174695
2016-06-15 14:15:00+05:30,307.85,310.25,307.1,308.0,654614
2016-06-15 15:15:00+05:30,307.85,308.05,306.5,307.5,224914
2016-06-16 09:15:00+05:30,307.0,307.0,304.0,304.25,335529
2016-06-16 10:15:00+05:30,304.25,305.4,304.0,304.3,122971
2016-06-16 11:15:00+05:30,304.3,304.6,301.1,301.8,414858
2016-06-16 12:15:00+05:30,301.8,303.7,301.7,303.4,723560
2016-06-16 13:15:00+05:30,303.4,304.5,302.4,303.9,204945
2016-06-16 14:15:00+05:30,303.9,306.5,303.25,305.55,333826
2016-06-16 15:15:00+05:30,305.45,306.5,305.0,305.0,136611
2016-06-17 09:15:00+05:30,310.0,313.6,309.5,311.7,800784
2016-06-17 10:15:00+05:30,311.9,312.0,311.05,311.5,370567
2016-06-17 11:15:00+05:30,311.5,313.4,311.05,312.85,473248
2016-06-17 12:15:00+05:30,312.85,313.5,312.15,313.35,443374
2016-06-17 13:15:00+05:30,313.45,313.9,312.0,312.8,356518
2016-06-17 14:15:00+05:30,313.0,313.0,311.25,312.45,819355
2016-06-17 15:15:00+05:30,312.5,312.8,311.05,312.2,267393
2016-06-20 09:15:00+05:30,311.6,316.3,311.25,314.35,458991
2016-06-20 10:15:00+05:30,314.35,316.05,313.65,314.05,256405
2016-06-20 11:15:00+05:30,314.05,316.1,313.8,315.8,238251
2016-06-20 12:15:00+05:30,315.8,316.5,314.65,315.0,567004
2016-06-20 13:15:00+05:30,315.0,317.35,314.25,316.4,538956
2016-06-20 14:15:00+05:30,316.45,320.9,316.0,320.45,879361
2016-06-20 15:15:00+05:30,320.25,321.9,320.25,320.7,314469
2016-06-21 09:15:00+05:30,323.4,323.45,318.95,321.8,632363
2016-06-21 10:15:00+05:30,321.8,323.4,320.4,321.35,317181
2016-06-21 11:15:00+05:30,321.35,323.15,321.25,322.85,219961
2016-06-21 12:15:00+05:30,322.95,323.0,320.9,322.15,522532
2016-06-21 13:15:00+05:30,322.15,325.0,321.8,324.3,685268
2016-06-21 14:15:00+05:30,324.3,325.05,323.25,324.2,686294
2016-06-21 15:15:00+05:30,324.2,325.4,323.2,324.0,408469
2016-06-22 09:15:00+05:30,321.7,322.55,316.7,317.85,442142
2016-06-22 10:15:00+05:30,317.85,317.85,315.05,315.6,188580
2016-06-22 11:15:00+05:30,315.6,315.8,314.6,315.45,85445
2016-06-22 12:15:00+05:30,315.2,317.35,315.05,315.9,123700
2016-06-22 13:15:00+05:30,315.9,316.0,312.0,313.0,303455
2016-06-22 14:15:00+05:30,313.0,315.3,312.8,314.7,306824
2016-06-22 15:15:00+05:30,314.95,315.35,314.0,314.3,176460
2016-06-23 09:15:00+05:30,315.0,318.5,315.0,316.05,457731
2016-06-23 10:15:00+05:30,316.05,316.95,315.1,315.3,261739
2016-06-23 11:15:00+05:30,315.35,315.55,314.6,315.4,286026
2016-06-23 12:15:00+05:30,315.35,317.9,315.35,316.5,472908
2016-06-23 13:15:00+05:30,316.5,317.9,316.0,317.05,209557
2016-06-23 14:15:00+05:30,317.05,320.45,317.0,319.3,1228432
2016-06-23 15:15:00+05:30,319.25,320.05,317.8,320.0,424476
2016-06-24 09:15:00+05:30,288.3,297.9,280.2,286.5,2770307
2016-06-24 10:15:00+05:30,286.25,290.45,284.25,287.6,962953
2016-06-24 11:15:00+05:30,287.6,288.2,285.05,285.5,793109
2016-06-24 12:15:00+05:30,285.5,289.2,282.05,289.0,780453
2016-06-24 13:15:00+05:30,288.95,297.8,288.1,297.5,1037563
2016-06-24 14:15:00+05:30,297.5,299.65,294.5,298.5,1184475
2016-06-24 15:15:00+05:30,298.5,299.4,295.15,295.25,250459
2016-06-27 09:15:00+05:30,297.75,300.65,295.2,297.3,614739
2016-06-27 10:15:00+05:30,297.3,298.7,295.05,296.8,338617
2016-06-27 11:15:00+05:30,296.8,299.35,296.1,297.4,338800
2016-06-27 12:15:00+05:30,297.4,299.75,297.15,297.8,272700
2016-06-27 13:15:00+05:30,297.8,298.8,294.05,295.1,498367
2016-06-27 14:15:00+05:30,295.1,297.4,295.05,295.9,472773
2016-06-27 15:15:00+05:30,295.7,296.5,295.1,295.55,184214
2016-06-28 09:15:00+05:30,295.55,295.75,287.5,290.0,665576
2016-06-28 10:15:00+05:30,290.0,290.7,289.1,289.3,215463
2016-06-28 11:15:00+05:30,289.5,290.0,288.6,289.15,227193
2016-06-28 12:15:00+05:30,289.15,290.85,289.05,289.85,930736
2016-06-28 13:15:00+05:30,289.85,290.4,286.55,287.7,519394
2016-06-28 14:15:00+05:30,287.7,289.0,286.9,287.8,600608
2016-06-28 15:15:00+05:30,287.8,288.9,286.55,288.5,401513
2016-06-29 09:15:00+05:30,292.1,292.55,288.5,289.05,1482482
2016-06-29 10:15:00+05:30,289.0,290.15,287.25,288.45,732748
2016-06-29 11:15:00+05:30,288.45,288.9,287.05,287.65,660323
2016-06-29 12:15:00+05:30,287.85,288.2,287.05,287.1,378109
2016-06-29 13:15:00+05:30,287.1,288.4,287.0,288.25,444400
2016-06-29 14:15:00+05:30,288.25,288.75,287.35,287.95,1060775
2016-06-29 15:15:00+05:30,287.95,288.0,286.7,286.8,230735
2016-06-30 09:15:00+05:30,290.65,294.3,289.3,293.9,1642779
2016-06-30 10:15:00+05:30,293.9,293.9,292.15,293.1,519183
2016-06-30 11:15:00+05:30,293.1,294.8,293.0,294.1,830147
2016-06-30 12:15:00+05:30,294.1,294.25,292.1,293.3,459214
2016-06-30 13:15:00+05:30,293.3,294.4,292.4,292.45,588006
2016-06-30 14:15:00+05:30,292.65,292.95,290.25,291.1,1484995
2016-06-30 15:15:00+05:30,291.2,293.25,290.7,292.9,1234193
2016-07-01 09:15:00+05:30,294.0,297.4,293.1,296.8,563609
2016-07-01 10:15:00+05:30,296.8,296.8,294.8,295.3,189705
2016-07-01 11:15:00+05:30,295.3,296.5,295.1,295.35,241929
2016-07-01 12:15:00+05:30,295.35,295.95,291.3,291.8,324808
2016-07-01 13:15:00+05:30,291.8,293.5,290.3,291.9,323878
2016-07-01 14:15:00+05:30,291.9,292.8,290.5,290.9,595645
2016-07-01 15:15:00+05:30,290.9,292.5,290.85,292.2,169965
2016-07-04 09:15:00+05:30,296.0,300.95,295.15,300.45,815459
2016-07-04 10:15:00+05:30,300.2,301.8,300.1,300.3,397991
2016-07-04 11:15:00+05:30,300.3,302.6,300.0,301.85,295798
2016-07-04 12:15:00+05:30,301.85,302.8,301.2,301.35,189176
2016-07-04 13:15:00+05:30,301.25,302.4,301.2,302.25,643135
2016-07-04 14:15:00+05:30,302.25,304.0,302.05,303.5,409006
2016-07-04 15:15:00+05:30,303.5,304.1,303.0,303.85,440597
2016-07-05 09:15:00+05:30,303.05,303.35,298.85,300.0,289855
2016-07-05 10:15:00+05:30,300.0,301.05,299.6,300.8,132279
2016-07-05 11:15:00+05:30,300.8,302.35,300.7,300.75,285368
2016-07-05 12:15:00+05:30,300.75,300.75,297.55,299.35,190353
2016-07-05 13:15:00+05:30,299.35,299.6,296.55,297.1,98681
2016-07-05 14:15:00+05:30,297.1,298.0,295.3,296.65,257184
2016-07-05 15:15:00+05:30,296.65,297.0,295.1,295.55,148352
2016-07-07 09:15:00+05:30,295.35,297.0,293.7,295.75,308327
2016-07-07 10:15:00+05:30,295.75,298.25,294.5,294.85,288133
2016-07-07 11:15:00+05:30,294.85,295.0,293.2,293.55,212568
2016-07-07 12:15:00+05:30,293.55,294.1,291.05,291.7,209555
2016-07-07 13:15:00+05:30,291.7,293.75,291.2,292.0,269853
2016-07-07 14:15:00+05:30,292.0,292.9,290.45,290.55,513743
2016-07-07 15:15:00+05:30,290.55,291.6,290.15,290.5,382631
2016-07-08 09:15:00+05:30,295.0,296.95,294.0,294.7,953516
2016-07-08 10:15:00+05:30,294.7,294.9,292.75,293.5,415021
2016-07-08 11:15:00+05:30,293.5,294.4,293.0,293.75,166161
2016-07-08 12:15:00+05:30,293.75,295.85,293.0,295.3,345151
2016-07-08 13:15:00+05:30,295.3,297.8,295.3,296.3,287279
2016-07-08 14:15:00+05:30,296.3,297.0,295.25,296.15,175481
2016-07-08 15:15:00+05:30,296.05,296.8,295.3,295.8,130411
2016-07-11 09:15:00+05:30,299.5,304.7,299.25,304.55,382800
2016-07-11 10:15:00+05:30,304.55,306.9,304.45,305.95,365310
2016-07-11 11:15:00+05:30,306.0,306.55,305.25,306.1,117719
2016-07-11 12:15:00+05:30,306.1,306.8,305.2,305.4,183790
2016-07-11 13:15:00+05:30,305.35,308.85,304.6,307.4,478965
2016-07-11 14:15:00+05:30,307.4,308.3,306.0,307.5,367731
2016-07-11 15:15:00+05:30,307.45,307.9,306.05,306.05,127004
2016-07-12 09:15:00+05:30,310.5,313.4,308.1,309.9,658691
2016-07-12 10:15:00+05:30,309.9,310.2,308.85,309.05,521883
2016-07-12 11:15:00+05:30,309.05,309.75,308.5,309.6,88575
2016-07-12 12:15:00+05:30,309.6,310.2,309.25,309.3,107801
2016-07-12 13:15:00+05:30,309.3,309.35,308.2,309.25,84963
2016-07-12 14:15:00+05:30,309.25,309.95,308.6,309.8,244479
2016-07-12 15:15:00+05:30,309.65,309.9,308.5,309.0,224661
2016-07-13 09:15:00+05:30,311.3,311.95,306.1,306.35,576601
2016-07-13 10:15:00+05:30,306.35,307.0,303.55,304.35,344129
2016-07-13 11:15:00+05:30,304.2,304.85,303.25,304.65,259639
2016-07-13 12:15:00+05:30,304.65,304.7,303.65,303.9,92521
2016-07-13 13:15:00+05:30,303.9,306.6,303.9,306.35,128546
2016-07-13 14:15:00+05:30,306.35,307.4,305.65,306.15,226784
2016-07-13 15:15:00+05:30,306.2,306.5,305.0,305.9,168563
2016-07-14 09:15:00+05:30,304.6,310.9,304.6,310.7,237184
2016-07-14 10:15:00+05:30,310.7,312.0,309.9,311.55,190046
2016-07-14 11:15:00+05:30,311.55,312.0,310.7,311.3,94636
2016-07-14 12:15:00+05:30,311.3,311.4,310.1,310.65,57728
2016-07-14 13:15:00+05:30,310.65,312.0,310.4,311.1,64118
2016-07-14 14:15:00+05:30,311.1,312.25,310.45,311.75,234208
2016-07-14 15:15:00+05:30,311.8,311.85,309.1,310.0,217316
2016-07-15 09:15:00+05:30,309.6,314.0,307.65,313.9,579643
2016-07-15 10:15:00+05:30,313.95,317.1,312.2,316.35,639754
2016-07-15 11:15:00+05:30,316.35,317.45,316.35,316.85,178291
2016-07-15 12:15:00+05:30,316.9,318.7,316.8,317.9,187050
2016-07-15 13:15:00+05:30,317.9,318.5,316.0,316.2,229744
2016-07-15 14:15:00+05:30,316.2,316.2,309.0,311.6,692312
2016-07-15 15:15:00+05:30,311.6,312.0,311.1,311.95,169881
2016-07-18 09:15:00+05:30,312.55,317.0,312.55,315.7,306750
2016-07-18 10:15:00+05:30,315.8,320.5,314.55,319.4,394364
2016-07-18 11:15:00+05:30,319.4,320.3,318.5,319.9,239713
2016-07-18 12:15:00+05:30,319.8,322.2,319.7,320.25,349025
2016-07-18 13:15:00+05:30,320.25,320.5,316.1,318.65,346622
2016-07-18 14:15:00+05:30,318.65,318.8,314.0,315.0,320695
2016-07-18 15:15:00+05:30,315.0,315.45,313.5,313.5,255040
2016-07-19 09:15:00+05:30,314.5,319.8,314.3,319.0,339796
2016-07-19 10:15:00+05:30,319.0,320.8,318.2,319.85,223806
2016-07-19 11:15:00+05:30,319.85,320.3,318.2,318.4,243928
2016-07-19 12:15:00+05:30,318.4,319.3,316.5,316.5,131511
2016-07-19 13:15:00+05:30,316.85,318.4,316.0,318.15,127961
2016-07-19 14:15:00+05:30,318.15,321.75,317.3,321.7,339924
2016-07-19 15:15:00+05:30,321.7,322.0,319.7,320.0,176073
2016-07-20 09:15:00+05:30,319.8,322.8,318.95,320.85,191167
2016-07-20 10:15:00+05:30,320.85,320.85,319.2,320.55,147511
2016-07-20 11:15:00+05:30,320.55,322.45,320.3,320.75,195888
2016-07-20 12:15:00+05:30,320.75,321.0,319.1,319.75,133659
2016-07-20 13:15:00+05:30,319.75,321.1,319.25,320.05,130921
2016-07-20 14:15:00+05:30,320.05,321.2,319.0,320.0,262014
2016-07-20 15:15:00+05:30,319.9,320.6,319.1,319.1,102278
2016-07-21 09:15:00+05:30,320.4,322.45,319.25,320.0,175310
2016-07-21 10:15:00+05:30,320.0,321.75,319.8,320.45,61822
2016-07-21 11:15:00+05:30,320.45,320.65,317.5,320.0,278286
2016-07-21 12:15:00+05:30,320.0,326.25,320.0,323.55,545937
2016-07-21 13:15:00+05:30,323.55,324.25,320.15,321.25,211242
2016-07-21 14:15:00+05:30,321.25,321.5,317.85,319.4,355644
2016-07-21 15:15:00+05:30,319.45,320.0,318.4,320.0,150166
2016-07-22 09:15:00+05:30,321.1,322.7,319.3,320.6,367620
2016-07-22 10:15:00+05:30,320.6,322.5,320.45,322.0,79757
2016-07-22 11:15:00+05:30,322.0,323.9,321.55,323.0,109236
2016-07-22 12:15:00+05:30,323.0,324.9,321.85,324.5,112790
2016-07-22 13:15:00+05:30,324.5,325.0,321.35,324.9,156134
2016-07-22 14:15:00+05:30,324.9,330.35,322.45,329.8,621266
2016-07-22 15:15:00+05:30,329.8,330.95,329.6,330.7,179562
2016-07-25 09:15:00+05:30,330.7,333.0,329.65,331.65,494460
2016-07-25 10:15:00+05:30,331.65,331.9,328.25,331.6,294238
2016-07-25 11:15:00+05:30,331.6,332.5,330.1,330.6,271364
2016-07-25 12:15:00+05:30,330.35,331.5,329.5,330.95,131859
2016-07-25 13:15:00+05:30,330.95,332.05,330.05,330.75,132486
2016-07-25 14:15:00+05:30,330.75,331.75,330.25,331.0,335648
2016-07-25 15:15:00+05:30,330.8,331.15,328.45,330.4,186037
2016-07-26 09:15:00+05:30,331.7,334.0,329.5,332.0,456550
2016-07-26 10:15:00+05:30,332.1,332.5,328.65,329.5,160754
2016-07-26 11:15:00+05:30,329.5,330.4,328.5,329.9,196052
2016-07-26 12:15:00+05:30,329.9,330.45,326.2,326.6,101489
2016-07-26 13:15:00+05:30,326.6,328.6,326.6,326.85,109817
2016-07-26 14:15:00+05:30,326.85,328.8,324.65,325.3,219944
2016-07-26 15:15:00+05:30,325.3,326.5,324.45,326.0,95107
2016-07-27 09:15:00+05:30,327.0,331.35,327.0,330.95,253803
2016-07-27 10:15:00+05:30,330.95,330.95,328.5,329.35,230240
2016-07-27 11:15:00+05:30,329.35,329.5,323.45,323.45,363392
2016-07-27 12:15:00+05:30,323.45,329.9,322.65,328.5,217427
2016-07-27 13:15:00+05:30,328.5,331.55,328.05,330.45,296826
2016-07-27 14:15:00+05:30,330.45,331.7,329.75,330.4,419271
2016-07-27 15:15:00+05:30,330.45,330.95,330.0,330.4,93867
2016-07-28 09:15:00+05:30,331.0,331.05,326.0,326.45,256492
2016-07-28 10:15:00+05:30,326.45,328.2,326.15,327.1,121026
2016-07-28 11:15:00+05:30,327.1,327.1,325.05,325.75,173561
2016-07-28 12:15:00+05:30,325.75,326.85,323.35,324.55,315121
2016-07-28 13:15:00+05:30,324.55,325.2,323.4,324.15,1964369
2016-07-28 14:15:00+05:30,324.15,328.0,323.7,327.4,961400
2016-07-28 15:15:00+05:30,327.8,330.0,327.25,330.0,541163
2016-07-29 09:15:00+05:30,328.15,331.7,327.15,329.35,191444
2016-07-29 10:15:00+05:30,329.35,330.5,328.0,329.95,93944
2016-07-29 11:15:00+05:30,330.0,330.8,327.1,328.0,166925
2016-07-29 12:15:00+05:30,328.0,328.6,326.45,327.8,58870
2016-07-29 13:15:00+05:30,327.8,328.0,324.45,325.9,117046
2016-07-29 14:15:00+05:30,325.9,326.0,322.6,323.0,303222
2016-07-29 15:15:00+05:30,323.0,324.3,322.6,324.0,226610
2016-08-01 09:15:00+05:30,328.0,329.95,327.05,329.75,155972
2016-08-01 10:15:00+05:30,329.8,333.4,329.8,332.45,225715
2016-08-01 11:15:00+05:30,332.45,333.95,325.9,328.1,240895
2016-08-01 12:15:00+05:30,328.1,329.55,327.5,328.1,110217
2016-08-01 13:15:00+05:30,328.1,332.55,327.0,332.0,148101
2016-08-01 14:15:00+05:30,332.0,332.4,329.0,330.45,151594
2016-08-01 15:15:00+05:30,330.45,331.1,329.95,330.45,113789
2016-08-02 09:15:00+05:30,331.1,334.8,325.6,329.6,328566
2016-08-02 10:15:00+05:30,329.6,329.6,326.2,328.1,1180396
2016-08-02 11:15:00+05:30,328.2,329.0,327.3,328.75,172537
2016-08-02 12:15:00+05:30,328.75,329.3,325.9,328.55,216513
2016-08-02 13:15:00+05:30,328.55,329.9,323.0,323.0,333443
2016-08-02 14:15:00+05:30,322.85,325.1,321.25,322.95,541062
2016-08-02 15:15:00+05:30,322.7,323.0,321.8,323.0,111466
2016-08-03 09:15:00+05:30,324.9,327.7,321.7,324.25,360658
2016-08-03 10:15:00+05:30,324.25,324.7,319.5,320.0,159082
2016-08-03 11:15:00+05:30,320.0,320.75,315.65,318.45,197257
2016-08-03 12:15:00+05:30,318.45,319.05,315.0,315.25,107646
2016-08-03 13:15:00+05:30,315.25,318.7,314.5,318.15,155451
2016-08-03 14:15:00+05:30,318.15,318.7,312.2,312.3,245703
2016-08-03 15:15:00+05:30,312.3,314.1,312.25,312.5,95220
2016-08-04 09:15:00+05:30,315.5,324.25,315.5,321.55,487794
2016-08-04 10:15:00+05:30,321.55,323.1,320.8,323.0,640732
2016-08-04 11:15:00+05:30,323.0,324.1,321.8,323.0,67058
2016-08-04 12:15:00+05:30,323.0,324.0,321.7,322.0,122491
2016-08-04 13:15:00+05:30,322.0,322.85,319.65,320.1,128920
2016-08-04 14:15:00+05:30,320.1,323.95,319.3,321.75,819647
2016-08-04 15:15:00+05:30,321.75,322.9,321.4,321.4,604542
2016-08-05 09:15:00+05:30,324.95,327.8,324.95,326.0,230320
2016-08-05 10:15:00+05:30,326.0,326.4,324.4,324.85,58965
2016-08-05 11:15:00+05:30,324.85,325.0,322.05,323.0,164563
2016-08-05 12:15:00+05:30,323.0,324.2,322.5,323.6,144569
2016-08-05 13:15:00+05:30,323.6,324.4,323.0,323.3,255241
2016-08-05 14:15:00+05:30,323.4,332.7,323.15,331.9,761041
2016-08-05 15:15:00+05:30,331.75,332.0,330.45,331.8,124917
2016-08-08 09:15:00+05:30,335.9,338.1,334.3,336.6,400785
2016-08-08 10:15:00+05:30,336.6,336.9,335.5,336.75,117398
2016-08-08 11:15:00+05:30,336.75,336.75,334.0,336.45,193786
2016-08-08 12:15:00+05:30,336.45,337.35,335.2,335.95,263504
2016-08-08 13:15:00+05:30,335.85,336.85,335.25,336.65,196415
2016-08-08 14:15:00+05:30,336.65,336.9,334.0,334.4,257402
2016-08-08 15:15:00+05:30,334.4,335.0,333.85,333.9,126457
2016-08-09 09:15:00+05:30,337.6,339.0,336.2,337.0,421022
2016-08-09 10:15:00+05:30,336.85,337.65,335.2,336.05,230422
2016-08-09 11:15:00+05:30,336.05,336.35,333.0,333.25,264987
2016-08-09 12:15:00+05:30,333.2,334.4,331.1,333.7,183985
2016-08-09 13:15:00+05:30,333.7,335.95,333.3,335.95,90567
2016-08-09 14:15:00+05:30,336.0,336.3,333.85,336.05,178836
2016-08-09 15:15:00+05:30,336.05,337.8,335.95,336.25,116543
2016-08-10 09:15:00+05:30,336.4,336.95,332.3,333.8,286281
2016-08-10 10:15:00+05:30,333.8,335.0,330.1,331.45,267669
2016-08-10 11:15:00+05:30,331.55,333.95,329.6,333.0,263913
2016-08-10 12:15:00+05:30,333.0,334.55,332.35,334.4,204206
2016-08-10 13:15:00+05:30,334.4,334.65,332.3,333.15,281004
2016-08-10 14:15:00+05:30,333.15,335.15,332.35,332.45,307007
2016-08-10 15:15:00+05:30,332.45,333.85,332.0,333.35,148530
2016-08-11 09:15:00+05:30,332.55,334.3,326.65,327.2,161959
2016-08-11 10:15:00+05:30,327.05,328.3,325.7,327.1,92531
2016-08-11 11:15:00+05:30,327.1,332.0,327.05,330.5,80569
2016-08-11 12:15:00+05:30,330.5,330.55,327.6,328.35,98555
2016-08-11 13:15:00+05:30,328.45,328.65,326.15,327.0,133944
2016-08-11 14:15:00+05:30,327.2,330.5,326.85,329.75,173429
2016-08-11 15:15:00+05:30,329.7,330.0,328.1,328.1,221397
2016-08-12 09:15:00+05:30,332.65,335.9,330.8,335.9,268328
2016-08-12 10:15:00+05:30,335.8,337.5,335.75,336.2,211832
2016-08-12 11:15:00+05:30,336.2,336.7,334.15,336.1,108089
2016-08-12 12:15:00+05:30,336.1,336.1,334.15,335.2,77330
2016-08-12 13:15:00+05:30,335.2,335.35,333.8,334.0,73907
2016-08-12 14:15:00+05:30,334.0,336.6,333.8,336.3,158006
2016-08-12 15:15:00+05:30,336.25,337.0,335.65,335.65,94530
2016-08-16 09:15:00+05:30,335.0,337.0,332.5,334.0,279982
2016-08-16 10:15:00+05:30,334.0,334.0,330.0,331.8,114243
2016-08-16 11:15:00+05:30,331.8,332.9,329.05,330.9,106760
2016-08-16 12:15:00+05:30,330.9,331.0,326.5,327.15,276987
2016-08-16 13:15:00+05:30,327.15,328.75,326.7,328.4,159992
2016-08-16 14:15:00+05:30,328.4,332.5,327.6,331.5,380180
2016-08-16 15:15:00+05:30,331.5,331.95,330.7,330.9,138936
2016-08-17 09:15:00+05:30,332.8,333.45,330.7,332.7,202506
2016-08-17 10:15:00+05:30,332.7,334.7,332.6,333.15,69706
2016-08-17 11:15:00+05:30,333.15,333.55,331.75,332.5,38782
2016-08-17 12:15:00+05:30,332.5,334.15,332.1,332.65,193322
2016-08-17 13:15:00+05:30,332.65,332.9,330.7,331.85,58973
2016-08-17 14:15:00+05:30,331.8,334.3,331.4,333.45,145897
2016-08-17 15:15:00+05:30,333.45,333.95,332.5,332.5,84915
2016-08-18 09:15:00+05:30,334.4,335.8,332.55,335.75,125630
2016-08-18 10:15:00+05:30,335.75,339.45,335.75,338.05,169395
2016-08-18 11:15:00+05:30,338.05,340.0,337.75,339.0,94969
2016-08-18 12:15:00+05:30,339.0,339.35,337.2,338.05,61062
2016-08-18 13:15:00+05:30,338.05,339.3,337.1,338.4,106377
2016-08-18 14:15:00+05:30,338.2,338.9,336.8,337.45,140556
2016-08-18 15:15:00+05:30,337.45,338.5,337.1,337.1,65354
2016-08-19 09:15:00+05:30,336.9,342.55,336.65,342.0,278869
2016-08-19 10:15:00+05:30,342.0,342.4,339.7,339.7,151063
2016-08-19 11:15:00+05:30,339.7,341.1,339.2,339.5,87039
2016-08-19 12:15:00+05:30,339.5,339.7,336.45,337.5,104306
2016-08-19 13:15:00+05:30,337.5,339.35,337.0,339.0,109316
2016-08-19 14:15:00+05:30,339.0,339.3,338.0,338.1,174158
2016-08-19 15:15:00+05:30,338.1,338.45,336.6,337.3,87800
2016-08-22 09:15:00+05:30,337.6,339.25,332.5,335.0,135841
2016-08-22 10:15:00+05:30,335.0,335.65,333.6,334.7,113656
2016-08-22 11:15:00+05:30,334.7,334.7,332.6,333.3,76317
2016-08-22 12:15:00+05:30,333.3,334.75,332.75,333.8,93866
2016-08-22 13:15:00+05:30,333.8,334.0,332.9,333.5,33754
2016-08-22 14:15:00+05:30,333.5,334.1,332.05,332.65,85582
2016-08-22 15:15:00+05:30,332.65,332.8,330.9,331.9,91873
2016-08-23 09:15:00+05:30,331.8,332.25,329.3,329.65,358599
2016-08-23 10:15:00+05:30,329.65,330.15,328.2,328.35,503117
2016-08-23 11:15:00+05:30,328.35,328.5,327.1,327.4,80332
2016-08-23 12:15:00+05:30,327.4,328.65,327.25,328.25,223840
2016-08-23 13:15:00+05:30,328.25,328.75,325.75,326.5,269698
2016-08-23 14:15:00+05:30,326.5,328.5,325.95,327.9,596043
2016-08-23 15:15:00+05:30,327.9,328.0,326.95,327.95,445267
2016-08-24 09:15:00+05:30,325.2,330.0,325.2,326.05,253334
2016-08-24 10:15:00+05:30,326.05,326.5,324.9,325.6,99069
2016-08-24 11:15:00+05:30,325.6,325.95,324.0,324.05,67674
2016-08-24 12:15:00+05:30,324.05,324.1,320.0,323.45,294690
2016-08-24 13:15:00+05:30,323.45,323.85,322.0,323.45,238542
2016-08-24 14:15:00+05:30,323.5,324.1,322.25,322.75,99969
2016-08-24 15:15:00+05:30,322.8,323.3,322.2,322.5,99310
2016-08-25 09:15:00+05:30,324.4,324.95,321.95,324.6,488863
2016-08-25 10:15:00+05:30,324.6,324.6,322.5,324.25,107673
2016-08-25 11:15:00+05:30,324.25,324.5,322.7,323.25,194309
2016-08-25 12:15:00+05:30,323.25,323.75,321.7,322.5,133264
2016-08-25 13:15:00+05:30,322.5,322.85,320.3,321.3,153268
2016-08-25 14:15:00+05:30,321.3,321.5,318.15,318.85,726531
2016-08-25 15:15:00+05:30,318.8,319.75,318.15,318.2,395105
2016-08-26 09:15:00+05:30,322.2,324.6,319.95,322.0,659837
2016-08-26 10:15:00+05:30,322.0,325.7,321.9,325.5,301314
2016-08-26 11:15:00+05:30,325.5,326.05,324.05,324.9,220368
2016-08-26 12:15:00+05:30,324.9,325.65,324.3,324.7,59340
2016-08-26 13:15:00+05:30,324.7,325.7,321.7,323.45,163015
2016-08-26 14:15:00+05:30,323.45,326.7,314.0,324.05,809915
2016-08-26 15:15:00+05:30,324.05,337.5,323.3,335.15,1245946
2016-08-29 09:15:00+05:30,338.7,339.4,333.6,336.9,836980
2016-08-29 10:15:00+05:30,336.9,339.45,335.6,339.45,683044
2016-08-29 11:15:00+05:30,339.35,339.6,336.6,337.3,178504
2016-08-29 12:15:00+05:30,337.3,338.9,337.0,337.55,266500
2016-08-29 13:15:00+05:30,337.55,338.2,336.3,337.7,234355
2016-08-29 14:15:00+05:30,337.7,338.2,336.9,337.4,218706
2016-08-29 15:15:00+05:30,337.4,339.0,337.15,337.5,299476
2016-08-30 09:15:00+05:30,339.0,339.8,336.5,337.5,364854
2016-08-30 10:15:00+05:30,337.5,338.5,335.7,338.35,181645
2016-08-30 11:15:00+05:30,338.35,340.85,338.3,339.6,220308
2016-08-30 12:15:00+05:30,339.6,340.0,338.15,339.45,84816
2016-08-30 13:15:00+05:30,339.45,339.6,336.4,336.5,163002
2016-08-30 14:15:00+05:30,336.5,340.0,336.4,339.55,344611
2016-08-30 15:15:00+05:30,339.55,340.05,339.05,339.75,177930
2016-08-31 09:15:00+05:30,338.9,347.9,338.65,347.0,1315857
2016-08-31 10:15:00+05:30,347.0,351.3,345.5,349.85,750864
2016-08-31 11:15:00+05:30,349.85,350.2,347.0,347.6,505843
2016-08-31 12:15:00+05:30,347.4,348.45,346.25,347.85,377669
2016-08-31 13:15:00+05:30,347.85,348.4,344.15,344.3,343845
2016-08-31 14:15:00+05:30,344.2,347.65,342.65,342.95,719766
2016-08-31 15:15:00+05:30,342.95,344.6,342.05,343.95,372875
2016-09-01 09:15:00+05:30,345.3,347.2,342.35,344.2,313384
2016-09-01 10:15:00+05:30,344.2,345.35,343.4,344.2,89120
2016-09-01 11:15:00+05:30,344.2,346.5,344.05,345.15,169991
2016-09-01 12:15:00+05:30,345.15,346.45,343.45,344.95,232039
2016-09-01 13:15:00+05:30,344.9,345.5,344.1,345.5,153226
2016-09-01 14:15:00+05:30,345.6,345.9,342.15,344.3,211021
2016-09-01 15:15:00+05:30,344.25,345.5,344.05,344.25,117586
2016-09-02 09:15:00+05:30,348.0,349.85,347.2,349.3,507534
2016-09-02 10:15:00+05:30,349.5,351.0,348.0,349.7,358177
2016-09-02 11:15:00+05:30,349.95,352.0,349.4,351.65,231482
2016-09-02 12:15:00+05:30,351.65,351.95,349.9,351.3,154686
2016-09-02 13:15:00+05:30,351.2,352.85,350.85,351.9,118322
2016-09-02 14:15:00+05:30,352.0,352.9,351.2,351.3,247103
2016-09-02 15:15:00+05:30,351.3,352.0,351.0,351.8,105405
2016-09-06 09:15:00+05:30,354.1,359.2,354.1,359.0,323450
2016-09-06 10:15:00+05:30,359.0,362.8,358.85,360.9,379089
2016-09-06 11:15:00+05:30,360.9,361.95,360.3,361.0,186887
2016-09-06 12:15:00+05:30,361.0,363.8,360.8,363.1,402403
2016-09-06 13:15:00+05:30,363.1,367.85,363.0,366.0,471120
2016-09-06 14:15:00+05:30,366.0,376.2,365.0,373.15,1157272
2016-09-06 15:15:00+05:30,373.15,373.7,371.4,371.85,432002
2016-09-07 09:15:00+05:30,374.8,378.15,372.0,374.35,822042
2016-09-07 10:15:00+05:30,374.15,377.0,373.3,375.9,254609
2016-09-07 11:15:00+05:30,375.9,376.6,373.45,373.75,176533
2016-09-07 12:15:00+05:30,373.75,374.75,371.35,372.6,257121
2016-09-07 13:15:00+05:30,372.6,374.65,371.5,373.5,220192
2016-09-07 14:15:00+05:30,373.5,373.85,369.55,371.0,362403
2016-09-07 15:15:00+05:30,370.9,374.1,370.75,374.0,162181
2016-09-08 09:15:00+05:30,373.05,376.3,371.75,372.55,308532
2016-09-08 10:15:00+05:30,372.55,373.3,366.4,367.9,495805
2016-09-08 11:15:00+05:30,367.95,370.4,367.3,368.25,181968
2016-09-08 12:15:00+05:30,368.25,368.4,366.25,366.6,177846
2016-09-08 13:15:00+05:30,366.8,369.0,365.1,365.7,280698
2016-09-08 14:15:00+05:30,365.85,371.0,365.3,370.4,696679
2016-09-08 15:15:00+05:30,370.35,371.3,369.5,370.4,131691
2016-09-09 09:15:00+05:30,368.85,369.55,363.7,365.4,296650
2016-09-09 10:15:00+05:30,365.4,367.85,364.7,365.3,235775
2016-09-09 11:15:00+05:30,365.35,366.0,364.4,364.7,74922
2016-09-09 12:15:00+05:30,364.7,366.0,363.9,365.6,118785
2016-09-09 13:15:00+05:30,365.6,365.65,362.7,363.5,298801
2016-09-09 14:15:00+05:30,363.55,364.35,362.05,362.05,124583
2016-09-09 15:15:00+05:30,362.05,364.35,362.0,363.05,93723
2016-09-12 09:15:00+05:30,350.0,360.0,345.0,355.35,623703
2016-09-12 10:15:00+05:30,355.4,356.75,353.8,354.15,201673
2016-09-12 11:15:00+05:30,354.15,355.7,352.25,352.9,471751
2016-09-12 12:15:00+05:30,352.85,353.1,350.0,350.15,190708
2016-09-12 13:15:00+05:30,350.2,350.55,349.0,349.3,201197
2016-09-12 14:15:00+05:30,349.3,351.25,348.35,350.35,381005
2016-09-12 15:15:00+05:30,350.4,351.75,350.0,350.1,94568
2016-09-14 09:15:00+05:30,354.45,355.25,348.7,350.0,683900
2016-09-14 10:15:00+05:30,349.85,351.8,349.2,349.8,298955
2016-09-14 11:15:00+05:30,349.8,350.2,347.55,349.85,175582
2016-09-14 12:15:00+05:30,349.85,350.35,346.15,346.25,296796
2016-09-14 13:15:00+05:30,346.25,351.9,346.15,350.7,142769
2016-09-14 14:15:00+05:30,350.55,361.5,348.85,361.45,538475
2016-09-14 15:15:00+05:30,361.6,362.0,359.4,360.6,222151
2016-09-15 09:15:00+05:30,359.0,363.85,356.05,356.45,323672
2016-09-15 10:15:00+05:30,356.45,357.2,354.3,354.8,187770
2016-09-15 11:15:00+05:30,354.8,356.95,354.2,356.0,97916
2016-09-15 12:15:00+05:30,356.0,356.7,352.4,352.5,438509
2016-09-15 13:15:00+05:30,352.5,354.8,352.05,354.8,336333
2016-09-15 14:15:00+05:30,354.8,354.9,353.6,354.1,233159
2016-09-15 15:15:00+05:30,354.1,355.5,354.0,355.0,168650
2016-09-16 09:15:00+05:30,358.45,360.85,357.5,358.7,195253
2016-09-16 10:15:00+05:30,358.7,360.0,357.8,358.15,414212
2016-09-16 11:15:00+05:30,358.15,359.25,356.5,358.15,173965
2016-09-16 12:15:00+05:30,358.15,358.7,355.95,356.7,145305
2016-09-16 13:15:00+05:30,356.8,356.8,352.8,354.25,218752
2016-09-16 14:15:00+05:30,354.35,354.75,350.65,352.6,410113
2016-09-16 15:15:00+05:30,352.6,354.25,352.0,353.25,274201
2016-09-19 09:15:00+05:30,353.75,356.1,351.9,353.75,246497
2016-09-19 10:15:00+05:30,353.75,353.75,350.95,351.3,144302
2016-09-19 11:15:00+05:30,351.3,351.4,349.35,350.15,298471
2016-09-19 12:15:00+05:30,350.25,350.75,349.8,350.35,244425
2016-09-19 13:15:00+05:30,350.4,350.5,349.6,350.05,246134
2016-09-19 14:15:00+05:30,350.15,351.0,349.95,350.4,401037
2016-09-19 15:15:00+05:30,350.4,351.9,350.0,351.0,431893
2016-09-20 09:15:00+05:30,351.05,351.15,347.45,348.8,230921
2016-09-20 10:15:00+05:30,348.8,349.4,347.5,347.55,151440
2016-09-20 11:15:00+05:30,347.55,348.0,346.5,347.35,254146
2016-09-20 12:15:00+05:30,347.35,347.5,345.5,346.3,275092
2016-09-20 13:15:00+05:30,346.3,346.65,345.35,346.3,240073
2016-09-20 14:15:00+05:30,346.3,348.75,345.5,346.5,304069
2016-09-20 15:15:00+05:30,346.5,348.3,345.5,347.3,104245
2016-09-21 09:15:00+05:30,348.9,353.2,345.0,352.7,240692
2016-09-21 10:15:00+05:30,352.75,353.7,351.25,352.55,172912
2016-09-21 11:15:00+05:30,352.55,353.2,350.5,350.5,122449
2016-09-21 12:15:00+05:30,350.5,351.45,350.0,350.0,132912
2016-09-21 13:15:00+05:30,350.0,351.0,349.05,350.2,160132
2016-09-21 14:15:00+05:30,350.25,350.35,346.6,348.15,170777
2016-09-21 15:15:00+05:30,348.15,348.25,347.0,347.4,80000
2016-09-22 09:15:00+05:30,353.9,355.15,351.8,353.05,233549
2016-09-22 10:15:00+05:30,353.05,353.9,351.85,353.85,227823
2016-09-22 11:15:00+05:30,353.85,353.85,351.75,353.0,147854
2016-09-22 12:15:00+05:30,353.0,353.85,352.4,353.85,132336
2016-09-22 13:15:00+05:30,353.8,357.4,353.5,356.0,258465
2016-09-22 14:15:00+05:30,356.1,356.95,354.7,355.8,283762
2016-09-22 15:15:00+05:30,355.75,355.95,353.85,354.5,128585
2016-09-23 09:15:00+05:30,358.0,358.25,351.5,353.45,293048
2016-09-23 10:15:00+05:30,353.55,353.95,352.3,353.8,110605
2016-09-23 11:15:00+05:30,353.85,354.05,353.05,353.4,67063
2016-09-23 12:15:00+05:30,353.4,354.0,350.95,352.4,94049
2016-09-23 13:15:00+05:30,352.4,352.4,351.0,352.3,64338
2016-09-23 14:15:00+05:30,352.3,352.7,349.6,351.0,143916
2016-09-23 15:15:00+05:30,350.9,351.7,350.55,351.35,60076
2016-09-26 09:15:00+05:30,349.9,350.55,347.05,348.5,496282
2016-09-26 10:15:00+05:30,348.5,349.0,348.0,348.6,163216
2016-09-26 11:15:00+05:30,348.6,349.5,347.8,348.7,286035
2016-09-26 12:15:00+05:30,348.7,349.15,344.25,345.0,313433
2016-09-26 13:15:00+05:30,345.1,345.1,342.0,343.05,233933
2016-09-26 14:15:00+05:30,343.0,343.75,340.65,342.3,500529
2016-09-26 15:15:00+05:30,342.55,343.15,341.5,342.9,174185
2016-09-27 09:15:00+05:30,345.65,345.65,340.1,340.4,330420
2016-09-27 10:15:00+05:30,340.4,341.4,339.3,339.95,329059
2016-09-27 11:15:00+05:30,339.95,341.5,339.75,340.85,204586
2016-09-27 12:15:00+05:30,340.8,341.1,338.7,339.0,160476
2016-09-27 13:15:00+05:30,339.0,339.8,337.6,339.4,81190
2016-09-27 14:15:00+05:30,339.4,340.25,336.5,337.55,396499
2016-09-27 15:15:00+05:30,337.55,338.7,337.05,337.7,238941
2016-09-28 09:15:00+05:30,336.1,341.0,336.1,339.2,156519
2016-09-28 10:15:00+05:30,339.0,343.0,338.85,342.9,150302
2016-09-28 11:15:00+05:30,342.9,344.0,342.65,343.2,271675
2016-09-28 12:15:00+05:30,343.2,345.4,343.0,343.55,241206
2016-09-28 13:15:00+05:30,343.55,344.6,342.1,343.1,244164
2016-09-28 14:15:00+05:30,343.1,344.45,339.7,340.75,427227
2016-09-28 15:15:00+05:30,340.75,342.9,340.75,341.95,95146
2016-09-29 09:15:00+05:30,344.5,345.3,340.85,344.35,250414
2016-09-29 10:15:00+05:30,344.35,344.45,341.85,343.7,244473
2016-09-29 11:15:00+05:30,343.7,344.9,342.55,343.2,99064
2016-09-29 12:15:00+05:30,343.15,343.2,328.2,335.05,469752
2016-09-29 13:15:00+05:30,335.05,339.4,334.25,336.0,449096
2016-09-29 14:15:00+05:30,336.0,339.15,334.3,334.65,1351233
2016-09-29 15:15:00+05:30,334.5,336.1,333.55,335.5,1025424
2016-09-30 09:15:00+05:30,335.0,338.75,331.9,337.15,125985
2016-09-30 10:15:00+05:30,337.15,339.3,336.3,337.65,32224
2016-09-30 11:15:00+05:30,337.65,338.0,335.05,335.85,68303
2016-09-30 12:15:00+05:30,335.85,336.9,333.7,334.9,59732
2016-09-30 13:15:00+05:30,334.85,337.95,334.4,337.65,57826
2016-09-30 14:15:00+05:30,337.75,342.5,337.7,340.95,232393
2016-09-30 15:15:00+05:30,340.95,342.0,340.0,341.9,66690
2016-10-03 09:15:00+05:30,343.95,347.9,343.1,346.85,247088
2016-10-03 10:15:00+05:30,346.85,349.3,346.8,347.7,222990
2016-10-03 11:15:00+05:30,347.5,347.75,344.8,345.95,275367
2016-10-03 12:15:00+05:30,345.95,347.15,345.4,346.05,121804
2016-10-03 13:15:00+05:30,346.05,347.0,345.4,345.7,124046
2016-10-03 14:15:00+05:30,345.7,346.5,345.0,345.35,167650
2016-10-03 15:15:00+05:30,345.4,347.5,344.75,347.3,219649
2016-10-04 09:15:00+05:30,349.9,351.25,347.65,348.0,188625
2016-10-04 10:15:00+05:30,348.0,348.25,346.55,347.45,77451
2016-10-04 11:15:00+05:30,347.45,347.95,346.0,346.8,51522
2016-10-04 12:15:00+05:30,346.8,347.9,344.85,347.4,97782
2016-10-04 13:15:00+05:30,347.4,347.4,345.6,345.6,121487
2016-10-04 14:15:00+05:30,345.55,350.65,344.7,349.85,634023
2016-10-04 15:15:00+05:30,350.1,350.85,348.45,349.8,303172
2016-10-05 09:15:00+05:30,352.0,355.4,350.5,354.6,402137
2016-10-05 10:15:00+05:30,354.6,354.95,353.15,354.8,217850
2016-10-05 11:15:00+05:30,354.8,356.35,354.25,355.9,372970
2016-10-05 12:15:00+05:30,355.9,356.9,353.2,356.6,286165
2016-10-05 13:15:00+05:30,356.6,357.6,355.0,356.3,288949
2016-10-05 14:15:00+05:30,356.4,361.1,356.1,359.8,551210
2016-10-05 15:15:00+05:30,359.8,360.0,356.75,357.7,132657
2016-10-06 09:15:00+05:30,361.05,364.1,359.6,363.4,357836
2016-10-06 10:15:00+05:30,363.5,363.5,357.05,357.7,538333
2016-10-06 11:15:00+05:30,357.7,358.8,356.0,358.45,140973
2016-10-06 12:15:00+05:30,358.45,361.35,356.2,358.45,192270
2016-10-06 13:15:00+05:30,358.45,358.6,352.7,354.45,173495
2016-10-06 14:15:00+05:30,354.45,354.8,351.0,353.55,276917
2016-10-06 15:15:00+05:30,353.5,354.75,352.35,353.5,107305
2016-10-07 09:15:00+05:30,353.75,358.6,353.75,356.6,215062
2016-10-07 10:15:00+05:30,356.6,363.9,355.3,362.6,446825
2016-10-07 11:15:00+05:30,362.6,363.5,361.1,361.6,231917
2016-10-07 12:15:00+05:30,361.6,362.45,359.5,359.8,155618
2016-10-07 13:15:00+05:30,359.8,366.95,359.8,366.45,334798
2016-10-07 14:15:00+05:30,366.45,367.35,364.4,366.2,302758
2016-10-07 15:15:00+05:30,366.1,366.4,365.05,366.0,123187
2016-10-10 09:15:00+05:30,371.0,372.35,365.6,367.4,636866
2016-10-10 10:15:00+05:30,367.4,368.6,366.55,368.1,238094
2016-10-10 11:15:00+05:30,368.1,368.25,366.7,367.35,241628
2016-10-10 12:15:00+05:30,367.35,367.85,366.0,366.55,360836
2016-10-10 13:15:00+05:30,366.55,367.6,366.3,366.95,182363
2016-10-10 14:15:00+05:30,366.95,367.4,365.1,365.6,435014
2016-10-10 15:15:00+05:30,365.6,366.0,365.15,365.5,140000
2016-10-13 09:15:00+05:30,361.35,361.35,355.4,359.1,506120
2016-10-13 10:15:00+05:30,359.1,359.1,355.35,355.7,442340
2016-10-13 11:15:00+05:30,355.7,357.5,354.55,354.65,535844
2016-10-13 12:15:00+05:30,354.65,355.5,350.55,350.75,202376
2016-10-13 13:15:00+05:30,350.75,354.25,350.0,353.6,363699
2016-10-13 14:15:00+05:30,353.6,355.45,352.6,353.75,282472
2016-10-13 15:15:00+05:30,353.75,355.0,352.75,354.5,163866
2016-10-14 09:15:00+05:30,355.4,357.45,354.5,355.1,175181
2016-10-14 10:15:00+05:30,355.1,358.25,354.8,356.7,168509
2016-10-14 11:15:00+05:30,356.7,357.95,356.25,357.0,56446
2016-10-14 12:15:00+05:30,357.0,358.9,356.0,358.0,109544
2016-10-14 13:15:00+05:30,358.0,359.9,357.55,358.7,183429
2016-10-14 14:15:00+05:30,358.7,362.65,358.1,362.25,360233
2016-10-14 15:15:00+05:30,362.3,362.3,361.3,362.15,164335
2016-10-17 09:15:00+05:30,363.4,363.7,359.6,360.6,440054
2016-10-17 10:15:00+05:30,360.6,361.0,359.2,360.85,323996
2016-10-17 11:15:00+05:30,360.85,361.45,356.9,358.2,235823
2016-10-17 12:15:00+05:30,358.35,363.25,357.0,362.25,299864
2016-10-17 13:15:00+05:30,362.1,363.3,360.3,360.9,200016
2016-10-17 14:15:00+05:30,360.95,361.4,357.25,358.75,572099
2016-10-17 15:15:00+05:30,358.75,359.05,357.55,358.8,60269
2016-10-18 09:15:00+05:30,358.5,360.7,357.5,359.75,153892
2016-10-18 10:15:00+05:30,359.65,361.2,359.15,360.25,194561
2016-10-18 11:15:00+05:30,360.25,362.8,360.0,361.35,128789
2016-10-18 12:15:00+05:30,361.35,362.5,360.0,361.6,208455
2016-10-18 13:15:00+05:30,361.6,364.0,361.5,362.85,142428
2016-10-18 14:15:00+05:30,362.85,365.2,361.65,364.45,325823
2016-10-18 15:15:00+05:30,364.5,364.55,362.05,363.0,147242
2016-10-19 09:15:00+05:30,362.0,362.8,358.05,361.0,139237
2016-10-19 10:15:00+05:30,361.05,361.05,358.3,360.1,58487
2016-10-19 11:15:00+05:30,360.1,360.1,358.5,359.1,26704
2016-10-19 12:15:00+05:30,359.1,359.6,357.0,358.25,101146
2016-10-19 13:15:00+05:30,358.25,362.75,356.75,362.35,135903
2016-10-19 14:15:00+05:30,362.45,363.0,359.1,360.65,171620
2016-10-19 15:15:00+05:30,360.65,362.4,360.65,361.2,79503
2016-10-20 09:15:00+05:30,362.2,363.5,361.0,361.25,196486
2016-10-20 10:15:00+05:30,361.25,362.0,359.3,361.15,70010
2016-10-20 11:15:00+05:30,361.15,361.6,358.3,359.05,77862
2016-10-20 12:15:00+05:30,359.05,360.95,359.0,360.5,72215
2016-10-20 13:15:00+05:30,360.6,361.6,358.85,359.2,49895
2016-10-20 14:15:00+05:30,359.2,359.8,358.3,358.5,100107
2016-10-20 15:15:00+05:30,358.5,359.3,358.3,358.4,51438
2016-10-21 09:15:00+05:30,359.0,360.6,356.3,356.7,71457
2016-10-21 10:15:00+05:30,356.65,357.4,355.15,356.85,34029
2016-10-21 11:15:00+05:30,356.85,359.0,356.5,357.0,49340
2016-10-21 12:15:00+05:30,357.0,357.75,355.0,357.0,127837
2016-10-21 13:15:00+05:30,357.0,357.75,355.15,355.25,93393
2016-10-21 14:15:00+05:30,355.25,357.4,355.1,356.2,138595
2016-10-21 15:15:00+05:30,356.2,357.8,356.0,357.4,64253
2016-10-24 09:15:00+05:30,357.55,362.0,357.0,361.45,192362
2016-10-24 10:15:00+05:30,361.45,363.0,361.05,361.1,309800
2016-10-24 11:15:00+05:30,361.05,362.3,360.05,361.7,98587
2016-10-24 12:15:00+05:30,361.7,362.7,361.0,361.9,113420
2016-10-24 13:15:00+05:30,361.9,363.15,361.1,362.9,81320
2016-10-24 14:15:00+05:30,362.8,364.6,362.45,364.0,275528
2016-10-24 15:15:00+05:30,364.0,364.0,363.0,363.35,87509
2016-10-25 09:15:00+05:30,356.95,364.1,356.0,358.1,291637
2016-10-25 10:15:00+05:30,358.1,360.0,357.8,358.2,72455
2016-10-25 11:15:00+05:30,358.15,360.9,357.85,359.8,154167
2016-10-25 12:15:00+05:30,359.8,361.9,359.25,360.6,147652
2016-10-25 13:15:00+05:30,360.6,361.45,360.0,361.0,166784
2016-10-25 14:15:00+05:30,361.0,363.4,360.15,363.25,218344
2016-10-25 15:15:00+05:30,363.25,364.0,361.1,363.2,127016
2016-10-26 09:15:00+05:30,360.8,361.05,352.8,355.0,180654
2016-10-26 10:15:00+05:30,355.0,355.1,353.15,354.1,52885
2016-10-26 11:15:00+05:30,354.1,355.0,351.15,352.35,114609
2016-10-26 12:15:00+05:30,352.35,352.55,350.4,350.75,104982
2016-10-26 13:15:00+05:30,350.5,352.2,348.8,349.0,154569
2016-10-26 14:15:00+05:30,349.0,349.05,343.15,346.6,465761
2016-10-26 15:15:00+05:30,346.75,346.75,341.1,343.0,291946
2016-10-27 09:15:00+05:30,331.95,337.45,330.25,335.5,1419614
2016-10-27 10:15:00+05:30,335.5,338.0,334.95,336.95,539526
2016-10-27 11:15:00+05:30,336.85,336.95,335.15,335.5,414588
2016-10-27 12:15:00+05:30,335.5,338.0,335.05,336.15,335433
2016-10-27 13:15:00+05:30,336.15,337.2,335.1,336.1,555207
2016-10-27 14:15:00+05:30,336.1,339.75,334.25,338.9,1416741
2016-10-27 15:15:00+05:30,338.75,341.05,337.9,341.05,774408
2016-10-28 09:15:00+05:30,340.0,349.5,335.2,348.7,466810
2016-10-28 10:15:00+05:30,348.7,349.65,347.5,348.0,140464
2016-10-28 11:15:00+05:30,347.75,350.0,346.4,349.65,195478
2016-10-28 12:15:00+05:30,349.65,350.3,345.0,346.1,262051
2016-10-28 13:15:00+05:30,346.1,348.2,345.3,348.0,129801
2016-10-28 14:15:00+05:30,348.0,350.2,347.5,348.95,234359
2016-10-28 15:15:00+05:30,348.95,350.05,346.75,348.5,193295
2016-10-30 18:15:00+05:30,350.2,350.5,344.8,346.25,109114
2016-10-30 19:15:00+05:30,346.25,346.5,345.1,345.25,17501
2016-11-01 09:15:00+05:30,348.3,349.15,345.6,347.4,429825
2016-11-01 10:15:00+05:30,347.4,347.55,344.6,344.95,208405
2016-11-01 11:15:00+05:30,344.95,346.85,344.9,346.75,159051
2016-11-01 12:15:00+05:30,346.75,347.9,346.55,347.5,123961
2016-11-01 13:15:00+05:30,347.65,349.3,346.75,347.45,182812
2016-11-01 14:15:00+05:30,347.45,352.05,345.3,347.6,479796
2016-11-01 15:15:00+05:30,347.6,348.75,347.25,348.0,72176
2016-11-02 09:15:00+05:30,339.9,344.05,339.0,341.25,336404
2016-11-02 10:15:00+05:30,341.25,341.3,336.15,336.6,205482
2016-11-02 11:15:00+05:30,336.65,337.65,335.45,336.3,246755
2016-11-02 12:15:00+05:30,336.3,338.2,336.0,336.3,160446
2016-11-02 13:15:00+05:30,336.3,337.35,335.75,336.4,159825
2016-11-02 14:15:00+05:30,336.2,336.4,333.75,334.3,362485
2016-11-02 15:15:00+05:30,334.3,336.6,334.2,336.0,149661
2016-11-03 09:15:00+05:30,332.0,333.85,329.0,332.65,305855
2016-11-03 10:15:00+05:30,332.65,338.6,332.0,336.55,243145
2016-11-03 11:15:00+05:30,336.55,336.9,334.2,335.5,80693
2016-11-03 12:15:00+05:30,335.5,337.5,334.3,334.7,131911
2016-11-03 13:15:00+05:30,334.8,336.35,332.4,333.5,119407
2016-11-03 14:15:00+05:30,333.5,335.5,331.7,332.0,370579
2016-11-03 15:15:00+05:30,332.0,332.3,330.25,330.8,140121
2016-11-04 09:15:00+05:30,328.9,331.8,325.05,325.95,353762
2016-11-04 10:15:00+05:30,325.95,329.25,325.35,328.65,181376
2016-11-04 11:15:00+05:30,328.65,335.55,328.3,335.1,320232
2016-11-04 12:15:00+05:30,335.25,338.95,334.9,336.95,327842
2016-11-04 13:15:00+05:30,336.95,337.55,333.0,334.3,187959
2016-11-04 14:15:00+05:30,334.3,337.0,333.05,335.35,304733
2016-11-04 15:15:00+05:30,335.15,336.8,334.7,336.0,156490
2016-11-07 09:15:00+05:30,338.3,341.4,335.5,337.75,309274
2016-11-07 10:15:00+05:30,337.65,338.7,335.4,337.25,156113
2016-11-07 11:15:00+05:30,337.25,337.5,334.05,337.05,185892
2016-11-07 12:15:00+05:30,337.1,337.1,331.05,331.75,209015
2016-11-07 13:15:00+05:30,331.3,333.3,329.75,330.1,111527
2016-11-07 14:15:00+05:30,330.25,330.95,327.0,327.45,207211
2016-11-07 15:15:00+05:30,327.5,328.2,326.5,326.75,125898
2016-11-08 09:15:00+05:30,333.25,342.3,332.0,341.6,659530
2016-11-08 10:15:00+05:30,341.6,343.55,339.35,343.0,315525
2016-11-08 11:15:00+05:30,343.05,344.9,343.05,344.2,311240
2016-11-08 12:15:00+05:30,344.2,344.95,343.5,344.9,491429
2016-11-08 13:15:00+05:30,344.6,344.95,343.25,343.95,377041
2016-11-08 14:15:00+05:30,343.95,346.0,343.5,345.55,822349
2016-11-08 15:15:00+05:30,345.55,347.0,345.0,347.0,537463
2016-11-09 09:15:00+05:30,320.0,338.8,311.0,332.65,981263
2016-11-09 10:15:00+05:30,332.55,333.4,327.2,329.6,358204
2016-11-09 11:15:00+05:30,329.6,335.5,328.75,331.55,481892
2016-11-09 12:15:00+05:30,331.55,338.5,330.5,337.7,227494
2016-11-09 13:15:00+05:30,337.7,349.0,337.0,343.65,749647
2016-11-09 14:15:00+05:30,343.65,344.25,339.0,342.95,277707
2016-11-09 15:15:00+05:30,342.95,347.7,341.5,345.3,383211
2016-11-10 09:15:00+05:30,350.55,354.25,346.15,350.2,369746
2016-11-10 10:15:00+05:30,350.3,350.3,348.0,348.15,142510
2016-11-10 11:15:00+05:30,348.15,349.35,345.75,346.9,173531
2016-11-10 12:15:00+05:30,346.9,348.5,345.1,346.65,199336
2016-11-10 13:15:00+05:30,346.65,350.05,345.3,347.55,436003
2016-11-10 14:15:00+05:30,347.55,348.7,342.3,342.75,342479
2016-11-10 15:15:00+05:30,342.7,343.35,341.85,342.4,144007
2016-11-11 09:15:00+05:30,337.85,339.2,329.35,330.05,296813
2016-11-11 10:15:00+05:30,330.05,333.2,329.1,332.5,198145
2016-11-11 11:15:00+05:30,332.5,334.3,332.1,332.3,125539
2016-11-11 12:15:00+05:30,332.3,334.2,331.55,333.4,192096
2016-11-11 13:15:00+05:30,333.4,334.2,332.6,333.65,305062
2016-11-11 14:15:00+05:30,333.65,333.75,327.7,328.05,724635
2016-11-11 15:15:00+05:30,328.05,331.0,327.45,330.1,148488
2016-11-15 09:15:00+05:30,318.0,320.85,297.45,299.6,1100078
2016-11-15 10:15:00+05:30,299.6,306.6,299.0,302.8,498223
2016-11-15 11:15:00+05:30,302.95,303.1,299.3,300.35,528773
2016-11-15 12:15:00+05:30,300.45,300.9,297.65,300.0,417267
2016-11-15 13:15:00+05:30,300.0,301.4,298.8,300.25,395787
2016-11-15 14:15:00+05:30,300.25,301.0,295.0,296.45,610076
2016-11-15 15:15:00+05:30,296.5,300.5,295.5,299.4,245038
2016-11-16 09:15:00+05:30,303.8,303.8,286.5,291.1,1170063
2016-11-16 10:15:00+05:30,291.1,303.25,290.95,301.95,1622464
2016-11-16 11:15:00+05:30,301.95,302.3,299.65,302.0,643124
2016-11-16 12:15:00+05:30,302.0,305.55,300.55,300.75,907324
2016-11-16 13:15:00+05:30,300.8,300.9,292.05,295.35,450703
2016-11-16 14:15:00+05:30,295.35,298.55,291.45,291.65,464519
2016-11-16 15:15:00+05:30,291.7,295.4,291.25,295.35,239019
2016-11-17 09:15:00+05:30,292.0,297.7,291.9,296.65,571296
2016-11-17 10:15:00+05:30,296.6,300.0,296.55,297.2,409759
2016-11-17 11:15:00+05:30,297.2,298.75,297.0,298.0,316914
2016-11-17 12:15:00+05:30,298.0,298.05,294.9,296.45,192777
2016-11-17 13:15:00+05:30,296.45,298.25,295.05,297.5,211513
2016-11-17 14:15:00+05:30,297.5,300.45,295.6,297.85,444896
2016-11-17 15:15:00+05:30,297.7,299.3,296.3,299.0,157573
2016-11-18 09:15:00+05:30,298.2,299.0,292.5,293.65,244411
2016-11-18 10:15:00+05:30,293.65,296.0,293.5,295.45,71192
2016-11-18 11:15:00+05:30,295.8,296.0,294.5,295.45,103781
2016-11-18 12:15:00+05:30,295.5,300.0,295.35,298.0,166546
2016-11-18 13:15:00+05:30,298.0,298.5,296.5,296.6,99348
2016-11-18 14:15:00+05:30,296.6,298.5,294.6,298.05,334183
2016-11-18 15:15:00+05:30,298.05,300.75,297.9,299.1,338851
2016-11-21 09:15:00+05:30,298.0,300.0,293.95,294.65,151142
2016-11-21 10:15:00+05:30,294.65,294.65,290.3,292.0,344095
2016-11-21 11:15:00+05:30,291.85,292.3,286.3,287.75,198759
2016-11-21 12:15:00+05:30,287.55,288.05,284.5,288.0,199771
2016-11-21 13:15:00+05:30,287.95,288.0,283.2,284.65,378719
2016-11-21 14:15:00+05:30,284.65,287.7,283.6,284.75,615403
2016-11-21 15:15:00+05:30,284.75,289.95,284.5,288.85,266917
2016-11-22 09:15:00+05:30,290.05,294.75,286.8,288.75,518834
2016-11-22 10:15:00+05:30,288.75,290.6,286.5,288.45,110115
2016-11-22 11:15:00+05:30,288.4,288.7,284.0,284.1,195707
2016-11-22 12:15:00+05:30,284.1,285.45,283.05,284.1,203804
2016-11-22 13:15:00+05:30,284.1,285.45,283.9,285.0,190006
2016-11-22 14:15:00+05:30,285.0,293.15,284.9,291.4,528089
2016-11-22 15:15:00+05:30,291.4,292.95,290.55,292.6,90324
2016-11-23 09:15:00+05:30,293.2,293.95,290.1,293.05,270969
2016-11-23 10:15:00+05:30,293.05,298.25,292.0,297.9,336849
2016-11-23 11:15:00+05:30,297.9,298.95,294.4,294.6,301062
2016-11-23 12:15:00+05:30,294.6,295.0,290.65,292.9,323088
2016-11-23 13:15:00+05:30,292.95,297.45,292.3,296.85,584714
2016-11-23 14:15:00+05:30,296.85,299.25,294.6,297.2,637974
2016-11-23 15:15:00+05:30,297.25,297.75,294.0,295.3,123196
2016-11-24 09:15:00+05:30,291.25,292.9,288.5,290.85,275294
2016-11-24 10:15:00+05:30,290.85,291.2,286.35,287.3,200936
2016-11-24 11:15:00+05:30,287.3,289.35,287.0,289.0,213682
2016-11-24 12:15:00+05:30,289.0,289.2,285.45,285.75,233741
2016-11-24 13:15:00+05:30,285.75,289.3,285.25,289.05,204156
2016-11-24 14:15:00+05:30,289.05,295.4,284.6,286.0,1845061
2016-11-24 15:15:00+05:30,286.0,286.05,283.5,285.65,1120053
2016-11-25 09:15:00+05:30,285.6,286.6,280.5,283.95,457813
2016-11-25 10:15:00+05:30,283.95,286.4,283.3,286.1,291347
2016-11-25 11:15:00+05:30,286.1,289.8,286.0,287.5,286685
2016-11-25 12:15:00+05:30,287.5,288.25,285.5,287.35,110890
2016-11-25 13:15:00+05:30,287.35,287.95,286.55,287.05,164189
2016-11-25 14:15:00+05:30,287.05,289.3,286.95,287.45,234509
2016-11-25 15:15:00+05:30,287.25,291.5,287.0,291.4,161757
2016-11-28 09:15:00+05:30,288.75,292.9,288.45,289.6,277246
2016-11-28 10:15:00+05:30,289.6,291.45,289.1,290.4,137564
2016-11-28 11:15:00+05:30,290.4,294.0,289.8,292.95,194537
2016-11-28 12:15:00+05:30,292.95,295.45,292.25,292.75,222457
2016-11-28 13:15:00+05:30,292.95,294.0,291.7,292.85,226018
2016-11-28 14:15:00+05:30,292.9,294.9,292.35,292.8,291455
2016-11-28 15:15:00+05:30,292.9,293.75,292.4,293.15,156128
2016-11-29 09:15:00+05:30,295.0,296.15,292.5,294.8,384940
2016-11-29 10:15:00+05:30,294.8,299.9,294.8,297.9,394602
2016-11-29 11:15:00+05:30,297.9,298.15,297.4,297.9,564093
2016-11-29 12:15:00+05:30,297.9,299.9,297.9,298.9,404796
2016-11-29 13:15:00+05:30,298.9,299.7,297.0,298.75,611717
2016-11-29 14:15:00+05:30,298.75,299.9,297.1,297.15,494287
2016-11-29 15:15:00+05:30,297.1,298.0,296.0,296.5,226132
2016-11-30 09:15:00+05:30,294.05,298.7,294.0,298.3,287752
2016-11-30 10:15:00+05:30,298.35,298.7,297.05,298.2,152555
2016-11-30 11:15:00+05:30,298.2,299.35,296.1,296.7,288303
2016-11-30 12:15:00+05:30,296.25,298.4,296.1,296.25,132158
2016-11-30 13:15:00+05:30,296.25,299.1,295.65,298.65,156525
2016-11-30 14:15:00+05:30,298.65,299.0,297.7,298.05,598311
2016-11-30 15:15:00+05:30,298.05,298.1,297.0,297.2,311082
2016-12-01 09:15:00+05:30,298.0,298.0,291.5,293.5,199014
2016-12-01 10:15:00+05:30,293.5,294.5,292.05,292.15,88122
2016-12-01 11:15:00+05:30,292.15,293.0,290.95,291.6,108646
2016-12-01 12:15:00+05:30,291.6,292.45,291.1,291.75,50415
2016-12-01 13:15:00+05:30,291.75,292.95,291.5,292.0,54573
2016-12-01 14:15:00+05:30,292.2,293.65,291.2,292.55,412379
2016-12-01 15:15:00+05:30,292.65,294.0,292.0,292.2,115943
2016-12-02 09:15:00+05:30,290.2,297.65,289.7,294.75,330673
2016-12-02 10:15:00+05:30,294.75,295.0,291.0,292.1,416637
2016-12-02 11:15:00+05:30,292.1,292.35,287.6,288.35,355341
2016-12-02 12:15:00+05:30,288.35,288.55,287.05,288.0,158361
2016-12-02 13:15:00+05:30,288.0,290.05,287.1,287.7,299764
2016-12-02 14:15:00+05:30,287.7,289.15,285.35,288.65,619671
2016-12-02 15:15:00+05:30,288.65,288.75,285.6,285.8,321534
2016-12-05 09:15:00+05:30,286.3,290.8,283.25,283.85,255335
2016-12-05 10:15:00+05:30,283.85,285.65,283.1,284.45,134593
2016-12-05 11:15:00+05:30,284.45,286.15,284.0,285.4,100909
2016-12-05 12:15:00+05:30,285.45,287.8,285.2,286.75,99751
2016-12-05 13:15:00+05:30,286.85,290.85,286.0,289.9,154183
2016-12-05 14:15:00+05:30,289.9,290.7,288.55,290.25,144685
2016-12-05 15:15:00+05:30,290.25,291.7,289.25,290.5,78101
2016-12-06 09:15:00+05:30,292.0,293.85,290.15,292.7,143103
2016-12-06 10:15:00+05:30,292.7,292.7,291.5,292.4,37345
2016-12-06 11:15:00+05:30,292.4,294.0,291.8,292.6,79007
2016-12-06 12:15:00+05:30,292.6,293.8,292.05,292.95,38163
2016-12-06 13:15:00+05:30,292.95,293.9,292.3,293.6,66064
2016-12-06 14:15:00+05:30,293.65,296.0,292.9,292.9,182911
2016-12-06 15:15:00+05:30,292.9,292.9,290.5,291.2,91940
2016-12-07 09:15:00+05:30,292.75,294.25,292.25,293.4,94168
2016-12-07 10:15:00+05:30,293.4,294.7,292.5,294.5,45939
2016-12-07 11:15:00+05:30,294.5,294.8,293.35,294.55,45532
2016-12-07 12:15:00+05:30,294.55,295.5,293.0,294.75,50322
2016-12-07 13:15:00+05:30,295.0,295.75,294.4,294.4,54540
2016-12-07 14:15:00+05:30,294.45,294.65,290.8,291.35,226529
2016-12-07 15:15:00+05:30,291.3,292.7,290.05,291.15,142490
2016-12-08 09:15:00+05:30,294.0,305.3,294.0,303.8,549762
2016-12-08 10:15:00+05:30,303.8,304.5,303.0,303.25,183076
2016-12-08 11:15:00+05:30,303.15,303.65,302.1,302.55,151955
2016-12-08 12:15:00+05:30,302.55,304.0,302.4,303.7,183501
2016-12-08 13:15:00+05:30,303.65,305.6,303.5,304.15,254074
2016-12-08 14:15:00+05:30,304.35,305.2,302.75,304.4,326855
2016-12-08 15:15:00+05:30,304.4,304.8,303.0,304.0,120617
2016-12-09 09:15:00+05:30,308.5,309.7,305.35,307.0,504348
2016-12-09 10:15:00+05:30,307.0,307.35,305.15,306.9,138202
2016-12-09 11:15:00+05:30,306.95,307.75,305.4,305.5,94839
2016-12-09 12:15:00+05:30,305.8,305.8,302.4,304.55,192222
2016-12-09 13:15:00+05:30,304.55,305.0,303.25,303.5,157983
2016-12-09 14:15:00+05:30,303.5,304.5,303.3,303.85,262313
2016-12-09 15:15:00+05:30,303.85,304.8,303.35,304.0,196294
2016-12-12 09:15:00+05:30,300.0,302.65,299.0,299.2,166629
2016-12-12 10:15:00+05:30,299.2,299.55,298.05,299.0,84274
2016-12-12 11:15:00+05:30,299.0,301.1,298.7,299.55,79011
2016-12-12 12:15:00+05:30,299.55,299.95,298.55,299.7,55859
2016-12-12 13:15:00+05:30,299.7,299.85,296.95,297.0,71523
2016-12-12 14:15:00+05:30,297.05,297.5,294.6,296.9,123836
2016-12-12 15:15:00+05:30,296.9,298.0,296.8,297.9,61940
2016-12-13 09:15:00+05:30,312.0,312.0,301.7,303.3,890732
2016-12-13 10:15:00+05:30,303.3,303.45,301.25,301.65,432583
2016-12-13 11:15:00+05:30,301.65,303.2,300.55,302.85,178867
2016-12-13 12:15:00+05:30,302.85,303.55,301.7,302.8,239557
2016-12-13 13:15:00+05:30,302.85,303.5,301.75,302.75,208817
2016-12-13 14:15:00+05:30,302.8,304.35,302.75,303.95,478983
2016-12-13 15:15:00+05:30,304.0,304.0,302.55,302.95,167361
2016-12-14 09:15:00+05:30,301.9,301.9,297.55,300.5,385667
2016-12-14 10:15:00+05:30,300.5,303.5,300.4,303.4,330943
2016-12-14 11:15:00+05:30,303.3,304.45,302.8,304.05,482430
2016-12-14 12:15:00+05:30,304.05,304.9,303.7,304.25,356015
2016-12-14 13:15:00+05:30,304.15,305.95,303.9,305.05,292638
2016-12-14 14:15:00+05:30,305.0,305.6,304.0,304.75,505765
2016-12-14 15:15:00+05:30,304.7,305.2,304.0,304.85,260364
2016-12-15 09:15:00+05:30,300.5,305.45,299.3,303.1,206922
2016-12-15 10:15:00+05:30,303.1,304.6,302.0,302.0,166672
2016-12-15 11:15:00+05:30,302.0,303.0,300.7,301.65,83333
2016-12-15 12:15:00+05:30,301.65,302.9,301.15,301.7,59080
2016-12-15 13:15:00+05:30,301.7,301.8,299.5,299.65,69153
2016-12-15 14:15:00+05:30,299.65,300.5,296.0,296.5,483917
2016-12-15 15:15:00+05:30,296.5,297.1,295.35,297.0,200075
2016-12-16 09:15:00+05:30,298.7,302.05,296.5,297.9,367069
2016-12-16 10:15:00+05:30,297.9,298.05,296.3,296.8,163508
2016-12-16 11:15:00+05:30,296.8,299.1,295.4,297.1,293217
2016-12-16 12:15:00+05:30,297.15,299.95,296.55,299.65,243871
2016-12-16 13:15:00+05:30,299.65,300.6,298.1,299.0,465552
2016-12-16 14:15:00+05:30,299.0,300.05,297.0,298.1,884422
2016-12-16 15:15:00+05:30,298.15,298.15,296.55,297.25,363083
2016-12-19 09:15:00+05:30,297.2,298.5,293.1,294.75,177438
2016-12-19 10:15:00+05:30,294.75,299.1,294.6,297.6,176354
2016-12-19 11:15:00+05:30,297.6,299.7,297.2,298.95,190914
2016-12-19 12:15:00+05:30,298.95,301.0,298.25,298.35,197154
2016-12-19 13:15:00+05:30,298.35,299.25,297.3,299.1,109447
2016-12-19 14:15:00+05:30,299.15,299.65,297.25,297.65,173991
2016-12-19 15:15:00+05:30,297.7,298.05,296.45,298.0,94040
2016-12-20 09:15:00+05:30,298.0,299.7,297.1,298.8,339942
2016-12-20 10:15:00+05:30,298.8,299.2,298.1,298.5,110276
2016-12-20 11:15:00+05:30,298.5,299.2,297.35,298.8,173599
2016-12-20 12:15:00+05:30,298.8,299.2,297.65,297.65,81050
2016-12-20 13:15:00+05:30,297.65,298.7,297.5,298.65,96426
2016-12-20 14:15:00+05:30,298.65,299.2,297.4,298.9,291017
2016-12-20 15:15:00+05:30,298.9,299.0,297.95,298.0,130052
2016-12-21 09:15:00+05:30,299.0,299.5,296.35,297.05,143646
2016-12-21 10:15:00+05:30,297.05,298.6,296.95,297.9,193045
2016-12-21 11:15:00+05:30,297.9,299.2,297.9,298.4,68477
2016-12-21 12:15:00+05:30,298.4,299.15,298.2,298.35,72420
2016-12-21 13:15:00+05:30,298.25,299.05,298.0,298.4,73011
2016-12-21 14:15:00+05:30,298.45,298.5,296.8,297.1,246688
2016-12-21 15:15:00+05:30,297.1,298.3,296.6,298.2,179844
2016-12-22 09:15:00+05:30,295.3,298.55,295.2,297.1,283719
2016-12-22 10:15:00+05:30,297.1,298.8,295.7,297.85,332209
2016-12-22 11:15:00+05:30,297.85,297.95,294.8,294.85,234941
2016-12-22 12:15:00+05:30,294.85,296.35,294.3,295.25,144159
2016-12-22 13:15:00+05:30,295.25,296.7,294.75,295.75,110589
2016-12-22 14:15:00+05:30,295.65,295.95,294.5,295.7,159524
2016-12-22 15:15:00+05:30,295.8,296.75,295.15,296.4,83571
2016-12-23 09:15:00+05:30,293.95,294.5,291.2,291.2,130485
2016-12-23 10:15:00+05:30,291.2,293.6,290.3,293.2,171409
2016-12-23 11:15:00+05:30,293.2,293.85,291.45,291.75,112410
2016-12-23 12:15:00+05:30,291.7,293.95,291.7,293.6,151420
2016-12-23 13:15:00+05:30,293.75,295.7,293.0,293.4,212321
2016-12-23 14:15:00+05:30,293.3,294.8,292.55,293.75,289953
2016-12-23 15:15:00+05:30,293.75,295.7,292.85,294.0,115232
2016-12-26 09:15:00+05:30,293.0,293.65,289.25,291.5,123623
2016-12-26 10:15:00+05:30,291.5,291.5,288.5,288.55,78637
2016-12-26 11:15:00+05:30,288.55,289.0,287.05,287.35,41110
2016-12-26 12:15:00+05:30,287.35,287.7,286.75,287.45,19638
2016-12-26 13:15:00+05:30,287.45,289.0,286.8,287.8,96624
2016-12-26 14:15:00+05:30,287.8,289.0,287.2,288.1,82717
2016-12-26 15:15:00+05:30,288.2,289.45,286.85,289.45,90818
2016-12-27 09:15:00+05:30,290.15,292.95,289.4,291.2,214418
2016-12-27 10:15:00+05:30,291.2,292.6,291.2,292.3,124970
2016-12-27 11:15:00+05:30,292.3,292.75,291.55,292.3,316802
2016-12-27 12:15:00+05:30,292.3,293.2,292.1,292.55,171860
2016-12-27 13:15:00+05:30,292.55,293.45,292.4,292.95,104139
2016-12-27 14:15:00+05:30,292.95,298.65,292.65,298.25,308447
2016-12-27 15:15:00+05:30,298.25,298.6,295.05,296.0,73020
2016-12-28 09:15:00+05:30,296.85,297.15,294.3,295.0,103189
2016-12-28 10:15:00+05:30,295.0,295.2,293.3,293.6,82392
2016-12-28 11:15:00+05:30,293.6,295.0,293.5,294.8,49324
2016-12-28 12:15:00+05:30,294.8,295.05,292.45,293.65,173669
2016-12-28 13:15:00+05:30,293.65,293.9,292.0,292.25,139857
2016-12-28 14:15:00+05:30,292.2,293.2,291.0,291.3,294400
2016-12-28 15:15:00+05:30,291.3,292.25,291.0,291.5,79151
2016-12-29 09:15:00+05:30,288.7,292.65,288.5,289.5,143556
2016-12-29 10:15:00+05:30,289.5,291.25,289.25,290.95,75759
2016-12-29 11:15:00+05:30,290.95,292.05,290.7,291.4,74272
2016-12-29 12:15:00+05:30,291.55,292.3,291.0,291.25,58139
2016-12-29 13:15:00+05:30,291.3,292.5,290.7,292.05,264485
2016-12-29 14:15:00+05:30,292.1,296.3,291.4,296.15,435069
2016-12-29 15:15:00+05:30,296.35,297.9,295.8,297.9,216713
2016-12-30 09:15:00+05:30,297.4,299.1,296.25,297.7,115618
2016-12-30 10:15:00+05:30,297.55,297.85,296.35,296.75,63463
2016-12-30 11:15:00+05:30,296.75,297.1,295.2,296.4,92604
2016-12-30 12:15:00+05:30,296.4,296.95,295.5,296.85,46896
2016-12-30 13:15:00+05:30,296.85,297.25,295.7,296.6,64967
2016-12-30 14:15:00+05:30,296.6,299.5,295.65,298.7,440416
2016-12-30 15:15:00+05:30,298.7,300.0,298.4,298.4,215499
2017-01-02 09:15:00+05:30,300.7,300.9,297.25,298.55,68691
2017-01-02 10:15:00+05:30,298.8,300.1,298.1,300.1,76268
2017-01-02 11:15:00+05:30,300.1,303.3,300.0,303.0,184564
2017-01-02 12:15:00+05:30,303.0,304.45,302.85,304.45,112904
2017-01-02 13:15:00+05:30,304.25,307.0,304.1,306.65,157972
2017-01-02 14:15:00+05:30,306.65,309.35,304.65,308.9,220022
2017-01-02 15:15:00+05:30,308.7,309.2,308.0,308.4,72537
2017-01-03 09:15:00+05:30,309.5,311.5,306.6,307.5,215630
2017-01-03 10:15:00+05:30,307.5,310.35,307.35,310.2,119543
2017-01-03 11:15:00+05:30,310.25,311.0,307.5,309.8,242588
2017-01-03 12:15:00+05:30,309.8,310.5,309.7,310.1,141504
2017-01-03 13:15:00+05:30,310.1,310.5,308.05,308.55,202898
2017-01-03 14:15:00+05:30,308.25,310.15,307.55,307.75,402471
2017-01-03 15:15:00+05:30,307.75,310.85,307.5,310.85,170229
2017-01-04 09:15:00+05:30,308.7,313.6,308.7,313.25,179809
2017-01-04 10:15:00+05:30,313.3,313.95,312.3,312.3,122069
2017-01-04 11:15:00+05:30,312.3,313.0,309.8,309.9,109585
2017-01-04 12:15:00+05:30,309.95,310.7,309.5,309.8,61584
2017-01-04 13:15:00+05:30,309.85,312.15,309.8,311.2,122466
2017-01-04 14:15:00+05:30,311.2,311.95,309.25,309.8,167482
2017-01-04 15:15:00+05:30,309.95,311.45,309.0,311.0,85541
2017-01-05 09:15:00+05:30,317.4,318.7,315.85,317.35,581510
2017-01-05 10:15:00+05:30,317.45,317.7,316.0,317.1,164706
2017-01-05 11:15:00+05:30,317.1,318.15,316.55,317.8,139785
2017-01-05 12:15:00+05:30,317.8,320.6,317.0,320.0,277633
2017-01-05 13:15:00+05:30,320.05,321.4,319.9,321.1,192181
2017-01-05 14:15:00+05:30,321.15,323.6,320.0,322.9,357157
2017-01-05 15:15:00+05:30,323.0,324.0,321.6,322.0,165082
2017-01-06 09:15:00+05:30,323.15,325.3,321.7,322.0,186655
2017-01-06 10:15:00+05:30,322.0,322.15,320.0,320.15,77381
2017-01-06 11:15:00+05:30,320.15,321.25,319.55,320.65,70331
2017-01-06 12:15:00+05:30,320.65,321.6,320.05,320.6,83263
2017-01-06 13:15:00+05:30,320.6,320.95,319.2,320.05,52809
2017-01-06 14:15:00+05:30,320.05,320.95,317.5,318.05,124633
2017-01-06 15:15:00+05:30,318.1,320.5,317.85,319.5,100920
2017-01-09 09:15:00+05:30,320.1,323.0,315.5,316.1,128698
2017-01-09 10:15:00+05:30,315.75,322.0,313.8,321.45,283867
2017-01-09 11:15:00+05:30,321.45,321.9,319.1,320.0,272010
2017-01-09 12:15:00+05:30,320.0,320.5,319.3,319.7,81624
2017-01-09 13:15:00+05:30,319.7,319.9,319.0,319.0,128386
2017-01-09 14:15:00+05:30,319.0,319.15,317.1,317.5,193591
2017-01-09 15:15:00+05:30,317.5,318.75,317.1,318.15,112240
2017-01-10 09:15:00+05:30,320.15,323.25,320.15,321.8,314906
2017-01-10 10:15:00+05:30,321.8,325.4,321.5,325.0,314015
2017-01-10 11:15:00+05:30,325.0,325.05,323.85,324.3,158414
2017-01-10 12:15:00+05:30,324.3,324.45,322.3,323.5,165760
2017-01-10 13:15:00+05:30,323.5,324.25,322.75,323.3,165972
2017-01-10 14:15:00+05:30,323.45,326.5,323.15,326.0,302498
2017-01-10 15:15:00+05:30,326.0,327.0,326.0,327.0,125817
2017-01-11 09:15:00+05:30,329.9,329.9,325.0,325.05,281914
2017-01-11 10:15:00+05:30,325.05,326.35,325.05,325.6,96920
2017-01-11 11:15:00+05:30,325.6,326.45,325.2,326.15,325833
2017-01-11 12:15:00+05:30,326.15,326.8,325.75,326.3,98422
2017-01-11 13:15:00+05:30,326.3,326.5,325.5,326.5,129594
2017-01-11 14:15:00+05:30,326.5,327.55,326.0,326.2,232133
2017-01-11 15:15:00+05:30,326.2,327.0,325.7,326.1,110685
2017-01-12 09:15:00+05:30,329.0,329.4,325.75,328.15,224448
2017-01-12 10:15:00+05:30,328.15,329.0,326.45,327.05,74044
2017-01-12 11:15:00+05:30,327.1,327.65,325.55,326.05,88881
2017-01-12 12:15:00+05:30,326.1,326.2,323.7,324.6,116223
2017-01-12 13:15:00+05:30,324.65,324.8,322.65,323.1,90577
2017-01-12 14:15:00+05:30,323.15,326.35,322.95,325.35,180950
2017-01-12 15:15:00+05:30,325.35,327.0,324.65,326.7,105157
2017-01-13 09:15:00+05:30,328.9,329.4,321.1,321.5,158349
2017-01-13 10:15:00+05:30,321.5,322.25,319.65,321.45,290832
2017-01-13 11:15:00+05:30,321.45,322.55,321.25,322.55,28765
2017-01-13 12:15:00+05:30,322.55,322.95,321.05,321.8,34857
2017-01-13 13:15:00+05:30,321.8,323.45,321.65,321.95,51644
2017-01-13 14:15:00+05:30,321.95,324.6,321.25,324.0,139332
2017-01-13 15:15:00+05:30,324.0,324.65,323.55,324.4,124493
2017-01-16 09:15:00+05:30,325.0,327.55,324.5,326.95,141094
2017-01-16 10:15:00+05:30,326.95,328.05,326.05,326.85,100099
2017-01-16 11:15:00+05:30,326.85,328.3,326.6,327.05,57246
2017-01-16 12:15:00+05:30,327.05,330.7,326.2,329.95,170263
2017-01-16 13:15:00+05:30,329.85,331.0,329.55,330.4,226389
2017-01-16 14:15:00+05:30,330.4,331.0,329.1,330.1,284202
2017-01-16 15:15:00+05:30,330.1,330.2,328.9,329.2,124381
2017-01-17 09:15:00+05:30,330.0,332.35,328.9,329.7,158359
2017-01-17 10:15:00+05:30,329.7,330.0,328.0,328.0,70048
2017-01-17 11:15:00+05:30,328.15,328.75,327.3,327.75,72149
2017-01-17 12:15:00+05:30,327.75,330.25,327.3,329.6,313339
2017-01-17 13:15:00+05:30,329.65,331.4,329.0,329.5,67763
2017-01-17 14:15:00+05:30,329.5,329.65,328.05,328.75,165630
2017-01-17 15:15:00+05:30,328.75,328.95,327.5,327.5,62193
2017-01-18 09:15:00+05:30,329.45,330.75,328.7,328.95,234242
2017-01-18 10:15:00+05:30,328.95,329.65,327.1,327.65,181226
2017-01-18 11:15:00+05:30,327.65,328.85,326.85,328.1,126177
2017-01-18 12:15:00+05:30,328.1,329.25,327.8,328.85,107723
2017-01-18 13:15:00+05:30,328.85,330.0,328.2,328.95,118179
2017-01-18 14:15:00+05:30,329.0,329.0,327.5,328.2,191496
2017-01-18 15:15:00+05:30,328.2,329.1,327.45,328.2,87057
2017-01-19 09:15:00+05:30,329.0,334.4,327.5,333.7,303985
2017-01-19 10:15:00+05:30,333.7,338.2,333.3,338.0,519570
2017-01-19 11:15:00+05:30,338.05,339.4,337.5,339.25,479789
2017-01-19 12:15:00+05:30,339.25,339.3,338.45,339.15,337464
2017-01-19 13:15:00+05:30,339.25,339.35,337.1,337.3,113571
2017-01-19 14:15:00+05:30,337.3,338.15,337.0,337.65,286020
2017-01-19 15:15:00+05:30,337.75,337.75,337.0,337.2,162998
2017-01-20 09:15:00+05:30,334.6,334.8,329.75,331.2,407981
2017-01-20 10:15:00+05:30,331.2,331.2,329.8,330.25,152486
2017-01-20 11:15:00+05:30,330.25,331.4,329.9,331.25,116437
2017-01-20 12:15:00+05:30,331.25,331.45,327.45,327.75,139952
2017-01-20 13:15:00+05:30,327.75,328.15,326.2,327.0,142626
2017-01-20 14:15:00+05:30,327.0,329.55,326.55,327.9,551383
2017-01-20 15:15:00+05:30,327.95,328.9,326.55,327.45,375719
2017-01-23 09:15:00+05:30,327.3,332.6,327.05,330.1,233751
2017-01-23 10:15:00+05:30,330.1,330.7,328.7,329.8,132993
2017-01-23 11:15:00+05:30,329.8,330.4,327.2,328.45,154286
2017-01-23 12:15:00+05:30,328.45,331.0,327.35,329.45,143375
2017-01-23 13:15:00+05:30,329.45,330.55,328.85,329.85,282505
2017-01-23 14:15:00+05:30,329.9,334.3,328.75,334.25,500611
2017-01-23 15:15:00+05:30,334.25,334.75,333.05,333.75,121903
2017-01-24 09:15:00+05:30,333.5,338.0,332.2,337.05,179474
2017-01-24 10:15:00+05:30,337.0,337.9,336.95,337.6,99873
2017-01-24 11:15:00+05:30,337.5,338.0,336.8,337.0,59148
2017-01-24 12:15:00+05:30,337.0,338.75,337.0,338.5,151034
2017-01-24 13:15:00+05:30,338.5,338.5,337.3,337.9,49516
2017-01-24 14:15:00+05:30,338.0,339.0,337.5,338.6,151939
2017-01-24 15:15:00+05:30,338.6,338.95,337.85,338.4,98283
2017-01-25 09:15:00+05:30,340.05,341.6,338.0,339.0,221029
2017-01-25 10:15:00+05:30,339.15,339.9,337.7,339.6,94321
2017-01-25 11:15:00+05:30,339.6,340.0,338.6,339.1,89703
2017-01-25 12:15:00+05:30,339.1,339.45,337.35,338.0,124337
2017-01-25 13:15:00+05:30,337.9,339.3,337.6,338.2,53396
2017-01-25 14:15:00+05:30,338.2,341.65,337.75,341.65,601156
2017-01-25 15:15:00+05:30,341.8,344.6,340.95,343.4,385134
2017-01-27 09:15:00+05:30,343.6,344.85,340.5,341.6,144417
2017-01-27 10:15:00+05:30,341.6,343.0,341.45,342.15,77279
2017-01-27 11:15:00+05:30,342.15,342.5,340.5,340.95,123349
2017-01-27 12:15:00+05:30,340.95,341.5,339.3,340.8,145680
2017-01-27 13:15:00+05:30,340.8,341.9,339.5,341.45,158646
2017-01-27 14:15:00+05:30,341.65,344.0,339.55,343.1,608155
2017-01-27 15:15:00+05:30,343.1,343.25,340.65,341.9,75858
2017-01-30 09:15:00+05:30,340.05,341.0,337.1,337.45,135086
2017-01-30 10:15:00+05:30,337.5,337.75,335.1,335.7,306336
2017-01-30 11:15:00+05:30,335.7,337.2,335.2,336.6,109658
2017-01-30 12:15:00+05:30,336.45,337.9,336.15,336.85,121563
2017-01-30 13:15:00+05:30,336.85,337.0,335.75,335.95,154322
2017-01-30 14:15:00+05:30,335.95,338.25,334.65,336.6,237616
2017-01-30 15:15:00+05:30,336.6,337.85,335.7,337.0,66633
2017-01-31 09:15:00+05:30,335.85,335.85,332.1,335.0,186627
2017-01-31 10:15:00+05:30,335.0,335.05,333.35,334.4,49520
2017-01-31 11:15:00+05:30,334.4,335.6,333.1,334.0,187504
2017-01-31 12:15:00+05:30,334.0,339.35,333.75,336.85,307781
2017-01-31 13:15:00+05:30,336.85,336.85,333.0,333.3,125125
2017-01-31 14:15:00+05:30,333.3,334.8,329.5,333.0,390493
2017-01-31 15:15:00+05:30,333.0,333.65,330.95,331.75,136377
2017-02-01 09:15:00+05:30,335.0,339.4,332.4,337.25,273563
2017-02-01 10:15:00+05:30,337.25,337.95,334.8,336.1,148065
2017-02-01 11:15:00+05:30,336.1,338.85,335.55,336.6,140813
2017-02-01 12:15:00+05:30,336.6,341.4,333.55,339.7,157104
2017-02-01 13:15:00+05:30,339.7,345.0,338.8,344.25,223968
2017-02-01 14:15:00+05:30,344.35,345.05,343.45,344.65,260821
2017-02-01 15:15:00+05:30,344.65,345.7,343.1,344.0,246020
2017-02-02 09:15:00+05:30,345.0,345.0,338.1,338.75,443196
2017-02-02 10:15:00+05:30,338.75,340.3,338.0,339.9,163859
2017-02-02 11:15:00+05:30,339.9,340.2,337.05,337.95,167156
2017-02-02 12:15:00+05:30,338.05,339.6,337.15,338.05,132832
2017-02-02 13:15:00+05:30,338.05,338.1,335.1,335.25,229125
2017-02-02 14:15:00+05:30,335.25,340.6,335.25,339.5,574257
2017-02-02 15:15:00+05:30,339.55,339.95,339.0,339.15,268802
2017-02-03 09:15:00+05:30,341.25,341.25,336.15,336.55,104540
2017-02-03 10:15:00+05:30,336.55,336.9,335.3,336.0,99776
2017-02-03 11:15:00+05:30,336.0,338.0,336.0,337.25,346022
2017-02-03 12:15:00+05:30,337.2,337.25,334.0,334.9,144228
2017-02-03 13:15:00+05:30,334.9,336.0,334.5,335.0,90634
2017-02-03 14:15:00+05:30,335.0,335.6,333.4,334.0,445257
2017-02-03 15:15:00+05:30,334.15,334.6,333.0,333.3,116114
2017-02-06 09:15:00+05:30,339.95,339.95,333.1,333.85,208280
2017-02-06 10:15:00+05:30,333.85,335.95,333.15,335.7,189786
2017-02-06 11:15:00+05:30,335.7,335.9,334.2,335.35,143223
2017-02-06 12:15:00+05:30,335.35,335.85,333.35,333.95,167491
2017-02-06 13:15:00+05:30,333.95,334.0,331.35,331.9,412065
2017-02-06 14:15:00+05:30,331.9,332.5,330.3,331.85,841527
2017-02-06 15:15:00+05:30,332.05,332.1,328.8,330.4,1214785
2017-02-07 09:15:00+05:30,332.1,332.45,321.9,324.25,471989
2017-02-07 10:15:00+05:30,324.25,324.55,321.3,321.45,400634
2017-02-07 11:15:00+05:30,321.45,322.15,320.55,321.55,221037
2017-02-07 12:15:00+05:30,321.55,322.4,320.45,321.35,231763
2017-02-07 13:15:00+05:30,321.35,321.65,319.25,319.4,200775
2017-02-07 14:15:00+05:30,319.4,321.35,316.8,320.8,591341
2017-02-07 15:15:00+05:30,320.8,320.8,318.6,319.0,227395
2017-02-08 09:15:00+05:30,321.15,323.45,320.0,321.35,390294
2017-02-08 10:15:00+05:30,321.35,323.1,320.6,322.5,259017
2017-02-08 11:15:00+05:30,322.5,323.5,321.5,322.25,276237
2017-02-08 12:15:00+05:30,322.25,322.5,321.05,321.5,253938
2017-02-08 13:15:00+05:30,321.5,321.95,320.0,320.85,468663
2017-02-08 14:15:00+05:30,320.6,321.4,318.9,321.3,488194
2017-02-08 15:15:00+05:30,321.45,321.75,319.5,321.0,151297
2017-02-09 09:15:00+05:30,322.0,324.8,319.7,319.7,283696
2017-02-09 10:15:00+05:30,319.75,320.35,316.5,317.75,333681
2017-02-09 11:15:00+05:30,317.75,318.05,316.35,317.95,103415
2017-02-09 12:15:00+05:30,318.0,319.0,317.45,318.5,296378
2017-02-09 13:15:00+05:30,318.5,319.5,318.0,318.65,264781
2017-02-09 14:15:00+05:30,318.65,320.0,318.05,319.85,222557
2017-02-09 15:15:00+05:30,319.85,320.5,319.15,319.7,169590
2017-02-10 09:15:00+05:30,322.9,322.9,315.2,316.2,534324
2017-02-10 10:15:00+05:30,316.2,317.0,315.1,315.5,166888
2017-02-10 11:15:00+05:30,315.5,317.8,315.5,316.25,231085
2017-02-10 12:15:00+05:30,316.25,317.65,316.1,317.1,190522
2017-02-10 13:15:00+05:30,317.1,318.55,315.8,317.0,238829
2017-02-10 14:15:00+05:30,317.0,318.3,315.05,317.55,734564
2017-02-10 15:15:00+05:30,317.55,318.2,316.7,318.2,194505
2017-02-13 09:15:00+05:30,316.2,321.0,314.25,319.25,172730
2017-02-13 10:15:00+05:30,319.2,320.0,318.0,319.65,160972
2017-02-13 11:15:00+05:30,319.6,319.7,315.2,317.6,180031
2017-02-13 12:15:00+05:30,317.85,318.6,316.5,316.8,111742
2017-02-13 13:15:00+05:30,316.8,317.65,316.2,316.5,134480
2017-02-13 14:15:00+05:30,316.45,317.4,315.2,316.95,183833
2017-02-13 15:15:00+05:30,316.9,317.8,315.35,316.0,73611
2017-02-14 09:15:00+05:30,315.95,316.0,311.6,314.25,190518
2017-02-14 10:15:00+05:30,314.25,315.5,313.75,315.5,215364
2017-02-14 11:15:00+05:30,315.5,316.45,314.95,316.3,163844
2017-02-14 12:15:00+05:30,316.3,316.5,315.5,315.75,75235
2017-02-14 13:15:00+05:30,315.8,316.5,314.0,315.0,127949
2017-02-14 14:15:00+05:30,315.0,316.9,299.25,301.6,1297025
2017-02-14 15:15:00+05:30,301.65,302.3,288.1,288.5,2365724
2017-02-15 09:15:00+05:30,276.8,280.3,270.0,278.75,4919943
2017-02-15 10:15:00+05:30,278.75,278.85,273.55,274.95,2128258
2017-02-15 11:15:00+05:30,274.9,274.95,272.6,273.35,756188
2017-02-15 12:15:00+05:30,273.7,274.15,268.35,269.7,1291876
2017-02-15 13:15:00+05:30,269.75,272.9,269.4,270.3,1734776
2017-02-15 14:15:00+05:30,270.6,270.6,267.3,268.25,2842059
2017-02-15 15:15:00+05:30,268.25,269.1,267.25,268.4,796076
2017-02-16 09:15:00+05:30,270.9,272.0,267.3,271.15,992017
2017-02-16 10:15:00+05:30,271.15,273.65,271.0,273.4,454182
2017-02-16 11:15:00+05:30,273.35,274.0,272.25,273.0,402738
2017-02-16 12:15:00+05:30,272.85,273.2,272.0,272.35,218953
2017-02-16 13:15:00+05:30,272.35,273.55,272.0,273.2,187972
2017-02-16 14:15:00+05:30,273.2,277.3,273.0,276.8,725692
2017-02-16 15:15:00+05:30,276.8,277.25,273.55,274.45,183563
2017-02-17 09:15:00+05:30,276.9,279.65,273.9,278.95,538831
2017-02-17 10:15:00+05:30,278.75,279.9,278.3,279.25,359063
2017-02-17 11:15:00+05:30,279.25,279.25,277.0,278.7,125606
2017-02-17 12:15:00+05:30,278.7,278.9,278.05,278.55,95859
2017-02-17 13:15:00+05:30,278.55,279.8,278.35,279.2,249132
2017-02-17 14:15:00+05:30,279.3,280.5,278.0,278.25,595122
2017-02-17 15:15:00+05:30,278.25,278.4,276.0,276.55,126597
2017-02-20 09:15:00+05:30,278.0,278.75,275.05,277.7,281483
2017-02-20 10:15:00+05:30,277.7,278.0,275.65,275.95,140855
2017-02-20 11:15:00+05:30,275.95,278.4,275.85,277.6,103056
2017-02-20 12:15:00+05:30,277.6,278.85,277.0,278.35,109456
2017-02-20 13:15:00+05:30,278.35,280.7,278.3,279.65,257231
2017-02-20 14:15:00+05:30,279.65,280.0,278.0,278.95,187447
2017-02-20 15:15:00+05:30,278.95,279.1,277.85,278.5,118327
2017-02-21 09:15:00+05:30,278.85,281.5,278.6,281.35,491308
2017-02-21 10:15:00+05:30,281.35,281.35,279.3,280.0,156640
2017-02-21 11:15:00+05:30,280.1,280.6,279.1,279.9,119947
2017-02-21 12:15:00+05:30,279.9,280.2,279.3,279.65,124430
2017-02-21 13:15:00+05:30,279.65,280.35,279.0,279.85,277918
2017-02-21 14:15:00+05:30,279.85,280.8,279.1,279.1,303337
2017-02-21 15:15:00+05:30,279.15,279.4,278.05,278.25,191436
2017-02-22 09:15:00+05:30,280.5,283.35,280.5,283.15,471540
2017-02-22 10:15:00+05:30,283.15,283.75,282.5,283.65,228971
2017-02-22 11:15:00+05:30,283.65,284.95,283.45,284.85,242992
2017-02-22 12:15:00+05:30,284.85,286.7,284.05,284.7,639308
2017-02-22 13:15:00+05:30,284.7,285.2,281.75,284.8,551679
2017-02-22 14:15:00+05:30,284.85,285.35,281.9,282.85,409553
2017-02-22 15:15:00+05:30,282.85,283.85,282.4,283.8,352379
2017-02-23 09:15:00+05:30,286.15,286.3,282.0,282.7,345373
2017-02-23 10:15:00+05:30,282.7,283.4,282.3,283.2,109770
2017-02-23 11:15:00+05:30,283.0,283.95,283.0,283.45,68779
2017-02-23 12:15:00+05:30,283.45,284.6,283.35,284.45,73699
2017-02-23 13:15:00+05:30,284.6,285.0,283.05,283.75,114343
2017-02-23 14:15:00+05:30,283.85,284.7,279.2,280.0,396169
2017-02-23 15:15:00+05:30,280.15,283.0,279.9,282.8,410446
2017-02-27 09:15:00+05:30,281.2,281.35,278.5,278.8,193646
2017-02-27 10:15:00+05:30,278.8,278.95,277.25,277.95,117718
2017-02-27 11:15:00+05:30,277.95,278.45,275.5,275.55,395979
2017-02-27 12:15:00+05:30,275.55,277.5,275.5,276.1,127877
2017-02-27 13:15:00+05:30,276.1,277.5,275.7,276.85,99963
2017-02-27 14:15:00+05:30,276.8,278.0,276.5,277.5,194354
2017-02-27 15:15:00+05:30,277.5,277.85,276.1,276.5,105565
2017-02-28 09:15:00+05:30,277.2,277.8,275.1,276.25,209603
2017-02-28 10:15:00+05:30,276.25,277.3,275.75,277.2,422734
2017-02-28 11:15:00+05:30,277.2,277.25,275.55,276.5,122799
2017-02-28 12:15:00+05:30,276.5,277.2,276.25,276.75,50098
2017-02-28 13:15:00+05:30,276.75,277.05,275.8,276.65,76220
2017-02-28 14:15:00+05:30,276.65,277.0,275.7,275.7,356698
2017-02-28 15:15:00+05:30,275.75,276.35,275.1,276.0,288209
2017-03-01 09:15:00+05:30,276.9,276.9,274.7,276.2,215809
2017-03-01 10:15:00+05:30,276.2,276.75,275.6,275.65,120377
2017-03-01 11:15:00+05:30,275.65,276.25,275.25,275.95,82068
2017-03-01 12:15:00+05:30,275.95,276.2,275.25,275.55,103439
2017-03-01 13:15:00+05:30,275.55,276.15,275.35,275.85,80883
2017-03-01 14:15:00+05:30,275.85,276.1,274.4,274.65,231113
2017-03-01 15:15:00+05:30,274.6,274.9,274.0,274.65,124107
2017-03-02 09:15:00+05:30,279.4,283.35,278.8,282.4,1405078
2017-03-02 10:15:00+05:30,282.4,283.25,281.8,282.45,742236
2017-03-02 11:15:00+05:30,282.45,284.3,282.25,284.05,476747
2017-03-02 12:15:00+05:30,284.0,284.2,282.7,283.15,306204
2017-03-02 13:15:00+05:30,283.15,284.0,282.9,283.9,238538
2017-03-02 14:15:00+05:30,283.85,285.35,281.25,281.95,861316
2017-03-02 15:15:00+05:30,281.95,283.45,281.3,282.55,170350
2017-03-03 09:15:00+05:30,282.65,283.95,279.8,281.0,450216
2017-03-03 10:15:00+05:30,281.0,281.95,280.4,281.6,139071
2017-03-03 11:15:00+05:30,281.6,282.3,280.0,280.1,162246
2017-03-03 12:15:00+05:30,280.1,280.65,279.55,280.0,426866
2017-03-03 13:15:00+05:30,280.0,280.95,279.85,280.6,250080
2017-03-03 14:15:00+05:30,280.55,282.3,279.8,279.9,458478
2017-03-03 15:15:00+05:30,279.85,280.65,279.3,280.5,494113
2017-03-06 09:15:00+05:30,281.1,283.55,281.0,281.15,458475
2017-03-06 10:15:00+05:30,281.15,282.45,280.8,281.25,359238
2017-03-06 11:15:00+05:30,281.25,281.65,279.75,280.6,730142
2017-03-06 12:15:00+05:30,280.6,281.25,279.8,280.2,403967
2017-03-06 13:15:00+05:30,280.2,281.5,280.15,280.8,281267
2017-03-06 14:15:00+05:30,280.8,283.75,280.55,283.35,1152218
2017-03-06 15:15:00+05:30,283.4,283.4,281.35,282.0,322929
2017-03-07 09:15:00+05:30,283.35,283.35,279.95,282.0,515549
2017-03-07 10:15:00+05:30,282.0,285.75,282.0,283.3,753302
2017-03-07 11:15:00+05:30,283.3,283.95,281.5,281.5,417008
2017-03-07 12:15:00+05:30,281.75,283.3,281.5,282.9,377405
2017-03-07 13:15:00+05:30,282.95,283.25,281.55,282.45,232166
2017-03-07 14:15:00+05:30,282.45,283.15,281.2,282.95,592244
2017-03-07 15:15:00+05:30,282.95,283.0,281.55,282.05,175822
2017-03-08 09:15:00+05:30,282.4,282.95,280.5,281.75,408262
2017-03-08 10:15:00+05:30,281.75,281.95,279.2,279.3,341670
2017-03-08 11:15:00+05:30,279.3,279.45,277.8,279.05,84016
2017-03-08 12:15:00+05:30,279.05,279.35,278.4,278.8,76464
2017-03-08 13:15:00+05:30,278.65,279.65,278.2,278.6,100655
2017-03-08 14:15:00+05:30,278.6,279.6,278.5,279.5,160741
2017-03-08 15:15:00+05:30,279.5,280.0,279.0,279.0,153636
2017-03-09 09:15:00+05:30,277.95,282.3,277.85,279.8,345274
2017-03-09 10:15:00+05:30,279.8,280.15,277.9,278.85,247888
2017-03-09 11:15:00+05:30,278.85,279.65,278.3,279.0,106939
2017-03-09 12:15:00+05:30,279.0,280.0,277.7,279.55,1146242
2017-03-09 13:15:00+05:30,279.5,279.95,279.1,279.55,538134
2017-03-09 14:15:00+05:30,279.5,279.95,278.8,279.15,650358
2017-03-09 15:15:00+05:30,279.15,279.7,278.35,278.5,392447
2017-03-10 09:15:00+05:30,281.7,281.75,277.9,278.2,155231
2017-03-10 10:15:00+05:30,278.2,279.2,278.1,278.9,80726
2017-03-10 11:15:00+05:30,278.9,279.1,278.3,278.95,36627
2017-03-10 12:15:00+05:30,278.95,279.5,278.65,278.8,58329
2017-03-10 13:15:00+05:30,278.8,279.7,278.05,278.6,75160
2017-03-10 14:15:00+05:30,278.6,281.0,278.05,280.1,197429
2017-03-10 15:15:00+05:30,280.1,280.3,278.3,278.5,102876
2017-03-14 09:15:00+05:30,285.0,285.1,281.8,282.6,529309
2017-03-14 10:15:00+05:30,282.55,283.55,282.3,283.5,125630
2017-03-14 11:15:00+05:30,283.5,284.4,283.35,283.5,131560
2017-03-14 12:15:00+05:30,283.5,284.3,283.0,283.7,88016
2017-03-14 13:15:00+05:30,283.7,284.1,282.35,282.6,116951
2017-03-14 14:15:00+05:30,282.6,283.1,281.7,282.1,271431
2017-03-14 15:15:00+05:30,282.1,282.5,282.0,282.45,156458
2017-03-15 09:15:00+05:30,282.9,284.1,282.65,283.6,224740
2017-03-15 10:15:00+05:30,283.6,283.6,281.9,282.75,96409
2017-03-15 11:15:00+05:30,282.75,283.95,282.65,283.3,88473
2017-03-15 12:15:00+05:30,283.3,284.5,283.2,284.2,144875
2017-03-15 13:15:00+05:30,284.2,284.9,283.3,284.9,99185
2017-03-15 14:15:00+05:30,284.9,288.1,284.7,286.75,527800
2017-03-15 15:15:00+05:30,286.8,287.15,285.45,286.5,162845
2017-03-16 09:15:00+05:30,288.6,292.25,288.6,292.0,537211
2017-03-16 10:15:00+05:30,291.95,292.25,290.5,290.7,230703
2017-03-16 11:15:00+05:30,290.7,291.65,289.2,291.1,288671
2017-03-16 12:15:00+05:30,291.1,291.5,290.3,290.9,94149
2017-03-16 13:15:00+05:30,290.9,291.9,290.2,291.6,113391
2017-03-16 14:15:00+05:30,291.65,293.0,291.5,293.0,519884
2017-03-16 15:15:00+05:30,293.0,293.45,292.0,292.05,298459
2017-03-17 09:15:00+05:30,292.95,294.0,289.35,289.65,456193
2017-03-17 10:15:00+05:30,289.65,290.0,287.45,287.85,238784
2017-03-17 11:15:00+05:30,287.7,288.4,285.0,285.6,237299
2017-03-17 12:15:00+05:30,285.6,286.85,284.6,285.1,273732
2017-03-17 13:15:00+05:30,285.1,287.6,285.05,287.45,195650
2017-03-17 14:15:00+05:30,287.45,288.05,286.75,286.8,430934
2017-03-17 15:15:00+05:30,286.8,287.2,285.05,287.0,324943
2017-03-20 09:15:00+05:30,286.5,287.0,284.9,286.0,198783
2017-03-20 10:15:00+05:30,286.0,286.1,285.45,285.7,72798
2017-03-20 11:15:00+05:30,285.7,286.0,284.75,285.95,389036
2017-03-20 12:15:00+05:30,285.95,287.0,285.95,286.85,135986
2017-03-20 13:15:00+05:30,286.85,288.95,286.65,288.9,157692
2017-03-20 14:15:00+05:30,288.9,289.35,287.6,288.7,310144
2017-03-20 15:15:00+05:30,288.7,289.1,287.2,287.3,131579
2017-03-21 09:15:00+05:30,287.2,288.8,285.4,285.5,207349
2017-03-21 10:15:00+05:30,285.45,285.75,283.35,284.1,200484
2017-03-21 11:15:00+05:30,284.1,284.3,283.5,283.65,161337
2017-03-21 12:15:00+05:30,283.65,284.35,282.5,282.55,224385
2017-03-21 13:15:00+05:30,282.6,284.05,282.5,283.45,545580
2017-03-21 14:15:00+05:30,283.5,284.9,283.45,284.1,240586
2017-03-21 15:15:00+05:30,284.25,284.4,283.65,283.8,177400
2017-03-22 09:15:00+05:30,282.95,283.0,280.0,280.3,404308
2017-03-22 10:15:00+05:30,280.2,280.3,279.0,279.3,570444
2017-03-22 11:15:00+05:30,279.5,280.0,277.8,278.55,231013
2017-03-22 12:15:00+05:30,278.6,279.5,278.45,279.25,257121
2017-03-22 13:15:00+05:30,279.25,279.5,278.35,278.7,163440
2017-03-22 14:15:00+05:30,278.7,278.9,277.1,277.65,378694
2017-03-22 15:15:00+05:30,277.7,277.75,277.05,277.25,165196
2017-03-23 09:15:00+05:30,278.15,280.45,278.15,280.15,483423
2017-03-23 10:15:00+05:30,280.15,280.45,279.7,280.25,642578
2017-03-23 11:15:00+05:30,280.25,282.6,279.85,282.4,496721
2017-03-23 12:15:00+05:30,282.45,284.7,282.4,282.8,348610
2017-03-23 13:15:00+05:30,282.8,283.85,282.5,283.75,168034
2017-03-23 14:15:00+05:30,283.75,284.05,281.5,281.5,474372
2017-03-23 15:15:00+05:30,281.5,281.6,280.1,281.45,199311
2017-03-24 09:15:00+05:30,281.6,282.0,279.9,281.8,388410
2017-03-24 10:15:00+05:30,281.8,283.4,281.65,283.05,321105
2017-03-24 11:15:00+05:30,283.05,283.5,282.1,283.25,44927
2017-03-24 12:15:00+05:30,283.25,283.5,282.25,282.75,41063
2017-03-24 13:15:00+05:30,282.75,283.2,282.1,282.9,74865
2017-03-24 14:15:00+05:30,282.95,283.45,280.8,281.0,247111
2017-03-24 15:15:00+05:30,281.0,281.05,280.0,280.7,90181
2017-03-27 09:15:00+05:30,280.05,280.2,278.75,279.15,433598
2017-03-27 10:15:00+05:30,279.15,279.35,276.95,278.8,5992211
2017-03-27 11:15:00+05:30,278.8,279.15,277.25,278.4,404222
2017-03-27 12:15:00+05:30,278.35,279.85,278.05,279.5,240139
2017-03-27 13:15:00+05:30,279.55,279.8,278.5,278.9,254672
2017-03-27 14:15:00+05:30,278.9,279.9,278.25,279.45,246712
2017-03-27 15:15:00+05:30,279.45,279.8,278.1,279.0,251554
2017-03-28 09:15:00+05:30,279.85,283.25,279.35,282.9,449170
2017-03-28 10:15:00+05:30,282.9,284.85,282.6,284.5,412450
2017-03-28 11:15:00+05:30,284.5,284.95,283.05,284.4,312399
2017-03-28 12:15:00+05:30,284.4,284.5,283.65,284.5,177701
2017-03-28 13:15:00+05:30,284.5,284.9,283.85,284.7,322250
2017-03-28 14:15:00+05:30,284.7,285.75,283.3,285.7,585955
2017-03-28 15:15:00+05:30,285.75,287.2,285.35,287.0,199350
2017-03-29 09:15:00+05:30,288.0,288.0,283.55,285.95,352239
2017-03-29 10:15:00+05:30,285.95,287.75,285.95,287.15,198276
2017-03-29 11:15:00+05:30,287.2,288.15,286.9,287.5,302749
2017-03-29 12:15:00+05:30,287.5,289.0,287.25,288.1,261609
2017-03-29 13:15:00+05:30,288.1,288.5,280.45,283.25,458244
2017-03-29 14:15:00+05:30,283.3,284.6,282.35,283.55,460513
2017-03-29 15:15:00+05:30,283.55,284.4,283.25,283.3,140157
2017-03-30 09:15:00+05:30,282.9,284.0,281.15,283.5,382644
2017-03-30 10:15:00+05:30,283.5,284.4,282.4,283.75,288748
2017-03-30 11:15:00+05:30,283.8,283.85,281.8,283.2,319933
2017-03-30 12:15:00+05:30,283.2,284.85,282.8,283.85,172975
2017-03-30 13:15:00+05:30,283.85,284.85,282.9,284.4,211552
2017-03-30 14:15:00+05:30,284.4,284.95,281.1,281.2,1914232
2017-03-30 15:15:00+05:30,281.4,282.0,280.85,280.95,1615552
2017-03-31 09:15:00+05:30,282.0,283.5,281.4,282.35,115569
2017-03-31 10:15:00+05:30,282.35,285.0,282.0,284.0,115752
2017-03-31 11:15:00+05:30,284.0,284.75,283.1,283.4,67088
2017-03-31 12:15:00+05:30,283.4,283.95,282.6,283.1,41131
2017-03-31 13:15:00+05:30,283.1,283.5,281.6,282.75,112978
2017-03-31 14:15:00+05:30,282.55,283.35,282.0,282.3,349365
2017-03-31 15:15:00+05:30,282.2,282.5,280.55,282.15,133457
2017-04-03 09:15:00+05:30,284.0,284.6,280.5,280.9,575547
2017-04-03 10:15:00+05:30,280.9,281.25,280.0,280.75,232765
2017-04-03 11:15:00+05:30,280.75,281.75,280.25,281.15,117546
2017-04-03 12:15:00+05:30,281.15,281.5,280.4,280.5,89265
2017-04-03 13:15:00+05:30,280.5,281.1,280.4,280.6,81387
2017-04-03 14:15:00+05:30,280.6,281.7,280.35,281.3,266751
2017-04-03 15:15:00+05:30,281.2,281.5,280.55,281.5,118427
2017-04-05 09:15:00+05:30,282.25,283.2,280.95,282.2,265240
2017-04-05 10:15:00+05:30,282.25,283.05,282.15,282.6,117125
2017-04-05 11:15:00+05:30,282.6,284.0,282.15,283.8,293020
2017-04-05 12:15:00+05:30,283.8,283.9,283.0,283.15,126718
2017-04-05 13:15:00+05:30,283.0,283.85,282.95,283.35,162146
2017-04-05 14:15:00+05:30,283.25,286.75,283.1,285.4,490427
2017-04-05 15:15:00+05:30,285.55,285.85,283.85,285.35,146511
2017-04-06 09:15:00+05:30,285.1,287.5,283.8,283.8,304225
2017-04-06 10:15:00+05:30,283.7,284.1,282.5,283.5,283272
2017-04-06 11:15:00+05:30,283.5,285.0,283.25,284.8,110843
2017-04-06 12:15:00+05:30,284.8,286.7,284.8,285.9,152414
2017-04-06 13:15:00+05:30,285.9,286.55,285.3,285.95,69119
2017-04-06 14:15:00+05:30,285.95,286.85,285.3,286.65,338527
2017-04-06 15:15:00+05:30,286.7,287.05,285.9,286.0,210188
2017-04-07 09:15:00+05:30,284.2,284.65,282.25,284.25,658432
2017-04-07 10:15:00+05:30,284.4,287.75,284.25,285.7,249703
2017-04-07 11:15:00+05:30,285.7,286.0,284.15,284.4,120040
2017-04-07 12:15:00+05:30,284.4,284.6,284.1,284.4,129753
2017-04-07 13:15:00+05:30,284.4,285.3,284.1,285.2,124171
2017-04-07 14:15:00+05:30,285.2,285.25,284.1,284.1,893851
2017-04-07 15:15:00+05:30,284.15,284.65,282.85,282.85,153012
2017-04-10 09:15:00+05:30,284.35,284.5,282.35,283.5,252431
2017-04-10 10:15:00+05:30,283.5,286.9,283.4,286.8,154425
2017-04-10 11:15:00+05:30,286.8,287.5,286.0,286.75,167561
2017-04-10 12:15:00+05:30,286.75,287.8,286.1,287.4,164159
2017-04-10 13:15:00+05:30,287.45,292.0,287.1,290.65,568908
2017-04-10 14:15:00+05:30,290.65,291.65,289.25,290.4,318864
2017-04-10 15:15:00+05:30,290.5,290.7,289.7,290.1,175286
2017-05-10 09:15:00+05:30,264.0,264.4,261.0,263.85,413666
2017-05-10 10:15:00+05:30,263.85,265.3,263.85,265.05,165120
2017-05-10 11:15:00+05:30,265.05,266.25,264.75,264.95,240107
2017-05-10 12:15:00+05:30,264.9,265.2,262.8,262.95,128774
2017-05-10 13:15:00+05:30,262.8,264.25,262.8,263.9,72780
2017-05-10 14:15:00+05:30,263.9,264.5,262.45,263.55,194000
2017-05-10 15:15:00+05:30,263.5,263.8,263.05,263.75,79747
2017-05-11 09:15:00+05:30,265.8,266.9,264.0,265.6,248465
2017-05-11 10:15:00+05:30,265.45,265.8,264.6,265.45,91969
2017-05-11 11:15:00+05:30,265.25,266.1,264.9,265.25,100176
2017-05-11 12:15:00+05:30,265.15,265.4,264.25,264.75,81435
2017-05-11 13:15:00+05:30,264.45,265.5,264.25,264.65,786854
2017-05-11 14:15:00+05:30,264.65,266.15,264.3,264.95,473855
2017-05-11 15:15:00+05:30,264.95,265.2,264.5,265.0,89717
2017-05-12 09:15:00+05:30,265.7,266.55,264.8,265.1,562498
2017-05-12 10:15:00+05:30,265.0,265.5,264.45,264.95,97806
2017-05-12 11:15:00+05:30,265.05,265.15,262.7,264.0,160904
2017-05-12 12:15:00+05:30,264.0,265.2,263.55,264.6,356965
2017-05-12 13:15:00+05:30,264.8,265.1,264.0,265.0,118287
2017-05-12 14:15:00+05:30,265.0,265.4,264.0,265.1,446626
2017-05-12 15:15:00+05:30,265.0,265.15,263.9,264.0,117436
2017-05-15 09:15:00+05:30,266.0,266.0,264.6,264.8,95463
2017-05-15 10:15:00+05:30,264.8,265.3,263.65,264.0,398992
2017-05-15 11:15:00+05:30,264.0,264.85,263.75,263.9,127492
2017-05-15 12:15:00+05:30,263.9,264.95,263.1,263.3,154055
2017-05-15 13:15:00+05:30,263.3,263.75,262.3,263.1,333728
2017-05-15 14:15:00+05:30,263.1,264.0,262.6,263.55,274125
2017-05-15 15:15:00+05:30,263.55,264.25,263.5,263.95,84840
2017-05-16 09:15:00+05:30,265.0,266.25,264.0,265.2,167249
2017-05-16 10:15:00+05:30,265.2,267.05,265.05,266.8,332000
2017-05-16 11:15:00+05:30,266.8,267.0,265.65,266.9,117422
2017-05-16 12:15:00+05:30,266.9,267.85,266.55,267.0,169943
2017-05-16 13:15:00+05:30,266.85,267.4,266.1,266.9,183702
2017-05-16 14:15:00+05:30,266.9,267.25,266.1,266.9,278881
2017-05-16 15:15:00+05:30,267.0,267.3,266.5,267.25,174563
2017-05-17 09:15:00+05:30,267.1,268.55,265.4,267.45,314538
2017-05-17 10:15:00+05:30,267.45,268.85,267.2,268.0,372037
2017-05-17 11:15:00+05:30,268.0,268.1,266.4,266.9,245579
2017-05-17 12:15:00+05:30,266.9,267.2,265.9,266.4,6302299
2017-05-17 13:15:00+05:30,266.45,271.9,266.4,270.35,1302786
2017-05-17 14:15:00+05:30,270.35,273.25,269.9,270.25,1267522
2017-05-17 15:15:00+05:30,270.5,272.0,270.05,271.8,295070
2017-05-18 09:15:00+05:30,266.7,270.4,266.7,268.1,569685
2017-05-18 10:15:00+05:30,268.1,268.2,265.1,266.6,332401
2017-05-18 11:15:00+05:30,266.6,267.7,265.65,267.1,248504
2017-05-18 12:15:00+05:30,267.1,268.0,266.45,267.05,253950
2017-05-18 13:15:00+05:30,267.05,267.25,265.9,265.95,320904
2017-05-18 14:15:00+05:30,265.95,266.2,264.2,265.0,459862
2017-05-18 15:15:00+05:30,265.0,265.1,262.55,263.5,173073
2017-05-19 09:15:00+05:30,266.45,266.45,263.55,263.6,346507
2017-05-19 10:15:00+05:30,263.6,264.7,262.8,262.85,210904
2017-05-19 11:15:00+05:30,262.85,264.2,261.05,262.2,477122
2017-05-19 12:15:00+05:30,262.0,263.0,261.25,262.5,449309
2017-05-19 13:15:00+05:30,262.55,264.7,261.5,264.6,436082
2017-05-19 14:15:00+05:30,264.65,267.95,264.15,266.5,328180
2017-05-19 15:15:00+05:30,266.55,266.9,266.4,266.85,82239
2017-05-22 09:15:00+05:30,270.0,270.6,267.2,267.65,449088
2017-05-22 10:15:00+05:30,267.6,267.75,265.0,266.2,800548
2017-05-22 11:15:00+05:30,266.2,268.7,265.65,266.45,638002
2017-05-22 12:15:00+05:30,266.45,268.7,265.45,265.95,562496
2017-05-22 13:15:00+05:30,265.9,267.05,265.25,266.35,427621
2017-05-22 14:15:00+05:30,266.5,267.15,264.5,265.0,468063
2017-05-22 15:15:00+05:30,265.0,265.9,264.4,265.3,195285
2017-05-23 09:15:00+05:30,266.2,267.5,261.45,262.45,686492
2017-05-23 10:15:00+05:30,262.45,264.5,262.35,264.25,463611
2017-05-23 11:15:00+05:30,264.25,267.75,263.6,266.2,738728
2017-05-23 12:15:00+05:30,266.2,267.4,265.0,266.7,411359
2017-05-23 13:15:00+05:30,266.7,266.95,263.05,263.8,362527
2017-05-23 14:15:00+05:30,263.8,267.5,262.65,263.55,645321
2017-05-23 15:15:00+05:30,263.55,264.3,263.0,263.5,110378
2017-05-24 09:15:00+05:30,273.0,276.8,272.6,276.1,3100128
2017-05-24 10:15:00+05:30,276.1,276.6,275.15,275.85,788906
2017-05-24 11:15:00+05:30,275.85,276.15,275.1,275.3,385996
2017-05-24 12:15:00+05:30,275.25,276.0,271.75,272.85,1223986
2017-05-24 13:15:00+05:30,272.8,279.0,271.95,278.3,1909308
2017-05-24 14:15:00+05:30,278.3,279.75,276.4,276.8,1377154
2017-05-24 15:15:00+05:30,276.85,277.15,275.0,276.4,434686
2017-05-25 09:15:00+05:30,278.2,279.9,277.8,279.25,556168
2017-05-25 10:15:00+05:30,279.25,285.45,279.0,284.35,929933
2017-05-25 11:15:00+05:30,284.35,284.85,282.5,282.6,365982
2017-05-25 12:15:00+05:30,282.6,283.0,281.35,281.7,383289
2017-05-25 13:15:00+05:30,281.65,282.55,281.45,282.55,219134
2017-05-25 14:15:00+05:30,282.55,285.0,281.9,282.1,906423
2017-05-25 15:15:00+05:30,282.1,282.5,280.75,281.45,465064
2017-05-26 09:15:00+05:30,283.05,286.0,281.25,285.45,675205
2017-05-26 10:15:00+05:30,285.45,285.95,284.6,285.1,286908
2017-05-26 11:15:00+05:30,285.1,286.55,284.65,285.55,367352
2017-05-26 12:15:00+05:30,285.5,288.5,285.25,287.75,336901
2017-05-26 13:15:00+05:30,287.75,289.7,287.2,288.0,325387
2017-05-26 14:15:00+05:30,288.0,288.4,286.15,286.45,407297
2017-05-26 15:15:00+05:30,286.45,287.55,286.3,287.05,317356
2017-05-29 09:15:00+05:30,286.4,286.4,282.25,282.9,446472
2017-05-29 10:15:00+05:30,282.9,285.2,282.4,285.2,117137
2017-05-29 11:15:00+05:30,285.2,285.8,284.25,285.05,321473
2017-05-29 12:15:00+05:30,285.05,285.25,284.25,284.75,74848
2017-05-29 13:15:00+05:30,284.65,286.55,284.4,286.55,92047
2017-05-29 14:15:00+05:30,286.55,286.65,284.35,285.5,181490
2017-05-29 15:15:00+05:30,285.5,286.7,284.95,285.3,117705
2017-05-30 09:15:00+05:30,285.35,288.5,285.35,285.6,259003
2017-05-30 10:15:00+05:30,285.6,288.2,285.1,288.0,237588
2017-05-30 11:15:00+05:30,288.0,289.9,287.65,289.75,223394
2017-05-30 12:15:00+05:30,289.75,289.9,288.85,288.95,215539
2017-05-30 13:15:00+05:30,288.95,289.0,288.4,288.9,195917
2017-05-30 14:15:00+05:30,288.9,289.0,286.55,287.1,299700
2017-05-30 15:15:00+05:30,287.1,287.1,286.2,286.8,70401
2017-05-31 09:15:00+05:30,286.6,287.25,284.35,284.85,584716
2017-05-31 10:15:00+05:30,284.85,285.65,283.7,285.15,131405
2017-05-31 11:15:00+05:30,285.2,286.0,284.15,285.1,117756
2017-05-31 12:15:00+05:30,285.1,287.5,284.85,287.4,150346
2017-05-31 13:15:00+05:30,287.5,289.95,287.45,289.3,217988
2017-05-31 14:15:00+05:30,289.3,289.5,287.3,288.0,602208
2017-05-31 15:15:00+05:30,288.0,288.15,286.35,286.5,406868
2017-06-01 09:15:00+05:30,287.45,289.35,286.1,287.65,260925
2017-06-01 10:15:00+05:30,287.65,288.2,286.7,288.15,113444
2017-06-01 11:15:00+05:30,287.95,289.5,287.75,289.25,107570
2017-06-01 12:15:00+05:30,289.25,289.25,286.6,289.25,128962
2017-06-01 13:15:00+05:30,289.25,291.45,288.3,290.35,174629
2017-06-01 14:15:00+05:30,290.35,290.6,288.3,288.8,141396
2017-06-01 15:15:00+05:30,288.8,288.9,287.05,287.8,117597
2017-06-02 09:15:00+05:30,289.5,292.8,289.1,291.85,545422
2017-06-02 10:15:00+05:30,291.85,294.1,291.3,291.75,478612
2017-06-02 11:15:00+05:30,291.75,291.9,290.1,290.8,152662
2017-06-02 12:15:00+05:30,290.8,291.75,290.4,291.05,101905
2017-06-02 13:15:00+05:30,291.05,291.55,287.6,288.35,193977
2017-06-02 14:15:00+05:30,288.4,290.25,288.2,289.2,247218
2017-06-02 15:15:00+05:30,289.15,289.3,287.1,287.6,194114
2017-06-05 09:15:00+05:30,287.2,289.1,287.2,288.25,178151
2017-06-05 10:15:00+05:30,288.25,288.9,287.25,287.6,190570
2017-06-05 11:15:00+05:30,287.6,288.45,287.5,288.35,70981
2017-06-05 12:15:00+05:30,288.2,288.35,287.05,287.7,286272
2017-06-05 13:15:00+05:30,287.7,288.0,287.25,287.95,127289
2017-06-05 14:15:00+05:30,287.95,288.7,287.85,288.1,141571
2017-06-05 15:15:00+05:30,288.2,288.9,287.9,288.8,88751
2017-06-06 09:15:00+05:30,288.85,290.45,285.15,285.5,264033
2017-06-06 10:15:00+05:30,285.5,286.3,284.25,284.35,213562
2017-06-06 11:15:00+05:30,284.35,284.35,279.5,280.4,448034
2017-06-06 12:15:00+05:30,280.4,280.45,276.85,278.3,407307
2017-06-06 13:15:00+05:30,278.3,279.85,276.7,279.65,256044
2017-06-06 14:15:00+05:30,279.65,281.3,279.0,280.5,442440
2017-06-06 15:15:00+05:30,280.5,281.0,280.05,280.6,110219
2017-06-07 09:15:00+05:30,280.45,281.8,277.15,280.7,332275
2017-06-07 10:15:00+05:30,280.7,281.4,280.0,281.1,429221
2017-06-07 11:15:00+05:30,281.1,281.35,280.0,280.45,172790
2017-06-07 12:15:00+05:30,280.5,280.85,280.0,280.4,456655
2017-06-07 13:15:00+05:30,280.4,280.65,278.9,279.8,87105
2017-06-07 14:15:00+05:30,279.8,281.5,279.5,280.65,168226
2017-06-07 15:15:00+05:30,280.65,280.8,280.1,280.4,93221
2017-06-08 09:15:00+05:30,281.45,284.75,281.3,283.8,876821
2017-06-08 10:15:00+05:30,283.8,285.4,283.8,285.05,625916
2017-06-08 11:15:00+05:30,285.05,285.6,283.5,285.0,570616
2017-06-08 12:15:00+05:30,285.0,287.25,283.7,287.05,566914
2017-06-08 13:15:00+05:30,287.1,288.6,285.65,288.25,371091
2017-06-08 14:15:00+05:30,288.25,288.25,285.25,285.8,445166
2017-06-08 15:15:00+05:30,285.85,285.85,284.45,284.85,88085
2017-06-09 09:15:00+05:30,285.4,286.85,284.0,286.25,275534
2017-06-09 10:15:00+05:30,286.25,286.7,285.35,286.0,131561
2017-06-09 11:15:00+05:30,286.0,286.5,285.55,285.95,250310
2017-06-09 12:15:00+05:30,285.95,287.7,285.5,285.65,251345
2017-06-09 13:15:00+05:30,285.6,287.0,285.55,286.7,136602
2017-06-09 14:15:00+05:30,286.7,292.05,286.5,291.0,1077650
2017-06-09 15:15:00+05:30,291.0,291.7,288.9,289.4,95839
2017-06-12 09:15:00+05:30,289.4,289.75,285.95,287.15,246285
2017-06-12 10:15:00+05:30,286.85,288.0,286.6,287.25,313008
2017-06-12 11:15:00+05:30,287.25,287.25,284.35,284.55,132648
2017-06-12 12:15:00+05:30,284.65,285.15,283.4,283.7,92912
2017-06-12 13:15:00+05:30,283.7,284.1,281.7,283.1,125353
2017-06-12 14:15:00+05:30,283.1,283.55,282.1,282.95,116643
2017-06-12 15:15:00+05:30,282.95,284.3,282.25,282.6,173440
2017-06-13 09:15:00+05:30,283.55,285.45,281.6,281.9,199077
2017-06-13 10:15:00+05:30,281.75,281.9,279.6,280.1,181679
2017-06-13 11:15:00+05:30,280.1,280.5,279.0,280.0,95739
2017-06-13 12:15:00+05:30,280.0,280.05,279.5,279.95,61486
2017-06-13 13:15:00+05:30,279.95,280.0,278.75,279.15,88143
2017-06-13 14:15:00+05:30,279.15,279.5,278.0,278.7,152085
2017-06-13 15:15:00+05:30,278.55,278.65,277.0,278.0,118179
2017-06-14 09:15:00+05:30,278.15,278.9,276.5,276.95,181839
2017-06-14 10:15:00+05:30,276.95,276.95,275.5,276.25,377574
2017-06-14 11:15:00+05:30,276.25,276.25,274.65,274.95,288868
2017-06-14 12:15:00+05:30,274.95,276.2,274.2,275.45,276560
2017-06-14 13:15:00+05:30,275.2,275.9,273.85,275.0,318409
2017-06-14 14:15:00+05:30,275.0,276.2,274.75,275.45,188757
2017-06-14 15:15:00+05:30,275.5,275.9,274.5,274.85,151629
2017-06-15 09:15:00+05:30,275.5,275.65,273.65,274.4,130616
2017-06-15 10:15:00+05:30,274.4,275.35,273.25,275.05,310428
2017-06-15 11:15:00+05:30,275.0,279.25,274.05,277.2,382471
2017-06-15 12:15:00+05:30,277.2,277.4,274.65,274.95,377229
2017-06-15 13:15:00+05:30,274.95,275.0,273.6,273.6,247980
2017-06-15 14:15:00+05:30,273.6,274.0,272.6,273.2,380073
2017-06-15 15:15:00+05:30,273.2,273.75,272.25,272.55,100815
2017-06-16 09:15:00+05:30,276.8,278.7,275.6,276.25,415275
2017-06-16 10:15:00+05:30,276.1,278.4,275.0,276.55,495501
2017-06-16 11:15:00+05:30,276.55,276.85,275.5,276.1,246277
2017-06-16 12:15:00+05:30,276.1,281.2,276.0,280.55,391314
2017-06-16 13:15:00+05:30,280.6,281.0,279.55,279.6,229932
2017-06-16 14:15:00+05:30,279.8,282.9,279.05,282.7,1330533
2017-06-16 15:15:00+05:30,282.9,283.55,280.95,281.85,1150502
2017-06-19 09:15:00+05:30,282.9,284.45,280.1,280.85,444548
2017-06-19 10:15:00+05:30,280.85,281.6,280.3,281.25,93602
2017-06-19 11:15:00+05:30,281.25,282.0,281.0,281.25,81035
2017-06-19 12:15:00+05:30,281.25,281.85,281.05,281.4,51499
2017-06-19 13:15:00+05:30,281.4,283.0,281.25,282.65,93510
2017-06-19 14:15:00+05:30,282.65,283.3,282.3,282.9,184229
2017-06-19 15:15:00+05:30,282.85,283.0,282.3,282.7,140085
2017-06-20 09:15:00+05:30,285.7,288.5,285.1,285.5,687612
2017-06-20 10:15:00+05:30,285.55,286.05,285.0,285.75,167334
2017-06-20 11:15:00+05:30,285.75,286.8,285.35,286.2,129291
2017-06-20 12:15:00+05:30,286.3,289.4,286.25,289.0,411837
2017-06-20 13:15:00+05:30,289.0,289.4,287.1,288.4,264853
2017-06-20 14:15:00+05:30,288.35,289.5,287.8,288.4,247867
2017-06-20 15:15:00+05:30,288.4,288.5,287.2,288.45,175572
2017-06-21 09:15:00+05:30,283.1,288.9,283.1,286.1,222248
2017-06-21 10:15:00+05:30,286.1,286.3,284.35,284.7,139158
2017-06-21 11:15:00+05:30,284.7,285.65,284.3,285.65,62897
2017-06-21 12:15:00+05:30,285.65,286.55,285.5,285.95,169436
2017-06-21 13:15:00+05:30,285.95,286.0,282.6,284.2,216550
2017-06-21 14:15:00+05:30,284.2,284.9,283.65,284.0,247375
2017-06-21 15:15:00+05:30,284.0,285.9,283.95,284.8,221209
2017-06-22 09:15:00+05:30,285.8,288.9,284.75,287.25,195956
2017-06-22 10:15:00+05:30,287.25,287.5,286.5,286.5,53445
2017-06-22 11:15:00+05:30,286.5,287.55,285.65,286.8,74357
2017-06-22 12:15:00+05:30,286.8,286.85,284.25,284.45,135494
2017-06-22 13:15:00+05:30,284.45,285.5,282.8,283.95,173500
2017-06-22 14:15:00+05:30,283.95,284.0,281.4,282.4,427370
2017-06-22 15:15:00+05:30,282.35,283.0,281.95,282.55,124296
2017-06-23 09:15:00+05:30,282.35,285.5,279.55,279.75,425554
2017-06-23 10:15:00+05:30,279.75,280.05,277.65,277.9,131515
2017-06-23 11:15:00+05:30,277.8,278.6,276.5,277.45,122291
2017-06-23 12:15:00+05:30,277.45,279.3,277.0,277.95,89763
2017-06-23 13:15:00+05:30,277.95,278.9,277.45,277.7,110698
2017-06-23 14:15:00+05:30,277.7,278.0,275.4,275.8,157312
2017-06-23 15:15:00+05:30,275.95,277.3,275.25,276.5,77175
2017-06-27 09:15:00+05:30,276.95,277.4,272.15,273.7,139067
2017-06-27 10:15:00+05:30,273.7,273.85,271.35,271.8,76265
2017-06-27 11:15:00+05:30,271.85,272.7,271.0,271.15,43316
2017-06-27 12:15:00+05:30,271.15,271.85,269.6,270.25,108556
2017-06-27 13:15:00+05:30,270.25,271.5,269.6,271.0,60506
2017-06-27 14:15:00+05:30,271.0,277.45,271.0,277.3,973360
2017-06-27 15:15:00+05:30,277.3,279.0,276.9,277.9,206721
2017-06-28 09:15:00+05:30,275.75,277.5,274.65,276.7,104715
2017-06-28 10:15:00+05:30,276.7,278.65,276.4,278.4,56649
2017-06-28 11:15:00+05:30,278.4,278.9,277.1,277.1,72072
2017-06-28 12:15:00+05:30,277.1,277.75,276.05,276.9,64420
2017-06-28 13:15:00+05:30,276.9,276.95,275.25,276.6,65570
2017-06-28 14:15:00+05:30,276.7,277.25,274.8,274.8,182094
2017-06-28 15:15:00+05:30,274.8,274.9,272.95,274.3,118484
2017-06-29 09:15:00+05:30,275.7,278.8,275.7,277.9,258297
2017-06-29 10:15:00+05:30,277.9,277.95,275.0,275.75,90446
2017-06-29 11:15:00+05:30,275.65,276.0,274.35,275.7,486849
2017-06-29 12:15:00+05:30,275.7,275.85,272.3,272.75,72244
2017-06-29 13:15:00+05:30,272.75,273.9,271.2,273.4,90976
2017-06-29 14:15:00+05:30,273.45,274.4,267.05,267.95,660876
2017-06-29 15:15:00+05:30,268.15,268.35,267.1,268.0,586985
2017-06-30 09:15:00+05:30,265.95,267.1,265.05,265.5,234455
2017-06-30 10:15:00+05:30,265.5,265.5,263.8,264.0,292794
2017-06-30 11:15:00+05:30,263.8,263.9,262.65,263.0,337041
2017-06-30 12:15:00+05:30,263.0,263.5,262.4,263.0,234477
2017-06-30 13:15:00+05:30,263.0,263.4,262.0,263.05,178468
2017-06-30 14:15:00+05:30,263.05,263.5,261.9,263.0,562505
2017-06-30 15:15:00+05:30,263.15,264.2,263.0,264.0,265016
2017-07-03 09:15:00+05:30,264.7,265.45,261.3,264.75,269202
2017-07-03 10:15:00+05:30,264.75,265.95,264.2,265.15,238241
2017-07-03 11:15:00+05:30,265.1,265.25,264.5,264.9,129526
2017-07-03 12:15:00+05:30,264.9,265.75,264.45,265.5,119405
2017-07-03 13:15:00+05:30,265.5,265.75,264.75,265.2,78706
2017-07-03 14:15:00+05:30,265.2,266.9,265.1,266.25,226137
2017-07-03 15:15:00+05:30,266.35,266.5,265.85,266.3,108755
2017-07-04 09:15:00+05:30,267.55,268.05,265.0,265.2,241278
2017-07-04 10:15:00+05:30,265.2,265.35,262.5,262.8,285052
2017-07-04 11:15:00+05:30,262.8,263.0,261.1,262.05,435167
2017-07-04 12:15:00+05:30,262.05,262.75,261.15,262.55,181818
2017-07-04 13:15:00+05:30,262.55,263.0,262.5,262.95,87976
2017-07-04 14:15:00+05:30,262.95,263.5,262.7,263.05,621021
2017-07-04 15:15:00+05:30,263.1,263.25,263.0,263.2,197091
2017-07-05 09:15:00+05:30,264.35,266.95,263.05,266.8,141464
2017-07-05 10:15:00+05:30,266.8,267.5,265.7,266.7,164781
2017-07-05 11:15:00+05:30,266.55,266.65,264.8,264.95,90064
2017-07-05 12:15:00+05:30,264.95,265.25,264.4,265.15,68440
2017-07-05 13:15:00+05:30,265.15,265.7,264.1,265.65,83211
2017-07-05 14:15:00+05:30,265.4,266.3,264.1,264.7,143502
2017-07-05 15:15:00+05:30,264.8,265.3,264.4,265.3,86581
2017-07-06 09:15:00+05:30,265.85,267.45,265.5,266.85,115440
2017-07-06 10:15:00+05:30,266.85,267.35,266.0,266.2,70850
2017-07-06 11:15:00+05:30,266.2,267.45,265.95,267.15,135249
2017-07-06 12:15:00+05:30,267.2,267.35,266.25,267.05,150071
2017-07-06 13:15:00+05:30,267.05,267.2,266.2,266.4,84414
2017-07-06 14:15:00+05:30,266.4,267.2,266.1,266.15,190495
2017-07-06 15:15:00+05:30,266.2,266.8,265.8,266.4,130977
2017-07-07 09:15:00+05:30,266.45,266.45,263.6,264.05,89891
2017-07-07 10:15:00+05:30,264.15,265.4,264.0,264.5,45226
2017-07-07 11:15:00+05:30,264.5,267.15,264.4,267.15,74384
2017-07-07 12:15:00+05:30,267.15,267.95,266.25,267.0,184713
2017-07-07 13:15:00+05:30,267.0,267.25,266.05,266.25,396418
2017-07-07 14:15:00+05:30,266.25,266.5,264.25,265.0,390303
2017-07-07 15:15:00+05:30,265.1,265.2,264.85,265.2,139112
2017-07-10 12:15:00+05:30,268.65,269.6,268.0,268.85,9177
2017-07-10 13:15:00+05:30,268.85,269.65,268.1,268.55,75862
2017-07-10 14:15:00+05:30,268.55,268.95,267.75,268.1,64030
2017-07-10 15:15:00+05:30,268.1,268.4,268.05,268.3,27264
2017-07-11 09:15:00+05:30,271.2,273.65,271.2,272.15,667669
2017-07-11 10:15:00+05:30,272.15,273.95,272.0,273.8,235422
2017-07-11 11:15:00+05:30,273.8,274.6,273.55,274.55,317239
2017-07-11 12:15:00+05:30,274.55,275.2,272.8,273.3,221535
2017-07-11 13:15:00+05:30,273.3,273.55,272.05,273.55,131041
2017-07-11 14:15:00+05:30,273.55,273.8,271.0,271.8,307818
2017-07-11 15:15:00+05:30,271.75,272.0,270.8,271.5,179077
2017-07-12 09:15:00+05:30,274.4,274.85,272.6,272.7,201599
2017-07-12 10:15:00+05:30,272.7,276.0,272.55,274.95,208105
2017-07-12 11:15:00+05:30,274.95,276.5,274.5,275.0,161952
2017-07-12 12:15:00+05:30,275.0,275.65,274.7,275.3,44594
2017-07-12 13:15:00+05:30,275.3,275.65,274.5,275.45,96604
2017-07-12 14:15:00+05:30,275.45,275.8,274.1,274.55,110547
2017-07-12 15:15:00+05:30,274.4,274.65,274.0,274.55,88185
2017-07-13 09:15:00+05:30,276.0,278.2,275.4,275.65,673899
2017-07-13 10:15:00+05:30,275.65,276.5,275.4,275.95,227439
2017-07-13 11:15:00+05:30,275.9,276.05,274.6,275.6,301054
2017-07-13 12:15:00+05:30,275.6,276.0,274.7,275.7,243715
2017-07-13 13:15:00+05:30,275.7,276.85,275.25,275.95,278099
2017-07-13 14:15:00+05:30,276.15,277.1,275.7,276.8,275848
2017-07-13 15:15:00+05:30,276.8,276.9,275.55,275.95,94654
2017-07-14 09:15:00+05:30,276.15,276.25,273.15,273.15,118029
2017-07-14 10:15:00+05:30,273.15,273.3,272.0,272.35,93409
2017-07-14 11:15:00+05:30,272.4,272.7,271.2,271.45,75585
2017-07-14 12:15:00+05:30,271.45,272.2,271.35,271.95,68253
2017-07-14 13:15:00+05:30,271.95,272.25,271.8,271.9,27546
2017-07-14 14:15:00+05:30,271.9,273.3,271.8,273.0,183405
2017-07-14 15:15:00+05:30,272.85,273.05,271.4,272.5,90949
2017-07-17 09:15:00+05:30,274.0,275.55,273.9,274.6,109758
2017-07-17 10:15:00+05:30,274.6,274.7,272.75,273.9,86998
2017-07-17 11:15:00+05:30,273.9,274.4,273.3,273.3,55978
2017-07-17 12:15:00+05:30,273.3,273.4,272.3,272.95,53918
2017-07-17 13:15:00+05:30,273.0,273.25,272.55,273.05,30383
2017-07-17 14:15:00+05:30,273.05,273.4,272.0,272.2,241340
2017-07-17 15:15:00+05:30,272.2,272.35,271.0,271.2,55413
2017-07-18 09:15:00+05:30,271.5,274.0,271.0,273.4,396787
2017-07-18 10:15:00+05:30,273.2,273.65,273.1,273.5,134108
2017-07-18 11:15:00+05:30,273.5,273.75,273.3,273.3,99302
2017-07-18 12:15:00+05:30,273.3,273.55,271.9,272.2,140783
2017-07-18 13:15:00+05:30,272.2,273.2,271.7,272.7,41547
2017-07-18 14:15:00+05:30,272.7,273.05,271.2,271.8,193236
2017-07-18 15:15:00+05:30,271.8,272.2,271.5,271.7,103975
2017-07-19 09:15:00+05:30,272.35,273.45,271.8,272.8,192257
2017-07-19 10:15:00+05:30,272.8,275.55,272.6,275.5,376443
2017-07-19 11:15:00+05:30,275.5,276.0,274.2,274.9,139399
2017-07-19 12:15:00+05:30,274.9,275.2,273.6,273.6,57336
2017-07-19 13:15:00+05:30,273.6,274.5,273.45,274.15,156299
2017-07-19 14:15:00+05:30,274.15,275.5,273.8,274.5,379947
2017-07-19 15:15:00+05:30,274.4,274.8,273.9,274.05,93347
2017-07-20 09:15:00+05:30,276.1,276.9,274.05,274.1,313484
2017-07-20 10:15:00+05:30,274.1,274.1,273.3,274.0,146345
2017-07-20 11:15:00+05:30,274.0,274.35,273.55,273.7,134607
2017-07-20 12:15:00+05:30,273.7,273.85,272.0,272.45,106058
2017-07-20 13:15:00+05:30,272.45,273.95,272.3,273.05,48598
2017-07-20 14:15:00+05:30,273.05,273.4,272.2,273.0,134149
2017-07-20 15:15:00+05:30,273.0,273.55,272.3,273.55,92768
2017-07-21 09:15:00+05:30,272.6,275.6,271.55,274.0,135717
2017-07-21 10:15:00+05:30,273.95,275.5,273.5,273.8,132111
2017-07-21 11:15:00+05:30,273.8,274.4,273.5,273.75,87265
2017-07-21 12:15:00+05:30,273.75,274.65,272.25,272.7,224611
2017-07-21 13:15:00+05:30,272.7,274.05,272.65,274.05,92593
2017-07-21 14:15:00+05:30,274.05,275.4,273.65,274.9,394454
2017-07-21 15:15:00+05:30,275.1,275.35,274.15,274.65,170340
2017-07-24 09:15:00+05:30,274.5,275.45,273.4,273.8,107482
2017-07-24 10:15:00+05:30,273.8,274.7,273.7,274.05,81009
2017-07-24 11:15:00+05:30,274.05,274.8,273.1,274.0,247779
2017-07-24 12:15:00+05:30,274.0,274.55,273.9,274.4,32316
2017-07-24 13:15:00+05:30,274.4,275.6,274.0,275.35,264376
2017-07-24 14:15:00+05:30,275.05,275.35,272.4,273.25,447390
2017-07-24 15:15:00+05:30,273.25,273.75,272.5,273.75,128089
2017-07-25 09:15:00+05:30,273.9,273.9,270.7,271.2,98037
2017-07-25 10:15:00+05:30,271.2,271.8,269.35,269.8,82941
2017-07-25 11:15:00+05:30,269.75,269.9,268.8,269.25,127369
2017-07-25 12:15:00+05:30,269.25,269.9,268.8,269.45,109018
2017-07-25 13:15:00+05:30,269.45,269.75,268.85,269.3,182438
2017-07-25 14:15:00+05:30,269.3,269.95,268.25,268.4,365297
2017-07-25 15:15:00+05:30,268.35,269.4,268.3,269.1,173153
2017-07-26 09:15:00+05:30,269.35,270.55,269.0,269.75,67573
2017-07-26 10:15:00+05:30,269.75,270.1,269.4,270.0,49012
2017-07-26 11:15:00+05:30,270.0,270.9,269.85,270.4,70154
2017-07-26 12:15:00+05:30,270.4,270.9,269.6,269.7,60406
2017-07-26 13:15:00+05:30,269.7,270.4,269.2,270.1,44023
2017-07-26 14:15:00+05:30,270.1,271.35,269.5,270.6,97014
2017-07-26 15:15:00+05:30,270.6,270.75,269.2,270.05,53526
2017-07-27 09:15:00+05:30,271.8,271.9,270.25,270.8,93341
2017-07-27 10:15:00+05:30,270.8,271.0,270.2,270.8,74122
2017-07-27 11:15:00+05:30,270.8,270.85,267.25,268.0,168713
2017-07-27 12:15:00+05:30,268.0,268.25,265.6,266.25,182095
2017-07-27 13:15:00+05:30,266.1,266.5,263.2,263.5,430966
2017-07-27 14:15:00+05:30,263.65,264.9,261.2,262.85,906324
2017-07-27 15:15:00+05:30,262.8,263.55,261.15,262.4,594949
2017-07-28 09:15:00+05:30,262.1,262.3,258.6,260.2,626140
2017-07-28 10:15:00+05:30,260.2,261.35,260.1,260.6,212118
2017-07-28 11:15:00+05:30,260.5,261.9,260.5,261.45,115744
2017-07-28 12:15:00+05:30,261.4,261.45,261.0,261.1,54198
2017-07-28 13:15:00+05:30,261.1,262.25,260.8,261.75,137569
2017-07-28 14:15:00+05:30,261.85,261.95,261.15,261.8,145769
2017-07-28 15:15:00+05:30,261.85,262.5,261.6,262.5,124098
2017-07-31 09:15:00+05:30,262.6,263.7,261.25,263.05,196579
2017-07-31 10:15:00+05:30,263.05,263.7,262.55,262.55,79963
2017-07-31 11:15:00+05:30,262.55,263.0,261.55,262.1,190108
2017-07-31 12:15:00+05:30,262.1,262.3,261.85,262.0,194842
2017-07-31 13:15:00+05:30,262.0,262.35,261.8,262.0,137094
2017-07-31 14:15:00+05:30,262.0,262.1,260.0,260.55,417656
2017-07-31 15:15:00+05:30,260.5,261.25,260.35,260.55,169039
2017-08-01 09:15:00+05:30,263.0,263.0,260.7,262.75,190498
2017-08-01 10:15:00+05:30,262.75,262.95,261.95,262.1,251517
2017-08-01 11:15:00+05:30,262.1,263.2,262.0,263.0,97948
2017-08-01 12:15:00+05:30,263.0,264.2,262.6,263.0,174540
2017-08-01 13:15:00+05:30,263.1,263.3,262.0,263.15,108551
2017-08-01 14:15:00+05:30,263.15,263.25,261.75,262.7,265836
2017-08-01 15:15:00+05:30,262.7,263.0,262.05,262.75,162151
2017-08-02 09:15:00+05:30,263.3,263.4,261.1,261.85,157676
2017-08-02 10:15:00+05:30,261.85,262.2,261.0,261.9,476655
2017-08-02 11:15:00+05:30,261.9,262.5,261.7,261.8,178180
2017-08-02 12:15:00+05:30,261.8,262.2,260.6,261.0,236069
2017-08-02 13:15:00+05:30,261.0,261.25,260.0,260.5,143831
2017-08-02 14:15:00+05:30,260.5,261.7,260.3,260.8,118623
2017-08-02 15:15:00+05:30,260.85,260.85,259.6,260.0,104524
2017-08-03 09:15:00+05:30,261.15,261.15,257.85,257.85,194958
2017-08-03 10:15:00+05:30,257.85,257.95,256.4,256.6,251294
2017-08-03 11:15:00+05:30,256.6,257.5,256.4,257.25,105264
2017-08-03 12:15:00+05:30,257.25,257.35,256.2,256.25,105378
2017-08-03 13:15:00+05:30,256.25,256.5,255.0,255.05,200156
2017-08-03 14:15:00+05:30,255.05,255.45,253.2,253.8,435382
2017-08-03 15:15:00+05:30,253.95,253.95,253.05,253.45,189090
2017-08-04 09:15:00+05:30,256.3,256.9,254.1,255.2,245780
2017-08-04 10:15:00+05:30,255.2,255.95,254.25,255.55,82133
2017-08-04 11:15:00+05:30,255.55,256.5,254.75,255.1,66633
2017-08-04 12:15:00+05:30,255.1,255.9,254.65,254.95,66605
2017-08-04 13:15:00+05:30,254.95,255.5,254.5,255.3,45977
2017-08-04 14:15:00+05:30,255.3,255.5,254.5,255.0,84051
2017-08-04 15:15:00+05:30,255.0,256.0,254.6,255.75,77047
2017-08-07 09:15:00+05:30,255.45,257.0,254.2,255.35,123423
2017-08-07 10:15:00+05:30,255.35,255.7,252.6,253.0,123959
2017-08-07 11:15:00+05:30,253.0,253.7,250.05,250.25,193071
2017-08-07 12:15:00+05:30,250.3,251.5,249.25,250.6,338775
2017-08-07 13:15:00+05:30,250.6,251.1,249.35,250.25,195580
2017-08-07 14:15:00+05:30,250.3,251.2,249.5,250.4,340195
2017-08-07 15:15:00+05:30,250.4,250.8,249.7,250.45,238462
2017-08-08 09:15:00+05:30,250.9,252.75,250.5,251.15,390664
2017-08-08 10:15:00+05:30,251.0,251.2,249.2,250.0,295108
2017-08-08 11:15:00+05:30,250.0,251.4,247.45,247.85,221545
2017-08-08 12:15:00+05:30,247.85,248.85,246.9,248.7,337919
2017-08-08 13:15:00+05:30,248.7,249.3,248.1,248.9,157349
2017-08-08 14:15:00+05:30,248.9,249.25,247.5,248.35,289334
2017-08-08 15:15:00+05:30,248.4,249.0,248.15,248.95,122795
2017-08-09 09:15:00+05:30,248.75,248.75,244.05,244.55,257184
2017-08-09 10:15:00+05:30,244.55,245.8,244.0,244.2,275031
2017-08-09 11:15:00+05:30,244.2,244.7,242.05,242.6,226170
2017-08-09 12:15:00+05:30,242.6,244.1,242.5,243.65,179048
2017-08-09 13:15:00+05:30,243.7,243.75,241.45,242.05,200475
2017-08-09 14:15:00+05:30,242.05,244.5,242.05,242.55,268408
2017-08-09 15:15:00+05:30,242.55,242.7,241.4,241.8,116706
2017-08-10 09:15:00+05:30,227.7,230.8,225.15,226.15,3474635
2017-08-10 10:15:00+05:30,226.15,226.65,223.0,226.0,903424
2017-08-10 11:15:00+05:30,226.0,227.75,224.15,224.7,738393
2017-08-10 12:15:00+05:30,224.7,226.75,223.8,226.15,1389552
2017-08-10 13:15:00+05:30,226.15,226.9,225.25,226.4,811518
2017-08-10 14:15:00+05:30,226.4,226.4,220.0,221.1,1550167
2017-08-10 15:15:00+05:30,221.05,224.7,221.0,223.0,449110
2017-08-11 09:15:00+05:30,220.65,220.65,213.2,218.05,670567
2017-08-11 10:15:00+05:30,218.2,222.5,218.1,222.3,348345
2017-08-11 11:15:00+05:30,222.35,223.4,221.7,222.4,670729
2017-08-11 12:15:00+05:30,222.4,222.4,220.3,220.55,444943
2017-08-11 13:15:00+05:30,220.55,221.1,219.2,220.5,450161
2017-08-11 14:15:00+05:30,220.5,223.95,219.7,223.25,783473
2017-08-11 15:15:00+05:30,223.25,223.85,222.05,222.65,295084
2017-08-14 09:15:00+05:30,226.3,227.85,224.0,224.45,428362
2017-08-14 10:15:00+05:30,224.5,225.0,223.75,224.7,238329
2017-08-14 11:15:00+05:30,224.7,226.25,224.3,225.65,221279
2017-08-14 12:15:00+05:30,225.65,227.1,225.65,226.95,210459
2017-08-14 13:15:00+05:30,226.95,227.7,226.5,227.3,469488
2017-08-14 14:15:00+05:30,227.3,227.4,226.25,226.55,216271
2017-08-14 15:15:00+05:30,226.55,226.55,226.05,226.5,82255
2017-08-16 09:15:00+05:30,228.2,228.85,224.0,224.75,272477
2017-08-16 10:15:00+05:30,224.75,228.35,224.6,227.2,258416
2017-08-16 11:15:00+05:30,227.3,227.3,225.75,226.35,107454
2017-08-16 12:15:00+05:30,226.35,227.25,225.9,227.05,138095
2017-08-16 13:15:00+05:30,227.05,230.1,226.8,229.4,320231
2017-08-16 14:15:00+05:30,229.4,232.4,229.0,230.95,487280
2017-08-16 15:15:00+05:30,230.95,233.0,230.55,232.2,147466
2017-08-17 09:15:00+05:30,232.7,234.3,230.3,233.0,621540
2017-08-17 10:15:00+05:30,233.0,233.3,230.1,230.4,222861
2017-08-17 11:15:00+05:30,230.4,231.2,229.3,229.3,133167
2017-08-17 12:15:00+05:30,229.35,230.05,229.05,229.45,102572
2017-08-17 13:15:00+05:30,229.45,230.3,229.15,229.3,97280
2017-08-17 14:15:00+05:30,229.3,229.8,228.0,228.15,191599
2017-08-17 15:15:00+05:30,228.15,229.0,228.05,228.5,115429
2017-08-18 09:15:00+05:30,226.9,226.9,224.6,225.8,200203
2017-08-18 10:15:00+05:30,225.75,225.95,225.05,225.7,61335
2017-08-18 11:15:00+05:30,225.7,225.75,225.05,225.15,82744
2017-08-18 12:15:00+05:30,225.15,225.3,224.2,224.55,121827
2017-08-18 13:15:00+05:30,224.55,225.3,224.1,225.2,91137
2017-08-18 14:15:00+05:30,225.2,227.7,224.55,226.9,208979
2017-08-18 15:15:00+05:30,226.95,227.5,226.9,226.9,61802
2017-08-21 09:15:00+05:30,227.0,228.35,226.1,226.7,131760
2017-08-21 10:15:00+05:30,226.7,226.85,224.25,225.85,149136
2017-08-21 11:15:00+05:30,225.85,225.9,225.0,225.5,52183
2017-08-21 12:15:00+05:30,225.3,225.4,223.35,223.85,98418
2017-08-21 13:15:00+05:30,224.0,224.55,223.15,223.7,71900
2017-08-21 14:15:00+05:30,223.75,224.0,222.3,222.75,165758
2017-08-21 15:15:00+05:30,222.75,223.6,222.55,223.0,86046
2017-08-22 09:15:00+05:30,225.1,226.55,224.25,225.25,198902
2017-08-22 10:15:00+05:30,225.25,226.45,224.65,225.25,168558
2017-08-22 11:15:00+05:30,225.25,226.4,225.1,225.95,102220
2017-08-22 12:15:00+05:30,225.95,226.4,224.6,225.1,87198
2017-08-22 13:15:00+05:30,225.05,225.1,223.2,224.15,167205
2017-08-22 14:15:00+05:30,224.15,224.85,223.4,223.7,160585
2017-08-22 15:15:00+05:30,223.7,225.2,223.5,225.2,96385
2017-08-23 09:15:00+05:30,225.15,226.2,224.05,225.6,164881
2017-08-23 10:15:00+05:30,225.6,226.2,225.2,226.2,136701
2017-08-23 11:15:00+05:30,226.2,226.2,225.35,225.6,94164
2017-08-23 12:15:00+05:30,225.6,226.0,225.25,225.4,120736
2017-08-23 13:15:00+05:30,225.45,225.75,225.2,225.6,120644
2017-08-23 14:15:00+05:30,225.6,227.25,225.3,226.75,234305
2017-08-23 15:15:00+05:30,226.75,226.85,226.0,226.0,117536
2017-08-24 09:15:00+05:30,226.2,229.05,226.15,227.45,286578
2017-08-24 10:15:00+05:30,227.4,227.8,226.35,226.65,145050
2017-08-24 11:15:00+05:30,226.65,227.45,226.45,226.45,99359
2017-08-24 12:15:00+05:30,226.5,228.5,226.3,227.45,150552
2017-08-24 13:15:00+05:30,227.45,228.0,227.05,227.85,157082
2017-08-24 14:15:00+05:30,227.85,228.15,227.2,227.25,217431
2017-08-24 15:15:00+05:30,227.25,227.85,226.8,227.65,100957
2017-08-28 09:15:00+05:30,228.25,228.9,227.0,228.0,737234
2017-08-28 10:15:00+05:30,228.0,228.1,227.0,227.05,301946
2017-08-28 11:15:00+05:30,227.05,227.1,226.0,226.85,131570
2017-08-28 12:15:00+05:30,226.85,227.0,224.35,225.0,247777
2017-08-28 13:15:00+05:30,225.0,225.8,224.8,225.0,135829
2017-08-28 14:15:00+05:30,225.0,225.7,224.8,225.1,168744
2017-08-28 15:15:00+05:30,225.05,225.6,225.05,225.6,142449
2017-08-29 09:15:00+05:30,222.25,222.7,220.75,221.75,583644
2017-08-29 10:15:00+05:30,221.65,222.25,221.45,221.85,373790
2017-08-29 11:15:00+05:30,221.95,223.45,221.85,222.7,228777
2017-08-29 12:15:00+05:30,222.7,222.8,221.15,222.1,277013
2017-08-29 13:15:00+05:30,222.1,222.2,220.35,221.0,414041
2017-08-29 14:15:00+05:30,221.0,221.25,219.6,220.2,390953
2017-08-29 15:15:00+05:30,220.2,220.95,220.0,220.65,185959
2017-08-30 09:15:00+05:30,221.95,222.7,220.95,222.3,335454
2017-08-30 10:15:00+05:30,222.3,222.35,221.55,221.7,108432
2017-08-30 11:15:00+05:30,221.6,222.1,221.4,221.6,208158
2017-08-30 12:15:00+05:30,221.65,221.85,220.5,221.15,168582
2017-08-30 13:15:00+05:30,221.15,222.15,220.5,221.7,279292
2017-08-30 14:15:00+05:30,221.7,221.7,219.45,221.2,377240
2017-08-30 15:15:00+05:30,221.15,221.2,220.15,220.6,169810
2017-08-31 09:15:00+05:30,221.35,221.7,220.0,221.35,137676
2017-08-31 10:15:00+05:30,221.25,221.35,219.65,219.85,115878
2017-08-31 11:15:00+05:30,219.85,220.45,219.15,220.45,154158
2017-08-31 12:15:00+05:30,220.45,220.95,219.6,219.8,162219
2017-08-31 13:15:00+05:30,219.85,220.1,219.35,219.85,83232
2017-08-31 14:15:00+05:30,219.85,220.05,218.5,219.05,1072198
2017-08-31 15:15:00+05:30,219.0,219.45,218.35,218.8,894328
2017-09-01 09:15:00+05:30,219.2,221.45,219.2,220.75,454692
2017-09-01 10:15:00+05:30,220.75,222.0,220.1,221.65,345370
2017-09-01 11:15:00+05:30,221.65,221.8,220.75,221.1,188453
2017-09-01 12:15:00+05:30,221.15,223.4,221.1,221.2,358418
2017-09-01 13:15:00+05:30,221.3,222.5,221.0,221.7,513721
2017-09-01 14:15:00+05:30,221.5,225.4,220.2,224.85,1400456
2017-09-01 15:15:00+05:30,224.75,224.95,223.8,224.35,559671
2017-09-04 09:15:00+05:30,226.1,227.0,224.0,224.15,525006
2017-09-04 10:15:00+05:30,224.15,224.15,222.7,223.05,229278
2017-09-04 11:15:00+05:30,223.05,223.05,218.8,219.8,498725
2017-09-04 12:15:00+05:30,219.8,220.5,218.65,220.15,250372
2017-09-04 13:15:00+05:30,220.15,220.4,219.05,220.0,180915
2017-09-04 14:15:00+05:30,220.0,220.65,219.6,220.25,527978
2017-09-04 15:15:00+05:30,220.25,220.3,219.2,219.5,221382
2017-09-05 09:15:00+05:30,220.5,221.45,219.0,219.3,724175
2017-09-05 10:15:00+05:30,219.25,220.25,219.0,219.8,568120
2017-09-05 11:15:00+05:30,219.8,220.75,219.35,220.1,536788
2017-09-05 12:15:00+05:30,220.1,220.2,219.0,219.05,517076
2017-09-05 13:15:00+05:30,219.15,219.5,217.9,218.45,799934
2017-09-05 14:15:00+05:30,218.45,219.3,217.65,218.9,710705
2017-09-05 15:15:00+05:30,218.85,219.5,218.7,219.0,369831
2017-09-06 09:15:00+05:30,216.95,216.95,215.1,215.85,2025787
2017-09-06 10:15:00+05:30,215.85,216.0,214.2,214.75,644887
2017-09-06 11:15:00+05:30,214.75,214.95,214.3,214.5,239304
2017-09-06 12:15:00+05:30,214.5,214.85,214.0,214.7,508929
2017-09-06 13:15:00+05:30,214.7,215.0,213.65,213.85,436632
2017-09-06 14:15:00+05:30,213.85,215.1,213.5,214.9,1371020
2017-09-06 15:15:00+05:30,214.9,215.5,214.7,214.95,285522
2017-09-07 09:15:00+05:30,214.95,215.25,209.4,210.65,2109798
2017-09-07 10:15:00+05:30,210.6,211.2,209.55,210.95,1756193
2017-09-07 11:15:00+05:30,211.0,212.3,210.8,212.15,1653724
2017-09-07 12:15:00+05:30,212.15,213.2,212.05,212.65,432095
2017-09-07 13:15:00+05:30,212.65,212.95,211.1,211.35,417602
2017-09-07 14:15:00+05:30,211.3,211.65,211.0,211.35,579311
2017-09-07 15:15:00+05:30,211.35,212.3,211.3,212.0,396160
2017-09-08 09:15:00+05:30,213.35,213.45,210.8,211.55,592178
2017-09-08 10:15:00+05:30,211.65,211.65,209.05,209.5,509492
2017-09-08 11:15:00+05:30,209.7,211.4,209.35,209.7,727610
2017-09-08 12:15:00+05:30,209.75,209.8,208.15,208.4,784983
2017-09-08 13:15:00+05:30,208.4,208.85,208.15,208.4,393702
2017-09-08 14:15:00+05:30,208.4,209.45,207.8,209.35,640524
2017-09-08 15:15:00+05:30,209.3,211.6,209.25,211.2,640590
2017-09-11 09:15:00+05:30,212.3,214.2,212.3,214.0,729085
2017-09-11 10:15:00+05:30,213.95,213.95,212.85,213.45,220689
2017-09-11 11:15:00+05:30,213.45,214.9,213.0,214.65,307980
2017-09-11 12:15:00+05:30,214.65,215.9,214.5,215.15,422078
2017-09-11 13:15:00+05:30,215.15,215.85,214.8,214.9,496628
2017-09-11 14:15:00+05:30,214.85,215.3,214.35,214.8,440824
2017-09-11 15:15:00+05:30,214.8,215.2,214.4,215.0,195172
2017-09-12 09:15:00+05:30,217.0,218.05,216.05,216.5,672212
2017-09-12 10:15:00+05:30,216.5,217.75,216.0,217.3,444473
2017-09-12 11:15:00+05:30,217.3,217.55,217.0,217.2,364694
2017-09-12 12:15:00+05:30,217.2,218.0,216.8,217.9,276709
2017-09-12 13:15:00+05:30,217.95,220.35,217.7,219.75,526980
2017-09-12 14:15:00+05:30,219.75,222.8,219.65,222.0,553323
2017-09-12 15:15:00+05:30,222.1,222.6,221.8,221.95,172698
2017-09-13 09:15:00+05:30,223.0,224.0,222.2,222.7,366525
2017-09-13 10:15:00+05:30,222.7,223.05,221.05,221.8,156410
2017-09-13 11:15:00+05:30,221.8,222.0,221.05,221.4,62831
2017-09-13 12:15:00+05:30,221.4,223.0,221.3,222.6,177317
2017-09-13 13:15:00+05:30,222.6,223.0,221.65,222.2,100223
2017-09-13 14:15:00+05:30,222.1,222.1,219.35,219.35,212594
2017-09-13 15:15:00+05:30,219.55,220.9,219.0,220.25,127375
2017-09-14 09:15:00+05:30,222.0,225.85,221.15,224.4,443559
2017-09-14 10:15:00+05:30,224.35,225.25,223.9,223.9,394594
2017-09-14 11:15:00+05:30,223.9,225.1,223.35,223.95,333765
2017-09-14 12:15:00+05:30,224.0,224.95,223.95,224.0,215384
2017-09-14 13:15:00+05:30,224.0,225.2,224.0,225.15,370386
2017-09-14 14:15:00+05:30,225.15,230.65,225.05,229.7,1808500
2017-09-14 15:15:00+05:30,229.65,230.4,229.45,230.0,388790
2017-09-15 09:15:00+05:30,229.0,230.55,226.95,229.45,603782
2017-09-15 10:15:00+05:30,229.45,230.8,228.9,228.9,218972
2017-09-15 11:15:00+05:30,228.9,229.55,228.25,228.75,187467
2017-09-15 12:15:00+05:30,228.75,230.6,228.75,229.8,93431
2017-09-15 13:15:00+05:30,229.8,230.3,228.35,229.85,142466
2017-09-15 14:15:00+05:30,229.85,231.8,227.6,227.9,852719
2017-09-15 15:15:00+05:30,227.9,229.5,227.45,228.85,656644
2017-09-18 09:15:00+05:30,232.5,234.1,232.0,232.15,832207
2017-09-18 10:15:00+05:30,232.15,236.5,231.8,236.0,1101745
2017-09-18 11:15:00+05:30,236.0,236.0,234.4,234.8,333428
2017-09-18 12:15:00+05:30,234.8,235.2,233.6,233.95,176499
2017-09-18 13:15:00+05:30,233.95,235.5,233.7,234.25,246047
2017-09-18 14:15:00+05:30,234.25,234.25,232.65,233.85,343940
2017-09-18 15:15:00+05:30,233.85,233.85,232.95,233.4,120644
2017-09-19 09:15:00+05:30,236.8,239.3,236.2,238.15,1198744
2017-09-19 10:15:00+05:30,238.15,238.65,237.1,237.85,342857
2017-09-19 11:15:00+05:30,237.85,240.95,237.65,239.4,547248
2017-09-19 12:15:00+05:30,239.4,240.8,239.3,240.45,309118
2017-09-19 13:15:00+05:30,240.45,241.55,240.0,241.25,400896
2017-09-19 14:15:00+05:30,241.25,241.85,240.0,241.0,654025
2017-09-19 15:15:00+05:30,241.0,241.9,240.95,241.35,250919
2017-09-20 09:15:00+05:30,242.95,242.95,238.1,238.4,538407
2017-09-20 10:15:00+05:30,238.4,241.05,238.0,241.0,1652581
2017-09-20 11:15:00+05:30,240.95,241.0,238.15,239.7,380890
2017-09-20 12:15:00+05:30,239.7,239.95,238.5,238.75,326519
2017-09-20 13:15:00+05:30,238.75,239.35,238.0,238.7,339388
2017-09-20 14:15:00+05:30,238.7,240.15,238.0,238.65,706093
2017-09-20 15:15:00+05:30,238.65,239.2,238.0,238.45,138682
2017-09-21 09:15:00+05:30,239.0,239.1,232.35,232.7,798089
2017-09-21 10:15:00+05:30,232.7,232.85,228.6,231.35,2293012
2017-09-21 11:15:00+05:30,231.4,232.45,231.0,232.05,342436
2017-09-21 12:15:00+05:30,232.1,233.65,231.8,233.3,237972
2017-09-21 13:15:00+05:30,233.3,235.25,233.2,233.95,335674
2017-09-21 14:15:00+05:30,233.95,236.0,232.75,233.05,450268
2017-09-21 15:15:00+05:30,233.05,234.5,232.9,234.0,204142
2017-09-22 09:15:00+05:30,230.8,234.85,230.35,232.6,384609
2017-09-22 10:15:00+05:30,232.6,237.05,232.25,235.15,394541
2017-09-22 11:15:00+05:30,235.2,235.5,234.3,234.9,136418
2017-09-22 12:15:00+05:30,234.9,235.0,233.2,233.75,872326
2017-09-22 13:15:00+05:30,233.75,234.95,232.5,232.95,163921
2017-09-22 14:15:00+05:30,232.95,233.95,230.1,230.7,377099
2017-09-22 15:15:00+05:30,230.75,231.9,229.5,231.85,158152
2017-09-25 09:15:00+05:30,231.7,232.05,226.6,227.15,387258
2017-09-25 10:15:00+05:30,227.15,229.3,225.25,228.85,275274
2017-09-25 11:15:00+05:30,228.8,230.0,228.4,229.8,250903
2017-09-25 12:15:00+05:30,229.8,231.3,228.95,229.35,233614
2017-09-25 13:15:00+05:30,229.35,230.45,227.1,229.55,253475
2017-09-25 14:15:00+05:30,229.55,230.6,227.7,229.25,339177
2017-09-25 15:15:00+05:30,229.25,229.8,228.2,228.65,160527
2017-09-26 09:15:00+05:30,227.6,231.7,227.6,228.6,1631489
2017-09-26 10:15:00+05:30,228.6,229.6,227.2,228.5,653566
2017-09-26 11:15:00+05:30,228.5,229.3,228.0,229.05,123383
2017-09-26 12:15:00+05:30,229.05,229.2,228.25,228.35,63529
2017-09-26 13:15:00+05:30,228.35,230.0,228.0,228.65,133065
2017-09-26 14:15:00+05:30,228.8,229.65,226.8,227.05,1336239
2017-09-26 15:15:00+05:30,227.05,227.95,226.8,227.2,575330
2017-09-27 09:15:00+05:30,228.45,228.45,224.2,224.75,361917
2017-09-27 10:15:00+05:30,224.75,225.55,223.65,225.4,619152
2017-09-27 11:15:00+05:30,225.4,226.3,224.7,225.0,175357
2017-09-27 12:15:00+05:30,225.0,225.65,224.3,224.95,198569
2017-09-27 13:15:00+05:30,224.95,225.8,224.5,225.0,561606
2017-09-27 14:15:00+05:30,225.0,225.25,222.6,223.05,1048541
2017-09-27 15:15:00+05:30,223.0,223.95,222.9,223.85,786193
2017-09-28 09:15:00+05:30,223.95,224.0,220.2,221.85,308657
2017-09-28 10:15:00+05:30,221.85,222.2,220.5,221.1,137511
2017-09-28 11:15:00+05:30,221.1,221.5,220.8,221.15,155731
2017-09-28 12:15:00+05:30,221.15,221.95,221.0,221.35,396898
2017-09-28 13:15:00+05:30,221.35,222.9,220.85,221.4,509843
2017-09-28 14:15:00+05:30,221.4,223.2,220.9,221.65,4947140
2017-09-28 15:15:00+05:30,221.65,222.95,220.75,222.85,3880793
2017-09-29 09:15:00+05:30,220.55,224.5,220.55,222.05,442520
2017-09-29 10:15:00+05:30,222.05,222.5,220.55,220.9,496273
2017-09-29 11:15:00+05:30,221.0,221.35,220.0,221.3,399209
2017-09-29 12:15:00+05:30,221.3,221.95,220.95,221.25,299837
2017-09-29 13:15:00+05:30,221.3,221.6,220.9,221.05,314277
2017-09-29 14:15:00+05:30,221.0,222.55,220.9,222.55,550021
2017-09-29 15:15:00+05:30,222.5,224.2,222.4,223.0,244449
2017-10-03 09:15:00+05:30,233.45,235.25,232.05,233.95,919318
2017-10-03 10:15:00+05:30,234.0,235.5,233.5,234.75,296226
2017-10-03 11:15:00+05:30,234.75,235.0,234.0,234.35,293317
2017-10-03 12:15:00+05:30,234.35,234.8,233.5,234.0,371829
2017-10-03 13:15:00+05:30,234.0,234.65,233.0,234.45,360466
2017-10-03 14:15:00+05:30,234.45,235.5,233.0,233.3,854390
2017-10-03 15:15:00+05:30,233.35,233.85,232.45,233.25,320143
2017-10-04 09:15:00+05:30,233.2,234.05,230.35,233.65,607119
2017-10-04 10:15:00+05:30,233.65,234.95,233.15,234.4,222935
2017-10-04 11:15:00+05:30,234.4,237.25,233.95,237.05,270826
2017-10-04 12:15:00+05:30,237.05,238.15,237.0,237.35,326577
2017-10-04 13:15:00+05:30,237.35,237.8,235.35,237.5,401585
2017-10-04 14:15:00+05:30,237.45,239.8,237.0,238.55,703394
2017-10-04 15:15:00+05:30,238.6,241.0,238.55,240.6,418828
2017-10-05 09:15:00+05:30,241.5,242.0,240.0,240.85,522091
2017-10-05 10:15:00+05:30,240.85,240.85,238.0,238.2,322900
2017-10-05 11:15:00+05:30,238.2,239.35,238.15,238.9,173018
2017-10-05 12:15:00+05:30,238.9,239.9,238.9,239.8,113350
2017-10-05 13:15:00+05:30,239.8,240.55,239.05,239.95,133735
2017-10-05 14:15:00+05:30,239.9,241.7,239.75,240.95,686792
2017-10-05 15:15:00+05:30,240.95,242.25,240.7,242.05,364743
2017-10-06 09:15:00+05:30,240.8,240.8,237.8,240.25,383620
2017-10-06 10:15:00+05:30,240.2,241.75,239.0,240.9,357588
2017-10-06 11:15:00+05:30,240.9,242.35,240.5,241.15,349262
2017-10-06 12:15:00+05:30,241.15,241.65,239.75,240.25,254130
2017-10-06 13:15:00+05:30,240.25,240.4,238.55,239.95,354117
2017-10-06 14:15:00+05:30,239.75,240.25,238.0,238.85,576327
2017-10-06 15:15:00+05:30,238.85,239.05,238.15,238.7,255837
2017-10-09 09:15:00+05:30,240.0,243.3,238.85,242.7,361400
2017-10-09 10:15:00+05:30,242.7,243.1,240.85,241.1,186362
2017-10-09 11:15:00+05:30,241.1,241.1,238.5,238.75,145408
2017-10-09 12:15:00+05:30,238.8,239.2,237.1,238.7,203371
2017-10-09 13:15:00+05:30,238.7,239.5,238.5,238.95,135043
2017-10-09 14:15:00+05:30,239.0,239.75,238.05,238.7,208522
2017-10-09 15:15:00+05:30,238.7,239.0,238.0,238.8,158542
2017-10-10 09:15:00+05:30,239.7,239.75,237.75,238.5,224460
2017-10-10 10:15:00+05:30,238.55,238.6,237.65,238.3,347695
2017-10-10 11:15:00+05:30,238.3,239.35,237.35,237.5,386611
2017-10-10 12:15:00+05:30,237.55,241.25,237.4,240.35,212203
2017-10-10 13:15:00+05:30,240.35,240.35,238.55,238.8,175481
2017-10-10 14:15:00+05:30,238.8,239.65,237.4,237.7,405420
2017-10-10 15:15:00+05:30,237.7,237.85,237.05,237.4,199260
2017-10-11 09:15:00+05:30,239.0,239.05,236.4,236.65,184521
2017-10-11 10:15:00+05:30,236.65,237.45,236.6,237.3,72455
2017-10-11 11:15:00+05:30,237.3,238.05,237.05,237.7,210379
2017-10-11 12:15:00+05:30,237.7,238.5,237.55,238.2,115620
2017-10-11 13:15:00+05:30,238.2,238.35,236.85,237.05,310397
2017-10-11 14:15:00+05:30,237.05,237.1,234.85,236.2,618672
2017-10-11 15:15:00+05:30,236.1,236.2,234.1,234.5,216360
2017-10-12 09:15:00+05:30,235.5,236.0,232.7,234.75,219542
2017-10-12 10:15:00+05:30,234.75,235.2,233.7,233.7,73443
2017-10-12 11:15:00+05:30,233.7,234.35,233.0,233.8,78058
2017-10-12 12:15:00+05:30,233.8,234.0,231.55,231.6,182240
2017-10-12 13:15:00+05:30,231.45,234.45,230.4,234.45,252516
2017-10-12 14:15:00+05:30,234.25,237.65,234.1,236.85,452404
2017-10-12 15:15:00+05:30,236.85,236.95,235.6,235.6,139741
2017-10-13 09:15:00+05:30,237.05,240.0,235.45,239.9,354647
2017-10-13 10:15:00+05:30,239.75,240.7,238.4,240.05,346674
2017-10-13 11:15:00+05:30,240.05,240.05,238.85,239.65,93325
2017-10-13 12:15:00+05:30,239.65,239.65,238.5,239.0,191116
2017-10-13 13:15:00+05:30,239.0,239.5,238.6,238.8,87009
2017-10-13 14:15:00+05:30,238.8,240.0,237.55,238.0,238397
2017-10-13 15:15:00+05:30,238.0,238.3,237.3,237.3,130165
2017-10-16 09:15:00+05:30,238.75,242.6,238.3,241.95,332454
2017-10-16 10:15:00+05:30,241.95,243.55,240.3,241.75,374356
2017-10-16 11:15:00+05:30,241.65,243.1,241.55,243.05,206234
2017-10-16 12:15:00+05:30,243.05,244.0,242.85,243.05,380557
2017-10-16 13:15:00+05:30,243.05,243.8,242.5,243.1,127121
2017-10-16 14:15:00+05:30,243.1,245.85,242.55,244.95,480604
2017-10-16 15:15:00+05:30,245.0,245.7,244.15,245.0,175321
2017-10-17 09:15:00+05:30,245.4,245.4,242.3,242.5,327713
2017-10-17 10:15:00+05:30,242.5,244.7,242.0,244.7,299147
2017-10-17 11:15:00+05:30,244.7,247.15,244.5,245.85,457310
2017-10-17 12:15:00+05:30,245.8,246.9,245.65,246.35,378697
2017-10-17 13:15:00+05:30,246.35,246.75,243.95,246.25,489651
2017-10-17 14:15:00+05:30,246.25,247.4,245.1,246.55,484632
2017-10-17 15:15:00+05:30,246.55,246.55,245.4,246.5,168755
2017-10-18 09:15:00+05:30,244.75,244.95,242.3,243.2,250487
2017-10-18 10:15:00+05:30,243.2,243.5,241.7,243.2,260539
2017-10-18 11:15:00+05:30,243.1,243.5,239.85,241.4,428496
2017-10-18 12:15:00+05:30,241.45,243.15,240.9,242.55,365778
2017-10-18 13:15:00+05:30,242.55,243.85,242.55,242.95,362662
2017-10-18 14:15:00+05:30,242.95,245.95,242.1,242.65,807679
2017-10-18 15:15:00+05:30,242.7,243.25,242.1,242.45,207848
2017-10-19 18:15:00+05:30,243.75,244.0,240.45,241.2,467299
2017-10-19 19:15:00+05:30,241.2,241.55,239.1,239.85,90776
2017-10-23 09:15:00+05:30,241.25,241.25,237.45,238.7,423355
2017-10-23 10:15:00+05:30,238.75,239.1,236.6,237.15,383390
2017-10-23 11:15:00+05:30,237.15,237.2,233.9,234.35,315614
2017-10-23 12:15:00+05:30,234.35,235.25,233.6,234.15,192802
2017-10-23 13:15:00+05:30,234.15,235.95,234.0,235.65,261315
2017-10-23 14:15:00+05:30,235.65,236.0,234.05,234.15,376770
2017-10-23 15:15:00+05:30,234.15,234.6,233.65,234.35,205920
2017-10-24 09:15:00+05:30,234.55,235.35,232.05,233.25,247912
2017-10-24 10:15:00+05:30,233.25,233.55,231.8,232.65,140841
2017-10-24 11:15:00+05:30,232.65,233.55,231.4,232.6,210185
2017-10-24 12:15:00+05:30,232.55,232.9,231.7,232.0,164594
2017-10-24 13:15:00+05:30,232.0,232.05,230.65,230.9,173197
2017-10-24 14:15:00+05:30,230.9,232.25,230.85,231.0,371627
2017-10-24 15:15:00+05:30,231.0,231.45,230.1,231.1,300053
2017-10-25 09:15:00+05:30,234.7,234.7,230.5,232.4,315685
2017-10-25 10:15:00+05:30,232.4,232.95,230.9,232.4,178628
2017-10-25 11:15:00+05:30,232.4,235.0,232.4,234.15,173431
2017-10-25 12:15:00+05:30,234.15,234.8,232.75,234.8,80581
2017-10-25 13:15:00+05:30,234.8,237.0,233.1,235.85,386059
2017-10-25 14:15:00+05:30,235.85,236.0,234.65,235.35,317812
2017-10-25 15:15:00+05:30,235.3,235.4,234.0,234.75,71885
2017-10-26 09:15:00+05:30,234.7,234.7,232.5,233.95,165378
2017-10-26 10:15:00+05:30,233.95,234.55,232.6,234.3,112111
2017-10-26 11:15:00+05:30,234.3,234.4,233.2,233.35,65118
2017-10-26 12:15:00+05:30,233.35,233.4,231.5,231.6,437336
2017-10-26 13:15:00+05:30,231.6,231.7,230.7,231.2,400258
2017-10-26 14:15:00+05:30,231.2,231.8,230.0,230.15,578889
2017-10-26 15:15:00+05:30,230.05,231.9,229.8,231.4,434586
2017-10-27 09:15:00+05:30,232.1,233.8,232.1,232.7,118787
2017-10-27 10:15:00+05:30,232.7,237.5,232.35,237.1,437414
2017-10-27 11:15:00+05:30,237.1,240.2,236.95,239.05,649373
2017-10-27 12:15:00+05:30,239.05,241.3,239.0,239.2,400451
2017-10-27 13:15:00+05:30,239.25,240.05,238.5,238.9,215375
2017-10-27 14:15:00+05:30,238.9,239.7,237.55,237.95,427044
2017-10-27 15:15:00+05:30,237.95,238.1,237.45,238.0,103691
2017-10-30 09:15:00+05:30,238.9,241.0,238.25,240.7,382225
2017-10-30 10:15:00+05:30,240.7,242.0,239.65,241.7,542466
2017-10-30 11:15:00+05:30,241.7,243.6,241.4,242.8,537189
2017-10-30 12:15:00+05:30,242.8,243.6,242.1,243.35,310637
2017-10-30 13:15:00+05:30,243.35,243.7,242.1,242.9,237026
2017-10-30 14:15:00+05:30,242.9,244.0,242.3,243.75,442025
2017-10-30 15:15:00+05:30,243.75,245.0,243.35,244.8,210277
2017-10-31 09:15:00+05:30,244.6,244.75,239.85,240.3,236572
2017-10-31 10:15:00+05:30,240.35,242.05,240.15,241.9,121810
2017-10-31 11:15:00+05:30,241.9,242.15,240.65,240.65,72116
2017-10-31 12:15:00+05:30,240.65,241.45,240.2,241.15,60034
2017-10-31 13:15:00+05:30,241.15,241.5,240.0,240.25,115297
2017-10-31 14:15:00+05:30,240.25,241.25,239.9,240.2,213988
2017-10-31 15:15:00+05:30,240.2,242.3,239.9,241.25,177560
2017-11-01 09:15:00+05:30,242.1,243.55,241.75,242.85,231717
2017-11-01 10:15:00+05:30,242.85,243.0,241.1,242.0,153678
2017-11-01 11:15:00+05:30,242.0,246.0,241.4,245.7,381225
2017-11-01 12:15:00+05:30,245.7,247.0,244.9,245.4,310119
2017-11-01 13:15:00+05:30,245.4,245.8,243.35,244.9,185344
2017-11-01 14:15:00+05:30,244.8,245.4,243.4,243.85,177017
2017-11-01 15:15:00+05:30,243.85,243.85,242.75,242.75,139077
2017-11-02 09:15:00+05:30,241.5,242.15,240.5,241.3,204727
2017-11-02 10:15:00+05:30,241.3,241.85,240.1,240.85,151908
2017-11-02 11:15:00+05:30,240.75,241.0,239.2,239.45,114441
2017-11-02 12:15:00+05:30,239.45,243.1,239.05,242.55,230368
2017-11-02 13:15:00+05:30,242.55,244.9,242.55,243.45,341393
2017-11-02 14:15:00+05:30,243.45,243.95,241.5,242.1,159096
2017-11-02 15:15:00+05:30,242.1,243.2,241.75,242.45,66689
2017-11-03 09:15:00+05:30,243.05,243.5,239.65,240.7,311669
2017-11-03 10:15:00+05:30,240.7,242.5,240.4,242.15,196610
2017-11-03 11:15:00+05:30,242.15,242.8,241.4,241.65,156200
2017-11-03 12:15:00+05:30,241.65,242.5,241.55,242.1,66260
2017-11-03 13:15:00+05:30,242.1,242.85,241.8,242.2,72870
2017-11-03 14:15:00+05:30,242.25,247.2,242.2,246.45,707284
2017-11-03 15:15:00+05:30,246.45,248.0,246.35,247.6,291747
2017-11-06 09:15:00+05:30,247.9,251.75,245.25,250.9,705806
2017-11-06 10:15:00+05:30,250.95,255.5,250.8,255.35,1282021
2017-11-06 11:15:00+05:30,255.35,257.15,253.8,254.8,866523
2017-11-06 12:15:00+05:30,254.75,258.4,254.35,257.7,680162
2017-11-06 13:15:00+05:30,257.7,258.6,256.2,258.1,545524
2017-11-06 14:15:00+05:30,258.1,261.5,257.9,260.5,969741
2017-11-06 15:15:00+05:30,260.45,260.9,257.05,257.55,354393
2017-11-07 09:15:00+05:30,256.35,260.05,253.35,255.8,1334324
2017-11-07 10:15:00+05:30,255.8,257.8,254.4,257.35,1109015
2017-11-07 11:15:00+05:30,257.35,257.35,254.2,256.15,345618
2017-11-07 12:15:00+05:30,256.15,256.75,254.75,254.85,222373
2017-11-07 13:15:00+05:30,254.85,255.5,252.35,254.0,681460
2017-11-07 14:15:00+05:30,254.0,254.25,250.15,250.3,504543
2017-11-07 15:15:00+05:30,250.3,250.45,249.0,249.95,282583
2017-11-08 09:15:00+05:30,251.65,255.75,246.85,252.35,749507
2017-11-08 10:15:00+05:30,252.5,253.0,249.25,249.3,436229
2017-11-08 11:15:00+05:30,249.3,250.9,248.6,249.35,494227
2017-11-08 12:15:00+05:30,249.5,250.0,247.65,248.0,386830
2017-11-08 13:15:00+05:30,248.0,248.55,244.0,245.0,528513
2017-11-08 14:15:00+05:30,244.85,245.05,241.6,243.75,729814
2017-11-08 15:15:00+05:30,243.9,246.4,243.35,245.7,164090
2017-11-09 09:15:00+05:30,248.25,252.2,247.0,247.8,2428210
2017-11-09 10:15:00+05:30,247.85,248.3,244.0,245.0,539430
2017-11-09 11:15:00+05:30,245.0,246.8,244.1,245.0,385053
2017-11-09 12:15:00+05:30,245.0,247.05,242.55,246.4,736064
2017-11-09 13:15:00+05:30,246.5,250.0,238.85,243.35,2586216
2017-11-09 14:15:00+05:30,243.35,248.0,243.15,246.8,1547487
2017-11-09 15:15:00+05:30,246.8,247.0,245.7,246.2,307684
2017-11-10 09:15:00+05:30,243.95,249.0,241.0,242.9,1068412
2017-11-10 10:15:00+05:30,242.9,244.35,241.8,243.4,414798
2017-11-10 11:15:00+05:30,243.4,243.5,240.0,240.85,393717
2017-11-10 12:15:00+05:30,240.85,241.5,239.3,240.8,368199
2017-11-10 13:15:00+05:30,240.8,243.1,240.15,242.2,315514
2017-11-10 14:15:00+05:30,242.2,242.4,239.5,241.8,477259
2017-11-10 15:15:00+05:30,241.85,241.95,240.4,241.6,234003
2017-11-13 09:15:00+05:30,242.1,244.75,241.15,242.35,345632
2017-11-13 10:15:00+05:30,242.35,243.1,241.35,241.65,143965
2017-11-13 11:15:00+05:30,241.65,242.5,241.3,242.35,112654
2017-11-13 12:15:00+05:30,242.35,242.9,241.6,242.25,101756
2017-11-13 13:15:00+05:30,242.25,242.6,240.1,240.45,181905
2017-11-13 14:15:00+05:30,240.45,240.95,237.55,238.3,258089
2017-11-13 15:15:00+05:30,238.3,238.6,237.6,238.6,123602
2017-11-14 09:15:00+05:30,238.8,241.25,236.1,237.55,220442
2017-11-14 10:15:00+05:30,237.3,239.0,236.9,238.8,91299
2017-11-14 11:15:00+05:30,238.8,239.15,237.75,238.7,98469
2017-11-14 12:15:00+05:30,238.7,240.9,238.05,240.9,168493
2017-11-14 13:15:00+05:30,240.9,242.3,239.5,239.9,185065
2017-11-14 14:15:00+05:30,239.9,241.15,238.0,238.3,300011
2017-11-14 15:15:00+05:30,238.45,238.65,237.0,237.4,199099
2017-11-15 09:15:00+05:30,238.55,239.0,235.0,236.85,193420
2017-11-15 10:15:00+05:30,236.85,240.5,236.55,240.15,368866
2017-11-15 11:15:00+05:30,240.15,242.25,239.5,241.95,266929
2017-11-15 12:15:00+05:30,241.95,242.9,239.65,240.75,375237
2017-11-15 13:15:00+05:30,240.75,241.4,239.1,239.3,337508
2017-11-15 14:15:00+05:30,239.3,239.85,236.05,237.8,506536
2017-11-15 15:15:00+05:30,237.8,237.95,236.8,237.3,165727
2017-11-16 09:15:00+05:30,239.15,241.0,237.8,239.55,173393
2017-11-16 10:15:00+05:30,239.5,241.35,238.75,241.2,111282
2017-11-16 11:15:00+05:30,241.25,241.6,239.8,240.9,98239
2017-11-16 12:15:00+05:30,240.9,241.5,238.6,239.3,180878
2017-11-16 13:15:00+05:30,239.35,239.55,238.0,239.25,115700
2017-11-16 14:15:00+05:30,239.25,239.95,238.1,238.3,127858
2017-11-16 15:15:00+05:30,238.3,239.2,238.1,239.0,117112
2017-11-17 09:15:00+05:30,243.6,244.3,241.45,243.1,212957
2017-11-17 10:15:00+05:30,243.1,243.8,242.35,242.6,69076
2017-11-17 11:15:00+05:30,242.55,243.0,241.1,242.45,74398
2017-11-17 12:15:00+05:30,242.45,243.35,241.7,242.1,77805
2017-11-17 13:15:00+05:30,242.1,242.5,240.8,241.1,260443
2017-11-17 14:15:00+05:30,241.1,242.35,239.6,240.85,513762
2017-11-17 15:15:00+05:30,240.85,241.55,240.45,240.7,87328
2017-11-20 09:15:00+05:30,241.25,244.0,240.35,242.15,828810
2017-11-20 10:15:00+05:30,242.15,242.4,240.5,241.35,265346
2017-11-20 11:15:00+05:30,241.35,242.25,240.6,242.0,996454
2017-11-20 12:15:00+05:30,242.0,242.2,241.5,242.0,150966
2017-11-20 13:15:00+05:30,242.0,242.2,241.0,241.7,194760
2017-11-20 14:15:00+05:30,241.7,242.3,240.5,241.45,339551
2017-11-20 15:15:00+05:30,241.45,241.75,240.55,241.5,249267
2017-11-21 09:15:00+05:30,242.5,244.2,241.85,243.85,370725
2017-11-21 10:15:00+05:30,243.85,245.15,242.85,244.35,377553
2017-11-21 11:15:00+05:30,244.3,246.15,244.15,244.4,364773
2017-11-21 12:15:00+05:30,244.4,244.9,243.85,243.9,129355
2017-11-21 13:15:00+05:30,243.9,245.3,243.2,244.45,879138
2017-11-21 14:15:00+05:30,244.45,244.45,242.35,243.7,471799
2017-11-21 15:15:00+05:30,243.6,243.9,242.55,242.55,185008
2017-11-22 09:15:00+05:30,243.3,244.0,242.25,242.75,465561
2017-11-22 10:15:00+05:30,242.65,246.45,242.3,245.75,1000450
2017-11-22 11:15:00+05:30,245.75,246.1,244.65,244.95,262822
2017-11-22 12:15:00+05:30,244.95,245.05,243.8,244.2,436622
2017-11-22 13:15:00+05:30,244.2,244.3,243.65,243.95,278053
2017-11-22 14:15:00+05:30,243.95,244.55,243.5,243.8,554301
2017-11-22 15:15:00+05:30,243.8,244.05,243.1,243.3,144567
2017-11-23 09:15:00+05:30,243.35,244.65,242.0,242.9,248336
2017-11-23 10:15:00+05:30,242.9,244.1,242.75,243.9,72375
2017-11-23 11:15:00+05:30,243.9,244.0,243.1,243.5,132078
2017-11-23 12:15:00+05:30,243.5,243.6,241.0,241.4,148008
2017-11-23 13:15:00+05:30,241.4,243.0,241.25,242.95,116972
2017-11-23 14:15:00+05:30,242.95,243.1,242.15,242.9,110265
2017-11-23 15:15:00+05:30,242.9,243.1,242.6,242.8,97996
2017-11-24 09:15:00+05:30,243.8,244.65,243.15,244.15,105670
2017-11-24 10:15:00+05:30,244.1,244.1,242.0,242.55,105712
2017-11-24 11:15:00+05:30,242.55,243.0,241.45,241.85,109370
2017-11-24 12:15:00+05:30,241.85,242.05,240.5,240.9,186473
2017-11-24 13:15:00+05:30,240.9,241.45,240.65,240.95,105634
2017-11-24 14:15:00+05:30,240.95,241.25,240.55,240.85,196006
2017-11-24 15:15:00+05:30,240.85,241.0,240.6,240.7,160255
2017-11-27 09:15:00+05:30,240.25,240.25,238.5,239.0,159602
2017-11-27 10:15:00+05:30,239.0,239.35,238.0,238.45,143115
2017-11-27 11:15:00+05:30,238.35,239.15,237.5,237.85,101289
2017-11-27 12:15:00+05:30,237.85,237.95,236.65,237.15,102191
2017-11-27 13:15:00+05:30,237.15,238.65,237.0,238.05,80997
2017-11-27 14:15:00+05:30,238.05,238.9,237.7,238.55,137139
2017-11-27 15:15:00+05:30,238.6,238.8,238.0,238.25,163674
2017-11-28 09:15:00+05:30,238.55,240.3,238.0,238.5,183692
2017-11-28 10:15:00+05:30,238.5,238.5,237.0,237.05,323098
2017-11-28 11:15:00+05:30,237.05,237.3,236.05,236.9,206402
2017-11-28 12:15:00+05:30,236.9,237.3,236.3,236.8,191826
2017-11-28 13:15:00+05:30,236.8,238.3,236.5,237.0,165058
2017-11-28 14:15:00+05:30,236.85,237.25,236.45,236.75,170523
2017-11-28 15:15:00+05:30,236.75,236.95,235.5,235.75,125928
2017-11-29 09:15:00+05:30,237.05,238.3,236.0,238.3,146614
2017-11-29 10:15:00+05:30,238.3,238.5,237.8,238.1,94835
2017-11-29 11:15:00+05:30,238.1,238.85,238.05,238.1,79380
2017-11-29 12:15:00+05:30,238.1,238.95,237.75,238.85,114836
2017-11-29 13:15:00+05:30,238.9,238.9,237.65,238.15,173575
2017-11-29 14:15:00+05:30,238.2,239.4,237.65,238.2,280902
2017-11-29 15:15:00+05:30,238.2,238.45,237.5,238.05,425741
2017-11-30 09:15:00+05:30,236.45,237.25,235.45,236.3,205748
2017-11-30 10:15:00+05:30,236.3,237.3,236.0,236.75,82019
2017-11-30 11:15:00+05:30,236.8,237.0,235.5,236.05,101097
2017-11-30 12:15:00+05:30,236.05,236.15,235.15,235.45,85368
2017-11-30 13:15:00+05:30,235.45,236.25,235.45,235.7,96151
2017-11-30 14:15:00+05:30,235.7,236.1,230.7,231.2,1182838
2017-11-30 15:15:00+05:30,231.15,232.85,230.3,232.6,1088369
2017-12-01 09:15:00+05:30,233.8,235.55,233.7,235.05,317588
2017-12-01 10:15:00+05:30,235.05,236.3,234.05,234.65,198101
2017-12-01 11:15:00+05:30,234.65,235.0,233.65,234.75,333703
2017-12-01 12:15:00+05:30,234.75,235.0,233.1,234.5,239861
2017-12-01 13:15:00+05:30,234.45,234.6,231.45,231.45,299289
2017-12-01 14:15:00+05:30,231.45,231.55,228.7,228.85,304950
2017-12-01 15:15:00+05:30,228.85,229.9,228.0,228.75,117402
2017-12-04 09:15:00+05:30,233.45,234.05,229.8,231.05,376170
2017-12-04 10:15:00+05:30,231.05,232.45,230.8,230.9,183870
2017-12-04 11:15:00+05:30,230.9,231.95,230.5,231.45,127114
2017-12-04 12:15:00+05:30,231.45,231.65,230.0,231.4,116271
2017-12-04 13:15:00+05:30,231.4,231.9,229.95,230.7,263738
2017-12-04 14:15:00+05:30,230.7,231.45,229.65,230.95,248362
2017-12-04 15:15:00+05:30,230.95,231.35,230.1,230.95,135435
2017-12-05 09:15:00+05:30,229.05,231.2,227.5,228.85,335538
2017-12-05 10:15:00+05:30,228.95,229.8,227.95,228.7,229719
2017-12-05 11:15:00+05:30,228.7,229.7,228.3,229.7,252989
2017-12-05 12:15:00+05:30,229.5,229.95,228.15,228.75,212601
2017-12-05 13:15:00+05:30,228.75,230.2,228.3,229.2,249255
2017-12-05 14:15:00+05:30,229.2,230.8,228.6,229.6,301574
2017-12-05 15:15:00+05:30,229.6,230.7,229.05,229.1,101801
2017-12-06 09:15:00+05:30,228.65,229.9,228.2,229.45,164926
2017-12-06 10:15:00+05:30,229.45,230.05,228.8,228.85,60613
2017-12-06 11:15:00+05:30,228.85,229.45,226.4,227.25,252961
2017-12-06 12:15:00+05:30,227.25,227.45,226.5,226.9,55974
2017-12-06 13:15:00+05:30,226.9,227.5,226.15,227.35,68267
2017-12-06 14:15:00+05:30,227.4,227.95,226.0,226.6,357416
2017-12-06 15:15:00+05:30,226.6,227.2,225.85,226.35,132577
2017-12-07 09:15:00+05:30,227.6,228.75,227.35,227.55,147916
2017-12-07 10:15:00+05:30,227.6,228.15,227.05,227.85,120458
2017-12-07 11:15:00+05:30,227.85,229.95,227.55,228.1,294522
2017-12-07 12:15:00+05:30,228.1,228.65,227.85,228.35,66484
2017-12-07 13:15:00+05:30,228.35,228.7,228.05,228.35,58052
2017-12-07 14:15:00+05:30,228.35,229.1,227.4,228.9,214872
2017-12-07 15:15:00+05:30,228.9,228.9,227.8,228.4,95953
2017-12-08 09:15:00+05:30,232.2,232.7,231.15,231.75,461861
2017-12-08 10:15:00+05:30,231.75,232.05,230.4,231.95,137249
2017-12-08 11:15:00+05:30,231.95,231.95,230.65,231.45,91074
2017-12-08 12:15:00+05:30,231.45,233.5,231.4,233.0,262102
2017-12-08 13:15:00+05:30,233.0,234.15,232.3,234.05,173248
2017-12-08 14:15:00+05:30,234.05,234.15,232.5,233.3,227487
2017-12-08 15:15:00+05:30,233.3,234.0,232.9,233.6,133347
2017-12-11 09:15:00+05:30,234.3,235.8,233.6,233.8,213840
2017-12-11 10:15:00+05:30,233.8,235.0,232.9,234.15,135153
2017-12-11 11:15:00+05:30,234.15,234.2,233.2,233.5,39299
2017-12-11 12:15:00+05:30,233.5,233.75,233.0,233.7,33703
2017-12-11 13:15:00+05:30,233.7,234.4,233.35,234.1,50060
2017-12-11 14:15:00+05:30,234.1,234.3,232.2,232.8,173876
2017-12-11 15:15:00+05:30,232.8,233.95,232.6,233.8,98334
2017-12-12 09:15:00+05:30,233.4,235.2,232.05,233.1,215395
2017-12-12 10:15:00+05:30,233.1,233.25,232.0,232.05,116942
2017-12-12 11:15:00+05:30,232.05,233.0,232.0,232.4,107710
2017-12-12 12:15:00+05:30,232.3,232.7,231.5,232.05,85802
2017-12-12 13:15:00+05:30,232.05,232.2,230.5,230.95,125662
2017-12-12 14:15:00+05:30,230.95,231.3,229.25,229.6,223053
2017-12-12 15:15:00+05:30,229.6,229.85,229.5,229.5,108770
2017-12-13 09:15:00+05:30,229.7,230.05,227.85,228.5,212602
2017-12-13 10:15:00+05:30,228.25,229.5,227.55,229.5,222695
2017-12-13 11:15:00+05:30,229.3,229.65,228.0,228.15,512747
2017-12-13 12:15:00+05:30,228.15,228.6,227.15,227.7,234088
2017-12-13 13:15:00+05:30,227.7,228.0,226.1,226.3,195153
2017-12-13 14:15:00+05:30,226.2,226.3,224.0,224.85,282120
2017-12-13 15:15:00+05:30,224.85,225.4,224.15,224.9,106695
2017-12-14 09:15:00+05:30,225.9,225.9,222.65,223.2,293904
2017-12-14 10:15:00+05:30,223.15,223.4,221.6,221.6,222159
2017-12-14 11:15:00+05:30,221.6,223.5,221.0,223.1,281333
2017-12-14 12:15:00+05:30,223.1,224.1,222.9,223.3,274785
2017-12-14 13:15:00+05:30,223.3,224.25,223.15,223.6,299170
2017-12-14 14:15:00+05:30,223.65,225.65,223.25,225.55,307897
2017-12-14 15:15:00+05:30,225.5,225.75,224.2,224.75,136113
2017-12-15 09:15:00+05:30,227.15,228.15,226.5,226.5,266748
2017-12-15 10:15:00+05:30,226.5,226.7,225.5,225.75,165087
2017-12-15 11:15:00+05:30,225.75,226.5,225.65,226.1,184947
2017-12-15 12:15:00+05:30,226.1,226.6,225.55,225.8,203444
2017-12-15 13:15:00+05:30,225.8,226.0,225.1,225.5,209866
2017-12-15 14:15:00+05:30,225.5,226.85,225.15,226.85,417784
2017-12-15 15:15:00+05:30,226.85,227.0,225.6,226.0,346647
2017-12-18 09:15:00+05:30,223.2,227.75,217.75,226.6,668678
2017-12-18 10:15:00+05:30,226.6,228.75,226.1,227.25,212333
2017-12-18 11:15:00+05:30,227.25,228.45,227.25,228.2,199593
2017-12-18 12:15:00+05:30,228.2,228.7,227.8,227.9,144093
2017-12-18 13:15:00+05:30,227.95,227.95,227.15,227.4,125257
2017-12-18 14:15:00+05:30,227.15,227.4,226.1,226.2,220623
2017-12-18 15:15:00+05:30,226.2,226.5,225.45,226.05,123165
2017-12-19 09:15:00+05:30,227.35,229.9,227.05,228.7,181119
2017-12-19 10:15:00+05:30,228.7,230.6,228.25,230.0,222960
2017-12-19 11:15:00+05:30,230.0,230.3,229.35,229.55,191858
2017-12-19 12:15:00+05:30,229.55,230.05,229.25,229.3,126466
2017-12-19 13:15:00+05:30,229.3,230.25,228.75,230.1,151947
2017-12-19 14:15:00+05:30,229.95,232.25,229.9,232.0,1138742
2017-12-19 15:15:00+05:30,232.0,232.5,231.85,232.2,275790
2017-12-20 09:15:00+05:30,233.6,235.5,232.45,234.65,755240
2017-12-20 10:15:00+05:30,234.55,237.0,234.35,236.6,540797
2017-12-20 11:15:00+05:30,236.6,236.95,236.0,236.7,218053
2017-12-20 12:15:00+05:30,236.7,239.35,236.7,239.1,623184
2017-12-20 13:15:00+05:30,239.15,239.55,238.6,239.0,697633
2017-12-20 14:15:00+05:30,239.0,239.45,237.5,237.75,684230
2017-12-20 15:15:00+05:30,237.75,238.1,237.4,237.55,286127
2017-12-21 09:15:00+05:30,239.2,240.1,236.75,237.7,1003739
2017-12-21 10:15:00+05:30,237.7,238.5,236.65,238.2,202345
2017-12-21 11:15:00+05:30,238.2,238.4,237.75,238.3,286629
2017-12-21 12:15:00+05:30,238.3,238.6,237.45,238.1,209572
2017-12-21 13:15:00+05:30,238.1,239.25,238.1,239.0,335507
2017-12-21 14:15:00+05:30,239.0,239.3,237.65,238.7,263865
2017-12-21 15:15:00+05:30,238.7,238.95,236.55,236.8,320885
2017-12-22 09:15:00+05:30,237.7,242.6,237.25,242.0,1303758
2017-12-22 10:15:00+05:30,242.0,242.25,241.3,241.8,556999
2017-12-22 11:15:00+05:30,241.85,243.5,240.5,243.25,561160
2017-12-22 12:15:00+05:30,243.15,244.0,242.5,243.4,378444
2017-12-22 13:15:00+05:30,243.5,244.25,241.15,241.6,411879
2017-12-22 14:15:00+05:30,241.5,241.7,240.2,240.85,396058
2017-12-22 15:15:00+05:30,240.85,240.85,239.6,240.45,243727
2017-12-26 09:15:00+05:30,240.8,241.1,238.25,239.75,163000
2017-12-26 10:15:00+05:30,239.75,240.65,239.75,240.25,120349
2017-12-26 11:15:00+05:30,240.25,240.45,239.0,239.2,61822
2017-12-26 12:15:00+05:30,239.2,239.3,238.2,238.6,99584
2017-12-26 13:15:00+05:30,238.6,239.9,238.5,239.7,114780
2017-12-26 14:15:00+05:30,239.7,242.2,239.6,242.05,417220
2017-12-26 15:15:00+05:30,242.0,242.1,240.65,240.85,287287
2017-12-27 09:15:00+05:30,241.55,242.6,240.2,241.15,178892
2017-12-27 10:15:00+05:30,241.15,241.9,240.7,241.6,75893
2017-12-27 11:15:00+05:30,241.6,242.95,241.05,242.65,129908
2017-12-27 12:15:00+05:30,242.65,242.8,241.5,242.1,175270
2017-12-27 13:15:00+05:30,242.1,242.75,241.6,242.5,176035
2017-12-27 14:15:00+05:30,242.5,242.55,239.45,240.25,389127
2017-12-27 15:15:00+05:30,240.25,240.25,239.0,239.1,85619
2017-12-28 09:15:00+05:30,239.85,240.8,239.2,239.95,118113
2017-12-28 10:15:00+05:30,239.95,241.4,239.35,241.0,221646
2017-12-28 11:15:00+05:30,241.0,241.2,239.1,240.05,124090
2017-12-28 12:15:00+05:30,240.05,241.15,239.9,240.2,118311
2017-12-28 13:15:00+05:30,240.2,240.5,239.5,240.25,99520
2017-12-28 14:15:00+05:30,240.25,240.55,237.15,237.45,503458
2017-12-28 15:15:00+05:30,237.4,238.85,236.05,237.25,281814
2017-12-29 09:15:00+05:30,238.15,240.85,237.2,240.75,146140
2017-12-29 10:15:00+05:30,240.75,242.25,240.3,242.0,195537
2017-12-29 11:15:00+05:30,242.0,243.7,241.75,242.4,216966
2017-12-29 12:15:00+05:30,242.4,243.15,241.9,242.85,86944
2017-12-29 13:15:00+05:30,242.85,243.05,241.5,242.05,77822
2017-12-29 14:15:00+05:30,242.05,245.85,241.8,244.25,626183
2017-12-29 15:15:00+05:30,244.25,245.8,242.6,243.8,644186
2018-01-01 09:15:00+05:30,244.75,246.95,244.1,246.1,333909
2018-01-01 10:15:00+05:30,246.1,247.5,246.0,246.75,211840
2018-01-01 11:15:00+05:30,246.75,248.6,246.65,247.55,408623
2018-01-01 12:15:00+05:30,247.6,247.75,245.75,246.1,88436
2018-01-01 13:15:00+05:30,246.1,247.5,245.0,247.1,332006
2018-01-01 14:15:00+05:30,247.1,247.2,241.95,243.2,269637
2018-01-01 15:15:00+05:30,243.2,243.2,241.1,242.9,128667
2018-01-02 09:15:00+05:30,244.6,245.35,241.6,243.3,334125
2018-01-02 10:15:00+05:30,243.3,249.0,243.0,247.35,1119054
2018-01-02 11:15:00+05:30,247.35,251.0,247.2,250.7,693647
2018-01-02 12:15:00+05:30,250.6,252.95,250.3,251.4,677680
2018-01-02 13:15:00+05:30,251.35,253.2,250.15,251.25,643059
2018-01-02 14:15:00+05:30,251.45,253.7,249.0,253.35,912675
2018-01-02 15:15:00+05:30,253.35,253.65,252.55,253.15,392470
2018-01-03 09:15:00+05:30,255.25,256.25,252.65,255.9,884358
2018-01-03 10:15:00+05:30,255.9,257.3,254.85,255.35,847376
2018-01-03 11:15:00+05:30,255.35,256.8,255.0,256.25,363650
2018-01-03 12:15:00+05:30,256.2,257.0,255.0,256.0,428023
2018-01-03 13:15:00+05:30,256.0,256.0,254.05,255.4,407192
2018-01-03 14:15:00+05:30,255.4,255.95,253.3,255.0,523791
2018-01-03 15:15:00+05:30,255.0,255.9,254.55,255.25,176348
2018-01-04 09:15:00+05:30,252.85,252.85,249.4,250.25,492099
2018-01-04 10:15:00+05:30,250.25,252.25,250.25,251.4,158510
2018-01-04 11:15:00+05:30,251.4,255.05,251.2,254.5,343893
2018-01-04 12:15:00+05:30,254.5,256.8,253.95,254.8,362985
2018-01-04 13:15:00+05:30,254.8,255.4,254.2,254.65,189694
2018-01-04 14:15:00+05:30,254.65,255.65,253.35,254.9,406517
2018-01-04 15:15:00+05:30,254.8,255.5,254.8,255.0,224605
2018-01-05 09:15:00+05:30,255.0,257.0,253.75,254.1,944466
2018-01-05 10:15:00+05:30,254.1,254.3,253.1,253.7,144376
2018-01-05 11:15:00+05:30,253.7,256.85,253.35,255.8,533167
2018-01-05 12:15:00+05:30,255.8,256.25,254.5,255.35,102090
2018-01-05 13:15:00+05:30,255.35,256.7,254.55,255.35,87700
2018-01-05 14:15:00+05:30,255.35,255.9,253.65,253.75,198598
2018-01-05 15:15:00+05:30,253.75,254.0,252.5,252.8,123289
2018-01-08 09:15:00+05:30,254.7,255.15,252.95,253.55,358721
2018-01-08 10:15:00+05:30,253.55,254.05,252.55,252.95,274962
2018-01-08 11:15:00+05:30,252.95,254.95,251.85,254.0,697301
2018-01-08 12:15:00+05:30,254.0,255.0,253.15,254.5,418212
2018-01-08 13:15:00+05:30,254.5,256.3,252.75,256.0,678691
2018-01-08 14:15:00+05:30,256.0,256.25,254.75,255.25,274943
2018-01-08 15:15:00+05:30,255.3,255.5,254.0,254.8,115097
2018-01-09 09:15:00+05:30,255.75,261.85,253.55,260.25,3006391
2018-01-09 10:15:00+05:30,260.25,260.5,259.25,259.5,464867
2018-01-09 11:15:00+05:30,259.4,259.7,257.65,257.7,401074
2018-01-09 12:15:00+05:30,257.7,258.85,256.25,258.1,352685
2018-01-09 13:15:00+05:30,258.1,258.6,256.5,258.05,254419
2018-01-09 14:15:00+05:30,258.05,258.55,256.4,256.7,359972
2018-01-09 15:15:00+05:30,256.7,256.95,256.0,256.1,203997
2018-01-10 09:15:00+05:30,256.7,257.35,255.35,256.15,283592
2018-01-10 10:15:00+05:30,256.0,258.0,253.9,254.85,546012
2018-01-10 11:15:00+05:30,254.85,254.9,252.15,252.95,154806
2018-01-10 12:15:00+05:30,252.95,253.85,252.95,253.65,49215
2018-01-10 13:15:00+05:30,253.6,253.95,252.35,253.75,64506
2018-01-10 14:15:00+05:30,253.75,254.6,252.9,253.6,341833
2018-01-10 15:15:00+05:30,253.5,254.7,253.05,253.85,147199
2018-01-11 09:15:00+05:30,254.05,256.0,253.55,255.3,215005
2018-01-11 10:15:00+05:30,255.25,255.8,254.7,255.0,89925
2018-01-11 11:15:00+05:30,255.05,255.95,254.35,255.2,89815
2018-01-11 12:15:00+05:30,255.25,255.45,254.35,254.6,89493
2018-01-11 13:15:00+05:30,254.6,255.05,254.25,254.9,156617
2018-01-11 14:15:00+05:30,254.9,255.25,253.9,254.2,261851
2018-01-11 15:15:00+05:30,254.2,254.45,253.6,254.1,111716
2018-01-12 09:15:00+05:30,255.2,256.1,254.25,254.8,267992
2018-01-12 10:15:00+05:30,254.8,255.15,254.5,254.7,57116
2018-01-12 11:15:00+05:30,254.7,257.0,254.5,254.55,1095517
2018-01-12 12:15:00+05:30,254.55,254.9,249.3,251.9,549449
2018-01-12 13:15:00+05:30,251.9,252.45,251.0,251.75,412920
2018-01-12 14:15:00+05:30,251.75,254.0,251.5,252.6,739734
2018-01-12 15:15:00+05:30,252.55,252.7,251.25,252.2,425603
2018-01-15 09:15:00+05:30,252.7,253.85,251.4,251.95,228267
2018-01-15 10:15:00+05:30,251.95,253.15,251.3,251.65,100255
2018-01-15 11:15:00+05:30,251.65,252.25,248.0,248.8,298545
2018-01-15 12:15:00+05:30,248.8,249.1,247.15,247.4,134916
2018-01-15 13:15:00+05:30,247.4,247.6,245.6,246.7,195611
2018-01-15 14:15:00+05:30,246.7,247.5,246.2,246.3,151303
2018-01-15 15:15:00+05:30,246.3,246.7,246.2,246.4,126242
2018-01-16 09:15:00+05:30,246.15,247.9,245.85,246.55,317442
2018-01-16 10:15:00+05:30,246.55,247.0,240.6,242.75,813096
2018-01-16 11:15:00+05:30,242.75,244.15,242.45,243.95,222168
2018-01-16 12:15:00+05:30,244.0,244.45,242.55,243.45,288543
2018-01-16 13:15:00+05:30,243.45,244.2,241.9,244.2,418428
2018-01-16 14:15:00+05:30,244.2,245.0,242.6,243.75,685822
2018-01-16 15:15:00+05:30,243.75,244.8,243.25,243.55,219105
2018-01-17 09:15:00+05:30,243.45,243.9,236.7,240.55,972304
2018-01-17 10:15:00+05:30,240.55,241.6,240.05,241.1,712638
2018-01-17 11:15:00+05:30,241.15,242.65,240.9,242.35,246211
2018-01-17 12:15:00+05:30,242.35,244.95,242.25,244.15,389747
2018-01-17 13:15:00+05:30,244.15,244.95,243.85,244.4,272958
2018-01-17 14:15:00+05:30,244.4,245.95,243.95,245.05,471548
2018-01-17 15:15:00+05:30,245.05,245.7,243.9,244.9,199000
2018-01-18 09:15:00+05:30,245.5,246.4,241.85,243.15,328092
2018-01-18 10:15:00+05:30,243.15,247.5,242.65,247.5,339863
2018-01-18 11:15:00+05:30,247.5,249.8,246.6,248.65,545408
2018-01-18 12:15:00+05:30,248.65,248.75,245.7,246.15,322386
2018-01-18 13:15:00+05:30,246.15,246.55,243.0,243.15,534460
2018-01-18 14:15:00+05:30,243.2,243.75,240.6,242.3,735651
2018-01-18 15:15:00+05:30,242.9,243.55,241.2,241.95,256762
2018-01-19 09:15:00+05:30,241.0,245.3,241.0,244.05,434295
2018-01-19 10:15:00+05:30,244.05,244.7,243.65,244.0,227583
2018-01-19 11:15:00+05:30,244.0,244.25,242.25,243.15,230897
2018-01-19 12:15:00+05:30,243.15,243.9,241.65,242.55,259561
2018-01-19 13:15:00+05:30,242.55,243.7,242.05,243.5,219854
2018-01-19 14:15:00+05:30,243.5,244.3,242.4,243.6,391109
2018-01-19 15:15:00+05:30,243.6,244.5,242.35,242.75,116543
2018-01-22 09:15:00+05:30,244.0,244.4,240.1,240.5,817277
2018-01-22 10:15:00+05:30,240.5,241.4,240.0,240.8,532208
2018-01-22 11:15:00+05:30,240.8,241.75,239.5,241.1,543846
2018-01-22 12:15:00+05:30,241.1,241.4,240.1,240.1,395729
2018-01-22 13:15:00+05:30,240.25,240.3,238.75,239.0,826756
2018-01-22 14:15:00+05:30,238.95,240.0,238.5,239.1,1025284
2018-01-22 15:15:00+05:30,239.1,239.45,237.6,237.9,606670
2018-01-23 09:15:00+05:30,239.5,240.0,238.4,239.5,365304
2018-01-23 10:15:00+05:30,239.35,240.15,238.3,238.95,294234
2018-01-23 11:15:00+05:30,239.05,239.5,238.7,239.1,218224
2018-01-23 12:15:00+05:30,239.1,239.3,238.0,238.6,200653
2018-01-23 13:15:00+05:30,238.6,239.2,237.9,238.05,485556
2018-01-23 14:15:00+05:30,238.1,238.85,238.0,238.6,480642
2018-01-23 15:15:00+05:30,238.6,238.8,237.9,238.0,273362
2018-01-24 09:15:00+05:30,238.3,238.3,233.5,235.75,767838
2018-01-24 10:15:00+05:30,235.75,235.75,234.3,235.0,275093
2018-01-24 11:15:00+05:30,235.05,235.5,234.0,234.2,175018
2018-01-24 12:15:00+05:30,234.2,234.65,233.25,234.15,188633
2018-01-24 13:15:00+05:30,234.1,234.8,233.15,233.5,371680
2018-01-24 14:15:00+05:30,233.5,233.6,230.55,230.9,1251785
2018-01-24 15:15:00+05:30,230.95,231.95,230.5,231.85,300259
2018-01-25 09:15:00+05:30,231.8,232.95,229.75,232.55,420308
2018-01-25 10:15:00+05:30,232.55,232.75,230.5,230.6,262392
2018-01-25 11:15:00+05:30,230.6,232.25,230.1,231.7,181785
2018-01-25 12:15:00+05:30,231.7,232.0,230.35,230.4,134563
2018-01-25 13:15:00+05:30,230.5,231.4,229.35,230.0,265670
2018-01-25 14:15:00+05:30,230.0,230.0,226.65,227.5,1174687
2018-01-25 15:15:00+05:30,227.55,228.0,226.5,227.9,873239
2018-01-29 09:15:00+05:30,228.65,230.5,228.2,228.5,321489
2018-01-29 10:15:00+05:30,228.65,228.95,227.4,227.75,224801
2018-01-29 11:15:00+05:30,227.75,228.3,226.85,227.9,451848
2018-01-29 12:15:00+05:30,227.9,228.0,225.85,227.15,207259
2018-01-29 13:15:00+05:30,227.15,227.85,227.0,227.7,103947
2018-01-29 14:15:00+05:30,227.7,227.8,225.4,225.75,210196
2018-01-29 15:15:00+05:30,225.75,225.75,225.0,225.25,137050
2018-01-30 09:15:00+05:30,225.75,226.35,224.0,224.55,362217
2018-01-30 10:15:00+05:30,224.55,225.75,223.25,225.7,274033
2018-01-30 11:15:00+05:30,225.7,227.5,225.45,225.55,567572
2018-01-30 12:15:00+05:30,225.55,226.25,224.35,224.5,932779
2018-01-30 13:15:00+05:30,224.5,226.15,223.75,226.0,951824
2018-01-30 14:15:00+05:30,225.95,226.1,224.65,225.2,776787
2018-01-30 15:15:00+05:30,225.2,225.75,225.0,225.65,184174
2018-01-31 09:15:00+05:30,225.0,225.85,223.6,225.25,394188
2018-01-31 10:15:00+05:30,225.25,225.25,223.7,224.05,276861
2018-01-31 11:15:00+05:30,224.15,225.15,224.0,224.25,236205
2018-01-31 12:15:00+05:30,224.25,224.95,223.85,224.35,416704
2018-01-31 13:15:00+05:30,224.35,224.6,223.35,224.3,326499
2018-01-31 14:15:00+05:30,224.35,225.25,223.8,224.35,537939
2018-01-31 15:15:00+05:30,224.35,224.75,224.0,224.65,167410
2018-02-01 09:15:00+05:30,225.05,226.75,224.55,225.65,197554
2018-02-01 10:15:00+05:30,225.65,225.95,223.5,224.45,173078
2018-02-01 11:15:00+05:30,224.45,224.55,222.3,222.7,293334
2018-02-01 12:15:00+05:30,222.7,222.85,218.0,221.9,616212
2018-02-01 13:15:00+05:30,221.95,223.65,221.1,222.15,332536
2018-02-01 14:15:00+05:30,222.15,222.5,220.15,221.8,278705
2018-02-01 15:15:00+05:30,221.9,222.8,221.25,221.7,208389
2018-02-02 09:15:00+05:30,220.25,221.9,218.2,218.75,493346
2018-02-02 10:15:00+05:30,218.75,219.2,214.35,218.0,506752
2018-02-02 11:15:00+05:30,218.0,218.35,215.45,215.95,385777
2018-02-02 12:15:00+05:30,215.95,217.4,215.35,217.1,165856
2018-02-02 13:15:00+05:30,217.1,217.2,214.55,215.95,366584
2018-02-02 14:15:00+05:30,215.9,216.3,213.6,214.6,757813
2018-02-02 15:15:00+05:30,214.85,214.9,213.3,214.0,209131
2018-02-05 09:15:00+05:30,211.85,218.3,211.85,218.05,725401
2018-02-05 10:15:00+05:30,218.15,218.75,216.3,217.95,477858
2018-02-05 11:15:00+05:30,217.95,219.2,217.3,218.9,523382
2018-02-05 12:15:00+05:30,218.9,221.3,218.8,219.5,504755
2018-02-05 13:15:00+05:30,219.45,219.6,216.85,218.4,605983
2018-02-05 14:15:00+05:30,218.25,220.25,218.0,218.6,384491
2018-02-05 15:15:00+05:30,218.6,220.9,218.35,220.9,643648
2018-02-06 09:15:00+05:30,203.8,205.55,197.85,202.5,2046532
2018-02-06 10:15:00+05:30,202.5,208.75,201.65,208.55,968011
2018-02-06 11:15:00+05:30,208.6,209.95,206.05,207.65,617252
2018-02-06 12:15:00+05:30,207.65,209.85,207.45,208.3,323005
2018-02-06 13:15:00+05:30,208.3,211.45,208.1,209.85,425507
2018-02-06 14:15:00+05:30,209.55,211.7,207.85,208.0,470085
2018-02-06 15:15:00+05:30,208.05,209.35,207.6,208.35,217224
2018-02-07 09:15:00+05:30,212.7,214.35,211.0,213.15,1040978
2018-02-07 10:15:00+05:30,213.25,213.25,211.45,212.1,604022
2018-02-07 11:15:00+05:30,212.15,212.45,210.15,210.55,338872
2018-02-07 12:15:00+05:30,210.55,212.0,210.1,211.85,211931
2018-02-07 13:15:00+05:30,211.85,211.9,210.65,211.45,234307
2018-02-07 14:15:00+05:30,211.4,212.1,210.1,210.65,579199
2018-02-07 15:15:00+05:30,210.55,210.85,210.1,210.85,169388
2018-02-08 09:15:00+05:30,211.85,213.3,210.65,210.65,546571
2018-02-08 10:15:00+05:30,210.65,212.65,210.55,211.7,593343
2018-02-08 11:15:00+05:30,211.7,212.45,211.25,212.15,639794
2018-02-08 12:15:00+05:30,212.15,212.75,211.85,212.25,346857
2018-02-08 13:15:00+05:30,212.25,213.2,211.35,211.4,419247
2018-02-08 14:15:00+05:30,211.45,211.75,210.1,211.15,614389
2018-02-08 15:15:00+05:30,211.15,211.45,210.5,211.2,154918
2018-02-09 09:15:00+05:30,208.2,209.25,206.2,208.0,340363
2018-02-09 10:15:00+05:30,208.0,208.4,207.0,207.3,158310
2018-02-09 11:15:00+05:30,207.3,207.5,206.7,207.0,294635
2018-02-09 12:15:00+05:30,207.0,208.2,206.75,207.6,406735
2018-02-09 13:15:00+05:30,207.65,208.1,207.35,207.35,186232
2018-02-09 14:15:00+05:30,207.6,208.2,207.0,207.25,335359
2018-02-09 15:15:00+05:30,207.25,207.45,206.8,207.45,232640
2018-02-12 09:15:00+05:30,209.9,209.9,207.2,207.8,690987
2018-02-12 10:15:00+05:30,207.8,208.75,207.5,208.75,265604
2018-02-12 11:15:00+05:30,208.75,211.45,208.25,210.5,548268
2018-02-12 12:15:00+05:30,210.65,210.65,209.0,209.6,402881
2018-02-12 13:15:00+05:30,209.65,210.05,209.1,209.9,192963
2018-02-12 14:15:00+05:30,209.85,210.25,208.2,208.4,686300
2018-02-12 15:15:00+05:30,208.35,208.55,207.6,207.7,293512
2018-02-14 09:15:00+05:30,209.35,210.0,207.75,208.35,739412
2018-02-14 10:15:00+05:30,208.35,208.6,208.05,208.25,281446
2018-02-14 11:15:00+05:30,208.25,208.45,207.0,207.25,296897
2018-02-14 12:15:00+05:30,207.25,209.1,207.25,208.8,238015
2018-02-14 13:15:00+05:30,208.8,213.7,208.5,213.05,1101313
2018-02-14 14:15:00+05:30,213.2,214.2,212.0,212.2,2157656
2018-02-14 15:15:00+05:30,212.1,212.35,211.0,211.5,205033
2018-02-15 09:15:00+05:30,214.95,216.3,213.3,214.7,663938
2018-02-15 10:15:00+05:30,214.7,215.35,214.3,215.2,314557
2018-02-15 11:15:00+05:30,215.2,215.45,214.0,214.6,197721
2018-02-15 12:15:00+05:30,214.6,215.6,214.5,214.7,264787
2018-02-15 13:15:00+05:30,214.7,214.85,212.1,213.1,302476
2018-02-15 14:15:00+05:30,213.1,213.35,211.0,213.0,222055
2018-02-15 15:15:00+05:30,213.0,213.2,212.45,212.5,79497
2018-02-16 09:15:00+05:30,213.5,214.2,211.3,211.5,206872
2018-02-16 10:15:00+05:30,211.5,212.25,211.0,211.55,121343
2018-02-16 11:15:00+05:30,211.55,211.65,210.5,211.25,255897
2018-02-16 12:15:00+05:30,211.25,211.3,209.4,210.35,149818
2018-02-16 13:15:00+05:30,210.35,210.7,208.3,209.15,190694
2018-02-16 14:15:00+05:30,209.15,209.15,208.05,208.2,427690
2018-02-16 15:15:00+05:30,208.2,208.45,207.85,208.0,285269
2018-02-19 09:15:00+05:30,209.45,209.45,205.65,206.7,377913
2018-02-19 10:15:00+05:30,206.7,207.7,205.8,206.3,313739
2018-02-19 11:15:00+05:30,206.3,207.05,205.45,205.7,207833
2018-02-19 12:15:00+05:30,205.7,206.0,203.6,203.95,418269
2018-02-19 13:15:00+05:30,203.95,204.6,203.35,203.45,297183
2018-02-19 14:15:00+05:30,203.45,204.8,203.0,204.2,498601
2018-02-19 15:15:00+05:30,204.35,205.5,204.0,205.5,164373
2018-02-20 09:15:00+05:30,205.65,206.75,204.0,204.8,291025
2018-02-20 10:15:00+05:30,204.8,205.6,203.8,203.95,116361
2018-02-20 11:15:00+05:30,203.95,204.5,203.5,203.95,91584
2018-02-20 12:15:00+05:30,203.95,204.95,203.7,204.7,127393
2018-02-20 13:15:00+05:30,204.7,205.2,204.45,205.2,114010
2018-02-20 14:15:00+05:30,205.2,205.95,203.8,205.4,342238
2018-02-20 15:15:00+05:30,205.4,205.95,205.05,205.95,161371
2018-02-21 09:15:00+05:30,206.7,206.7,203.3,204.05,417407
2018-02-21 10:15:00+05:30,204.05,204.15,203.25,203.7,599309
2018-02-21 11:15:00+05:30,203.8,204.0,203.1,203.5,342222
2018-02-21 12:15:00+05:30,203.55,203.75,203.15,203.5,1275670
2018-02-21 13:15:00+05:30,203.5,203.75,203.25,203.65,352775
2018-02-21 14:15:00+05:30,203.65,204.45,203.3,204.3,704132
2018-02-21 15:15:00+05:30,204.35,204.8,203.5,203.65,347257
2018-02-22 09:15:00+05:30,202.95,203.0,200.8,202.05,437953
2018-02-22 10:15:00+05:30,202.05,203.1,201.9,202.35,219014
2018-02-22 11:15:00+05:30,202.35,203.3,202.25,202.4,281737
2018-02-22 12:15:00+05:30,202.4,202.45,201.9,202.05,173071
2018-02-22 13:15:00+05:30,202.05,202.4,201.95,202.0,161460
2018-02-22 14:15:00+05:30,202.0,202.75,201.75,201.85,1662363
2018-02-22 15:15:00+05:30,202.0,202.55,201.85,202.55,1199552
2018-02-23 09:15:00+05:30,203.6,204.6,202.7,203.5,208472
2018-02-23 10:15:00+05:30,203.5,203.95,203.4,203.5,79054
2018-02-23 11:15:00+05:30,203.5,205.0,203.35,204.4,291346
2018-02-23 12:15:00+05:30,204.4,204.45,203.4,203.7,132262
2018-02-23 13:15:00+05:30,203.7,204.2,203.25,204.15,184019
2018-02-23 14:15:00+05:30,204.15,204.2,203.05,203.65,188243
2018-02-23 15:15:00+05:30,203.65,204.0,203.5,203.8,97433
2018-02-26 09:15:00+05:30,205.35,209.9,205.05,209.1,600090
2018-02-26 10:15:00+05:30,209.1,209.75,208.1,208.8,210618
2018-02-26 11:15:00+05:30,208.8,209.6,208.5,209.25,147489
2018-02-26 12:15:00+05:30,209.25,209.3,208.55,208.7,109910
2018-02-26 13:15:00+05:30,208.7,209.0,208.4,208.85,122608
2018-02-26 14:15:00+05:30,208.9,209.65,208.6,209.05,254815
2018-02-26 15:15:00+05:30,209.05,209.75,208.7,209.7,200073
2018-02-27 09:15:00+05:30,210.4,211.65,209.0,209.25,398874
2018-02-27 10:15:00+05:30,209.25,210.0,208.6,209.9,145717
2018-02-27 11:15:00+05:30,209.9,210.0,207.7,207.95,138036
2018-02-27 12:15:00+05:30,207.95,208.65,207.5,208.15,59817
2018-02-27 13:15:00+05:30,208.3,208.9,208.0,208.25,72863
2018-02-27 14:15:00+05:30,208.3,209.2,208.0,208.8,128185
2018-02-27 15:15:00+05:30,208.8,209.0,208.25,209.0,98853
2018-02-28 09:15:00+05:30,207.8,207.8,205.35,206.1,305156
2018-02-28 10:15:00+05:30,206.1,207.05,205.95,206.9,205640
2018-02-28 11:15:00+05:30,206.85,209.25,206.7,208.2,291589
2018-02-28 12:15:00+05:30,208.2,208.45,207.0,207.55,95008
2018-02-28 13:15:00+05:30,207.5,208.15,206.9,207.1,99864
2018-02-28 14:15:00+05:30,207.1,208.2,206.75,206.85,440561
2018-02-28 15:15:00+05:30,206.8,207.4,206.35,206.75,266143
2018-03-01 09:15:00+05:30,206.75,208.5,206.6,207.85,165573
2018-03-01 10:15:00+05:30,207.85,209.4,207.7,208.1,172162
2018-03-01 11:15:00+05:30,208.1,208.8,207.85,208.4,101025
2018-03-01 12:15:00+05:30,208.4,209.25,208.0,209.1,134071
2018-03-01 13:15:00+05:30,209.1,209.5,208.0,208.0,145515
2018-03-01 14:15:00+05:30,208.0,208.3,207.25,207.5,172284
2018-03-01 15:15:00+05:30,207.55,207.75,206.65,207.3,173985
2018-03-05 09:15:00+05:30,206.3,206.3,201.15,201.75,484427
2018-03-05 10:15:00+05:30,201.75,203.15,201.65,202.55,295925
2018-03-05 11:15:00+05:30,202.55,202.6,201.0,201.5,362057
2018-03-05 12:15:00+05:30,201.65,201.65,200.2,200.5,343451
2018-03-05 13:15:00+05:30,200.5,201.45,200.1,200.95,260270
2018-03-05 14:15:00+05:30,200.95,201.3,199.4,199.7,588862
2018-03-05 15:15:00+05:30,199.7,200.0,198.75,199.65,506387
2018-03-06 09:15:00+05:30,201.2,201.5,199.0,199.45,523845
2018-03-06 10:15:00+05:30,199.45,199.9,198.1,198.3,351002
2018-03-06 11:15:00+05:30,198.3,199.0,198.0,198.6,300546
2018-03-06 12:15:00+05:30,198.6,199.25,198.3,199.05,240241
2018-03-06 13:15:00+05:30,199.05,199.35,198.25,198.25,224516
2018-03-06 14:15:00+05:30,198.2,198.6,195.95,195.95,615529
2018-03-06 15:15:00+05:30,195.85,196.05,195.2,195.3,182454
2018-03-07 09:15:00+05:30,194.95,197.1,192.65,196.05,2366370
2018-03-07 10:15:00+05:30,196.05,198.15,196.05,196.1,584993
2018-03-07 11:15:00+05:30,196.0,196.45,194.35,195.15,513528
2018-03-07 12:15:00+05:30,195.15,196.45,194.4,194.4,474970
2018-03-07 13:15:00+05:30,194.4,194.75,193.2,193.7,413803
2018-03-07 14:15:00+05:30,193.55,194.75,192.85,194.25,723690
2018-03-07 15:15:00+05:30,194.1,195.05,194.0,194.25,245197
2018-03-08 09:15:00+05:30,196.1,196.8,192.55,193.45,285605
2018-03-08 10:15:00+05:30,193.45,193.5,191.1,192.0,296322
2018-03-08 11:15:00+05:30,192.0,194.45,192.0,193.85,265844
2018-03-08 12:15:00+05:30,193.9,194.45,192.7,192.95,182318
2018-03-08 13:15:00+05:30,192.8,193.95,192.6,193.75,134580
2018-03-08 14:15:00+05:30,193.75,196.2,193.75,194.25,267096
2018-03-08 15:15:00+05:30,194.15,195.45,194.1,194.75,116586
2018-03-09 09:15:00+05:30,194.75,195.8,193.45,195.1,160539
2018-03-09 10:15:00+05:30,195.2,195.2,193.5,194.6,117034
2018-03-09 11:15:00+05:30,194.7,195.2,194.0,194.65,59088
2018-03-09 12:15:00+05:30,194.65,195.35,194.2,194.65,153091
2018-03-09 13:15:00+05:30,194.65,194.75,192.5,193.1,185293
2018-03-09 14:15:00+05:30,193.1,193.4,192.0,192.75,235258
2018-03-09 15:15:00+05:30,192.6,193.05,192.35,192.4,145494
2018-03-12 09:15:00+05:30,193.5,194.4,190.75,192.1,575380
2018-03-12 10:15:00+05:30,192.15,192.25,190.8,191.35,419097
2018-03-12 11:15:00+05:30,191.2,192.0,191.0,191.6,187350
2018-03-12 12:15:00+05:30,191.55,194.25,191.25,193.55,309867
2018-03-12 13:15:00+05:30,193.55,196.4,193.4,196.2,354809
2018-03-12 14:15:00+05:30,196.2,198.8,195.75,197.8,572427
2018-03-12 15:15:00+05:30,197.8,198.1,197.05,197.5,167015
2018-03-13 09:15:00+05:30,197.85,198.75,197.5,198.3,246849
2018-03-13 10:15:00+05:30,198.1,199.65,198.0,198.65,302121
2018-03-13 11:15:00+05:30,198.65,199.5,198.25,198.85,384371
2018-03-13 12:15:00+05:30,198.8,199.3,198.2,198.75,210573
2018-03-13 13:15:00+05:30,198.75,199.0,195.2,195.35,436444
2018-03-13 14:15:00+05:30,195.3,197.4,195.2,196.7,353903
2018-03-13 15:15:00+05:30,196.7,197.55,196.7,197.1,79181
2018-03-14 09:15:00+05:30,194.7,196.75,194.7,196.5,254908
2018-03-14 10:15:00+05:30,196.35,197.4,196.2,196.45,209766
2018-03-14 11:15:00+05:30,196.45,196.6,195.75,196.25,159584
2018-03-14 12:15:00+05:30,196.25,197.0,195.9,196.65,166374
2018-03-14 13:15:00+05:30,196.65,197.2,196.5,196.7,136821
2018-03-14 14:15:00+05:30,196.75,197.7,196.2,197.6,336886
2018-03-14 15:15:00+05:30,197.6,198.05,197.4,198.05,103486
2018-03-15 09:15:00+05:30,197.3,199.25,197.05,198.5,284199
2018-03-15 10:15:00+05:30,198.5,198.55,196.0,196.15,234204
2018-03-15 11:15:00+05:30,196.15,196.65,195.45,196.2,192821
2018-03-15 12:15:00+05:30,196.2,196.55,195.75,196.15,196335
2018-03-15 13:15:00+05:30,196.25,196.35,194.8,195.55,284117
2018-03-15 14:15:00+05:30,195.55,197.0,195.25,196.8,544610
2018-03-15 15:15:00+05:30,196.9,196.9,195.4,195.85,207216
2018-03-16 09:15:00+05:30,196.05,196.05,193.2,193.8,240380
2018-03-16 10:15:00+05:30,193.8,193.95,192.8,193.6,255639
2018-03-16 11:15:00+05:30,193.6,193.7,192.2,192.25,155702
2018-03-16 12:15:00+05:30,192.3,193.0,191.85,192.2,214778
2018-03-16 13:15:00+05:30,192.2,192.25,190.65,190.75,434423
2018-03-16 14:15:00+05:30,190.65,191.05,189.1,189.15,793594
2018-03-16 15:15:00+05:30,189.15,189.6,189.0,189.3,647605
2018-03-19 09:15:00+05:30,189.45,189.95,187.65,189.2,268593
2018-03-19 10:15:00+05:30,189.2,189.5,187.05,188.4,235177
2018-03-19 11:15:00+05:30,188.4,189.5,188.1,189.3,239018
2018-03-19 12:15:00+05:30,189.3,189.5,187.75,188.15,269903
2018-03-19 13:15:00+05:30,188.15,189.05,187.7,188.25,944802
2018-03-19 14:15:00+05:30,188.25,189.4,187.75,188.8,519552
2018-03-19 15:15:00+05:30,188.9,189.2,188.2,188.8,138767
2018-03-20 09:15:00+05:30,187.65,190.95,186.5,189.8,289578
2018-03-20 10:15:00+05:30,189.8,190.4,189.5,189.8,153299
2018-03-20 11:15:00+05:30,189.8,190.9,189.65,190.6,259787
2018-03-20 12:15:00+05:30,190.45,191.5,189.55,190.45,331689
2018-03-20 13:15:00+05:30,190.3,190.6,188.15,188.5,250249
2018-03-20 14:15:00+05:30,188.4,190.4,187.5,190.15,442522
2018-03-20 15:15:00+05:30,190.15,191.1,189.9,190.0,158374
2018-03-21 09:15:00+05:30,190.75,192.0,190.4,191.75,236050
2018-03-21 10:15:00+05:30,191.75,192.0,191.05,191.35,77472
2018-03-21 11:15:00+05:30,191.4,191.55,189.55,190.25,125666
2018-03-21 12:15:00+05:30,190.25,190.45,189.55,189.75,72614
2018-03-21 13:15:00+05:30,189.75,190.15,188.3,188.55,99858
2018-03-21 14:15:00+05:30,188.55,189.3,187.8,188.5,288587
2018-03-21 15:15:00+05:30,188.6,188.75,187.85,188.25,129889
2018-03-22 09:15:00+05:30,190.2,190.7,188.85,189.7,405885
2018-03-22 10:15:00+05:30,189.7,190.85,189.55,190.4,368622
2018-03-22 11:15:00+05:30,190.4,191.0,189.8,190.0,260218
2018-03-22 12:15:00+05:30,190.0,191.1,189.75,189.95,412752
2018-03-22 13:15:00+05:30,189.95,190.6,189.45,190.55,335770
2018-03-22 14:15:00+05:30,190.6,191.0,190.2,190.5,324717
2018-03-22 15:15:00+05:30,190.5,190.85,190.45,190.65,387945
2018-03-23 09:15:00+05:30,187.35,187.65,185.25,186.55,328778
2018-03-23 10:15:00+05:30,186.6,187.25,186.4,186.7,176974
2018-03-23 11:15:00+05:30,186.7,186.95,185.7,186.4,240689
2018-03-23 12:15:00+05:30,186.4,188.0,186.3,187.35,203655
2018-03-23 13:15:00+05:30,187.35,188.35,187.1,187.25,202125
2018-03-23 14:15:00+05:30,187.3,187.65,186.35,186.85,629019
2018-03-23 15:15:00+05:30,186.9,187.2,186.0,186.4,161388
2018-03-26 09:15:00+05:30,186.0,186.5,184.05,184.15,343421
2018-03-26 10:15:00+05:30,184.2,184.55,183.25,184.1,206741
2018-03-26 11:15:00+05:30,184.1,184.45,183.65,184.15,108897
2018-03-26 12:15:00+05:30,183.95,184.65,183.45,184.1,161284
2018-03-26 13:15:00+05:30,184.1,185.5,183.65,184.55,222506
2018-03-26 14:15:00+05:30,184.55,186.65,184.1,186.2,306474
2018-03-26 15:15:00+05:30,186.25,186.65,185.55,186.3,157698
2018-03-27 09:15:00+05:30,187.4,188.0,186.05,186.05,245813
2018-03-27 10:15:00+05:30,186.05,186.55,184.85,185.5,168151
2018-03-27 11:15:00+05:30,185.2,185.65,184.55,185.45,104962
2018-03-27 12:15:00+05:30,185.5,186.2,185.0,185.6,375616
2018-03-27 13:15:00+05:30,185.6,185.85,184.8,185.25,411541
2018-03-27 14:15:00+05:30,185.25,186.15,184.75,186.0,648450
2018-03-27 15:15:00+05:30,186.1,186.25,185.0,185.55,270537
2018-03-28 09:15:00+05:30,185.55,186.75,184.95,185.8,209006
2018-03-28 10:15:00+05:30,185.8,186.2,185.25,185.85,192463
2018-03-28 11:15:00+05:30,185.75,186.55,185.6,186.1,121167
2018-03-28 12:15:00+05:30,186.1,186.3,185.65,185.65,109854
2018-03-28 13:15:00+05:30,185.65,185.8,184.0,185.05,244043
2018-03-28 14:15:00+05:30,185.05,186.0,182.45,182.8,1259894
2018-03-28 15:15:00+05:30,182.8,183.55,182.7,183.15,776842
2018-04-02 09:15:00+05:30,186.55,188.5,186.1,187.9,483114
2018-04-02 10:15:00+05:30,187.9,187.95,186.65,187.1,113509
2018-04-02 11:15:00+05:30,187.1,188.05,186.8,187.7,99209
2018-04-02 12:15:00+05:30,187.7,188.25,187.35,188.05,94022
2018-04-02 13:15:00+05:30,188.05,188.9,187.7,188.1,126089
2018-04-02 14:15:00+05:30,188.1,189.65,187.5,189.6,183212
2018-04-02 15:15:00+05:30,189.55,190.55,189.4,190.3,125573
2018-04-03 09:15:00+05:30,189.65,194.3,188.6,193.3,483943
2018-04-03 10:15:00+05:30,193.15,193.5,191.25,192.15,231369
2018-04-03 11:15:00+05:30,192.05,193.0,191.85,192.45,109922
2018-04-03 12:15:00+05:30,192.45,194.7,192.35,194.3,152927
2018-04-03 13:15:00+05:30,194.3,194.4,193.55,194.3,140305
2018-04-03 14:15:00+05:30,194.2,195.2,193.9,194.1,376785
2018-04-03 15:15:00+05:30,194.05,194.15,193.25,193.7,116226
2018-04-04 09:15:00+05:30,196.1,203.0,195.2,202.2,1520011
2018-04-04 10:15:00+05:30,202.2,203.75,202.05,202.85,582886
2018-04-04 11:15:00+05:30,202.85,204.2,202.1,202.7,396920
2018-04-04 12:15:00+05:30,202.7,203.75,201.9,202.1,259613
2018-04-04 13:15:00+05:30,202.1,202.5,198.0,200.8,733723
2018-04-04 14:15:00+05:30,200.8,200.95,198.65,199.25,959769
2018-04-04 15:15:00+05:30,199.25,199.45,198.1,198.5,251275
2018-04-05 09:15:00+05:30,203.9,205.4,202.8,205.35,738037
2018-04-05 10:15:00+05:30,205.4,206.7,204.8,206.1,436717
2018-04-05 11:15:00+05:30,206.2,207.55,206.05,207.2,499089
2018-04-05 12:15:00+05:30,207.2,207.35,206.25,206.55,239722
2018-04-05 13:15:00+05:30,206.55,208.1,206.3,207.6,333950
2018-04-05 14:15:00+05:30,207.6,208.0,204.25,204.6,971211
2018-04-05 15:15:00+05:30,204.85,206.25,204.5,206.25,427790
2018-04-06 09:15:00+05:30,205.3,205.3,201.85,203.7,321069
2018-04-06 10:15:00+05:30,203.7,205.25,203.6,204.3,219817
2018-04-06 11:15:00+05:30,204.3,207.55,204.2,206.9,345470
2018-04-06 12:15:00+05:30,206.9,207.5,205.1,206.45,237175
2018-04-06 13:15:00+05:30,206.45,206.95,205.5,206.45,90735
2018-04-06 14:15:00+05:30,206.45,207.4,205.8,206.55,186424
2018-04-06 15:15:00+05:30,206.7,206.7,205.9,206.3,135229
2018-04-09 09:15:00+05:30,205.4,208.0,205.25,206.6,284555
2018-04-09 10:15:00+05:30,206.6,206.6,204.0,204.1,249111
2018-04-09 11:15:00+05:30,204.1,205.1,203.15,204.2,180285
2018-04-09 12:15:00+05:30,204.2,204.5,203.35,203.9,92454
2018-04-09 13:15:00+05:30,203.9,204.65,203.45,203.75,203407
2018-04-09 14:15:00+05:30,203.7,203.75,201.4,201.6,328473
2018-04-09 15:15:00+05:30,201.65,202.3,201.35,202.15,181798
2018-04-10 09:15:00+05:30,203.0,203.95,200.1,200.1,505495
2018-04-10 10:15:00+05:30,200.2,200.55,198.15,199.0,255384
2018-04-10 11:15:00+05:30,199.0,199.9,198.85,199.2,207874
2018-04-10 12:15:00+05:30,199.2,200.6,199.0,200.15,104492
2018-04-10 13:15:00+05:30,200.2,200.45,199.05,199.75,89620
2018-04-10 14:15:00+05:30,199.75,199.75,198.45,198.8,245685
2018-04-10 15:15:00+05:30,198.8,199.1,198.65,199.05,136870
2018-04-11 09:15:00+05:30,200.05,201.4,198.35,199.4,543465
2018-04-11 10:15:00+05:30,199.4,199.5,198.5,198.6,147411
2018-04-11 11:15:00+05:30,198.6,199.0,198.05,198.6,73467
2018-04-11 12:15:00+05:30,198.65,199.05,198.55,199.0,34195
2018-04-11 13:15:00+05:30,199.0,201.6,199.0,200.8,145307
2018-04-11 14:15:00+05:30,200.7,201.0,199.5,200.8,135518
2018-04-11 15:15:00+05:30,200.95,201.15,200.5,200.6,71209
2018-04-12 09:15:00+05:30,201.1,202.25,201.05,201.65,157230
2018-04-12 10:15:00+05:30,201.5,203.65,201.25,203.3,244430
2018-04-12 11:15:00+05:30,203.3,203.65,202.5,202.6,124384
2018-04-12 12:15:00+05:30,202.6,203.3,202.5,202.8,60495
2018-04-12 13:15:00+05:30,202.8,203.0,201.35,201.65,84149
2018-04-12 14:15:00+05:30,201.65,202.6,201.3,202.4,353177
2018-04-12 15:15:00+05:30,202.4,202.5,201.45,202.2,141613
2018-04-13 09:15:00+05:30,202.3,203.15,200.4,203.0,248673
2018-04-13 10:15:00+05:30,203.0,203.5,202.3,202.95,102350
2018-04-13 11:15:00+05:30,202.95,203.6,202.8,203.3,230955
2018-04-13 12:15:00+05:30,203.3,203.6,201.7,202.25,357901
2018-04-13 13:15:00+05:30,202.25,203.15,201.35,202.7,640101
2018-04-13 14:15:00+05:30,202.7,203.25,202.25,202.85,188144
2018-04-13 15:15:00+05:30,202.85,203.0,202.25,202.25,109725
2018-04-16 09:15:00+05:30,197.9,200.15,197.55,197.8,313674
2018-04-16 10:15:00+05:30,197.8,197.95,195.35,195.8,328074
2018-04-16 11:15:00+05:30,195.8,195.95,193.3,193.65,444490
2018-04-16 12:15:00+05:30,193.65,194.1,192.55,193.75,298616
2018-04-16 13:15:00+05:30,193.9,194.45,193.5,193.6,259194
2018-04-16 14:15:00+05:30,193.6,194.15,193.5,193.7,351282
2018-04-16 15:15:00+05:30,193.7,193.8,193.15,193.45,245186
2018-04-17 09:15:00+05:30,194.45,195.2,193.4,194.8,259709
2018-04-17 10:15:00+05:30,194.8,194.95,193.0,193.25,123576
2018-04-17 11:15:00+05:30,193.25,193.4,190.25,190.6,328437
2018-04-17 12:15:00+05:30,190.6,191.9,190.45,191.6,72089
2018-04-17 13:15:00+05:30,191.6,192.4,191.45,192.1,70037
2018-04-17 14:15:00+05:30,192.3,193.35,191.9,192.8,233796
2018-04-17 15:15:00+05:30,192.75,192.9,192.25,192.55,96800
2018-04-18 09:15:00+05:30,193.5,193.65,191.25,192.5,201470
2018-04-18 10:15:00+05:30,192.5,193.25,192.3,192.9,65888
2018-04-18 11:15:00+05:30,192.95,193.0,192.1,192.3,52023
2018-04-18 12:15:00+05:30,192.45,192.5,191.9,192.05,115895
2018-04-18 13:15:00+05:30,192.05,192.3,190.5,190.85,123814
2018-04-18 14:15:00+05:30,190.95,191.0,189.45,190.4,697611
2018-04-18 15:15:00+05:30,190.5,190.7,190.0,190.25,166452
2018-04-19 09:15:00+05:30,190.75,191.45,189.85,191.0,365512
2018-04-19 10:15:00+05:30,191.0,191.35,190.15,191.15,139376
2018-04-19 11:15:00+05:30,191.15,191.4,189.65,190.1,159452
2018-04-19 12:15:00+05:30,190.1,191.1,189.6,190.9,205359
2018-04-19 13:15:00+05:30,190.9,191.8,190.6,191.2,103823
2018-04-19 14:15:00+05:30,191.2,191.2,190.35,191.1,152046
2018-04-19 15:15:00+05:30,191.35,191.7,191.2,191.25,111798
2018-04-20 09:15:00+05:30,191.0,194.2,190.8,193.65,362074
2018-04-20 10:15:00+05:30,193.65,194.7,193.15,194.0,163125
2018-04-20 11:15:00+05:30,194.0,194.15,192.4,193.3,164537
2018-04-20 12:15:00+05:30,193.35,193.8,191.25,192.0,120151
2018-04-20 13:15:00+05:30,191.95,192.3,190.2,191.1,157075
2018-04-20 14:15:00+05:30,191.1,191.2,190.5,191.05,132730
2018-04-20 15:15:00+05:30,191.0,191.2,190.4,190.5,157483
2018-04-23 09:15:00+05:30,190.15,191.8,188.3,188.65,1050021
2018-04-23 10:15:00+05:30,188.65,191.0,188.0,190.25,785442
2018-04-23 11:15:00+05:30,190.25,190.4,189.4,189.95,102273
2018-04-23 12:15:00+05:30,189.95,190.0,188.65,188.85,103179
2018-04-23 13:15:00+05:30,188.85,189.7,188.8,189.25,109638
2018-04-23 14:15:00+05:30,189.25,189.3,187.9,188.35,252327
2018-04-23 15:15:00+05:30,188.35,188.35,187.9,188.05,132159
2018-04-24 09:15:00+05:30,187.0,188.2,186.7,188.0,377486
2018-04-24 10:15:00+05:30,188.0,189.55,187.95,189.15,312396
2018-04-24 11:15:00+05:30,189.15,189.2,188.0,188.6,245120
2018-04-24 12:15:00+05:30,188.6,188.75,188.0,188.25,256244
2018-04-24 13:15:00+05:30,188.25,188.35,187.5,188.0,645969
2018-04-24 14:15:00+05:30,188.05,188.45,187.9,188.3,518735
2018-04-24 15:15:00+05:30,188.3,188.45,187.9,188.3,122606
2018-04-25 09:15:00+05:30,187.75,189.5,187.35,188.95,187981
2018-04-25 10:15:00+05:30,188.95,189.0,187.85,188.0,100793
2018-04-25 11:15:00+05:30,188.05,188.8,187.75,187.8,69241
2018-04-25 12:15:00+05:30,187.8,187.8,185.75,186.0,242850
2018-04-25 13:15:00+05:30,186.0,186.4,184.85,185.25,219848
2018-04-25 14:15:00+05:30,185.25,185.45,183.9,185.4,437847
2018-04-25 15:15:00+05:30,185.4,185.65,184.85,185.1,153501
2018-04-26 09:15:00+05:30,185.65,186.1,184.8,185.8,188418
2018-04-26 10:15:00+05:30,185.8,188.4,185.75,188.0,265926
2018-04-26 11:15:00+05:30,188.0,189.15,187.45,187.6,206377
2018-04-26 12:15:00+05:30,187.6,188.15,187.0,187.95,118565
2018-04-26 13:15:00+05:30,187.95,187.95,185.75,186.35,241394
2018-04-26 14:15:00+05:30,186.35,186.4,184.5,184.8,535506
2018-04-26 15:15:00+05:30,184.55,186.0,184.55,185.95,446388
2018-04-27 09:15:00+05:30,187.05,187.55,186.05,186.35,319283
2018-04-27 10:15:00+05:30,186.35,187.9,186.0,187.65,130201
2018-04-27 11:15:00+05:30,187.65,188.35,187.15,187.85,118313
2018-04-27 12:15:00+05:30,187.85,188.4,187.3,188.25,103644
2018-04-27 13:15:00+05:30,188.25,188.8,187.65,187.9,90311
2018-04-27 14:15:00+05:30,187.9,189.0,187.35,188.95,129781
2018-04-27 15:15:00+05:30,188.8,189.0,188.35,188.4,85795
2018-04-30 09:15:00+05:30,190.0,192.5,190.0,191.8,396779
2018-04-30 10:15:00+05:30,191.85,192.15,191.6,191.75,91788
2018-04-30 11:15:00+05:30,191.7,192.1,191.3,192.0,115702
2018-04-30 12:15:00+05:30,192.05,192.8,191.7,192.4,89583
2018-04-30 13:15:00+05:30,192.4,192.7,191.4,192.5,97795
2018-04-30 14:15:00+05:30,192.5,192.7,191.4,191.65,105223
2018-04-30 15:15:00+05:30,191.65,191.75,191.0,191.35,137175
2018-05-02 09:15:00+05:30,195.75,197.2,194.1,194.5,949005
2018-05-02 10:15:00+05:30,194.4,194.8,193.5,194.0,153162
2018-05-02 11:15:00+05:30,194.0,194.0,191.75,192.3,222602
2018-05-02 12:15:00+05:30,192.3,192.75,192.0,192.55,112502
2018-05-02 13:15:00+05:30,192.55,192.8,189.5,189.9,282562
2018-05-02 14:15:00+05:30,189.9,190.0,188.6,188.95,405904
2018-05-02 15:15:00+05:30,188.95,189.8,188.7,189.5,198533
2018-05-03 09:15:00+05:30,188.2,188.3,185.05,186.05,456619
2018-05-03 10:15:00+05:30,186.05,186.4,185.8,186.05,179177
2018-05-03 11:15:00+05:30,186.05,186.6,185.8,186.5,80848
2018-05-03 12:15:00+05:30,186.5,187.4,186.4,186.8,80041
2018-05-03 13:15:00+05:30,186.8,187.95,186.8,187.3,95754
2018-05-03 14:15:00+05:30,187.3,188.1,186.75,186.8,203662
2018-05-03 15:15:00+05:30,186.8,187.25,186.45,186.85,103171
2018-05-04 09:15:00+05:30,187.25,187.25,185.55,185.8,163913
2018-05-04 10:15:00+05:30,185.8,186.15,185.1,185.65,75933
2018-05-04 11:15:00+05:30,185.6,185.95,185.15,185.9,55498
2018-05-04 12:15:00+05:30,185.9,186.0,184.75,185.0,123957
2018-05-04 13:15:00+05:30,185.0,186.0,184.9,186.0,88058
2018-05-04 14:15:00+05:30,186.0,189.45,185.9,187.6,319976
2018-05-04 15:15:00+05:30,187.6,187.7,186.9,187.5,81981
2018-05-07 09:15:00+05:30,189.0,189.75,187.45,188.5,435099
2018-05-07 10:15:00+05:30,188.45,188.85,187.35,188.4,107029
2018-05-07 11:15:00+05:30,188.45,189.0,188.0,188.65,88213
2018-05-07 12:15:00+05:30,188.65,188.85,188.15,188.6,46897
2018-05-07 13:15:00+05:30,188.6,189.2,188.4,188.7,60118
2018-05-07 14:15:00+05:30,188.7,189.2,188.25,188.35,172586
2018-05-07 15:15:00+05:30,188.35,188.8,188.2,188.8,116142
2018-05-08 09:15:00+05:30,188.6,188.9,186.35,187.5,431828
2018-05-08 10:15:00+05:30,187.5,187.9,187.35,187.65,69565
2018-05-08 11:15:00+05:30,187.65,188.25,187.3,188.0,268910
2018-05-08 12:15:00+05:30,188.0,189.25,187.45,187.5,209011
2018-05-08 13:15:00+05:30,187.5,188.3,187.25,187.9,284253
2018-05-08 14:15:00+05:30,187.9,191.35,187.45,188.6,2652051
2018-05-08 15:15:00+05:30,188.55,189.1,187.5,187.7,331000
2018-05-09 09:15:00+05:30,189.0,191.7,188.5,191.4,452172
2018-05-09 10:15:00+05:30,191.4,194.8,190.65,194.7,598382
2018-05-09 11:15:00+05:30,194.8,196.25,194.5,194.9,1393004
2018-05-09 12:15:00+05:30,194.9,196.5,194.0,196.3,1519063
2018-05-09 13:15:00+05:30,196.3,196.45,194.85,195.9,478639
2018-05-09 14:15:00+05:30,195.9,198.5,195.85,197.35,1800537
2018-05-09 15:15:00+05:30,197.45,197.7,197.0,197.1,554155
2018-05-10 09:15:00+05:30,198.95,199.1,196.1,196.8,1173280
2018-05-10 10:15:00+05:30,196.85,201.0,196.5,200.7,1923639
2018-05-10 11:15:00+05:30,200.7,201.25,199.5,200.1,1690403
2018-05-10 12:15:00+05:30,200.1,200.8,199.9,200.0,872855
2018-05-10 13:15:00+05:30,200.0,202.25,200.0,200.3,588738
2018-05-10 14:15:00+05:30,200.3,201.25,197.9,198.6,974758
2018-05-10 15:15:00+05:30,198.6,198.75,197.5,198.05,472998
2018-05-11 09:15:00+05:30,199.95,199.95,195.0,196.1,542079
2018-05-11 10:15:00+05:30,196.1,196.1,194.2,194.8,308647
2018-05-11 11:15:00+05:30,194.8,197.0,194.65,195.3,753645
2018-05-11 12:15:00+05:30,195.3,195.65,194.95,195.2,96921
2018-05-11 13:15:00+05:30,195.2,195.6,194.55,195.1,225646
2018-05-11 14:15:00+05:30,195.1,195.6,194.85,195.3,399242
2018-05-11 15:15:00+05:30,195.3,195.65,195.0,195.2,155789
2018-05-14 09:15:00+05:30,195.1,195.25,192.1,192.7,167890
2018-05-14 10:15:00+05:30,192.7,192.7,190.25,191.0,251932
2018-05-14 11:15:00+05:30,191.0,191.55,190.75,191.0,301149
2018-05-14 12:15:00+05:30,191.0,192.15,190.75,191.35,198762
2018-05-14 13:15:00+05:30,191.35,192.05,190.4,191.4,478161
2018-05-14 14:15:00+05:30,191.4,191.8,190.7,190.7,465257
2018-05-14 15:15:00+05:30,190.7,191.45,190.6,191.35,237084
2018-05-15 09:15:00+05:30,189.45,189.45,183.15,185.35,1869838
2018-05-15 10:15:00+05:30,185.4,185.75,183.5,185.25,1446571
2018-05-15 11:15:00+05:30,185.25,185.95,184.9,185.2,579998
2018-05-15 12:15:00+05:30,185.2,185.75,184.75,184.85,758337
2018-05-15 13:15:00+05:30,184.85,185.9,182.6,182.6,704975
2018-05-15 14:15:00+05:30,182.6,183.1,179.35,181.05,1376513
2018-05-15 15:15:00+05:30,181.05,182.9,180.3,182.0,219569
2018-05-16 09:15:00+05:30,180.0,183.1,179.0,180.9,825528
2018-05-16 10:15:00+05:30,180.9,182.35,180.65,181.9,332150
2018-05-16 11:15:00+05:30,181.9,182.8,181.15,182.75,964369
2018-05-16 12:15:00+05:30,182.75,184.85,182.6,184.4,355415
2018-05-16 13:15:00+05:30,184.4,185.1,183.25,183.75,427019
2018-05-16 14:15:00+05:30,183.75,184.6,183.75,184.1,640791
2018-05-16 15:15:00+05:30,184.1,184.15,182.9,183.35,203459
2018-05-17 09:15:00+05:30,184.1,184.3,180.6,182.15,315593
2018-05-17 10:15:00+05:30,182.15,184.8,182.0,184.5,396425
2018-05-17 11:15:00+05:30,184.5,186.25,184.25,185.15,481010
2018-05-17 12:15:00+05:30,185.15,186.5,184.8,186.05,202758
2018-05-17 13:15:00+05:30,186.05,186.6,185.4,186.1,164390
2018-05-17 14:15:00+05:30,186.1,187.0,185.25,185.55,726657
2018-05-17 15:15:00+05:30,185.35,185.65,185.0,185.45,290874
2018-05-18 09:15:00+05:30,185.85,185.85,182.7,183.65,432985
2018-05-18 10:15:00+05:30,183.7,184.25,183.0,183.15,339709
2018-05-18 11:15:00+05:30,183.2,183.4,182.35,182.4,594862
2018-05-18 12:15:00+05:30,182.5,183.35,181.35,181.9,262172
2018-05-18 13:15:00+05:30,181.9,182.05,180.25,181.4,331073
2018-05-18 14:15:00+05:30,181.4,182.1,179.9,180.05,393697
2018-05-18 15:15:00+05:30,180.2,182.1,180.1,180.8,429224
2018-05-21 09:15:00+05:30,180.0,180.55,176.3,177.15,597657
2018-05-21 10:15:00+05:30,177.15,177.85,176.0,176.15,391620
2018-05-21 11:15:00+05:30,176.15,177.2,176.0,176.8,293791
2018-05-21 12:15:00+05:30,176.8,176.95,175.65,175.9,174954
2018-05-21 13:15:00+05:30,175.85,176.75,175.15,175.3,163665
2018-05-21 14:15:00+05:30,175.3,175.6,173.8,175.6,601719
2018-05-21 15:15:00+05:30,175.5,176.2,175.35,176.1,470304
2018-05-22 09:15:00+05:30,175.0,175.95,173.35,175.1,868135
2018-05-22 10:15:00+05:30,175.1,175.1,172.8,172.8,386772
2018-05-22 11:15:00+05:30,172.8,173.65,172.05,172.95,303316
2018-05-22 12:15:00+05:30,172.95,181.3,172.5,178.65,2656558
2018-05-22 13:15:00+05:30,178.65,180.5,177.35,178.1,1092535
2018-05-22 14:15:00+05:30,178.1,178.65,177.4,177.45,765688
2018-05-22 15:15:00+05:30,177.4,177.9,177.05,177.5,263715
2018-05-23 09:15:00+05:30,179.5,180.45,177.2,177.6,914359
2018-05-23 10:15:00+05:30,177.7,181.2,177.6,178.4,1016518
2018-05-23 11:15:00+05:30,178.4,179.75,178.35,179.05,594153
2018-05-23 12:15:00+05:30,179.05,179.75,177.6,177.6,835581
2018-05-23 13:15:00+05:30,177.6,178.25,175.0,176.9,394612
2018-05-23 14:15:00+05:30,176.9,177.6,175.85,176.05,397473
2018-05-23 15:15:00+05:30,176.05,176.3,175.75,176.0,222271
2018-05-24 09:15:00+05:30,172.25,174.6,164.55,169.7,3527886
2018-05-24 10:15:00+05:30,169.75,170.3,168.35,169.7,947228
2018-05-24 11:15:00+05:30,169.7,169.7,168.0,169.15,790875
2018-05-24 12:15:00+05:30,169.15,170.15,168.45,169.5,736326
2018-05-24 13:15:00+05:30,169.5,170.15,167.0,167.0,462361
2018-05-24 14:15:00+05:30,167.0,168.65,166.4,168.45,735519
2018-05-24 15:15:00+05:30,168.35,171.0,167.8,170.0,357416
2018-05-25 09:15:00+05:30,169.25,169.5,165.8,168.95,1126608
2018-05-25 10:15:00+05:30,168.95,169.6,167.25,167.4,382196
2018-05-25 11:15:00+05:30,167.4,170.3,167.35,170.0,593551
2018-05-25 12:15:00+05:30,170.0,171.85,169.75,171.05,613671
2018-05-25 13:15:00+05:30,171.05,172.8,170.55,172.15,356333
2018-05-25 14:15:00+05:30,172.15,173.2,172.0,172.2,598931
2018-05-25 15:15:00+05:30,172.15,172.5,172.0,172.0,169063
2018-05-28 09:15:00+05:30,171.6,172.05,169.1,170.8,900115
2018-05-28 10:15:00+05:30,170.85,171.65,170.8,171.15,540516
2018-05-28 11:15:00+05:30,171.15,173.15,171.1,172.3,1126650
2018-05-28 12:15:00+05:30,172.25,173.5,172.2,173.1,619003
2018-05-28 13:15:00+05:30,173.05,173.25,172.95,173.0,394659
2018-05-28 14:15:00+05:30,173.0,173.3,173.0,173.05,933337
2018-05-28 15:15:00+05:30,173.05,173.15,173.0,173.1,590298
2018-05-29 09:15:00+05:30,172.6,173.45,170.65,171.15,1126703
2018-05-29 10:15:00+05:30,171.25,172.0,171.0,171.6,584498
2018-05-29 11:15:00+05:30,171.65,172.1,171.35,171.5,621105
2018-05-29 12:15:00+05:30,171.5,171.6,171.4,171.5,698309
2018-05-29 13:15:00+05:30,171.55,171.65,171.35,171.5,1155103
2018-05-29 14:15:00+05:30,171.5,171.55,170.1,170.5,1370354
2018-05-29 15:15:00+05:30,170.5,170.6,170.1,170.5,704309
2018-05-30 09:15:00+05:30,168.5,168.9,165.3,166.8,1666614
2018-05-30 10:15:00+05:30,166.8,167.85,166.4,167.35,883906
2018-05-30 11:15:00+05:30,167.35,167.6,167.0,167.5,590018
2018-05-30 12:15:00+05:30,167.45,167.7,166.55,167.15,595074
2018-05-30 13:15:00+05:30,167.15,167.6,166.55,166.75,773061
2018-05-30 14:15:00+05:30,166.75,167.15,166.6,166.9,949676
2018-05-30 15:15:00+05:30,166.95,167.05,166.8,166.85,533594
2018-05-31 09:15:00+05:30,167.6,169.15,166.0,166.65,840876
2018-05-31 10:15:00+05:30,166.65,167.5,166.5,166.7,481862
2018-05-31 11:15:00+05:30,166.7,168.15,166.35,168.0,854463
2018-05-31 12:15:00+05:30,168.0,168.75,167.8,168.3,553110
2018-05-31 13:15:00+05:30,168.25,168.45,167.15,167.25,806484
2018-05-31 14:15:00+05:30,167.25,170.85,167.05,168.05,12727236
2018-05-31 15:15:00+05:30,168.05,171.25,167.9,169.7,11015250
2018-06-01 09:15:00+05:30,170.7,172.75,170.1,172.2,573842
2018-06-01 10:15:00+05:30,172.2,173.45,171.05,173.45,382670
2018-06-01 11:15:00+05:30,173.45,173.75,171.35,172.0,305305
2018-06-01 12:15:00+05:30,172.0,175.35,171.6,174.15,934805
2018-06-01 13:15:00+05:30,174.25,175.2,174.0,174.5,479152
2018-06-01 14:15:00+05:30,174.5,177.2,173.35,173.6,1031524
2018-06-01 15:15:00+05:30,173.6,174.2,172.55,173.5,220800
2018-06-04 09:15:00+05:30,175.25,176.8,172.9,174.2,831011
2018-06-04 10:15:00+05:30,174.2,175.4,173.45,175.0,264642
2018-06-04 11:15:00+05:30,175.0,175.25,173.7,174.4,151992
2018-06-04 12:15:00+05:30,174.4,175.45,173.9,174.15,267564
2018-06-04 13:15:00+05:30,174.15,174.7,172.25,172.75,259852
2018-06-04 14:15:00+05:30,172.6,172.7,170.0,172.2,510668
2018-06-04 15:15:00+05:30,172.1,172.25,171.5,171.5,165300
2018-06-05 09:15:00+05:30,171.45,171.6,169.8,170.65,638064
2018-06-05 10:15:00+05:30,170.65,171.8,169.1,169.15,343141
2018-06-05 11:15:00+05:30,169.2,171.0,169.15,170.2,151915
2018-06-05 12:15:00+05:30,170.2,170.5,169.45,169.85,149716
2018-06-05 13:15:00+05:30,169.9,170.4,168.9,169.65,138492
2018-06-05 14:15:00+05:30,169.55,170.75,169.2,170.4,255025
2018-06-05 15:15:00+05:30,170.4,172.4,169.95,172.0,252229
2018-06-06 09:15:00+05:30,172.8,175.45,171.95,174.65,1409811
2018-06-06 10:15:00+05:30,174.65,175.3,173.55,174.55,423250
2018-06-06 11:15:00+05:30,174.55,175.5,174.25,175.0,513495
2018-06-06 12:15:00+05:30,175.0,178.3,174.7,174.9,945261
2018-06-06 13:15:00+05:30,174.85,175.5,174.35,174.75,337539
2018-06-06 14:15:00+05:30,174.75,175.55,173.55,175.45,904972
2018-06-06 15:15:00+05:30,175.35,175.65,174.55,174.65,236885
2018-06-07 09:15:00+05:30,176.4,178.0,175.85,176.1,959699
2018-06-07 10:15:00+05:30,176.1,176.5,175.7,175.9,474529
2018-06-07 11:15:00+05:30,175.9,178.2,175.8,177.45,635009
2018-06-07 12:15:00+05:30,177.45,179.45,177.25,178.9,800981
2018-06-07 13:15:00+05:30,178.9,179.9,178.55,179.75,338584
2018-06-07 14:15:00+05:30,179.75,181.0,178.85,180.2,753613
2018-06-07 15:15:00+05:30,180.15,180.3,178.7,179.4,267319
2018-06-08 09:15:00+05:30,180.1,183.0,178.05,182.5,1060304
2018-06-08 10:15:00+05:30,182.5,184.5,182.5,184.1,702140
2018-06-08 11:15:00+05:30,184.15,186.85,184.0,184.7,1229962
2018-06-08 12:15:00+05:30,184.75,185.65,184.5,185.05,596024
2018-06-08 13:15:00+05:30,185.1,186.7,185.0,185.95,659850
2018-06-08 14:15:00+05:30,185.95,187.25,185.95,186.5,719536
2018-06-08 15:15:00+05:30,186.5,186.65,185.0,185.9,343586
2018-06-11 09:15:00+05:30,186.3,187.2,184.4,185.4,410264
2018-06-11 10:15:00+05:30,185.5,185.7,184.5,184.6,184751
2018-06-11 11:15:00+05:30,184.6,188.9,184.6,187.8,816379
2018-06-11 12:15:00+05:30,187.8,188.25,187.3,187.55,497325
2018-06-11 13:15:00+05:30,187.65,188.5,187.25,188.3,426926
2018-06-11 14:15:00+05:30,188.35,188.65,185.35,185.6,803062
2018-06-11 15:15:00+05:30,185.55,185.65,184.55,184.8,267907
2018-06-12 09:15:00+05:30,185.75,186.95,185.15,186.35,185115
2018-06-12 10:15:00+05:30,186.35,187.3,186.15,186.45,140622
2018-06-12 11:15:00+05:30,186.45,187.5,186.25,187.05,121684
2018-06-12 12:15:00+05:30,187.0,187.2,185.65,185.75,87653
2018-06-12 13:15:00+05:30,185.75,186.15,184.6,185.45,155596
2018-06-12 14:15:00+05:30,185.45,185.7,184.65,184.65,222802
2018-06-12 15:15:00+05:30,184.65,185.0,184.35,184.35,85994
2018-06-13 09:15:00+05:30,184.65,185.25,183.0,183.4,456326
2018-06-13 10:15:00+05:30,183.4,184.3,183.2,184.05,166380
2018-06-13 11:15:00+05:30,184.05,184.85,183.3,184.0,161321
2018-06-13 12:15:00+05:30,184.0,185.8,183.7,185.6,336029
2018-06-13 13:15:00+05:30,185.6,187.2,184.6,187.1,631726
2018-06-13 14:15:00+05:30,187.1,188.0,184.6,184.8,1399845
2018-06-13 15:15:00+05:30,184.85,185.45,184.35,185.25,289693
2018-06-14 09:15:00+05:30,184.95,185.9,183.9,184.1,255362
2018-06-14 10:15:00+05:30,184.1,184.2,182.6,182.75,147432
2018-06-14 11:15:00+05:30,182.75,183.4,182.3,183.0,136055
2018-06-14 12:15:00+05:30,183.0,183.6,182.6,183.1,91264
2018-06-14 13:15:00+05:30,183.1,183.45,182.6,182.8,76098
2018-06-14 14:15:00+05:30,182.75,183.25,182.45,183.05,260512
2018-06-14 15:15:00+05:30,183.05,183.25,182.7,182.8,151704
2018-07-16 09:15:00+05:30,148.85,149.0,146.0,146.7,899731
2018-07-16 10:15:00+05:30,146.7,146.7,144.9,145.0,320862
2018-07-16 11:15:00+05:30,144.9,145.5,144.5,144.95,194491
2018-07-16 12:15:00+05:30,144.95,145.1,144.1,144.4,270989
2018-07-16 13:15:00+05:30,144.4,144.8,143.0,143.6,359184
2018-07-16 14:15:00+05:30,143.6,143.65,141.75,143.0,607781
2018-07-16 15:15:00+05:30,142.95,143.05,142.5,142.65,300422
2018-07-17 09:15:00+05:30,143.0,144.65,142.05,143.8,1094879
2018-07-17 10:15:00+05:30,143.8,144.15,143.6,143.9,339889
2018-07-17 11:15:00+05:30,143.9,144.0,143.25,143.7,175327
2018-07-17 12:15:00+05:30,143.7,144.05,143.35,143.85,240595
2018-07-17 13:15:00+05:30,143.85,144.8,143.7,144.0,882951
2018-07-17 14:15:00+05:30,144.0,144.15,142.9,143.2,1068467
2018-07-17 15:15:00+05:30,143.2,144.0,143.0,143.85,134863
2018-07-18 09:15:00+05:30,144.4,144.4,142.25,142.8,519269
2018-07-18 10:15:00+05:30,142.8,142.9,142.1,142.55,234781
2018-07-18 11:15:00+05:30,142.55,142.65,140.0,140.15,367326
2018-07-18 12:15:00+05:30,140.15,140.15,137.15,138.55,882550
2018-07-18 13:15:00+05:30,138.6,139.45,138.2,138.55,331371
2018-07-18 14:15:00+05:30,138.6,139.3,137.9,138.5,456058
2018-07-18 15:15:00+05:30,138.5,139.0,137.7,137.85,190223
2018-07-19 09:15:00+05:30,138.5,139.85,137.65,139.7,382268
2018-07-19 10:15:00+05:30,139.7,141.2,139.6,141.15,260696
2018-07-19 11:15:00+05:30,141.15,141.25,139.3,139.85,145678
2018-07-19 12:15:00+05:30,139.85,140.05,138.25,138.55,162075
2018-07-19 13:15:00+05:30,138.55,139.1,137.8,138.35,167570
2018-07-19 14:15:00+05:30,138.35,140.25,138.0,140.0,392682
2018-07-19 15:15:00+05:30,140.1,140.2,139.8,140.1,337310
2018-07-20 09:15:00+05:30,139.9,140.7,138.8,140.65,722789
2018-07-20 10:15:00+05:30,140.65,140.75,139.9,140.05,140396
2018-07-20 11:15:00+05:30,140.05,141.4,140.0,140.8,166181
2018-07-20 12:15:00+05:30,140.8,141.0,139.85,140.15,128742
2018-07-20 13:15:00+05:30,140.15,140.6,139.95,140.6,371841
2018-07-20 14:15:00+05:30,140.6,141.2,140.4,140.95,113297
2018-07-20 15:15:00+05:30,140.95,141.1,140.6,140.9,216380
2018-07-23 09:15:00+05:30,141.0,141.4,139.5,139.9,865925
2018-07-23 10:15:00+05:30,139.95,141.0,139.5,140.6,382178
2018-07-23 11:15:00+05:30,140.6,141.75,140.45,141.5,194526
2018-07-23 12:15:00+05:30,141.45,141.6,140.45,140.55,260348
2018-07-23 13:15:00+05:30,140.55,140.95,140.15,140.75,503463
2018-07-23 14:15:00+05:30,140.75,142.4,140.7,141.8,305787
2018-07-23 15:15:00+05:30,141.65,141.85,141.3,141.5,149881
2018-07-24 09:15:00+05:30,142.15,143.6,141.2,143.0,346066
2018-07-24 10:15:00+05:30,143.0,143.25,142.5,143.05,479840
2018-07-24 11:15:00+05:30,143.1,143.15,142.7,142.95,165814
2018-07-24 12:15:00+05:30,143.0,143.15,142.1,142.9,227954
2018-07-24 13:15:00+05:30,142.9,143.1,142.6,143.0,180662
2018-07-24 14:15:00+05:30,143.0,143.1,142.7,142.9,517043
2018-07-24 15:15:00+05:30,142.95,143.3,142.8,143.0,107265
2018-07-25 09:15:00+05:30,143.45,144.7,142.6,143.0,337872
2018-07-25 10:15:00+05:30,143.0,143.2,142.75,142.9,159576
2018-07-25 11:15:00+05:30,142.9,143.05,142.25,143.0,103460
2018-07-25 12:15:00+05:30,143.0,143.0,141.35,141.5,159131
2018-07-25 13:15:00+05:30,141.5,141.6,140.6,141.0,128860
2018-07-25 14:15:00+05:30,141.1,141.45,140.2,141.35,185050
2018-07-25 15:15:00+05:30,141.35,141.6,141.05,141.1,89612
2018-07-26 09:15:00+05:30,141.7,143.95,141.45,143.65,347795
2018-07-26 10:15:00+05:30,143.55,144.3,142.75,144.0,223912
2018-07-26 11:15:00+05:30,144.0,144.0,141.8,142.2,477118
2018-07-26 12:15:00+05:30,142.2,143.25,142.2,142.95,281426
2018-07-26 13:15:00+05:30,142.95,143.15,142.5,142.95,462112
2018-07-26 14:15:00+05:30,142.95,143.1,142.3,142.35,1464938
2018-07-26 15:15:00+05:30,142.45,143.55,142.15,143.4,313424
2018-07-27 09:15:00+05:30,144.15,147.1,142.95,146.6,561905
2018-07-27 10:15:00+05:30,146.6,149.55,146.5,148.55,712373
2018-07-27 11:15:00+05:30,148.55,149.0,147.9,148.75,436577
2018-07-27 12:15:00+05:30,148.75,150.2,148.7,149.85,391597
2018-07-27 13:15:00+05:30,149.7,150.9,149.25,149.65,337895
2018-07-27 14:15:00+05:30,149.6,150.15,149.0,149.6,402383
2018-07-27 15:15:00+05:30,149.6,149.6,148.8,149.1,259698
2018-07-30 09:15:00+05:30,149.05,151.3,148.35,150.1,419031
2018-07-30 10:15:00+05:30,150.1,150.15,149.3,149.7,133991
2018-07-30 11:15:00+05:30,149.7,150.0,148.5,149.0,238758
2018-07-30 12:15:00+05:30,149.0,149.1,148.8,148.9,307225
2018-07-30 13:15:00+05:30,148.9,149.0,147.75,147.8,150929
2018-07-30 14:15:00+05:30,147.8,148.0,145.5,146.05,547210
2018-07-30 15:15:00+05:30,146.1,147.15,146.0,146.8,313440
2018-07-31 09:15:00+05:30,146.8,147.65,144.2,144.3,883758
2018-07-31 10:15:00+05:30,144.3,144.45,143.15,143.45,445849
2018-07-31 11:15:00+05:30,143.45,143.9,143.1,143.65,240369
2018-07-31 12:15:00+05:30,143.65,144.1,143.55,143.85,158014
2018-07-31 13:15:00+05:30,143.85,144.25,143.6,144.0,130375
2018-07-31 14:15:00+05:30,144.0,144.2,143.45,144.0,464323
2018-07-31 15:15:00+05:30,143.9,144.1,143.5,143.7,408021
2018-08-01 09:15:00+05:30,137.35,140.6,137.35,139.2,1591373
2018-08-01 10:15:00+05:30,139.2,142.7,139.15,141.4,896536
2018-08-01 11:15:00+05:30,141.35,141.7,140.5,141.4,359061
2018-08-01 12:15:00+05:30,141.4,142.0,141.2,142.0,152986
2018-08-01 13:15:00+05:30,142.0,145.7,142.0,143.9,1107584
2018-08-01 14:15:00+05:30,143.9,144.5,142.1,143.5,621829
2018-08-01 15:15:00+05:30,143.4,143.75,142.95,143.5,222115
2018-08-02 09:15:00+05:30,142.95,143.25,140.8,142.0,375186
2018-08-02 10:15:00+05:30,142.05,144.5,141.85,144.4,309229
2018-08-02 11:15:00+05:30,144.4,145.25,144.1,145.05,468689
2018-08-02 12:15:00+05:30,145.05,145.35,144.3,144.45,234648
2018-08-02 13:15:00+05:30,144.45,144.85,143.65,143.65,235348
2018-08-02 14:15:00+05:30,143.65,144.6,143.5,143.75,247159
2018-08-02 15:15:00+05:30,143.75,143.75,143.1,143.15,174214
2018-08-03 09:15:00+05:30,143.75,144.6,143.0,143.25,326631
2018-08-03 10:15:00+05:30,143.25,144.05,143.2,143.55,278745
2018-08-03 11:15:00+05:30,143.55,144.2,143.15,144.1,290699
2018-08-03 12:15:00+05:30,144.1,144.35,142.55,143.2,289747
2018-08-03 13:15:00+05:30,143.15,143.6,142.75,142.85,103098
2018-08-03 14:15:00+05:30,142.85,143.45,142.65,142.85,265992
2018-08-03 15:15:00+05:30,142.8,143.1,142.35,143.0,153298
2018-08-06 09:15:00+05:30,144.15,144.15,142.4,142.7,182033
2018-08-06 10:15:00+05:30,142.7,143.9,142.35,143.5,361377
2018-08-06 11:15:00+05:30,143.5,143.65,143.1,143.3,439498
2018-08-06 12:15:00+05:30,143.3,144.0,143.15,143.8,452453
2018-08-06 13:15:00+05:30,143.8,143.8,142.8,143.1,345398
2018-08-06 14:15:00+05:30,143.1,143.1,139.5,140.8,1010615
2018-08-06 15:15:00+05:30,140.8,140.8,140.0,140.75,205468
2018-08-07 09:15:00+05:30,142.0,142.0,140.25,141.3,435625
2018-08-07 10:15:00+05:30,141.3,141.8,140.65,141.05,525367
2018-08-07 11:15:00+05:30,141.05,141.4,140.5,141.25,159171
2018-08-07 12:15:00+05:30,141.25,141.55,140.3,140.5,157581
2018-08-07 13:15:00+05:30,140.5,140.9,139.3,140.1,213335
2018-08-07 14:15:00+05:30,140.1,140.4,139.25,139.8,243685
2018-08-07 15:15:00+05:30,139.8,140.35,139.6,140.15,165456
2018-08-08 09:15:00+05:30,140.25,141.4,139.85,141.4,348350
2018-08-08 10:15:00+05:30,141.4,142.55,140.85,142.4,219380
2018-08-08 11:15:00+05:30,142.4,143.5,142.25,143.2,533516
2018-08-08 12:15:00+05:30,143.2,143.35,142.5,143.0,281149
2018-08-08 13:15:00+05:30,143.0,143.0,141.8,142.35,225397
2018-08-08 14:15:00+05:30,142.35,142.5,141.0,142.1,633143
2018-08-08 15:15:00+05:30,142.1,142.25,141.7,142.25,98414
2018-08-09 09:15:00+05:30,142.65,143.9,142.2,143.75,223463
2018-08-09 10:15:00+05:30,143.75,144.0,142.7,143.0,134778
2018-08-09 11:15:00+05:30,143.0,144.3,142.75,143.7,338643
2018-08-09 12:15:00+05:30,143.7,144.25,142.9,143.35,152411
2018-08-09 13:15:00+05:30,143.35,143.65,143.15,143.5,77056
2018-08-09 14:15:00+05:30,143.55,144.0,142.9,143.1,334783
2018-08-09 15:15:00+05:30,143.1,143.5,143.05,143.3,77920
2018-08-10 09:15:00+05:30,142.95,144.15,142.25,142.25,250181
2018-08-10 10:15:00+05:30,142.25,142.75,140.0,140.0,448054
2018-08-10 11:15:00+05:30,140.1,140.9,140.0,140.75,156887
2018-08-10 12:15:00+05:30,140.75,141.1,140.35,140.65,86540
2018-08-10 13:15:00+05:30,140.65,140.75,140.1,140.35,149985
2018-08-10 14:15:00+05:30,140.35,140.6,138.7,139.95,888999
2018-08-10 15:15:00+05:30,139.95,140.2,139.55,139.9,131633
2018-08-13 09:15:00+05:30,138.65,138.65,135.55,136.75,702992
2018-08-13 10:15:00+05:30,136.75,137.3,136.45,136.8,621431
2018-08-13 11:15:00+05:30,136.8,137.9,136.6,136.95,348349
2018-08-13 12:15:00+05:30,136.95,137.0,136.7,136.7,165662
2018-08-13 13:15:00+05:30,136.7,136.9,135.85,136.3,208500
2018-08-13 14:15:00+05:30,136.35,136.7,136.0,136.15,557911
2018-08-13 15:15:00+05:30,136.15,136.55,135.65,135.95,920550
2018-08-14 09:15:00+05:30,135.95,137.0,135.55,136.7,386785
2018-08-14 10:15:00+05:30,136.7,136.9,135.6,135.8,209471
2018-08-14 11:15:00+05:30,135.9,136.1,135.6,135.85,119821
2018-08-14 12:15:00+05:30,135.85,136.1,135.1,135.45,283682
2018-08-14 13:15:00+05:30,135.45,136.05,135.2,135.35,207198
2018-08-14 14:15:00+05:30,135.35,135.65,135.15,135.5,568986
2018-08-14 15:15:00+05:30,135.5,135.7,135.2,135.35,332404
2018-08-16 09:15:00+05:30,135.1,135.55,133.6,135.35,573300
2018-08-16 10:15:00+05:30,135.35,136.05,134.35,135.2,1181270
2018-08-16 11:15:00+05:30,135.2,136.0,134.9,135.5,805087
2018-08-16 12:15:00+05:30,135.5,135.5,134.65,134.9,377802
2018-08-16 13:15:00+05:30,134.95,135.2,134.3,134.7,269959
2018-08-16 14:15:00+05:30,134.7,135.05,134.2,134.5,309632
2018-08-16 15:15:00+05:30,134.5,134.7,134.15,134.5,212055
2018-08-17 09:15:00+05:30,136.5,137.5,136.0,136.55,597999
2018-08-17 10:15:00+05:30,136.55,137.7,136.4,136.9,905092
2018-08-17 11:15:00+05:30,136.9,136.95,136.35,136.6,229498
2018-08-17 12:15:00+05:30,136.6,138.7,136.35,137.95,881428
2018-08-17 13:15:00+05:30,137.95,138.1,136.55,136.8,817295
2018-08-17 14:15:00+05:30,136.8,137.2,135.55,135.95,1374450
2018-08-17 15:15:00+05:30,135.95,136.0,135.6,135.9,230296
2018-08-20 09:15:00+05:30,136.85,138.9,136.7,138.65,2332938
2018-08-20 10:15:00+05:30,138.65,140.3,138.2,140.15,844244
2018-08-20 11:15:00+05:30,140.15,140.85,139.3,140.85,363515
2018-08-20 12:15:00+05:30,140.85,143.15,140.5,142.75,977801
2018-08-20 13:15:00+05:30,142.8,143.8,142.45,143.5,653230
2018-08-20 14:15:00+05:30,143.65,144.4,142.8,144.3,958469
2018-08-20 15:15:00+05:30,144.35,144.5,144.0,144.2,456740
2018-08-21 09:15:00+05:30,145.65,145.65,142.2,144.35,1032695
2018-08-21 10:15:00+05:30,144.35,147.75,144.35,146.9,1090174
2018-08-21 11:15:00+05:30,147.0,147.95,146.5,147.3,561840
2018-08-21 12:15:00+05:30,147.4,147.5,146.55,147.3,364848
2018-08-21 13:15:00+05:30,147.3,147.5,145.6,146.15,470248
2018-08-21 14:15:00+05:30,146.25,146.45,144.35,144.9,597167
2018-08-21 15:15:00+05:30,144.95,145.0,144.1,144.25,220779
2018-08-23 09:15:00+05:30,145.4,145.4,140.25,140.8,737620
2018-08-23 10:15:00+05:30,140.85,141.4,140.0,140.7,347689
2018-08-23 11:15:00+05:30,140.7,141.0,140.1,140.4,318955
2018-08-23 12:15:00+05:30,140.4,140.75,140.05,140.4,193217
2018-08-23 13:15:00+05:30,140.4,140.8,140.35,140.6,189610
2018-08-23 14:15:00+05:30,140.6,141.15,140.05,140.65,600603
2018-08-23 15:15:00+05:30,140.55,140.7,140.0,140.55,286346
2018-08-24 09:15:00+05:30,139.85,140.95,139.1,139.45,370880
2018-08-24 10:15:00+05:30,139.45,140.25,139.3,139.9,139050
2018-08-24 11:15:00+05:30,139.9,140.15,139.65,139.8,60142
2018-08-24 12:15:00+05:30,139.8,140.5,139.55,140.0,125522
2018-08-24 13:15:00+05:30,139.9,140.3,139.6,139.75,94602
2018-08-24 14:15:00+05:30,139.75,139.9,139.1,139.25,183085
2018-08-24 15:15:00+05:30,139.25,139.4,138.65,138.9,123776
2018-08-27 09:15:00+05:30,139.6,140.85,139.5,140.2,193730
2018-08-27 10:15:00+05:30,140.2,140.95,140.1,140.85,213082
2018-08-27 11:15:00+05:30,140.9,142.15,140.75,141.3,335214
2018-08-27 12:15:00+05:30,141.3,141.75,141.05,141.35,222438
2018-08-27 13:15:00+05:30,141.35,141.65,140.85,141.2,199361
2018-08-27 14:15:00+05:30,141.2,141.5,140.1,140.3,409281
2018-08-27 15:15:00+05:30,140.3,140.7,140.0,140.15,181048
2018-08-28 09:15:00+05:30,141.35,141.35,139.3,140.9,624874
2018-08-28 10:15:00+05:30,140.9,141.4,140.15,140.45,438929
2018-08-28 11:15:00+05:30,140.5,140.65,140.0,140.15,153636
2018-08-28 12:15:00+05:30,140.15,140.6,139.2,139.45,290516
2018-08-28 13:15:00+05:30,139.45,139.45,138.3,139.0,549281
2018-08-28 14:15:00+05:30,139.0,139.35,138.65,139.05,331938
2018-08-28 15:15:00+05:30,139.05,139.85,138.9,139.5,231155
2018-08-29 09:15:00+05:30,139.7,141.1,139.6,140.45,371898
2018-08-29 10:15:00+05:30,140.45,141.5,140.25,141.4,368542
2018-08-29 11:15:00+05:30,141.4,141.45,140.3,140.7,130344
2018-08-29 12:15:00+05:30,140.7,141.15,140.65,141.15,76984
2018-08-29 13:15:00+05:30,141.15,141.4,140.6,141.2,90118
2018-08-29 14:15:00+05:30,141.2,141.4,140.45,140.7,166710
2018-08-29 15:15:00+05:30,140.65,140.65,140.05,140.3,87112
2018-08-30 09:15:00+05:30,140.45,141.2,140.2,140.2,196610
2018-08-30 10:15:00+05:30,140.2,140.4,139.8,140.25,147914
2018-08-30 11:15:00+05:30,140.3,140.45,139.5,139.85,171849
2018-08-30 12:15:00+05:30,139.85,140.4,139.8,139.9,181877
2018-08-30 13:15:00+05:30,139.9,140.25,139.7,139.85,143877
2018-08-30 14:15:00+05:30,139.8,140.15,138.0,138.1,702944
2018-08-30 15:15:00+05:30,138.1,138.5,138.0,138.45,330746
2018-08-31 09:15:00+05:30,138.9,140.15,138.3,139.65,360486
2018-08-31 10:15:00+05:30,139.65,139.75,138.9,139.3,183134
2018-08-31 11:15:00+05:30,139.3,139.85,139.05,139.8,141692
2018-08-31 12:15:00+05:30,139.8,140.7,139.7,140.7,160198
2018-08-31 13:15:00+05:30,140.65,142.55,140.4,142.55,434123
2018-08-31 14:15:00+05:30,142.45,143.0,141.95,142.0,533062
2018-08-31 15:15:00+05:30,142.0,142.1,141.6,141.9,262500
2018-09-03 09:15:00+05:30,143.55,145.4,143.25,144.15,844456
2018-09-03 10:15:00+05:30,144.15,144.3,142.0,142.55,462583
2018-09-03 11:15:00+05:30,142.55,142.8,141.6,141.9,415230
2018-09-03 12:15:00+05:30,141.9,142.65,141.85,142.15,137534
2018-09-03 13:15:00+05:30,142.15,144.75,141.7,144.3,557620
2018-09-03 14:15:00+05:30,144.3,145.75,143.2,143.8,789484
2018-09-03 15:15:00+05:30,143.75,144.85,143.65,144.05,280662
2018-09-04 09:15:00+05:30,147.05,147.05,145.05,145.7,3799659
2018-09-04 10:15:00+05:30,145.7,145.95,144.05,144.85,918084
2018-09-04 11:15:00+05:30,144.85,145.5,144.5,144.65,455927
2018-09-04 12:15:00+05:30,144.7,145.4,144.7,145.0,367470
2018-09-04 13:15:00+05:30,145.0,145.0,142.7,143.15,887737
2018-09-04 14:15:00+05:30,143.15,143.7,142.45,143.15,810942
2018-09-04 15:15:00+05:30,143.25,143.35,142.0,142.35,583627
2018-09-05 09:15:00+05:30,141.4,142.8,140.55,141.75,591198
2018-09-05 10:15:00+05:30,141.75,141.75,140.7,141.25,173184
2018-09-05 11:15:00+05:30,141.15,141.25,138.1,138.4,486552
2018-09-05 12:15:00+05:30,138.4,139.05,138.05,138.9,225843
2018-09-05 13:15:00+05:30,138.9,139.25,138.15,138.6,194355
2018-09-05 14:15:00+05:30,138.6,143.3,138.6,142.6,850515
2018-09-05 15:15:00+05:30,142.55,145.0,142.55,144.25,640978
2018-09-06 09:15:00+05:30,145.55,145.75,142.6,143.0,794761
2018-09-06 10:15:00+05:30,142.9,143.8,142.5,143.15,184143
2018-09-06 11:15:00+05:30,143.15,143.35,142.0,142.3,262061
2018-09-06 12:15:00+05:30,142.3,142.75,140.85,142.1,284865
2018-09-06 13:15:00+05:30,142.1,143.6,141.5,143.45,338295
2018-09-06 14:15:00+05:30,143.35,145.1,143.35,143.7,788743
2018-09-06 15:15:00+05:30,143.85,144.4,143.6,144.0,263577
2018-09-07 09:15:00+05:30,144.6,149.25,143.8,148.15,1861761
2018-09-07 10:15:00+05:30,148.1,148.5,147.25,147.8,396831
2018-09-07 11:15:00+05:30,147.8,148.1,147.05,148.05,298855
2018-09-07 12:15:00+05:30,148.05,148.8,147.8,148.1,318633
2018-09-07 13:15:00+05:30,148.2,149.5,147.85,148.4,433550
2018-09-07 14:15:00+05:30,148.4,148.8,147.45,147.9,415522
2018-09-07 15:15:00+05:30,147.85,148.0,147.45,147.75,332974
2018-09-10 09:15:00+05:30,146.55,147.35,145.15,146.5,791223
2018-09-10 10:15:00+05:30,146.5,149.7,146.4,148.55,790935
2018-09-10 11:15:00+05:30,148.5,148.8,146.5,147.0,408404
2018-09-10 12:15:00+05:30,147.0,148.0,146.15,147.9,251586
2018-09-10 13:15:00+05:30,147.9,148.85,146.95,148.45,318743
2018-09-10 14:15:00+05:30,148.5,148.65,146.65,147.05,352837
2018-09-10 15:15:00+05:30,147.1,147.1,146.0,146.3,213856
2018-09-11 09:15:00+05:30,147.65,148.2,146.1,146.7,436819
2018-09-11 10:15:00+05:30,146.7,147.1,146.3,146.55,102907
2018-09-11 11:15:00+05:30,146.5,146.75,145.5,145.8,154288
2018-09-11 12:15:00+05:30,145.8,147.4,145.55,146.65,168069
2018-09-11 13:15:00+05:30,146.65,146.9,144.75,144.75,230367
2018-09-11 14:15:00+05:30,144.7,144.95,142.1,142.8,552040
2018-09-11 15:15:00+05:30,142.8,143.2,142.1,142.1,198252
2018-09-12 09:15:00+05:30,142.75,142.8,139.4,140.0,613283
2018-09-12 10:15:00+05:30,140.1,141.45,140.05,140.85,157152
2018-09-12 11:15:00+05:30,140.85,141.25,140.25,140.75,91158
2018-09-12 12:15:00+05:30,140.75,141.55,140.2,141.1,106333
2018-09-12 13:15:00+05:30,141.1,142.4,141.0,142.15,164753
2018-09-12 14:15:00+05:30,142.15,142.95,141.9,142.4,244670
2018-09-12 15:15:00+05:30,142.4,142.7,142.0,142.0,135342
2018-09-14 09:15:00+05:30,144.0,144.65,142.75,144.4,461278
2018-09-14 10:15:00+05:30,144.4,144.5,143.75,144.0,145571
2018-09-14 11:15:00+05:30,144.0,144.5,143.5,143.85,137126
2018-09-14 12:15:00+05:30,143.85,145.4,143.5,145.25,299781
2018-09-14 13:15:00+05:30,145.25,145.75,144.6,144.8,231649
2018-09-14 14:15:00+05:30,144.9,145.3,143.55,143.8,216125
2018-09-14 15:15:00+05:30,143.8,143.9,143.25,143.5,151656
2018-09-17 09:15:00+05:30,142.35,142.8,141.15,142.25,393849
2018-09-17 10:15:00+05:30,142.25,142.3,141.7,141.75,141191
2018-09-17 11:15:00+05:30,141.75,142.7,141.7,142.55,69624
2018-09-17 12:15:00+05:30,142.55,142.6,141.7,141.9,96371
2018-09-17 13:15:00+05:30,141.9,142.45,141.75,142.25,110619
2018-09-17 14:15:00+05:30,142.25,142.35,140.4,140.5,717656
2018-09-17 15:15:00+05:30,140.5,140.75,140.2,140.55,120466
2018-09-18 09:15:00+05:30,139.3,139.85,137.55,138.45,991645
2018-09-18 10:15:00+05:30,138.45,138.6,138.1,138.3,339756
2018-09-18 11:15:00+05:30,138.3,138.6,138.2,138.35,191985
2018-09-18 12:15:00+05:30,138.35,138.5,137.9,138.25,319795
2018-09-18 13:15:00+05:30,138.25,138.45,137.9,138.25,1203546
2018-09-18 14:15:00+05:30,138.25,138.35,137.8,137.85,1800982
2018-09-18 15:15:00+05:30,138.0,138.1,137.5,137.7,674057
2018-09-19 09:15:00+05:30,138.5,139.05,137.05,138.45,374739
2018-09-19 10:15:00+05:30,138.35,138.7,138.0,138.5,111012
2018-09-19 11:15:00+05:30,138.5,139.1,137.65,137.65,105240
2018-09-19 12:15:00+05:30,137.65,138.1,136.85,136.85,148402
2018-09-19 13:15:00+05:30,136.85,137.75,136.85,137.05,104280
2018-09-19 14:15:00+05:30,137.05,137.85,136.3,137.3,243620
2018-09-19 15:15:00+05:30,137.3,137.4,136.3,136.75,353477
2018-09-21 09:15:00+05:30,137.45,138.25,136.7,137.35,374657
2018-09-21 10:15:00+05:30,137.35,138.3,136.9,137.85,199265
2018-09-21 11:15:00+05:30,137.85,138.05,135.6,136.1,361711
2018-09-21 12:15:00+05:30,136.1,136.1,123.4,131.05,1050657
2018-09-21 13:15:00+05:30,131.45,133.6,130.6,130.9,608911
2018-09-21 14:15:00+05:30,130.8,132.65,129.25,132.65,584363
2018-09-21 15:15:00+05:30,132.6,132.8,131.4,131.4,273569
2018-09-24 09:15:00+05:30,132.85,132.85,130.0,130.25,416746
2018-09-24 10:15:00+05:30,130.25,131.8,129.1,129.45,416912
2018-09-24 11:15:00+05:30,129.45,130.4,128.5,129.15,428301
2018-09-24 12:15:00+05:30,129.15,130.7,128.75,130.6,271208
2018-09-24 13:15:00+05:30,130.6,130.6,129.05,129.5,314637
2018-09-24 14:15:00+05:30,129.5,130.15,127.85,128.1,432674
2018-09-24 15:15:00+05:30,128.1,128.35,127.55,127.9,202655
2018-09-25 09:15:00+05:30,128.05,128.05,125.15,127.85,443732
2018-09-25 10:15:00+05:30,127.9,128.8,127.2,128.2,222376
2018-09-25 11:15:00+05:30,128.2,128.45,126.75,126.8,149473
2018-09-25 12:15:00+05:30,126.8,127.5,126.2,126.4,176020
2018-09-25 13:15:00+05:30,126.4,126.55,124.55,126.3,385888
2018-09-25 14:15:00+05:30,126.4,127.4,125.5,127.35,371796
2018-09-25 15:15:00+05:30,127.4,127.5,127.05,127.5,112546
2018-09-26 09:15:00+05:30,128.0,128.3,125.8,126.1,504302
2018-09-26 10:15:00+05:30,126.1,126.5,123.5,123.85,570046
2018-09-26 11:15:00+05:30,123.85,124.15,122.8,123.95,478891
2018-09-26 12:15:00+05:30,123.95,124.3,122.55,123.1,387868
2018-09-26 13:15:00+05:30,123.1,123.6,122.75,123.0,250816
2018-09-26 14:15:00+05:30,123.0,123.4,122.2,123.0,1207315
2018-09-26 15:15:00+05:30,123.0,123.25,122.95,123.1,293996
2018-09-27 09:15:00+05:30,123.5,124.4,122.45,122.75,814711
2018-09-27 10:15:00+05:30,122.75,123.0,121.4,121.65,342277
2018-09-27 11:15:00+05:30,121.65,121.85,121.05,121.4,284049
2018-09-27 12:15:00+05:30,121.45,121.5,120.0,120.15,426021
2018-09-27 13:15:00+05:30,120.15,120.65,119.5,119.65,926176
2018-09-27 14:15:00+05:30,119.65,119.75,118.15,118.45,872695
2018-09-27 15:15:00+05:30,118.45,119.0,118.35,118.7,517604
2018-09-28 09:15:00+05:30,120.4,120.9,117.75,119.6,727269
2018-09-28 10:15:00+05:30,119.7,120.8,119.1,119.65,397872
2018-09-28 11:15:00+05:30,119.65,120.2,118.65,118.85,253394
2018-09-28 12:15:00+05:30,118.85,119.2,118.0,119.0,308352
2018-09-28 13:15:00+05:30,119.0,119.05,116.1,116.65,453943
2018-09-28 14:15:00+05:30,116.65,117.1,114.55,116.9,777519
2018-09-28 15:15:00+05:30,116.95,117.0,116.25,116.55,203402
2018-10-01 09:15:00+05:30,116.7,118.15,114.5,117.75,590188
2018-10-01 10:15:00+05:30,117.75,118.0,115.7,116.25,386707
2018-10-01 11:15:00+05:30,116.25,116.8,115.9,116.75,266237
2018-10-01 12:15:00+05:30,116.8,118.35,116.25,117.95,294878
2018-10-01 13:15:00+05:30,117.95,119.6,117.85,119.4,419200
2018-10-01 14:15:00+05:30,119.4,121.5,119.35,121.2,587370
2018-10-01 15:15:00+05:30,121.2,121.3,120.4,120.9,160751
2018-10-03 09:15:00+05:30,120.4,122.15,119.25,122.05,669726
2018-10-03 10:15:00+05:30,122.05,122.6,120.95,122.2,299832
2018-10-03 11:15:00+05:30,122.2,122.25,120.9,121.95,161309
2018-10-03 12:15:00+05:30,121.95,122.75,121.55,122.55,211452
2018-10-03 13:15:00+05:30,122.55,123.65,122.2,122.45,237489
2018-10-03 14:15:00+05:30,122.45,122.65,120.75,120.85,331652
2018-10-03 15:15:00+05:30,120.8,120.95,119.7,120.35,97615
2018-10-04 09:15:00+05:30,119.85,122.85,118.3,122.7,686373
2018-10-04 10:15:00+05:30,122.75,123.45,121.7,122.8,470587
2018-10-04 11:15:00+05:30,122.8,123.2,120.75,121.5,519073
2018-10-04 12:15:00+05:30,121.5,122.6,120.15,120.7,404879
2018-10-04 13:15:00+05:30,120.7,121.0,120.0,120.5,485796
2018-10-04 14:15:00+05:30,120.5,121.95,120.4,120.5,416461
2018-10-04 15:15:00+05:30,120.5,120.6,120.0,120.5,151283
2018-10-05 09:15:00+05:30,119.85,122.25,119.65,121.6,446018
2018-10-05 10:15:00+05:30,121.6,122.5,120.7,121.6,388829
2018-10-05 11:15:00+05:30,121.6,121.85,120.95,121.15,134746
2018-10-05 12:15:00+05:30,121.15,121.15,118.1,118.25,287300
2018-10-05 13:15:00+05:30,118.25,119.85,117.5,119.85,391338
2018-10-05 14:15:00+05:30,119.85,120.3,117.0,117.0,564363
2018-10-05 15:15:00+05:30,117.0,117.5,116.25,116.5,238608
2018-10-08 09:15:00+05:30,117.0,118.15,114.4,116.85,528304
2018-10-08 10:15:00+05:30,116.85,117.95,116.25,117.85,279255
2018-10-08 11:15:00+05:30,117.85,118.35,116.6,116.85,181688
2018-10-08 12:15:00+05:30,116.85,117.35,115.6,115.6,237241
2018-10-08 13:15:00+05:30,115.65,116.0,113.9,114.45,265123
2018-10-08 14:15:00+05:30,114.45,116.15,112.8,116.1,664370
2018-10-08 15:15:00+05:30,116.1,116.35,114.45,114.8,177219
2018-10-09 09:15:00+05:30,111.55,112.5,108.9,109.95,1553487
2018-10-09 10:15:00+05:30,110.0,110.0,99.85,100.5,4262297
2018-10-09 11:15:00+05:30,100.5,102.35,99.6,100.45,1986474
2018-10-09 12:15:00+05:30,100.4,100.6,95.0,99.1,5513190
2018-10-09 13:15:00+05:30,99.1,101.1,98.65,100.45,2583967
2018-10-09 14:15:00+05:30,100.45,102.3,100.2,101.2,2002607
2018-10-09 15:15:00+05:30,101.2,103.05,100.95,102.3,907538
2018-10-10 09:15:00+05:30,103.0,105.4,103.0,105.05,1774762
2018-10-10 10:15:00+05:30,105.1,105.75,103.9,104.2,847144
2018-10-10 11:15:00+05:30,104.2,104.8,103.3,104.45,560837
2018-10-10 12:15:00+05:30,104.4,104.45,102.35,103.15,664267
2018-10-10 13:15:00+05:30,103.15,103.45,101.4,102.3,571373
2018-10-10 14:15:00+05:30,102.3,103.4,102.0,103.35,720501
2018-10-10 15:15:00+05:30,103.25,103.9,103.2,103.45,256336
2018-10-11 09:15:00+05:30,100.6,103.4,98.3,103.05,1398904
2018-10-11 10:15:00+05:30,103.05,104.05,102.75,102.9,814497
2018-10-11 11:15:00+05:30,102.9,103.15,102.2,103.0,663714
2018-10-11 12:15:00+05:30,103.0,103.55,102.8,103.25,729791
2018-10-11 13:15:00+05:30,103.25,103.5,102.1,102.35,741213
2018-10-11 14:15:00+05:30,102.35,102.75,101.2,101.9,903930
2018-10-11 15:15:00+05:30,101.9,101.95,101.25,101.7,273855
2018-10-12 09:15:00+05:30,103.0,103.5,102.0,102.75,678876
2018-10-12 10:15:00+05:30,102.75,102.85,101.0,101.95,491746
2018-10-12 11:15:00+05:30,102.0,102.25,101.2,101.4,356369
2018-10-12 12:15:00+05:30,101.45,103.15,101.05,101.85,600510
2018-10-12 13:15:00+05:30,101.85,102.3,101.4,101.65,633214
2018-10-12 14:15:00+05:30,101.7,101.9,100.7,100.8,992210
2018-10-12 15:15:00+05:30,100.8,101.15,100.5,100.7,469291
2018-10-15 09:15:00+05:30,101.7,101.9,99.75,101.1,662269
2018-10-15 10:15:00+05:30,101.0,101.65,100.55,101.0,175052
2018-10-15 11:15:00+05:30,101.0,102.0,100.9,101.55,204995
2018-10-15 12:15:00+05:30,101.55,101.6,100.8,101.1,170070
2018-10-15 13:15:00+05:30,101.1,101.5,100.7,101.05,195068
2018-10-15 14:15:00+05:30,101.05,101.9,100.8,101.5,449019
2018-10-15 15:15:00+05:30,101.5,101.7,101.2,101.4,183060
2018-10-16 09:15:00+05:30,101.7,102.4,101.2,102.1,535017
2018-10-16 10:15:00+05:30,102.05,102.1,101.4,101.45,247099
2018-10-16 11:15:00+05:30,101.4,101.45,100.95,101.2,213402
2018-10-16 12:15:00+05:30,101.25,101.6,101.1,101.35,88272
2018-10-16 13:15:00+05:30,101.35,102.1,101.15,101.6,194442
2018-10-16 14:15:00+05:30,101.6,101.6,101.15,101.4,251913
2018-10-16 15:15:00+05:30,101.4,101.5,101.1,101.4,152142
2018-10-17 09:15:00+05:30,102.3,102.8,101.2,101.7,680097
2018-10-17 10:15:00+05:30,101.7,102.3,101.55,101.75,486098
2018-10-17 11:15:00+05:30,101.75,101.85,100.85,100.95,355452
2018-10-17 12:15:00+05:30,100.95,101.2,100.45,100.6,475217
2018-10-17 13:15:00+05:30,100.6,100.7,100.05,100.4,459459
2018-10-17 14:15:00+05:30,100.4,100.85,99.7,100.25,1417141
2018-10-17 15:15:00+05:30,100.25,100.25,99.95,100.15,310696
2018-10-19 09:15:00+05:30,99.5,100.0,97.7,98.25,851852
2018-10-19 10:15:00+05:30,98.3,98.3,96.25,96.45,817058
2018-10-19 11:15:00+05:30,96.45,97.6,96.35,97.2,600970
2018-10-19 12:15:00+05:30,97.25,97.7,96.75,97.05,563236
2018-10-19 13:15:00+05:30,97.05,97.15,95.75,96.1,654672
2018-10-19 14:15:00+05:30,96.1,96.75,95.5,96.0,852687
2018-10-19 15:15:00+05:30,96.0,96.4,95.8,96.35,376346
2018-10-22 09:15:00+05:30,96.85,96.95,94.1,94.25,855809
2018-10-22 10:15:00+05:30,94.3,94.5,93.5,93.8,592195
2018-10-22 11:15:00+05:30,93.8,94.65,93.7,94.55,318814
2018-10-22 12:15:00+05:30,94.55,94.75,92.7,93.2,991311
2018-10-22 13:15:00+05:30,93.15,93.3,92.75,93.05,340343
2018-10-22 14:15:00+05:30,93.05,93.25,92.6,92.75,638512
2018-10-22 15:15:00+05:30,92.8,93.2,92.6,93.2,290655
2018-10-23 09:15:00+05:30,90.6,94.7,90.6,94.6,783674
2018-10-23 10:15:00+05:30,94.6,95.0,94.1,94.9,493617
2018-10-23 11:15:00+05:30,94.9,94.95,94.15,94.5,327332
2018-10-23 12:15:00+05:30,94.5,95.0,94.35,94.9,322689
2018-10-23 13:15:00+05:30,94.9,95.8,94.25,95.6,608918
2018-10-23 14:15:00+05:30,95.6,95.7,94.8,94.95,575042
2018-10-23 15:15:00+05:30,94.9,95.15,94.55,95.0,284664
2018-10-24 09:15:00+05:30,96.25,96.45,94.2,94.2,429100
2018-10-24 10:15:00+05:30,94.2,94.5,93.1,93.85,390934
2018-10-24 11:15:00+05:30,93.85,94.2,93.2,93.9,292523
2018-10-24 12:15:00+05:30,93.9,94.0,92.9,93.25,242095
2018-10-24 13:15:00+05:30,93.25,93.7,92.35,92.7,353553
2018-10-24 14:15:00+05:30,92.8,93.85,92.45,93.8,505567
2018-10-24 15:15:00+05:30,93.75,94.3,93.7,93.95,209553
2018-10-25 09:15:00+05:30,92.25,93.25,92.25,92.5,256806
2018-10-25 10:15:00+05:30,92.5,92.65,91.3,91.45,398709
2018-10-25 11:15:00+05:30,91.45,92.25,91.15,92.05,331516
2018-10-25 12:15:00+05:30,92.05,93.25,91.9,93.1,381381
2018-10-25 13:15:00+05:30,93.1,93.35,92.5,92.65,223752
2018-10-25 14:15:00+05:30,92.65,92.75,91.1,91.1,1210198
2018-10-25 15:15:00+05:30,91.1,91.4,90.85,91.4,978620
2018-10-26 09:15:00+05:30,91.3,92.25,90.9,91.2,720817
2018-10-26 10:15:00+05:30,91.2,93.6,91.15,93.6,757073
2018-10-26 11:15:00+05:30,93.6,94.35,93.5,94.1,499760
2018-10-26 12:15:00+05:30,94.1,94.25,92.7,93.0,352346
2018-10-26 13:15:00+05:30,93.0,93.0,91.25,91.25,644087
2018-10-26 14:15:00+05:30,91.25,92.1,91.05,91.25,860327
2018-10-26 15:15:00+05:30,91.35,91.35,91.0,91.1,259884
2018-10-29 09:15:00+05:30,91.75,93.85,90.5,93.05,785909
2018-10-29 10:15:00+05:30,93.05,93.7,92.55,92.95,231891
2018-10-29 11:15:00+05:30,92.95,95.05,92.95,94.95,518170
2018-10-29 12:15:00+05:30,94.75,95.7,94.55,95.35,327373
2018-10-29 13:15:00+05:30,95.35,96.9,95.25,96.15,537639
2018-10-29 14:15:00+05:30,96.15,96.4,95.7,96.1,295166
2018-10-29 15:15:00+05:30,96.15,96.3,95.3,95.85,229066
2018-10-30 09:15:00+05:30,96.55,98.4,96.25,97.3,950849
2018-10-30 10:15:00+05:30,97.3,98.55,97.1,97.3,451779
2018-10-30 11:15:00+05:30,97.3,97.7,96.85,97.7,163828
2018-10-30 12:15:00+05:30,97.7,97.9,96.95,97.65,203569
2018-10-30 13:15:00+05:30,97.65,97.85,97.2,97.65,159669
2018-10-30 14:15:00+05:30,97.65,97.95,96.35,96.95,381836
2018-10-30 15:15:00+05:30,97.05,97.25,96.7,96.75,117492
2018-10-31 09:15:00+05:30,96.95,97.8,94.6,95.0,765087
2018-10-31 10:15:00+05:30,95.0,95.05,94.2,95.0,328783
2018-10-31 11:15:00+05:30,95.0,96.0,94.8,95.9,200125
2018-10-31 12:15:00+05:30,95.9,96.0,94.7,95.25,222314
2018-10-31 13:15:00+05:30,95.25,96.2,95.25,96.1,237636
2018-10-31 14:15:00+05:30,96.15,97.95,95.7,97.95,663375
2018-10-31 15:15:00+05:30,97.95,98.0,97.2,97.7,269112
2018-11-01 09:15:00+05:30,99.5,100.8,98.25,99.85,2129092
2018-11-01 10:15:00+05:30,99.85,101.9,99.7,100.25,944227
2018-11-01 11:15:00+05:30,100.25,100.25,98.35,99.3,566870
2018-11-01 12:15:00+05:30,99.3,99.65,98.7,99.25,244522
2018-11-01 13:15:00+05:30,99.4,99.45,98.25,98.3,224575
2018-11-01 14:15:00+05:30,98.4,98.4,97.0,97.7,636036
2018-11-01 15:15:00+05:30,97.7,97.9,97.05,97.25,296393
2018-11-02 09:15:00+05:30,97.95,100.5,97.95,100.05,750982
2018-11-02 10:15:00+05:30,100.05,101.3,99.45,100.05,896347
2018-11-02 11:15:00+05:30,100.05,100.4,99.45,100.2,290475
2018-11-02 12:15:00+05:30,100.2,101.8,100.0,101.55,519436
2018-11-02 13:15:00+05:30,101.55,103.15,101.4,102.1,792176
2018-11-02 14:15:00+05:30,102.1,103.1,101.5,102.65,772046
2018-11-02 15:15:00+05:30,102.5,103.0,102.3,102.35,283377
2018-11-05 09:15:00+05:30,102.75,102.9,101.0,102.85,504385
2018-11-05 10:15:00+05:30,102.75,102.8,100.85,100.85,238591
2018-11-05 11:15:00+05:30,100.85,101.65,100.8,101.3,153830
2018-11-05 12:15:00+05:30,101.3,101.7,100.4,100.95,188045
2018-11-05 13:15:00+05:30,100.95,101.25,100.65,100.95,103019
2018-11-05 14:15:00+05:30,100.95,102.75,100.4,102.6,311560
2018-11-05 15:15:00+05:30,102.65,102.7,101.85,101.9,154322
2018-11-06 09:15:00+05:30,103.6,107.6,103.6,106.4,2479872
2018-11-06 10:15:00+05:30,106.4,107.55,106.1,107.05,654950
2018-11-06 11:15:00+05:30,107.05,107.05,106.0,106.25,400993
2018-11-06 12:15:00+05:30,106.25,106.4,106.05,106.3,176651
2018-11-06 13:15:00+05:30,106.3,106.4,104.65,104.65,498868
2018-11-06 14:15:00+05:30,104.65,105.4,104.0,104.5,492808
2018-11-06 15:15:00+05:30,104.5,104.55,103.4,103.75,308567
2018-11-07 17:15:00+05:30,105.4,105.9,105.0,105.6,423057
2018-11-07 18:15:00+05:30,105.6,106.2,105.5,106.2,152359
2018-11-09 09:15:00+05:30,104.85,107.25,104.0,107.15,569580
2018-11-09 10:15:00+05:30,107.25,107.9,106.5,107.25,520890
2018-11-09 11:15:00+05:30,107.25,107.35,106.3,106.6,181483
2018-11-09 12:15:00+05:30,106.6,106.85,106.25,106.65,123661
2018-11-09 13:15:00+05:30,106.65,106.65,105.25,105.65,204517
2018-11-09 14:15:00+05:30,105.65,105.9,105.3,105.5,214428
2018-11-09 15:15:00+05:30,105.5,105.55,105.0,105.3,146886
2018-11-12 09:15:00+05:30,105.1,105.1,102.6,102.9,432188
2018-11-12 10:15:00+05:30,102.9,103.05,102.1,102.4,229193
2018-11-12 11:15:00+05:30,102.4,103.4,102.3,102.55,142987
2018-11-12 12:15:00+05:30,102.55,102.55,101.35,101.6,236098
2018-11-12 13:15:00+05:30,101.6,102.2,101.5,101.9,161288
2018-11-12 14:15:00+05:30,101.9,102.3,100.7,101.0,352899
2018-11-12 15:15:00+05:30,101.0,101.45,100.8,101.4,314971
2018-11-13 09:15:00+05:30,98.55,99.5,98.2,99.0,788097
2018-11-13 10:15:00+05:30,99.0,99.0,97.35,97.65,500700
2018-11-13 11:15:00+05:30,97.65,98.2,97.1,98.05,239993
2018-11-13 12:15:00+05:30,98.05,98.3,97.55,97.85,311143
2018-11-13 13:15:00+05:30,97.95,98.4,97.75,98.15,168242
2018-11-13 14:15:00+05:30,98.2,98.75,97.9,98.15,473693
2018-11-13 15:15:00+05:30,98.15,98.4,97.9,98.05,193905
2018-11-14 09:15:00+05:30,98.55,99.7,97.1,97.8,677151
2018-11-14 10:15:00+05:30,97.8,99.1,97.5,97.75,506785
2018-11-14 11:15:00+05:30,97.65,98.15,97.55,97.8,373107
2018-11-14 12:15:00+05:30,97.8,98.05,97.4,97.65,270219
2018-11-14 13:15:00+05:30,97.65,97.85,96.05,96.55,483938
2018-11-14 14:15:00+05:30,96.55,97.45,96.25,97.25,346464
2018-11-14 15:15:00+05:30,97.2,97.45,97.0,97.25,205263
2018-11-15 09:15:00+05:30,97.55,99.15,97.3,98.75,494195
2018-11-15 10:15:00+05:30,98.75,99.4,98.7,98.8,197236
2018-11-15 11:15:00+05:30,98.8,99.55,98.65,99.3,151237
2018-11-15 12:15:00+05:30,99.3,100.3,99.0,99.95,333178
2018-11-15 13:15:00+05:30,100.1,100.15,99.35,99.4,160611
2018-11-15 14:15:00+05:30,99.4,99.65,98.4,98.6,342909
2018-11-15 15:15:00+05:30,98.6,98.6,98.0,98.4,214202
2018-11-16 09:15:00+05:30,99.4,99.55,98.25,98.6,448583
2018-11-16 10:15:00+05:30,98.6,98.95,98.2,98.6,167137
2018-11-16 11:15:00+05:30,98.6,98.7,98.1,98.7,151211
2018-11-16 12:15:00+05:30,98.7,98.95,98.5,98.9,118703
2018-11-16 13:15:00+05:30,98.9,99.8,98.7,99.3,1304085
2018-11-16 14:15:00+05:30,99.3,99.7,98.8,99.0,366652
2018-11-16 15:15:00+05:30,99.0,99.15,98.85,99.0,206030
2018-11-19 09:15:00+05:30,99.7,99.75,98.5,98.6,219368
2018-11-19 10:15:00+05:30,98.6,101.5,98.6,101.35,861383
2018-11-19 11:15:00+05:30,101.25,101.95,101.25,101.5,346264
2018-11-19 12:15:00+05:30,101.5,101.6,100.9,101.15,166552
2018-11-19 13:15:00+05:30,101.15,101.85,101.1,101.8,126909
2018-11-19 14:15:00+05:30,101.8,101.95,100.6,101.1,421090
2018-11-19 15:15:00+05:30,101.1,101.45,101.0,101.35,172473
2018-11-20 09:15:00+05:30,100.65,102.6,100.0,101.6,766682
2018-11-20 10:15:00+05:30,101.6,101.75,100.9,101.15,254347
2018-11-20 11:15:00+05:30,101.15,101.7,100.85,101.35,153612
2018-11-20 12:15:00+05:30,101.35,101.6,99.9,100.15,235277
2018-11-20 13:15:00+05:30,100.2,100.75,99.35,99.95,293079
2018-11-20 14:15:00+05:30,99.85,100.3,99.55,100.0,306033
2018-11-20 15:15:00+05:30,100.0,100.1,99.55,99.95,193601
2018-11-21 09:15:00+05:30,100.0,100.3,99.4,99.9,412049
2018-11-21 10:15:00+05:30,99.9,100.05,99.5,99.7,123689
2018-11-21 11:15:00+05:30,99.7,100.95,99.5,100.6,244986
2018-11-21 12:15:00+05:30,100.6,101.15,100.15,100.3,257200
2018-11-21 13:15:00+05:30,100.3,100.8,100.1,100.75,119312
2018-11-21 14:15:00+05:30,100.75,101.3,99.9,100.0,316725
2018-11-21 15:15:00+05:30,99.95,100.25,99.75,100.1,138442
2018-11-22 09:15:00+05:30,101.3,101.3,99.15,99.3,471487
2018-11-22 10:15:00+05:30,99.25,99.5,98.8,99.0,281393
2018-11-22 11:15:00+05:30,99.0,99.65,98.95,99.6,125892
2018-11-22 12:15:00+05:30,99.6,99.7,98.75,99.05,198038
2018-11-22 13:15:00+05:30,99.05,99.15,98.4,98.8,329008
2018-11-22 14:15:00+05:30,98.8,99.1,98.5,98.75,301703
2018-11-22 15:15:00+05:30,98.75,98.85,98.1,98.1,205179
2018-11-26 09:15:00+05:30,99.25,99.5,96.75,97.25,431262
2018-11-26 10:15:00+05:30,97.25,97.45,96.75,97.05,157623
2018-11-26 11:15:00+05:30,97.05,97.05,96.25,96.8,195968
2018-11-26 12:15:00+05:30,96.8,97.35,96.6,97.15,115849
2018-11-26 13:15:00+05:30,97.15,97.85,97.0,97.75,191607
2018-11-26 14:15:00+05:30,97.65,99.3,97.6,99.1,420089
2018-11-26 15:15:00+05:30,99.15,99.15,98.6,98.65,133035
2018-11-27 09:15:00+05:30,98.0,99.75,97.75,99.0,381404
2018-11-27 10:15:00+05:30,98.95,99.2,98.55,98.65,77205
2018-11-27 11:15:00+05:30,98.65,98.65,98.05,98.35,176691
2018-11-27 12:15:00+05:30,98.35,98.9,97.95,98.6,124792
2018-11-27 13:15:00+05:30,98.55,98.9,97.2,97.3,364860
2018-11-27 14:15:00+05:30,97.4,98.4,97.05,98.15,324824
2018-11-27 15:15:00+05:30,98.15,98.5,98.0,98.3,160250
2018-11-28 09:15:00+05:30,98.15,98.5,97.35,97.35,218344
2018-11-28 10:15:00+05:30,97.35,97.4,96.2,96.25,356596
2018-11-28 11:15:00+05:30,96.25,97.0,96.25,96.7,144761
2018-11-28 12:15:00+05:30,96.7,96.75,95.75,96.1,204437
2018-11-28 13:15:00+05:30,96.1,96.4,95.65,95.75,97776
2018-11-28 14:15:00+05:30,95.75,96.2,95.25,95.25,307931
2018-11-28 15:15:00+05:30,95.3,95.65,95.2,95.45,282018
2018-11-29 09:15:00+05:30,96.6,96.6,94.8,95.95,436718
2018-11-29 10:15:00+05:30,95.95,96.3,94.8,94.95,653922
2018-11-29 11:15:00+05:30,94.95,96.2,94.8,95.8,302794
2018-11-29 12:15:00+05:30,95.8,96.5,95.8,95.9,232201
2018-11-29 13:15:00+05:30,95.9,96.15,95.5,96.0,225023
2018-11-29 14:15:00+05:30,96.0,96.55,95.75,96.05,438915
2018-11-29 15:15:00+05:30,96.05,97.0,95.8,96.0,270054
2018-11-30 09:15:00+05:30,95.05,95.05,92.8,94.1,645298
2018-11-30 10:15:00+05:30,94.1,94.4,93.75,94.3,184343
2018-11-30 11:15:00+05:30,94.3,94.75,93.75,94.15,227878
2018-11-30 12:15:00+05:30,94.15,94.2,93.75,93.8,155750
2018-11-30 13:15:00+05:30,93.8,93.8,93.05,93.5,196093
2018-11-30 14:15:00+05:30,93.5,93.9,93.15,93.85,210300
2018-11-30 15:15:00+05:30,93.85,94.15,93.35,93.65,226327
2018-12-03 09:15:00+05:30,94.95,96.25,92.7,95.0,1628865
2018-12-03 10:15:00+05:30,95.1,95.75,94.8,95.2,294817
2018-12-03 11:15:00+05:30,95.2,95.7,94.5,94.6,229927
2018-12-03 12:15:00+05:30,94.6,95.15,94.3,95.0,125239
2018-12-03 13:15:00+05:30,95.0,95.9,94.9,95.35,282526
2018-12-03 14:15:00+05:30,95.35,95.7,94.5,95.4,279492
2018-12-03 15:15:00+05:30,95.4,95.85,95.1,95.7,212488
2018-12-04 09:15:00+05:30,97.7,97.7,96.05,96.3,953725
2018-12-04 10:15:00+05:30,96.25,96.8,95.9,96.25,228134
2018-12-04 11:15:00+05:30,96.25,96.35,95.8,96.15,167604
2018-12-04 12:15:00+05:30,96.05,96.25,95.65,96.1,89896
2018-12-04 13:15:00+05:30,96.1,96.1,95.5,95.9,132223
2018-12-04 14:15:00+05:30,95.9,96.8,95.75,96.3,483105
2018-12-04 15:15:00+05:30,96.35,96.55,95.7,95.8,324824
2018-12-05 09:15:00+05:30,94.2,94.2,93.25,93.8,737361
2018-12-05 10:15:00+05:30,93.8,93.85,93.0,93.2,461445
2018-12-05 11:15:00+05:30,93.2,93.55,92.75,93.2,468579
2018-12-05 12:15:00+05:30,93.15,93.55,92.75,93.3,908769
2018-12-05 13:15:00+05:30,93.3,93.4,92.7,92.9,166820
2018-12-05 14:15:00+05:30,92.9,93.05,92.1,92.55,446312
2018-12-05 15:15:00+05:30,92.55,92.65,92.2,92.5,268114
2018-12-06 09:15:00+05:30,91.85,92.0,91.0,91.1,544969
2018-12-06 10:15:00+05:30,91.1,91.5,91.05,91.25,353463
2018-12-06 11:15:00+05:30,91.25,91.55,89.25,89.7,724866
2018-12-06 12:15:00+05:30,89.7,90.2,89.5,89.65,244325
2018-12-06 13:15:00+05:30,89.6,89.85,89.0,89.2,471143
2018-12-06 14:15:00+05:30,89.2,89.35,88.35,88.4,687604
2018-12-06 15:15:00+05:30,88.45,88.8,88.35,88.6,340568
2018-12-07 09:15:00+05:30,88.95,89.45,87.5,88.9,891790
2018-12-07 10:15:00+05:30,88.9,89.1,88.4,88.95,157075
2018-12-07 11:15:00+05:30,88.95,89.6,88.2,89.25,269165
2018-12-07 12:15:00+05:30,89.25,89.65,88.7,88.95,199261
2018-12-07 13:15:00+05:30,88.95,89.5,88.8,89.25,204117
2018-12-07 14:15:00+05:30,89.25,89.45,88.9,89.15,275358
2018-12-07 15:15:00+05:30,89.15,89.3,88.8,89.0,212162
2018-12-10 09:15:00+05:30,86.4,88.1,86.4,87.1,441388
2018-12-10 10:15:00+05:30,87.1,87.45,86.35,87.25,347616
2018-12-10 11:15:00+05:30,87.25,87.95,87.15,87.8,180439
2018-12-10 12:15:00+05:30,87.8,87.85,87.0,87.35,99444
2018-12-10 13:15:00+05:30,87.35,87.45,86.5,86.6,175973
2018-12-10 14:15:00+05:30,86.6,86.8,86.3,86.3,276316
2018-12-10 15:15:00+05:30,86.3,86.35,86.0,86.1,265549
2018-12-11 09:15:00+05:30,85.2,86.35,85.0,85.6,461326
2018-12-11 10:15:00+05:30,85.65,86.75,85.3,86.45,296602
2018-12-11 11:15:00+05:30,86.45,87.6,86.3,86.6,305331
2018-12-11 12:15:00+05:30,86.6,87.2,86.2,87.05,263021
2018-12-11 13:15:00+05:30,87.1,87.2,86.1,86.2,600097
2018-12-11 14:15:00+05:30,86.2,86.75,85.6,86.0,812445
2018-12-11 15:15:00+05:30,86.0,86.25,85.75,86.2,401704
2018-12-12 09:15:00+05:30,86.5,87.95,86.15,87.75,518550
2018-12-12 10:15:00+05:30,87.75,88.4,87.6,88.3,277132
2018-12-12 11:15:00+05:30,88.3,90.6,88.3,90.0,649124
2018-12-12 12:15:00+05:30,90.0,90.1,89.3,89.65,341750
2018-12-12 13:15:00+05:30,89.6,89.65,88.8,89.15,350038
2018-12-12 14:15:00+05:30,89.15,89.95,89.0,89.35,1411550
2018-12-12 15:15:00+05:30,89.35,89.9,89.15,89.85,348417
2018-12-13 09:15:00+05:30,90.35,91.4,90.2,91.2,451532
2018-12-13 10:15:00+05:30,91.2,91.35,90.9,91.05,226375
2018-12-13 11:15:00+05:30,91.05,92.0,90.85,91.6,369524
2018-12-13 12:15:00+05:30,91.65,91.9,91.2,91.3,150626
2018-12-13 13:15:00+05:30,91.3,91.75,91.0,91.05,174564
2018-12-13 14:15:00+05:30,91.05,91.25,90.4,91.0,385898
2018-12-13 15:15:00+05:30,90.95,91.4,90.8,90.85,181877
2018-12-14 09:15:00+05:30,90.6,92.7,90.3,92.1,939799
2018-12-14 10:15:00+05:30,92.1,92.35,91.4,92.1,275235
2018-12-14 11:15:00+05:30,92.1,92.2,91.5,91.6,111080
2018-12-14 12:15:00+05:30,91.6,91.85,91.2,91.65,86314
2018-12-14 13:15:00+05:30,91.65,91.7,91.05,91.35,134499
2018-12-14 14:15:00+05:30,91.35,92.0,91.1,91.9,201505
2018-12-14 15:15:00+05:30,91.9,92.15,91.65,92.05,156792
2018-12-17 09:15:00+05:30,91.95,94.8,91.9,94.45,866424
2018-12-17 10:15:00+05:30,94.45,96.2,94.35,95.15,921039
2018-12-17 11:15:00+05:30,95.15,95.7,94.85,95.5,388673
2018-12-17 12:15:00+05:30,95.5,96.35,95.25,95.7,585521
2018-12-17 13:15:00+05:30,95.7,96.1,95.4,95.55,436461
2018-12-17 14:15:00+05:30,95.55,96.0,95.45,95.7,401531
2018-12-17 15:15:00+05:30,95.7,96.05,95.5,95.7,411546
2018-12-18 09:15:00+05:30,95.9,97.15,94.8,95.0,955720
2018-12-18 10:15:00+05:30,95.0,95.5,94.5,94.95,286388
2018-12-18 11:15:00+05:30,94.95,95.05,94.6,94.85,245133
2018-12-18 12:15:00+05:30,94.85,95.25,94.7,95.0,137015
2018-12-18 13:15:00+05:30,95.0,95.15,94.6,94.95,127591
2018-12-18 14:15:00+05:30,95.0,96.3,94.95,96.15,661856
2018-12-18 15:15:00+05:30,96.2,96.35,95.85,96.15,243224
2018-12-19 09:15:00+05:30,96.75,96.9,94.9,95.5,493354
2018-12-19 10:15:00+05:30,95.5,96.55,95.4,96.5,246637
2018-12-19 11:15:00+05:30,96.4,96.5,95.85,95.9,126973
2018-12-19 12:15:00+05:30,95.9,96.15,95.55,96.0,173794
2018-12-19 13:15:00+05:30,95.9,96.1,95.45,95.6,164319
2018-12-19 14:15:00+05:30,95.6,95.75,95.25,95.6,230311
2018-12-19 15:15:00+05:30,95.5,96.0,95.2,95.5,241421
2018-12-20 09:15:00+05:30,94.8,96.0,94.5,95.65,259914
2018-12-20 10:15:00+05:30,95.65,95.8,94.75,94.75,191504
2018-12-20 11:15:00+05:30,94.75,95.05,94.35,94.9,183162
2018-12-20 12:15:00+05:30,94.9,96.85,94.85,96.5,550764
2018-12-20 13:15:00+05:30,96.5,96.6,95.8,96.15,214840
2018-12-20 14:15:00+05:30,96.15,96.7,96.0,96.6,303241
2018-12-20 15:15:00+05:30,96.6,96.85,96.25,96.3,194554
2018-12-21 09:15:00+05:30,96.8,98.4,96.65,97.75,756587
2018-12-21 10:15:00+05:30,97.7,98.65,97.05,97.8,512093
2018-12-21 11:15:00+05:30,97.8,97.85,96.95,97.3,232440
2018-12-21 12:15:00+05:30,97.3,98.1,97.15,97.35,297521
2018-12-21 13:15:00+05:30,97.45,97.6,96.55,96.8,555170
2018-12-21 14:15:00+05:30,96.85,96.85,95.65,96.45,893792
2018-12-21 15:15:00+05:30,96.45,96.5,95.6,95.7,563724
2018-12-24 09:15:00+05:30,96.0,96.75,95.3,96.7,357407
2018-12-24 10:15:00+05:30,96.7,96.85,95.6,96.1,269916
2018-12-24 11:15:00+05:30,96.1,96.4,95.2,95.3,257954
2018-12-24 12:15:00+05:30,95.3,96.45,95.2,96.1,246006
2018-12-24 13:15:00+05:30,96.1,96.15,95.25,95.6,223311
2018-12-24 14:15:00+05:30,95.6,95.65,94.0,94.35,412796
2018-12-24 15:15:00+05:30,94.35,94.45,93.75,94.0,236310
2018-12-26 09:15:00+05:30,93.55,93.95,92.0,92.3,854942
2018-12-26 10:15:00+05:30,92.3,92.4,91.55,92.3,322610
2018-12-26 11:15:00+05:30,92.3,92.8,92.1,92.75,149748
2018-12-26 12:15:00+05:30,92.75,92.85,92.4,92.65,184469
2018-12-26 13:15:00+05:30,92.65,93.7,92.5,93.35,360351
2018-12-26 14:15:00+05:30,93.35,93.75,93.0,93.1,374448
2018-12-26 15:15:00+05:30,93.1,93.3,92.85,93.1,254914
2018-12-27 09:15:00+05:30,95.0,95.0,93.5,93.7,438799
2018-12-27 10:15:00+05:30,93.7,93.8,93.4,93.65,187395
2018-12-27 11:15:00+05:30,93.65,93.8,93.5,93.55,188266
2018-12-27 12:15:00+05:30,93.55,93.6,92.5,92.55,555983
2018-12-27 13:15:00+05:30,92.55,93.15,92.55,92.95,336823
2018-12-27 14:15:00+05:30,93.0,93.05,91.1,91.2,586050
2018-12-27 15:15:00+05:30,91.2,91.25,90.55,90.9,411843
2018-12-28 09:15:00+05:30,91.2,92.7,91.2,92.6,462773
2018-12-28 10:15:00+05:30,92.6,92.95,92.1,92.75,239280
2018-12-28 11:15:00+05:30,92.7,92.75,92.2,92.45,128904
2018-12-28 12:15:00+05:30,92.45,92.55,92.0,92.45,202032
2018-12-28 13:15:00+05:30,92.45,92.65,92.0,92.1,114905
2018-12-28 14:15:00+05:30,92.1,92.35,91.5,91.8,379830
2018-12-28 15:15:00+05:30,91.85,92.25,91.75,92.2,192805
2018-12-31 09:15:00+05:30,92.9,93.35,92.5,92.95,408996
2018-12-31 10:15:00+05:30,93.0,93.25,92.9,93.0,151253
2018-12-31 11:15:00+05:30,93.0,93.05,92.4,92.6,245257
2018-12-31 12:15:00+05:30,92.6,92.75,92.25,92.4,131714
2018-12-31 13:15:00+05:30,92.4,93.0,92.4,92.75,112436
2018-12-31 14:15:00+05:30,92.75,92.9,92.1,92.6,196619
2018-12-31 15:15:00+05:30,92.6,92.85,92.4,92.65,222516
2019-01-01 09:15:00+05:30,92.65,92.75,91.9,92.15,354469
2019-01-01 10:15:00+05:30,92.15,92.45,92.1,92.3,109059
2019-01-01 11:15:00+05:30,92.3,92.95,92.3,92.75,195699
2019-01-01 12:15:00+05:30,92.75,93.2,92.55,92.75,195886
2019-01-01 13:15:00+05:30,92.75,93.15,92.6,92.75,142390
2019-01-01 14:15:00+05:30,92.75,93.4,92.75,93.1,221782
2019-01-01 15:15:00+05:30,93.1,93.35,92.95,93.25,146629
2019-01-02 09:15:00+05:30,92.0,92.35,91.0,91.25,847895
2019-01-02 10:15:00+05:30,91.25,91.8,91.15,91.35,195593
2019-01-02 11:15:00+05:30,91.35,91.6,91.25,91.4,139517
2019-01-02 12:15:00+05:30,91.4,91.45,90.5,90.75,434777
2019-01-02 13:15:00+05:30,90.75,90.8,90.05,90.35,313541
2019-01-02 14:15:00+05:30,90.35,90.75,90.2,90.45,293375
2019-01-02 15:15:00+05:30,90.45,90.7,90.1,90.35,331043
2019-01-03 09:15:00+05:30,90.8,91.0,90.1,90.2,334664
2019-01-03 10:15:00+05:30,90.2,90.35,89.4,89.9,293372
2019-01-03 11:15:00+05:30,89.95,90.15,89.8,89.9,113783
2019-01-03 12:15:00+05:30,89.9,90.05,89.65,89.95,117972
2019-01-03 13:15:00+05:30,89.95,90.0,89.15,89.15,177781
2019-01-03 14:15:00+05:30,89.15,89.45,89.0,89.15,253215
2019-01-03 15:15:00+05:30,89.2,89.2,88.7,88.85,232213
2019-01-04 09:15:00+05:30,90.7,92.2,90.25,90.95,1377221
2019-01-04 10:15:00+05:30,90.95,91.45,90.5,91.1,269632
2019-01-04 11:15:00+05:30,91.15,91.6,91.05,91.3,195933
2019-01-04 12:15:00+05:30,91.3,91.5,91.0,91.4,159679
2019-01-04 13:15:00+05:30,91.4,91.45,90.35,90.4,234650
2019-01-04 14:15:00+05:30,90.4,91.6,90.3,91.4,462045
2019-01-04 15:15:00+05:30,91.4,91.7,91.25,91.65,379586
2019-01-07 09:15:00+05:30,92.65,93.6,92.3,93.45,1002273
2019-01-07 10:15:00+05:30,93.45,95.35,93.35,94.7,1043859
2019-01-07 11:15:00+05:30,94.7,94.95,94.3,94.8,323085
2019-01-07 12:15:00+05:30,94.8,94.9,94.55,94.85,205562
2019-01-07 13:15:00+05:30,94.85,94.85,94.3,94.6,178686
2019-01-07 14:15:00+05:30,94.6,94.65,93.4,93.95,717544
2019-01-07 15:15:00+05:30,93.95,94.25,93.55,93.95,304103
2019-01-08 09:15:00+05:30,93.6,95.95,93.6,95.65,1089570
2019-01-08 10:15:00+05:30,95.6,95.85,95.0,95.15,380584
2019-01-08 11:15:00+05:30,95.15,95.5,94.7,95.15,238829
2019-01-08 12:15:00+05:30,95.15,95.65,95.05,95.2,331967
2019-01-08 13:15:00+05:30,95.2,95.7,95.15,95.45,162362
2019-01-08 14:15:00+05:30,95.45,96.15,95.4,96.1,606551
2019-01-08 15:15:00+05:30,96.1,96.3,95.85,95.9,226932
2019-01-09 09:15:00+05:30,96.55,97.35,95.8,96.2,1018940
2019-01-09 10:15:00+05:30,96.2,96.5,95.75,95.8,301596
2019-01-09 11:15:00+05:30,95.8,96.5,95.65,96.3,226259
2019-01-09 12:15:00+05:30,96.3,96.75,96.0,96.65,213074
2019-01-09 13:15:00+05:30,96.75,97.2,95.5,96.1,774035
2019-01-09 14:15:00+05:30,96.1,97.1,95.75,96.95,785729
2019-01-09 15:15:00+05:30,96.9,97.2,96.75,97.0,489728
2019-01-10 09:15:00+05:30,97.05,98.1,96.95,97.95,1116105
2019-01-10 10:15:00+05:30,98.0,98.25,97.75,98.1,378675
2019-01-10 11:15:00+05:30,98.1,98.2,97.5,97.7,249142
2019-01-10 12:15:00+05:30,97.7,98.3,97.65,98.2,307322
2019-01-10 13:15:00+05:30,98.15,98.5,97.9,98.2,397631
2019-01-10 14:15:00+05:30,98.2,98.25,97.8,98.2,406654
2019-01-10 15:15:00+05:30,98.2,98.3,97.8,97.8,449626
2019-01-11 09:15:00+05:30,98.55,98.8,97.0,97.3,1298369
2019-01-11 10:15:00+05:30,97.3,97.4,95.65,96.0,653457
2019-01-11 11:15:00+05:30,96.0,96.1,95.05,95.25,438320
2019-01-11 12:15:00+05:30,95.25,95.85,95.1,95.75,426479
2019-01-11 13:15:00+05:30,95.75,95.8,95.15,95.55,410059
2019-01-11 14:15:00+05:30,95.55,95.95,95.4,95.9,323900
2019-01-11 15:15:00+05:30,95.9,96.05,95.7,95.75,367139
2019-01-14 09:15:00+05:30,95.5,95.5,94.15,94.45,530274
2019-01-14 10:15:00+05:30,94.45,95.2,94.35,95.05,197461
2019-01-14 11:15:00+05:30,95.05,95.05,94.5,94.7,65417
2019-01-14 12:15:00+05:30,94.7,95.05,94.5,94.85,131778
2019-01-14 13:15:00+05:30,94.85,96.85,94.7,96.6,554203
2019-01-14 14:15:00+05:30,96.6,96.95,96.3,96.45,336503
2019-01-14 15:15:00+05:30,96.45,96.6,96.15,96.4,152929
2019-01-15 09:15:00+05:30,96.65,96.8,95.75,96.05,371069
2019-01-15 10:15:00+05:30,96.05,96.45,95.75,95.75,131410
2019-01-15 11:15:00+05:30,95.85,96.65,95.85,96.55,119145
2019-01-15 12:15:00+05:30,96.55,96.65,96.2,96.2,74217
2019-01-15 13:15:00+05:30,96.2,96.85,96.2,96.8,126175
2019-01-15 14:15:00+05:30,96.8,98.8,96.8,98.45,955737
2019-01-15 15:15:00+05:30,98.45,98.6,98.25,98.25,243822
2019-01-16 09:15:00+05:30,99.0,99.9,97.85,99.25,1361172
2019-01-16 10:15:00+05:30,99.25,99.45,98.15,98.45,317599
2019-01-16 11:15:00+05:30,98.45,99.1,98.25,98.85,133974
2019-01-16 12:15:00+05:30,98.85,99.15,98.6,98.7,106393
2019-01-16 13:15:00+05:30,98.7,98.9,98.1,98.6,131087
2019-01-16 14:15:00+05:30,98.6,98.95,98.4,98.5,477837
2019-01-16 15:15:00+05:30,98.55,99.1,98.15,98.65,408448
2019-01-17 09:15:00+05:30,99.35,99.6,98.5,98.8,328190
2019-01-17 10:15:00+05:30,98.8,98.9,98.0,98.3,185029
2019-01-17 11:15:00+05:30,98.3,98.4,97.55,97.65,153878
2019-01-17 12:15:00+05:30,97.65,97.75,97.2,97.6,152819
2019-01-17 13:15:00+05:30,97.6,97.65,96.8,97.25,112714
2019-01-17 14:15:00+05:30,97.25,98.2,97.25,98.05,254212
2019-01-17 15:15:00+05:30,98.05,98.4,97.95,98.0,192696
2019-01-18 09:15:00+05:30,98.5,98.55,97.05,97.25,246917
2019-01-18 10:15:00+05:30,97.25,97.7,97.2,97.35,61312
2019-01-18 11:15:00+05:30,97.35,97.75,96.8,96.8,181375
2019-01-18 12:15:00+05:30,96.8,97.1,96.5,96.65,148820
2019-01-18 13:15:00+05:30,96.7,97.3,96.6,97.05,94274
2019-01-18 14:15:00+05:30,97.05,97.15,96.1,97.05,250992
2019-01-18 15:15:00+05:30,97.0,97.45,96.9,97.0,172298
2019-01-21 09:15:00+05:30,97.05,97.7,96.95,97.35,275583
2019-01-21 10:15:00+05:30,97.35,97.45,95.9,96.0,196238
2019-01-21 11:15:00+05:30,96.0,96.35,95.65,95.85,190196
2019-01-21 12:15:00+05:30,95.85,96.4,95.5,96.2,167333
2019-01-21 13:15:00+05:30,96.2,96.4,95.6,95.8,86343
2019-01-21 14:15:00+05:30,95.8,96.25,95.5,96.1,277458
2019-01-21 15:15:00+05:30,96.1,96.35,95.8,96.0,179768
2019-01-22 09:15:00+05:30,96.15,96.15,94.7,95.35,431062
2019-01-22 10:15:00+05:30,95.3,95.9,94.05,94.4,500309
2019-01-22 11:15:00+05:30,94.3,94.6,93.4,93.55,591948
2019-01-22 12:15:00+05:30,93.55,94.25,93.45,94.25,163664
2019-01-22 13:15:00+05:30,94.25,94.85,94.0,94.75,289284
2019-01-22 14:15:00+05:30,94.75,95.8,94.65,95.75,614682
2019-01-22 15:15:00+05:30,95.75,95.8,95.1,95.2,127836
2019-01-23 09:15:00+05:30,96.25,96.25,95.0,95.25,491842
2019-01-23 10:15:00+05:30,95.25,95.55,95.0,95.2,730373
2019-01-23 11:15:00+05:30,95.2,95.75,95.1,95.75,298551
2019-01-23 12:15:00+05:30,95.75,95.8,95.2,95.6,190996
2019-01-23 13:15:00+05:30,95.6,96.55,95.4,96.05,376829
2019-01-23 14:15:00+05:30,96.05,96.15,95.5,95.7,485705
2019-01-23 15:15:00+05:30,95.7,95.8,95.05,95.4,309274
2019-01-24 09:15:00+05:30,95.4,95.65,93.55,94.25,479208
2019-01-24 10:15:00+05:30,94.25,94.35,92.5,92.5,498436
2019-01-24 11:15:00+05:30,92.4,93.2,92.2,92.65,283034
2019-01-24 12:15:00+05:30,92.7,92.8,91.8,92.2,409309
2019-01-24 13:15:00+05:30,92.2,92.6,91.85,92.1,265777
2019-01-24 14:15:00+05:30,92.1,92.95,92.05,92.85,498680
2019-01-24 15:15:00+05:30,92.85,93.0,92.55,92.7,301488
2019-01-25 09:15:00+05:30,93.0,93.75,92.85,93.15,556915
2019-01-25 10:15:00+05:30,93.0,93.35,92.3,93.0,426877
2019-01-25 11:15:00+05:30,93.0,93.4,92.55,92.85,395944
2019-01-25 12:15:00+05:30,92.9,92.9,92.3,92.5,304515
2019-01-25 13:15:00+05:30,92.45,92.65,91.65,91.9,458514
2019-01-25 14:15:00+05:30,91.9,91.95,90.15,90.4,765865
2019-01-25 15:15:00+05:30,90.4,90.6,90.2,90.3,317177
2019-01-28 09:15:00+05:30,91.0,91.4,88.75,88.85,537137
2019-01-28 10:15:00+05:30,88.85,88.9,87.8,87.85,264200
2019-01-28 11:15:00+05:30,87.85,89.4,87.4,89.1,421337
2019-01-28 12:15:00+05:30,89.1,89.25,88.6,88.75,239195
2019-01-28 13:15:00+05:30,88.75,89.05,88.3,88.6,230119
2019-01-28 14:15:00+05:30,88.6,89.4,88.5,88.9,500305
2019-01-28 15:15:00+05:30,88.9,89.0,88.7,88.9,246912
2019-01-29 09:15:00+05:30,88.85,89.55,88.55,89.4,335645
2019-01-29 10:15:00+05:30,89.4,90.1,89.35,89.85,194195
2019-01-29 11:15:00+05:30,89.85,90.7,89.8,90.65,159354
2019-01-29 12:15:00+05:30,90.65,90.8,90.25,90.45,153530
2019-01-29 13:15:00+05:30,90.4,90.4,89.85,89.9,186869
2019-01-29 14:15:00+05:30,89.9,90.35,89.8,90.2,245940
2019-01-29 15:15:00+05:30,90.2,90.65,90.15,90.45,137307
2019-01-30 09:15:00+05:30,89.45,91.75,89.45,91.05,459053
2019-01-30 10:15:00+05:30,91.05,91.25,90.25,90.35,265872
2019-01-30 11:15:00+05:30,90.25,90.8,89.95,89.95,179156
2019-01-30 12:15:00+05:30,89.95,90.35,89.7,90.0,390342
2019-01-30 13:15:00+05:30,90.0,90.75,89.8,90.5,194271
2019-01-30 14:15:00+05:30,90.5,90.7,89.7,90.45,341882
2019-01-30 15:15:00+05:30,90.45,91.05,90.3,90.8,175314
2019-01-31 09:15:00+05:30,90.8,91.7,90.75,91.4,595661
2019-01-31 10:15:00+05:30,91.35,91.7,90.95,91.55,439125
2019-01-31 11:15:00+05:30,91.55,91.6,91.2,91.4,119135
2019-01-31 12:15:00+05:30,91.55,91.55,90.9,91.3,162264
2019-01-31 13:15:00+05:30,91.3,92.45,91.25,92.4,400806
2019-01-31 14:15:00+05:30,92.4,94.5,92.35,93.65,1541076
2019-01-31 15:15:00+05:30,93.65,93.65,92.6,92.75,406150
2019-02-01 09:15:00+05:30,93.0,95.15,93.0,93.7,623172
2019-02-01 10:15:00+05:30,93.7,94.75,93.6,94.35,248899
2019-02-01 11:15:00+05:30,94.45,95.0,93.9,94.25,221452
2019-02-01 12:15:00+05:30,94.25,95.95,94.25,95.95,413651
2019-02-01 13:15:00+05:30,95.85,95.95,93.6,94.1,300396
2019-02-01 14:15:00+05:30,94.05,94.2,92.95,94.05,362203
2019-02-01 15:15:00+05:30,94.05,94.7,94.0,94.0,119484
2019-02-04 09:15:00+05:30,91.35,94.5,91.35,94.15,710071
2019-02-04 10:15:00+05:30,94.15,94.7,93.25,93.25,297112
2019-02-04 11:15:00+05:30,93.25,93.8,93.0,93.45,134117
2019-02-04 12:15:00+05:30,93.45,93.6,92.25,92.7,265565
2019-02-04 13:15:00+05:30,92.7,93.75,92.3,93.3,197560
2019-02-04 14:15:00+05:30,93.3,93.7,92.95,93.1,293047
2019-02-04 15:15:00+05:30,93.1,93.45,92.9,93.45,159109
2019-02-05 09:15:00+05:30,93.4,93.85,91.45,91.85,590016
2019-02-05 10:15:00+05:30,91.85,92.0,90.25,90.35,404761
2019-02-05 11:15:00+05:30,90.35,91.2,90.3,91.15,205661
2019-02-05 12:15:00+05:30,91.15,91.45,90.4,90.45,170037
2019-02-05 13:15:00+05:30,90.45,90.7,90.05,90.4,193600
2019-02-05 14:15:00+05:30,90.4,91.1,90.05,90.75,289670
2019-02-05 15:15:00+05:30,90.75,91.0,90.4,91.0,171303
2019-02-06 09:15:00+05:30,91.0,91.05,89.65,90.1,259980
2019-02-06 10:15:00+05:30,90.1,90.2,88.8,90.2,250819
2019-02-06 11:15:00+05:30,90.15,90.65,89.85,90.55,165944
2019-02-06 12:15:00+05:30,90.55,91.25,90.2,90.45,136411
2019-02-06 13:15:00+05:30,90.45,91.3,90.25,91.1,131618
2019-02-06 14:15:00+05:30,91.0,92.35,90.65,92.35,335671
2019-02-06 15:15:00+05:30,92.35,92.5,92.15,92.3,202073
2019-02-07 09:15:00+05:30,92.25,94.5,92.25,94.2,490313
2019-02-07 10:15:00+05:30,94.2,95.15,93.55,94.0,302305
2019-02-07 11:15:00+05:30,94.0,94.7,93.7,93.75,149214
2019-02-07 12:15:00+05:30,93.75,94.3,93.35,93.95,95233
2019-02-07 13:15:00+05:30,93.95,95.3,93.85,94.75,274729
2019-02-07 14:15:00+05:30,94.75,94.95,93.85,94.45,318316
2019-02-07 15:15:00+05:30,94.45,94.55,94.25,94.5,191983
2019-02-08 09:15:00+05:30,85.0,85.0,72.25,79.8,9035593
2019-02-08 10:15:00+05:30,79.8,81.2,79.15,80.45,3425491
2019-02-08 11:15:00+05:30,80.45,80.75,79.5,80.5,1423804
2019-02-08 12:15:00+05:30,80.5,81.55,79.75,80.75,944565
2019-02-08 13:15:00+05:30,80.75,82.3,80.65,81.8,1081957
2019-02-08 14:15:00+05:30,81.85,82.1,80.45,80.9,1287216
2019-02-08 15:15:00+05:30,80.95,81.1,80.5,80.7,592780
2019-02-11 09:15:00+05:30,79.6,80.8,78.8,79.65,1067948
2019-02-11 10:15:00+05:30,79.65,80.05,79.4,79.75,525033
2019-02-11 11:15:00+05:30,79.75,80.65,79.55,79.8,696771
2019-02-11 12:15:00+05:30,79.8,80.85,79.7,80.85,418757
2019-02-11 13:15:00+05:30,80.85,81.0,80.15,80.8,202138
2019-02-11 14:15:00+05:30,80.8,81.8,80.6,81.6,608023
2019-02-11 15:15:00+05:30,81.6,81.65,80.95,81.0,240538
2019-02-12 09:15:00+05:30,81.0,81.6,80.3,80.65,574479
2019-02-12 10:15:00+05:30,80.65,81.05,80.6,80.85,214321
2019-02-12 11:15:00+05:30,80.85,81.05,80.6,80.6,141623
2019-02-12 12:15:00+05:30,80.6,81.15,80.2,81.15,226905
2019-02-12 13:15:00+05:30,81.15,81.5,80.7,81.05,268439
2019-02-12 14:15:00+05:30,81.05,81.25,80.0,80.5,342510
2019-02-12 15:15:00+05:30,80.4,80.5,80.05,80.25,194977
2019-02-13 09:15:00+05:30,80.55,81.1,80.05,80.8,411183
2019-02-13 10:15:00+05:30,80.8,81.2,80.6,80.85,179724
2019-02-13 11:15:00+05:30,80.85,81.1,80.7,81.0,1106732
2019-02-13 12:15:00+05:30,81.0,81.6,80.85,81.1,252963
2019-02-13 13:15:00+05:30,81.1,81.4,80.8,81.4,183465
2019-02-13 14:15:00+05:30,81.4,81.45,80.15,80.7,609960
2019-02-13 15:15:00+05:30,80.7,80.75,80.35,80.4,180549
2019-02-14 09:15:00+05:30,80.25,81.6,80.25,80.9,370930
2019-02-14 10:15:00+05:30,80.9,80.95,80.25,80.45,272959
2019-02-14 11:15:00+05:30,80.45,81.1,80.25,80.9,139159
2019-02-14 12:15:00+05:30,80.9,81.5,80.55,80.7,182051
2019-02-14 13:15:00+05:30,80.7,81.95,80.4,81.65,659071
2019-02-14 14:15:00+05:30,81.65,84.5,81.65,84.25,1198429
2019-02-14 15:15:00+05:30,84.3,84.85,83.5,83.95,280487
2019-02-15 09:15:00+05:30,84.6,84.6,82.4,82.55,653298
2019-02-15 10:15:00+05:30,82.55,82.95,81.3,81.45,380027
2019-02-15 11:15:00+05:30,81.45,81.85,80.9,81.1,361260
2019-02-15 12:15:00+05:30,81.1,82.3,80.7,81.95,295191
2019-02-15 13:15:00+05:30,81.95,84.35,81.65,84.15,596059
2019-02-15 14:15:00+05:30,84.2,84.45,83.5,84.0,538514
2019-02-15 15:15:00+05:30,84.0,84.25,83.8,84.2,172060
2019-02-18 09:15:00+05:30,84.2,84.2,83.25,83.7,326997
2019-02-18 10:15:00+05:30,83.7,84.65,83.6,83.95,243497
2019-02-18 11:15:00+05:30,83.95,84.4,83.5,83.6,230786
2019-02-18 12:15:00+05:30,83.6,83.9,83.05,83.4,251779
2019-02-18 13:15:00+05:30,83.4,84.0,83.0,84.0,135468
2019-02-18 14:15:00+05:30,84.0,84.55,83.7,84.4,269205
2019-02-18 15:15:00+05:30,84.4,84.8,84.15,84.3,124515
2019-02-19 09:15:00+05:30,84.8,85.15,83.95,84.7,353455
2019-02-19 10:15:00+05:30,84.7,86.0,84.5,85.5,312621
2019-02-19 11:15:00+05:30,85.5,85.7,85.05,85.3,153174
2019-02-19 12:15:00+05:30,85.3,86.15,85.2,86.0,254491
2019-02-19 13:15:00+05:30,86.0,86.15,85.55,85.6,156731
2019-02-19 14:15:00+05:30,85.6,85.85,84.9,84.95,311725
2019-02-19 15:15:00+05:30,84.95,85.5,84.9,85.4,115589
2019-02-20 09:15:00+05:30,85.3,86.35,85.15,86.05,305404
2019-02-20 10:15:00+05:30,86.05,86.45,85.45,85.5,128635
2019-02-20 11:15:00+05:30,85.5,86.0,85.4,85.55,89025
2019-02-20 12:15:00+05:30,85.55,85.85,85.1,85.45,78174
2019-02-20 13:15:00+05:30,85.4,85.8,85.25,85.3,50413
2019-02-20 14:15:00+05:30,85.3,85.85,85.2,85.75,118914
2019-02-20 15:15:00+05:30,85.7,86.05,85.6,85.8,94575
2019-02-21 09:15:00+05:30,86.0,86.65,85.65,85.75,289663
2019-02-21 10:15:00+05:30,85.75,86.5,85.6,86.15,147162
2019-02-21 11:15:00+05:30,86.15,87.0,86.0,86.9,317387
2019-02-21 12:15:00+05:30,86.9,88.35,86.75,87.9,577777
2019-02-21 13:15:00+05:30,87.9,88.35,87.7,88.1,279656
2019-02-21 14:15:00+05:30,88.1,88.4,87.45,87.65,872676
2019-02-21 15:15:00+05:30,87.65,88.25,87.5,88.15,400949
2019-02-22 09:15:00+05:30,87.85,87.85,86.7,87.65,727894
2019-02-22 10:15:00+05:30,87.65,88.5,87.6,88.3,539138
2019-02-22 11:15:00+05:30,88.3,88.75,87.7,88.55,420730
2019-02-22 12:15:00+05:30,88.55,88.7,87.9,88.05,373065
2019-02-22 13:15:00+05:30,88.05,88.35,87.85,88.3,269587
2019-02-22 14:15:00+05:30,88.45,89.2,88.25,89.05,735065
2019-02-22 15:15:00+05:30,89.05,89.6,88.85,89.55,240178
2019-02-25 09:15:00+05:30,89.8,90.65,89.1,89.3,763793
2019-02-25 10:15:00+05:30,89.25,89.45,88.6,89.0,352653
2019-02-25 11:15:00+05:30,89.0,89.45,88.85,89.15,232571
2019-02-25 12:15:00+05:30,89.15,89.4,88.9,89.15,218424
2019-02-25 13:15:00+05:30,89.15,89.65,88.9,89.3,306511
2019-02-25 14:15:00+05:30,89.3,89.85,89.05,89.7,371718
2019-02-25 15:15:00+05:30,89.7,89.8,89.35,89.8,322788
2019-02-26 09:15:00+05:30,87.0,89.4,87.0,88.3,906841
2019-02-26 10:15:00+05:30,88.3,90.55,88.1,90.4,1052441
2019-02-26 11:15:00+05:30,90.4,90.95,90.0,90.75,831416
2019-02-26 12:15:00+05:30,90.75,90.85,90.3,90.45,443037
2019-02-26 13:15:00+05:30,90.45,90.85,90.2,90.7,499665
2019-02-26 14:15:00+05:30,90.7,91.55,90.5,90.95,954517
2019-02-26 15:15:00+05:30,90.95,91.0,90.65,90.85,372607
2019-02-27 09:15:00+05:30,91.2,91.75,91.0,91.15,837899
2019-02-27 10:15:00+05:30,91.15,91.25,90.2,90.4,475786
2019-02-27 11:15:00+05:30,90.4,90.45,87.85,88.1,658889
2019-02-27 12:15:00+05:30,88.1,88.6,87.55,87.95,352595
2019-02-27 13:15:00+05:30,87.95,88.6,87.5,88.3,498247
2019-02-27 14:15:00+05:30,88.3,88.5,87.75,88.3,444594
2019-02-27 15:15:00+05:30,88.3,88.45,87.95,88.1,240343
2019-02-28 09:15:00+05:30,88.7,89.5,87.9,88.75,572492
2019-02-28 10:15:00+05:30,88.75,89.05,88.3,88.45,746771
2019-02-28 11:15:00+05:30,88.45,88.55,87.25,87.5,404938
2019-02-28 12:15:00+05:30,87.5,87.65,86.95,87.1,376592
2019-02-28 13:15:00+05:30,87.1,87.4,86.85,87.3,374499
2019-02-28 14:15:00+05:30,87.3,88.0,87.1,87.75,2852511
2019-02-28 15:15:00+05:30,87.7,87.8,87.15,87.5,2428114
2019-03-01 09:15:00+05:30,89.4,89.4,88.05,88.35,2368146
2019-03-01 10:15:00+05:30,88.4,88.8,87.8,87.9,737275
2019-03-01 11:15:00+05:30,87.9,88.4,87.8,88.1,346561
2019-03-01 12:15:00+05:30,88.1,88.5,87.95,88.35,693349
2019-03-01 13:15:00+05:30,88.35,88.4,87.9,88.1,560360
2019-03-01 14:15:00+05:30,88.1,90.7,88.05,90.3,3452421
2019-03-01 15:15:00+05:30,90.25,90.3,89.55,90.0,420220
2019-03-05 09:15:00+05:30,92.45,92.45,91.0,92.2,1861847
2019-03-05 10:15:00+05:30,92.25,97.55,92.05,96.65,4676709
2019-03-05 11:15:00+05:30,96.65,96.85,95.75,96.45,1224458
2019-03-05 12:15:00+05:30,96.45,96.6,95.65,95.95,1339338
2019-03-05 13:15:00+05:30,95.95,96.3,95.8,95.9,1269234
2019-03-05 14:15:00+05:30,95.9,96.7,95.75,96.0,1823934
2019-03-05 15:15:00+05:30,96.0,96.0,95.25,95.5,766691
2019-03-06 09:15:00+05:30,95.9,96.65,95.15,95.7,1117206
2019-03-06 10:15:00+05:30,95.8,96.55,95.35,96.2,467354
2019-03-06 11:15:00+05:30,96.2,96.3,95.7,95.7,255855
2019-03-06 12:15:00+05:30,95.7,95.95,95.0,95.3,353484
2019-03-06 13:15:00+05:30,95.3,95.4,94.1,95.05,469344
2019-03-06 14:15:00+05:30,95.05,95.25,94.25,94.35,475379
2019-03-06 15:15:00+05:30,94.3,94.8,93.9,94.35,256882
2019-03-07 09:15:00+05:30,96.0,96.25,93.6,94.5,1359222
2019-03-07 10:15:00+05:30,94.5,95.25,94.45,95.15,609492
2019-03-07 11:15:00+05:30,95.15,97.5,95.15,96.55,1279498
2019-03-07 12:15:00+05:30,96.55,96.65,95.35,95.6,666083
2019-03-07 13:15:00+05:30,95.5,95.65,95.25,95.4,520507
2019-03-07 14:15:00+05:30,95.35,95.55,94.5,94.8,850688
2019-03-07 15:15:00+05:30,94.75,95.2,94.55,95.0,305366
2019-03-08 09:15:00+05:30,93.5,93.95,91.55,91.95,1431474
2019-03-08 10:15:00+05:30,91.95,92.5,90.7,91.4,980750
2019-03-08 11:15:00+05:30,91.4,92.6,90.8,92.45,628872
2019-03-08 12:15:00+05:30,92.45,92.55,91.7,92.05,286265
2019-03-08 13:15:00+05:30,92.05,92.35,91.7,92.15,220663
2019-03-08 14:15:00+05:30,92.15,92.35,91.45,91.75,539519
2019-03-08 15:15:00+05:30,91.75,91.85,91.1,91.25,320206
2019-03-11 09:15:00+05:30,92.0,93.2,91.75,92.8,432151
2019-03-11 10:15:00+05:30,92.8,92.85,92.45,92.7,675515
2019-03-11 11:15:00+05:30,92.7,93.2,92.35,92.6,148001
2019-03-11 12:15:00+05:30,92.6,92.75,92.4,92.65,149943
2019-03-11 13:15:00+05:30,92.65,92.7,92.3,92.3,143692
2019-03-11 14:15:00+05:30,92.35,92.9,92.15,92.6,362431
2019-03-11 15:15:00+05:30,92.6,93.0,92.45,92.7,199683
2019-03-12 09:15:00+05:30,93.9,94.05,93.25,93.7,641943
2019-03-12 10:15:00+05:30,93.7,94.3,93.3,93.85,423675
2019-03-12 11:15:00+05:30,93.85,93.95,93.15,93.25,200512
2019-03-12 12:15:00+05:30,93.25,93.75,93.25,93.65,168301
2019-03-12 13:15:00+05:30,93.7,93.85,93.4,93.75,121304
2019-03-12 14:15:00+05:30,93.75,93.95,92.45,92.75,666323
2019-03-12 15:15:00+05:30,92.75,93.4,92.6,93.05,216905
2019-03-13 09:15:00+05:30,92.9,93.3,91.1,91.2,494084
2019-03-13 10:15:00+05:30,91.15,91.5,90.8,91.4,257342
2019-03-13 11:15:00+05:30,91.35,91.5,91.0,91.1,138739
2019-03-13 12:15:00+05:30,91.05,91.5,91.05,91.45,109273
2019-03-13 13:15:00+05:30,91.4,91.75,91.1,91.2,326276
2019-03-13 14:15:00+05:30,91.2,91.3,90.95,91.1,288582
2019-03-13 15:15:00+05:30,91.15,91.4,91.0,91.1,206646
2019-03-14 09:15:00+05:30,91.2,91.2,89.5,90.4,817739
2019-03-14 10:15:00+05:30,90.4,91.45,90.3,90.75,442032
2019-03-14 11:15:00+05:30,90.75,90.95,90.05,90.1,213864
2019-03-14 12:15:00+05:30,90.1,90.75,90.1,90.55,111837
2019-03-14 13:15:00+05:30,90.55,90.9,90.35,90.8,133889
2019-03-14 14:15:00+05:30,90.8,91.1,90.2,90.3,254463
2019-03-14 15:15:00+05:30,90.3,90.4,89.8,90.05,186311
2019-03-15 09:15:00+05:30,90.5,90.95,89.4,89.45,407881
2019-03-15 10:15:00+05:30,89.4,89.65,88.25,88.7,555876
2019-03-15 11:15:00+05:30,88.7,89.4,88.7,89.25,356916
2019-03-15 12:15:00+05:30,89.2,89.25,88.9,88.9,168814
2019-03-15 13:15:00+05:30,88.9,89.1,88.7,89.05,122062
2019-03-15 14:15:00+05:30,89.05,90.25,88.8,90.25,1516372
2019-03-15 15:15:00+05:30,90.2,90.35,89.5,89.5,1215261
2019-03-18 09:15:00+05:30,89.5,91.8,89.5,91.15,964857
2019-03-18 10:15:00+05:30,91.15,91.6,90.5,90.6,376139
2019-03-18 11:15:00+05:30,90.6,90.95,90.3,90.4,135672
2019-03-18 12:15:00+05:30,90.45,91.25,90.4,91.1,208085
2019-03-18 13:15:00+05:30,91.1,91.35,90.8,90.95,246921
2019-03-18 14:15:00+05:30,91.05,91.05,90.35,90.7,526765
2019-03-18 15:15:00+05:30,90.7,90.75,90.3,90.55,215277
2019-03-19 09:15:00+05:30,90.95,90.95,89.55,89.8,373702
2019-03-19 10:15:00+05:30,89.8,90.65,89.65,90.15,282949
2019-03-19 11:15:00+05:30,90.15,90.75,90.05,90.35,241490
2019-03-19 12:15:00+05:30,90.35,90.5,90.0,90.4,224478
2019-03-19 13:15:00+05:30,90.5,91.05,90.3,90.3,784276
2019-03-19 14:15:00+05:30,90.3,91.2,89.85,90.2,497181
2019-03-19 15:15:00+05:30,90.2,90.4,90.05,90.2,218228
2019-03-20 09:15:00+05:30,90.25,90.75,89.85,90.0,366028
2019-03-20 10:15:00+05:30,90.0,90.3,89.7,89.9,182329
2019-03-20 11:15:00+05:30,89.9,89.95,89.05,89.2,278521
2019-03-20 12:15:00+05:30,89.2,89.25,88.3,88.85,329563
2019-03-20 13:15:00+05:30,88.85,89.3,88.7,89.2,253152
2019-03-20 14:15:00+05:30,89.2,89.3,89.0,89.25,377647
2019-03-20 15:15:00+05:30,89.2,89.4,89.05,89.4,336654
2019-03-22 09:15:00+05:30,89.95,90.2,88.9,89.1,458617
2019-03-22 10:15:00+05:30,89.1,89.1,88.2,88.7,389866
2019-03-22 11:15:00+05:30,88.7,88.8,88.3,88.45,130319
2019-03-22 12:15:00+05:30,88.45,88.65,88.3,88.45,102489
2019-03-22 13:15:00+05:30,88.45,88.55,87.55,87.65,307947
2019-03-22 14:15:00+05:30,87.65,87.7,86.5,86.7,538476
2019-03-22 15:15:00+05:30,86.7,87.15,86.5,86.8,361924
2019-03-25 09:15:00+05:30,86.05,86.2,85.4,85.65,398239
2019-03-25 10:15:00+05:30,85.7,86.0,85.5,85.55,96669
2019-03-25 11:15:00+05:30,85.65,85.75,85.4,85.6,100984
2019-03-25 12:15:00+05:30,85.6,86.15,85.5,85.6,132781
2019-03-25 13:15:00+05:30,85.6,85.8,85.05,85.7,310058
2019-03-25 14:15:00+05:30,85.7,85.75,85.05,85.2,194596
2019-03-25 15:15:00+05:30,85.2,85.3,85.0,85.2,146364
2019-03-26 09:15:00+05:30,85.9,86.0,85.2,85.35,360114
2019-03-26 10:15:00+05:30,85.35,85.45,85.05,85.3,154858
2019-03-26 11:15:00+05:30,85.3,85.7,85.2,85.4,155001
2019-03-26 12:15:00+05:30,85.4,85.6,85.3,85.4,131141
2019-03-26 13:15:00+05:30,85.4,85.8,85.3,85.5,125056
2019-03-26 14:15:00+05:30,85.5,86.25,85.5,86.05,333050
2019-03-26 15:15:00+05:30,86.15,86.45,85.95,86.4,135548
2019-03-27 09:15:00+05:30,86.6,86.7,85.9,86.0,375119
2019-03-27 10:15:00+05:30,86.0,86.15,85.35,85.4,265332
2019-03-27 11:15:00+05:30,85.4,85.45,84.65,85.2,366261
2019-03-27 12:15:00+05:30,85.2,85.55,84.9,85.1,304204
2019-03-27 13:15:00+05:30,85.1,85.3,84.6,85.1,368709
2019-03-27 14:15:00+05:30,85.1,85.5,85.0,85.2,330712
2019-03-27 15:15:00+05:30,85.2,85.4,85.05,85.1,226268
2019-03-28 09:15:00+05:30,85.0,85.5,84.1,85.25,585742
2019-03-28 10:15:00+05:30,85.25,85.4,84.9,85.0,272684
2019-03-28 11:15:00+05:30,85.0,85.4,84.7,85.2,234761
2019-03-28 12:15:00+05:30,85.2,85.25,84.2,84.25,351370
2019-03-28 13:15:00+05:30,84.25,84.3,83.95,84.25,404764
2019-03-28 14:15:00+05:30,84.25,84.9,84.05,84.55,1260665
2019-03-28 15:15:00+05:30,84.55,85.25,84.4,85.1,859942
2019-03-29 09:15:00+05:30,85.0,86.9,84.95,86.25,915090
2019-03-29 10:15:00+05:30,86.25,86.75,86.0,86.4,236144
2019-03-29 11:15:00+05:30,86.4,86.9,86.25,86.75,201525
2019-03-29 12:15:00+05:30,86.7,87.2,86.55,86.8,438825
2019-03-29 13:15:00+05:30,86.8,87.15,86.05,86.3,250403
2019-03-29 14:15:00+05:30,86.3,86.7,85.4,85.5,445226
2019-03-29 15:15:00+05:30,85.4,85.8,85.4,85.5,209868
2019-04-01 09:15:00+05:30,86.65,90.55,86.4,90.05,1878122
2019-04-01 10:15:00+05:30,90.05,91.1,90.0,90.9,872360
2019-04-01 11:15:00+05:30,90.9,91.95,90.9,91.6,986255
2019-04-01 12:15:00+05:30,91.6,92.85,91.35,92.15,911462
2019-04-01 13:15:00+05:30,92.2,92.3,91.5,92.15,637933
2019-04-01 14:15:00+05:30,92.15,93.35,91.4,92.2,1648074
2019-04-01 15:15:00+05:30,92.2,92.6,92.0,92.25,761005
2019-04-02 09:15:00+05:30,92.25,95.1,91.45,94.5,2384471
2019-04-02 10:15:00+05:30,94.5,95.15,94.2,94.4,722290
2019-04-02 11:15:00+05:30,94.4,96.55,94.35,96.35,1396932
2019-04-02 12:15:00+05:30,96.35,99.0,96.25,97.25,3550223
2019-04-02 13:15:00+05:30,97.25,97.85,96.4,96.5,2557099
2019-04-02 14:15:00+05:30,96.5,98.7,96.45,98.3,2534808
2019-04-02 15:15:00+05:30,98.25,98.4,97.35,98.05,1190884
2019-04-03 09:15:00+05:30,99.0,100.1,97.05,99.0,4201036
2019-04-03 10:15:00+05:30,99.0,99.15,98.2,98.5,916477
2019-04-03 11:15:00+05:30,98.5,98.65,97.7,98.1,588546
2019-04-03 12:15:00+05:30,98.1,98.3,97.75,98.2,404154
2019-04-03 13:15:00+05:30,98.2,98.2,97.5,97.85,509141
2019-04-03 14:15:00+05:30,97.85,98.65,97.0,97.1,1327318
2019-04-03 15:15:00+05:30,97.15,97.4,96.2,96.8,632086
2019-04-04 09:15:00+05:30,96.5,98.25,96.5,97.5,836288
2019-04-04 10:15:00+05:30,97.5,97.8,97.15,97.3,271779
2019-04-04 11:15:00+05:30,97.3,97.5,96.6,97.3,430513
2019-04-04 12:15:00+05:30,97.25,97.7,96.95,97.25,784078
2019-04-04 13:15:00+05:30,97.25,97.9,97.05,97.5,3586975
2019-04-04 14:15:00+05:30,97.4,97.75,96.75,97.7,2143431
2019-04-04 15:15:00+05:30,97.65,98.05,97.5,98.05,919986
2019-04-05 09:15:00+05:30,98.2,99.95,98.2,98.55,1980052
2019-04-05 10:15:00+05:30,98.55,98.65,97.55,97.75,949028
2019-04-05 11:15:00+05:30,97.75,98.0,97.6,97.8,212243
2019-04-05 12:15:00+05:30,97.8,98.25,97.25,98.0,336869
2019-04-05 13:15:00+05:30,98.0,98.25,97.55,97.6,252006
2019-04-05 14:15:00+05:30,97.6,98.7,97.4,98.6,615100
2019-04-05 15:15:00+05:30,98.6,98.85,98.25,98.45,414001
2019-04-08 09:15:00+05:30,98.95,98.95,97.45,97.65,600799
2019-04-08 10:15:00+05:30,97.65,97.95,97.3,97.35,188333
2019-04-08 11:15:00+05:30,97.35,97.9,97.2,97.25,261208
2019-04-08 12:15:00+05:30,97.25,97.9,96.55,96.55,215178
2019-04-08 13:15:00+05:30,96.6,96.7,95.95,96.3,337188
2019-04-08 14:15:00+05:30,96.4,96.7,95.55,96.45,525467
2019-04-08 15:15:00+05:30,96.45,96.95,96.4,96.95,269406
2019-04-09 09:15:00+05:30,96.0,97.55,94.8,97.25,763177
2019-04-09 10:15:00+05:30,97.25,97.65,96.4,96.45,319289
2019-04-09 11:15:00+05:30,96.45,96.8,96.15,96.55,154266
2019-04-09 12:15:00+05:30,96.55,99.0,96.5,98.25,825270
2019-04-09 13:15:00+05:30,98.25,98.65,97.9,98.3,371902
2019-04-09 14:15:00+05:30,98.3,99.15,97.65,98.95,672163
2019-04-09 15:15:00+05:30,98.95,100.0,98.8,99.9,515492
2019-04-10 09:15:00+05:30,99.3,102.05,99.15,101.25,3904105
2019-04-10 10:15:00+05:30,101.3,102.15,101.05,101.3,1054676
2019-04-10 11:15:00+05:30,101.3,103.15,101.25,103.05,1601689
2019-04-10 12:15:00+05:30,103.0,103.5,102.3,102.9,1095509
2019-04-10 13:15:00+05:30,102.9,103.4,102.0,102.8,1416956
2019-04-10 14:15:00+05:30,102.8,103.0,101.8,102.35,1743773
2019-04-10 15:15:00+05:30,102.25,102.6,101.8,101.95,802882
2019-04-11 09:15:00+05:30,103.15,103.55,101.95,102.4,1867154
2019-04-11 10:15:00+05:30,102.4,102.7,101.95,102.2,380860
2019-04-11 11:15:00+05:30,102.2,103.35,102.05,103.1,445275
2019-04-11 12:15:00+05:30,103.1,103.4,102.65,103.2,266490
2019-04-11 13:15:00+05:30,103.1,103.6,102.6,103.25,456018
2019-04-11 14:15:00+05:30,103.25,104.15,103.05,103.95,838636
2019-04-11 15:15:00+05:30,103.95,103.95,103.45,103.75,534189
2019-04-12 09:15:00+05:30,103.45,103.75,101.7,101.95,858421
2019-04-12 10:15:00+05:30,101.95,103.2,101.95,103.1,728048
2019-04-12 11:15:00+05:30,103.1,103.15,102.3,102.45,251614
2019-04-12 12:15:00+05:30,102.4,102.8,102.2,102.75,144504
2019-04-12 13:15:00+05:30,102.65,103.7,102.5,103.4,436090
2019-04-12 14:15:00+05:30,103.35,104.3,103.0,103.65,737967
2019-04-12 15:15:00+05:30,103.65,104.0,103.4,103.6,339164
2019-04-15 09:15:00+05:30,104.4,108.5,104.15,106.9,2562527
2019-04-15 10:15:00+05:30,106.85,108.2,106.85,107.9,750496
2019-04-15 11:15:00+05:30,107.9,109.5,107.4,109.2,973588
2019-04-15 12:15:00+05:30,109.2,110.75,108.95,110.25,1622090
2019-04-15 13:15:00+05:30,110.25,110.65,109.7,110.25,988245
2019-04-15 14:15:00+05:30,110.25,111.8,109.75,111.75,1770211
2019-04-15 15:15:00+05:30,111.8,111.85,111.0,111.6,738447
2019-04-16 09:15:00+05:30,112.4,112.75,109.5,110.0,2014380
2019-04-16 10:15:00+05:30,109.95,110.45,109.55,110.0,457510
2019-04-16 11:15:00+05:30,110.0,110.25,109.65,110.1,375293
2019-04-16 12:15:00+05:30,110.1,110.15,109.25,109.7,427025
2019-04-16 13:15:00+05:30,109.7,110.15,109.35,109.95,355139
2019-04-16 14:15:00+05:30,109.95,112.65,109.75,111.35,1612459
2019-04-16 15:15:00+05:30,111.45,111.45,110.9,111.15,373790
2019-04-18 09:15:00+05:30,112.3,115.3,111.5,113.6,3450637
2019-04-18 10:15:00+05:30,113.6,116.25,113.05,115.7,1636843
2019-04-18 11:15:00+05:30,115.7,116.0,114.65,115.0,1526241
2019-04-18 12:15:00+05:30,115.0,115.15,114.55,114.6,444458
2019-04-18 13:15:00+05:30,114.6,115.45,114.25,114.95,570411
2019-04-18 14:15:00+05:30,114.95,115.1,113.7,113.9,1179025
2019-04-18 15:15:00+05:30,113.95,113.95,112.85,113.35,746919
2019-04-22 09:15:00+05:30,113.35,114.4,111.75,112.4,1082610
2019-04-22 10:15:00+05:30,112.4,114.8,112.25,114.25,537497
2019-04-22 11:15:00+05:30,114.3,115.1,113.7,114.5,689386
2019-04-22 12:15:00+05:30,114.6,114.75,113.75,114.25,426223
2019-04-22 13:15:00+05:30,114.25,115.1,113.8,113.95,413118
2019-04-22 14:15:00+05:30,113.95,114.4,112.8,113.6,532978
2019-04-22 15:15:00+05:30,113.6,113.8,113.3,113.6,226030
2019-04-23 09:15:00+05:30,113.6,113.9,111.8,112.0,1170115
2019-04-23 10:15:00+05:30,112.0,112.95,111.85,112.6,874139
2019-04-23 11:15:00+05:30,112.6,113.6,112.35,113.1,222588
2019-04-23 12:15:00+05:30,113.1,113.25,112.85,113.1,162015
2019-04-23 13:15:00+05:30,113.2,113.45,112.85,113.15,211146
2019-04-23 14:15:00+05:30,113.15,113.65,111.2,111.8,595055
2019-04-23 15:15:00+05:30,111.85,112.2,111.3,111.9,173284
2019-04-24 09:15:00+05:30,111.75,112.75,105.7,105.8,2969747
2019-04-24 10:15:00+05:30,105.8,106.25,104.6,105.35,1552638
2019-04-24 11:15:00+05:30,105.35,105.8,104.95,105.65,513713
2019-04-24 12:15:00+05:30,105.6,105.7,104.8,105.55,466799
2019-04-24 13:15:00+05:30,105.5,107.4,105.35,107.25,777203
2019-04-24 14:15:00+05:30,107.35,108.65,107.25,108.15,947676
2019-04-24 15:15:00+05:30,108.15,108.75,107.95,108.6,355332
2019-04-25 09:15:00+05:30,108.95,109.15,106.95,108.65,782362
2019-04-25 10:15:00+05:30,108.65,109.75,108.5,109.05,381582
2019-04-25 11:15:00+05:30,109.05,109.2,107.8,107.85,298086
2019-04-25 12:15:00+05:30,107.85,108.2,107.4,107.95,180307
2019-04-25 13:15:00+05:30,107.95,108.05,107.15,107.7,213227
2019-04-25 14:15:00+05:30,107.7,107.9,107.15,107.2,332447
2019-04-25 15:15:00+05:30,107.15,107.6,107.0,107.05,185842
2019-04-26 09:15:00+05:30,107.25,107.4,104.2,105.1,885092
2019-04-26 10:15:00+05:30,105.1,105.95,105.0,105.25,289115
2019-04-26 11:15:00+05:30,105.25,106.75,105.15,106.25,317407
2019-04-26 12:15:00+05:30,106.25,106.25,104.9,105.25,392240
2019-04-26 13:15:00+05:30,105.25,105.35,104.05,105.2,390618
2019-04-26 14:15:00+05:30,105.2,105.35,103.9,104.1,732162
2019-04-26 15:15:00+05:30,103.95,104.2,103.25,103.45,427333
2019-04-30 09:15:00+05:30,103.5,104.7,101.1,101.15,733425
2019-04-30 10:15:00+05:30,101.15,102.55,100.9,102.25,311945
2019-04-30 11:15:00+05:30,102.2,103.65,102.0,103.55,254834
2019-04-30 12:15:00+05:30,103.45,103.95,102.05,102.15,209159
2019-04-30 13:15:00+05:30,102.25,102.6,101.65,102.45,187692
2019-04-30 14:15:00+05:30,102.45,102.7,101.85,102.25,315768
2019-04-30 15:15:00+05:30,102.25,102.4,102.0,102.1,135822
2019-05-02 09:15:00+05:30,100.6,101.6,99.15,100.85,834027
2019-05-02 10:15:00+05:30,100.7,101.6,100.55,101.0,258914
2019-05-02 11:15:00+05:30,101.0,101.55,99.8,99.85,383647
2019-05-02 12:15:00+05:30,99.85,100.25,99.55,99.7,362813
2019-05-02 13:15:00+05:30,99.7,100.15,99.2,100.0,288129
2019-05-02 14:15:00+05:30,100.0,100.1,99.0,99.05,371608
2019-05-02 15:15:00+05:30,99.05,99.5,98.75,99.05,313170
2019-05-03 09:15:00+05:30,97.7,102.85,97.5,102.25,1797216
2019-05-03 10:15:00+05:30,102.25,102.25,101.25,101.75,425552
2019-05-03 11:15:00+05:30,101.75,102.8,101.55,102.4,733637
2019-05-03 12:15:00+05:30,102.4,102.4,101.35,101.95,298543
2019-05-03 13:15:00+05:30,101.9,102.25,101.1,101.3,377346
2019-05-03 14:15:00+05:30,101.35,101.45,99.9,100.45,590859
2019-05-03 15:15:00+05:30,100.5,100.85,100.25,100.3,248445
2019-05-06 09:15:00+05:30,98.95,98.95,96.25,97.05,1423404
2019-05-06 10:15:00+05:30,97.05,97.25,96.35,96.55,414648
2019-05-06 11:15:00+05:30,96.5,96.85,95.7,95.95,441735
2019-05-06 12:15:00+05:30,95.9,96.25,95.0,95.7,421304
2019-05-06 13:15:00+05:30,95.7,96.4,95.7,96.15,157306
2019-05-06 14:15:00+05:30,96.15,96.25,95.5,95.7,386374
2019-05-06 15:15:00+05:30,95.7,95.85,95.35,95.7,340061
2019-05-07 09:15:00+05:30,96.8,97.25,96.0,96.15,483383
2019-05-07 10:15:00+05:30,96.15,96.3,95.0,95.35,320692
2019-05-07 11:15:00+05:30,95.4,96.25,95.1,95.95,228468
2019-05-07 12:15:00+05:30,95.95,96.35,93.85,93.85,430733
2019-05-07 13:15:00+05:30,93.9,94.1,92.75,93.35,910488
2019-05-07 14:15:00+05:30,93.35,93.5,90.9,91.1,851998
2019-05-07 15:15:00+05:30,91.1,91.3,90.8,91.0,279132
2019-05-08 09:15:00+05:30,91.25,91.35,89.7,89.95,928659
2019-05-08 10:15:00+05:30,89.9,90.4,89.4,89.9,425812
2019-05-08 11:15:00+05:30,89.9,90.1,88.65,89.3,757126
2019-05-08 12:15:00+05:30,89.25,89.8,88.8,89.0,294156
2019-05-08 13:15:00+05:30,88.95,89.6,88.8,88.95,227911
2019-05-08 14:15:00+05:30,88.95,89.05,88.3,88.8,383660
2019-05-08 15:15:00+05:30,88.8,89.05,88.3,88.6,192763
2019-05-09 09:15:00+05:30,88.45,88.6,87.3,87.8,718245
2019-05-09 10:15:00+05:30,87.8,88.0,87.2,87.8,437943
2019-05-09 11:15:00+05:30,87.8,90.3,87.8,89.3,967211
2019-05-09 12:15:00+05:30,89.35,89.7,88.4,88.55,393912
2019-05-09 13:15:00+05:30,88.55,89.0,88.2,88.5,237191
2019-05-09 14:15:00+05:30,88.45,89.55,88.4,88.5,512034
2019-05-09 15:15:00+05:30,88.5,88.8,88.5,88.65,287799
2019-05-10 09:15:00+05:30,88.65,89.5,87.95,89.15,597593
2019-05-10 10:15:00+05:30,89.2,89.85,88.75,89.2,453103
2019-05-10 11:15:00+05:30,89.25,89.7,88.9,89.5,230741
2019-05-10 12:15:00+05:30,89.5,90.4,89.0,89.45,451000
2019-05-10 13:15:00+05:30,89.45,89.45,88.3,89.05,268479
2019-05-10 14:15:00+05:30,89.0,90.3,88.9,89.4,1863663
2019-05-10 15:15:00+05:30,89.4,89.4,88.8,89.0,179900
2019-05-13 09:15:00+05:30,89.0,89.35,88.05,88.5,532166
2019-05-13 10:15:00+05:30,88.5,88.55,87.3,87.55,387077
2019-05-13 11:15:00+05:30,87.55,87.65,86.65,86.8,281347
2019-05-13 12:15:00+05:30,86.8,87.2,86.0,86.3,321699
2019-05-13 13:15:00+05:30,86.3,86.5,85.65,86.0,247988
2019-05-13 14:15:00+05:30,86.0,86.05,84.75,85.1,608670
2019-05-13 15:15:00+05:30,85.15,85.65,84.8,85.25,338796
2019-05-14 09:15:00+05:30,83.9,85.5,83.3,84.75,867915
2019-05-14 10:15:00+05:30,84.75,86.15,84.6,85.75,406211
2019-05-14 11:15:00+05:30,85.75,85.85,84.65,85.0,266696
2019-05-14 12:15:00+05:30,85.0,85.85,84.55,85.65,280759
2019-05-14 13:15:00+05:30,85.65,86.3,85.2,85.9,294651
2019-05-14 14:15:00+05:30,85.9,87.15,85.65,86.65,1390360
2019-05-14 15:15:00+05:30,86.6,86.9,86.3,86.65,201524
2019-05-15 09:15:00+05:30,86.65,87.1,85.05,85.85,362148
2019-05-15 10:15:00+05:30,85.8,85.9,84.65,84.9,288873
2019-05-15 11:15:00+05:30,84.9,84.9,83.05,83.55,560889
2019-05-15 12:15:00+05:30,83.55,83.65,82.7,82.8,531909
2019-05-15 13:15:00+05:30,82.8,82.8,81.3,82.05,1056115
2019-05-15 14:15:00+05:30,82.05,82.2,80.4,80.95,1100895
2019-05-15 15:15:00+05:30,80.9,81.6,80.85,81.2,318387
2019-05-16 09:15:00+05:30,83.0,84.25,82.0,82.3,1314815
2019-05-16 10:15:00+05:30,82.3,82.8,81.7,82.4,524789
2019-05-16 11:15:00+05:30,82.4,82.9,82.3,82.8,180783
2019-05-16 12:15:00+05:30,82.8,83.15,81.9,82.15,383166
2019-05-16 13:15:00+05:30,82.15,83.5,81.9,82.75,351168
2019-05-16 14:15:00+05:30,82.75,83.0,82.35,82.85,550896
2019-05-16 15:15:00+05:30,82.85,83.1,82.7,82.85,392206
2019-05-17 09:15:00+05:30,82.85,82.95,80.75,81.35,470780
2019-05-17 10:15:00+05:30,81.25,81.8,81.15,81.2,183584
2019-05-17 11:15:00+05:30,81.2,82.75,81.2,82.35,384756
2019-05-17 12:15:00+05:30,82.35,82.45,81.5,81.75,113419
2019-05-17 13:15:00+05:30,81.75,82.3,81.6,82.05,152869
2019-05-17 14:15:00+05:30,82.05,83.5,81.75,83.2,470464
2019-05-17 15:15:00+05:30,83.2,83.35,83.05,83.2,130990
2019-05-20 09:15:00+05:30,85.5,87.4,84.0,85.6,1017580
2019-05-20 10:15:00+05:30,85.6,87.5,85.25,86.3,1108441
2019-05-20 11:15:00+05:30,86.3,87.65,85.9,87.5,540489
2019-05-20 12:15:00+05:30,87.5,88.25,87.2,87.35,358625
2019-05-20 13:15:00+05:30,87.35,88.7,86.9,87.9,534943
2019-05-20 14:15:00+05:30,87.9,89.7,87.5,89.1,1208554
2019-05-20 15:15:00+05:30,89.1,89.25,88.15,88.3,499154
2019-05-21 09:15:00+05:30,88.75,88.75,84.65,85.8,3070880
2019-05-21 10:15:00+05:30,85.8,86.0,84.4,84.8,820942
2019-05-21 11:15:00+05:30,84.8,84.8,83.85,84.3,719653
2019-05-21 12:15:00+05:30,84.3,84.4,83.2,83.75,837481
2019-05-21 13:15:00+05:30,83.75,84.35,82.3,82.45,1386440
2019-05-21 14:15:00+05:30,82.45,83.3,82.3,83.2,990308
2019-05-21 15:15:00+05:30,83.2,83.65,82.9,83.45,445107
2019-05-22 09:15:00+05:30,83.5,84.45,82.95,84.05,724938
2019-05-22 10:15:00+05:30,84.05,84.3,83.7,83.75,253654
2019-05-22 11:15:00+05:30,83.75,84.6,83.7,84.4,326923
2019-05-22 12:15:00+05:30,84.4,84.5,84.0,84.4,228535
2019-05-22 13:15:00+05:30,84.4,85.95,84.1,85.4,839825
2019-05-22 14:15:00+05:30,85.4,85.45,84.7,85.2,407906
2019-05-22 15:15:00+05:30,85.2,85.75,85.2,85.55,216737
2019-05-23 09:15:00+05:30,87.0,87.1,84.9,85.75,933849
2019-05-23 10:15:00+05:30,85.75,86.65,84.85,85.05,599237
2019-05-23 11:15:00+05:30,85.0,85.2,84.15,84.55,368719
2019-05-23 12:15:00+05:30,84.55,85.25,84.05,85.2,263181
2019-05-23 13:15:00+05:30,85.2,86.3,84.5,86.0,1534954
2019-05-23 14:15:00+05:30,86.0,87.05,84.3,84.5,942529
2019-05-23 15:15:00+05:30,84.5,85.1,84.2,84.9,237869
2019-05-24 09:15:00+05:30,85.25,85.9,84.6,85.1,482241
2019-05-24 10:15:00+05:30,85.1,85.85,84.7,85.5,320250
2019-05-24 11:15:00+05:30,85.5,86.45,85.45,86.35,403070
2019-05-24 12:15:00+05:30,86.35,86.45,85.7,85.95,405639
2019-05-24 13:15:00+05:30,85.8,87.15,85.6,86.65,650764
2019-05-24 14:15:00+05:30,86.65,87.25,86.3,86.9,821334
2019-05-24 15:15:00+05:30,86.9,87.1,86.6,87.1,301603
2019-05-27 09:15:00+05:30,87.1,87.75,86.3,86.85,581716
2019-05-27 10:15:00+05:30,86.85,87.95,86.6,87.65,350972
2019-05-27 11:15:00+05:30,87.65,87.75,87.0,87.2,277881
2019-05-27 12:15:00+05:30,87.15,87.65,86.85,87.35,169366
2019-05-27 13:15:00+05:30,87.35,87.4,86.85,87.1,133850
2019-05-27 14:15:00+05:30,87.1,87.35,86.9,87.2,272429
2019-05-27 15:15:00+05:30,87.25,87.35,87.1,87.2,141132
2019-05-28 09:15:00+05:30,87.75,88.9,87.2,88.6,596607
2019-05-28 10:15:00+05:30,88.6,89.3,88.3,88.4,529809
2019-05-28 11:15:00+05:30,88.4,88.9,87.8,87.95,195045
2019-05-28 12:15:00+05:30,87.95,88.25,87.6,87.9,158408
2019-05-28 13:15:00+05:30,87.9,87.95,87.15,87.5,238236
2019-05-28 14:15:00+05:30,87.5,88.25,87.1,87.7,803043
2019-05-28 15:15:00+05:30,87.8,88.0,87.5,87.75,317013
2019-05-29 09:15:00+05:30,87.5,87.5,85.35,85.6,689890
2019-05-29 10:15:00+05:30,85.6,85.8,85.0,85.7,452262
2019-05-29 11:15:00+05:30,85.7,85.8,84.8,85.05,318956
2019-05-29 12:15:00+05:30,85.05,85.2,84.7,84.85,275365
2019-05-29 13:15:00+05:30,84.85,85.55,84.7,85.3,244120
2019-05-29 14:15:00+05:30,85.25,85.45,85.0,85.35,403974
2019-05-29 15:15:00+05:30,85.35,85.6,85.05,85.3,247906
2019-05-30 09:15:00+05:30,85.45,86.05,85.0,85.65,412764
2019-05-30 10:15:00+05:30,85.65,86.0,85.1,85.75,440196
2019-05-30 11:15:00+05:30,85.7,86.15,85.5,86.05,573419
2019-05-30 12:15:00+05:30,86.05,86.1,85.45,85.65,206287
2019-05-30 13:15:00+05:30,85.65,85.7,84.1,84.3,658915
2019-05-30 14:15:00+05:30,84.3,84.9,84.05,84.85,408809
2019-05-30 15:15:00+05:30,84.8,85.0,84.7,84.75,139998
2019-05-31 09:15:00+05:30,85.15,86.1,84.9,85.65,572654
2019-05-31 10:15:00+05:30,85.65,85.7,84.4,84.55,349162
2019-05-31 11:15:00+05:30,84.55,84.6,83.35,84.1,574042
2019-05-31 12:15:00+05:30,84.1,84.95,84.05,84.15,214087
2019-05-31 13:15:00+05:30,84.15,84.25,82.85,83.55,366871
2019-05-31 14:15:00+05:30,83.55,83.9,83.25,83.75,225748
2019-05-31 15:15:00+05:30,83.75,84.35,83.6,84.3,177364
2019-06-03 09:15:00+05:30,83.45,83.45,82.05,83.3,725752
2019-06-03 10:15:00+05:30,83.3,84.1,82.9,84.1,324064
2019-06-03 11:15:00+05:30,84.1,84.9,83.7,84.2,285171
2019-06-03 12:15:00+05:30,84.2,84.25,83.4,83.65,172865
2019-06-03 13:15:00+05:30,83.65,83.7,83.2,83.5,159698
2019-06-03 14:15:00+05:30,83.5,85.1,83.5,85.1,584462
2019-06-03 15:15:00+05:30,85.0,85.4,84.9,85.25,577359
2019-06-04 09:15:00+05:30,84.25,86.65,84.25,85.15,747035
2019-06-04 10:15:00+05:30,85.15,85.45,84.5,84.55,230029
2019-06-04 11:15:00+05:30,84.6,85.25,84.35,85.0,240929
2019-06-04 12:15:00+05:30,85.0,85.65,85.0,85.45,341000
2019-06-04 13:15:00+05:30,85.45,86.0,85.35,85.8,350908
2019-06-04 14:15:00+05:30,85.8,85.9,85.35,85.75,866345
2019-06-04 15:15:00+05:30,85.75,85.9,85.3,85.4,161864
2019-06-06 09:15:00+05:30,85.95,86.35,84.35,84.5,523435
2019-06-06 10:15:00+05:30,84.5,84.65,83.7,84.0,357209
2019-06-06 11:15:00+05:30,83.95,84.45,83.6,83.7,232724
2019-06-06 12:15:00+05:30,83.7,84.0,83.1,83.25,265235
2019-06-06 13:15:00+05:30,83.2,83.45,82.55,82.75,371067
2019-06-06 14:15:00+05:30,82.75,82.95,82.0,82.1,426979
2019-06-06 15:15:00+05:30,82.1,82.45,81.75,82.3,261647
2019-06-07 09:15:00+05:30,82.4,83.1,80.9,82.75,602194
2019-06-07 10:15:00+05:30,82.75,83.1,82.3,82.8,264355
2019-06-07 11:15:00+05:30,82.8,82.8,82.15,82.45,122796
2019-06-07 12:15:00+05:30,82.45,82.8,82.3,82.3,97865
2019-06-07 13:15:00+05:30,82.35,82.45,80.9,81.0,311537
2019-06-07 14:15:00+05:30,81.05,82.25,81.0,81.7,430854
2019-06-07 15:15:00+05:30,81.75,81.75,81.4,81.55,141904
2019-06-10 09:15:00+05:30,82.05,82.85,81.45,81.45,395189
2019-06-10 10:15:00+05:30,81.45,81.55,80.55,80.8,400393
2019-06-10 11:15:00+05:30,80.8,81.1,80.15,80.2,231996
2019-06-10 12:15:00+05:30,80.2,80.3,79.2,79.45,355467
2019-06-10 13:15:00+05:30,79.45,79.95,79.1,79.3,239581
2019-06-10 14:15:00+05:30,79.3,81.4,79.1,81.3,1340635
2019-06-10 15:15:00+05:30,81.3,81.65,81.25,81.5,463252
2019-06-11 09:15:00+05:30,81.5,83.0,81.1,82.55,678174
2019-06-11 10:15:00+05:30,82.55,83.65,82.55,83.15,980866
2019-06-11 11:15:00+05:30,83.15,83.3,82.95,83.0,510307
2019-06-11 12:15:00+05:30,83.0,83.45,82.8,82.95,581429
2019-06-11 13:15:00+05:30,82.95,83.25,82.85,83.15,266972
2019-06-11 14:15:00+05:30,83.2,85.15,83.15,85.1,974407
2019-06-11 15:15:00+05:30,85.05,85.4,84.75,84.9,498521
2019-06-12 09:15:00+05:30,84.3,85.25,83.7,84.05,531186
2019-06-12 10:15:00+05:30,84.05,84.25,83.6,84.0,156523
2019-06-12 11:15:00+05:30,84.0,84.45,83.9,83.95,127510
2019-06-12 12:15:00+05:30,83.95,84.1,83.3,83.8,147912
2019-06-12 13:15:00+05:30,83.8,84.0,83.3,83.95,134597
2019-06-12 14:15:00+05:30,83.95,83.95,82.85,83.15,425774
2019-06-12 15:15:00+05:30,83.15,83.6,82.95,83.2,173850
2019-06-13 09:15:00+05:30,82.65,83.25,80.95,81.2,664455
2019-06-13 10:15:00+05:30,81.2,81.45,80.4,80.65,405594
2019-06-13 11:15:00+05:30,80.65,80.85,79.75,80.0,568242
2019-06-13 12:15:00+05:30,80.0,80.45,79.85,80.3,122599
2019-06-13 13:15:00+05:30,80.3,81.5,80.1,81.45,502357
2019-06-13 14:15:00+05:30,81.45,83.5,81.4,83.0,1745728
2019-06-13 15:15:00+05:30,83.0,83.1,82.6,82.75,340448
2019-06-14 09:15:00+05:30,81.6,82.5,81.4,82.2,410501
2019-06-14 10:15:00+05:30,82.2,82.4,81.45,81.45,821721
2019-06-14 11:15:00+05:30,81.45,81.45,80.55,80.85,353059
2019-06-14 12:15:00+05:30,80.85,81.6,80.85,81.25,163231
2019-06-14 13:15:00+05:30,81.4,81.45,80.95,81.05,81026
2019-06-14 14:15:00+05:30,81.05,81.4,80.5,80.65,283413
2019-06-14 15:15:00+05:30,80.65,80.7,80.3,80.55,239451
2019-06-17 09:15:00+05:30,80.35,80.7,78.4,79.3,636771
2019-06-17 10:15:00+05:30,79.3,79.55,78.9,78.9,155426
2019-06-17 11:15:00+05:30,78.9,79.0,77.75,77.9,411759
2019-06-17 12:15:00+05:30,77.9,78.75,77.75,78.25,194129
2019-06-17 13:15:00+05:30,78.25,78.85,78.25,78.65,74658
2019-06-17 14:15:00+05:30,78.7,78.95,77.75,77.95,280526
2019-06-17 15:15:00+05:30,77.95,79.0,77.8,78.15,402406
2019-06-18 09:15:00+05:30,78.8,78.8,77.7,78.6,444506
2019-06-18 10:15:00+05:30,78.6,78.8,77.85,77.95,264212
2019-06-18 11:15:00+05:30,77.95,78.4,77.7,78.2,130047
2019-06-18 12:15:00+05:30,78.2,78.4,77.5,78.05,364345
2019-06-18 13:15:00+05:30,78.05,78.2,76.6,76.7,629010
2019-06-18 14:15:00+05:30,76.7,77.0,76.05,76.7,588834
2019-06-18 15:15:00+05:30,76.7,76.95,76.6,76.75,308308
2019-06-19 09:15:00+05:30,77.45,78.95,77.45,78.05,582274
2019-06-19 10:15:00+05:30,78.05,78.3,77.0,77.0,557330
2019-06-19 11:15:00+05:30,77.0,77.05,75.25,75.75,563533
2019-06-19 12:15:00+05:30,75.75,76.0,74.9,75.0,337004
2019-06-19 13:15:00+05:30,75.0,75.1,74.25,74.45,362343
2019-06-19 14:15:00+05:30,74.45,75.1,74.0,75.05,519886
2019-06-19 15:15:00+05:30,75.05,75.4,74.8,75.1,344040
2019-06-20 09:15:00+05:30,74.85,74.95,74.0,74.95,669035
2019-06-20 10:15:00+05:30,74.95,75.7,74.7,75.2,538236
2019-06-20 11:15:00+05:30,75.2,75.45,74.65,75.3,193215
2019-06-20 12:15:00+05:30,75.2,75.9,75.2,75.25,279796
2019-06-20 13:15:00+05:30,75.15,76.5,75.15,76.35,317256
2019-06-20 14:15:00+05:30,76.3,77.15,76.15,77.0,888908
2019-06-20 15:15:00+05:30,77.05,77.1,76.7,76.7,393028
2019-06-21 09:15:00+05:30,75.05,76.1,74.55,75.0,1079602
2019-06-21 10:15:00+05:30,75.0,75.35,74.8,75.0,553929
2019-06-21 11:15:00+05:30,74.95,76.7,74.85,76.55,690990
2019-06-21 12:15:00+05:30,76.5,77.2,76.45,77.05,479046
2019-06-21 13:15:00+05:30,76.95,77.8,76.6,76.8,938942
2019-06-21 14:15:00+05:30,76.8,77.35,76.4,77.0,1381967
2019-06-21 15:15:00+05:30,76.95,77.0,76.4,76.85,938894
2019-06-24 09:15:00+05:30,76.7,76.8,75.25,75.6,555929
2019-06-24 10:15:00+05:30,75.6,76.4,75.25,75.45,393715
2019-06-24 11:15:00+05:30,75.45,76.7,75.45,76.3,483631
2019-06-24 12:15:00+05:30,76.3,77.0,76.05,77.0,618694
2019-06-24 13:15:00+05:30,77.0,77.9,76.7,77.3,810900
2019-06-24 14:15:00+05:30,77.3,77.9,76.85,77.7,660646
2019-06-24 15:15:00+05:30,77.7,77.95,77.4,77.5,309582
2019-06-25 09:15:00+05:30,76.7,77.55,76.35,76.7,892320
2019-06-25 10:15:00+05:30,76.7,77.5,76.65,77.2,487471
2019-06-25 11:15:00+05:30,77.2,77.8,77.15,77.8,507442
2019-06-25 12:15:00+05:30,77.8,78.15,77.45,77.85,587373
2019-06-25 13:15:00+05:30,77.85,78.1,77.55,77.75,306406
2019-06-25 14:15:00+05:30,77.75,78.3,77.5,77.9,871065
2019-06-25 15:15:00+05:30,77.85,78.15,77.7,77.9,287695
2019-06-26 09:15:00+05:30,77.85,78.7,77.35,77.95,338172
2019-06-26 10:15:00+05:30,77.95,79.0,77.85,78.75,620399
2019-06-26 11:15:00+05:30,78.75,78.85,78.0,78.2,312142
2019-06-26 12:15:00+05:30,78.2,78.5,78.0,78.15,175784
2019-06-26 13:15:00+05:30,78.15,78.45,77.95,78.15,239168
2019-06-26 14:15:00+05:30,78.15,78.9,78.0,78.8,583369
2019-06-26 15:15:00+05:30,78.8,78.85,78.2,78.4,317526
2019-06-27 09:15:00+05:30,79.05,79.75,78.65,79.35,506036
2019-06-27 10:15:00+05:30,79.35,80.4,79.25,80.3,752622
2019-06-27 11:15:00+05:30,80.3,80.9,79.75,80.8,1271996
2019-06-27 12:15:00+05:30,80.8,82.5,80.7,81.75,2078479
2019-06-27 13:15:00+05:30,81.75,81.9,81.1,81.4,1130376
2019-06-27 14:15:00+05:30,81.4,82.65,81.25,82.15,1708476
2019-06-27 15:15:00+05:30,82.15,82.15,81.2,81.5,572793
2019-06-28 09:15:00+05:30,82.15,82.35,80.5,80.95,673417
2019-06-28 10:15:00+05:30,80.95,81.4,80.65,80.75,218032
2019-06-28 11:15:00+05:30,80.7,81.4,80.45,81.2,223892
2019-06-28 12:15:00+05:30,81.15,81.75,81.1,81.5,149774
2019-06-28 13:15:00+05:30,81.5,81.6,79.75,80.1,467343
2019-06-28 14:15:00+05:30,80.1,80.15,79.15,79.5,797838
2019-06-28 15:15:00+05:30,79.5,79.9,79.3,79.7,257112
2019-07-01 09:15:00+05:30,80.5,81.05,80.05,80.35,465989
2019-07-01 10:15:00+05:30,80.35,80.65,80.05,80.6,245646
2019-07-01 11:15:00+05:30,80.6,82.35,80.45,82.0,746995
2019-07-01 12:15:00+05:30,82.1,82.3,81.7,82.25,403252
2019-07-01 13:15:00+05:30,82.25,82.25,81.45,81.7,1366911
2019-07-01 14:15:00+05:30,81.7,82.0,81.6,81.75,523232
2019-07-01 15:15:00+05:30,81.75,81.9,81.6,81.75,401528
2019-07-02 09:15:00+05:30,81.75,81.75,79.1,79.3,648873
2019-07-02 10:15:00+05:30,79.3,79.5,78.85,79.15,316994
2019-07-02 11:15:00+05:30,79.15,79.8,79.1,79.3,225968
2019-07-02 12:15:00+05:30,79.3,79.65,78.4,79.65,339377
2019-07-02 13:15:00+05:30,79.65,79.9,79.3,79.65,142214
2019-07-02 14:15:00+05:30,79.75,79.85,79.4,79.75,290755
2019-07-02 15:15:00+05:30,79.75,79.85,79.65,79.75,184650
2019-07-03 09:15:00+05:30,79.95,80.6,79.2,79.35,663957
2019-07-03 10:15:00+05:30,79.35,79.65,79.15,79.35,213658
2019-07-03 11:15:00+05:30,79.35,79.35,78.75,79.1,202907
2019-07-03 12:15:00+05:30,79.1,79.9,79.05,79.7,215389
2019-07-03 13:15:00+05:30,79.7,80.15,79.55,80.05,185790
2019-07-03 14:15:00+05:30,80.05,81.15,79.9,80.0,1562416
2019-07-03 15:15:00+05:30,80.0,80.4,79.85,80.25,166368
2019-07-04 09:15:00+05:30,80.4,80.75,79.9,80.1,197914
2019-07-04 10:15:00+05:30,80.1,80.2,79.6,80.1,364988
2019-07-04 11:15:00+05:30,80.1,82.15,79.95,82.0,653503
2019-07-04 12:15:00+05:30,82.0,82.4,81.8,82.0,314981
2019-07-04 13:15:00+05:30,82.0,82.45,81.75,81.9,359615
2019-07-04 14:15:00+05:30,81.8,82.1,80.45,80.7,2025806
2019-07-04 15:15:00+05:30,80.7,81.3,80.4,81.3,231599
2019-07-05 09:15:00+05:30,81.2,81.2,80.05,80.6,645318
2019-07-05 10:15:00+05:30,80.6,81.0,80.05,80.7,170214
2019-07-05 11:15:00+05:30,80.7,81.0,79.65,80.2,176987
2019-07-05 12:15:00+05:30,80.2,81.5,79.9,80.05,286071
2019-07-05 13:15:00+05:30,80.05,80.3,79.45,79.7,167380
2019-07-05 14:15:00+05:30,79.7,79.9,77.8,78.05,583363
2019-07-05 15:15:00+05:30,78.05,78.15,77.55,77.65,202533
2019-07-08 09:15:00+05:30,77.7,77.7,75.8,76.15,487007
2019-07-08 10:15:00+05:30,76.15,76.2,75.1,75.2,338754
2019-07-08 11:15:00+05:30,75.2,75.75,75.0,75.65,136274
2019-07-08 12:15:00+05:30,75.65,75.65,74.55,75.1,353409
2019-07-08 13:15:00+05:30,75.1,75.3,74.65,74.95,147085
2019-07-08 14:15:00+05:30,74.95,75.1,74.5,74.75,304546
2019-07-08 15:15:00+05:30,74.75,75.3,74.6,75.0,176753
2019-07-09 09:15:00+05:30,74.75,75.5,74.0,74.45,436103
2019-07-09 10:15:00+05:30,74.4,75.85,74.4,75.65,347421
2019-07-09 11:15:00+05:30,75.65,75.8,75.1,75.45,280785
2019-07-09 12:15:00+05:30,75.35,75.45,74.5,75.1,252407
2019-07-09 13:15:00+05:30,75.1,75.2,74.1,74.6,294880
2019-07-09 14:15:00+05:30,74.6,75.1,74.4,74.9,253647
2019-07-09 15:15:00+05:30,74.9,75.0,74.55,74.8,187658
2019-07-10 09:15:00+05:30,75.45,75.45,72.4,72.8,1333022
2019-07-10 10:15:00+05:30,72.8,73.0,72.0,72.1,606812
2019-07-10 11:15:00+05:30,72.15,72.4,71.6,71.8,512646
2019-07-10 12:15:00+05:30,71.8,72.45,71.6,72.35,460965
2019-07-10 13:15:00+05:30,72.35,72.75,71.8,72.25,496075
2019-07-10 14:15:00+05:30,72.3,73.15,71.9,73.05,796956
2019-07-10 15:15:00+05:30,73.05,73.5,72.8,73.15,341383
2019-07-11 09:15:00+05:30,74.0,74.45,73.55,74.1,531937
2019-07-11 10:15:00+05:30,74.1,74.1,73.2,73.7,391775
2019-07-11 11:15:00+05:30,73.7,73.75,72.5,72.8,262708
2019-07-11 12:15:00+05:30,72.8,74.5,72.8,74.35,422514
2019-07-11 13:15:00+05:30,74.35,76.3,74.2,75.9,874558
2019-07-11 14:15:00+05:30,75.9,76.4,75.6,76.1,620971
2019-07-11 15:15:00+05:30,76.05,76.15,75.55,76.0,303879
2019-07-12 09:15:00+05:30,75.7,75.7,74.7,75.0,444893
2019-07-12 10:15:00+05:30,75.0,76.0,75.0,75.9,265834
2019-07-12 11:15:00+05:30,75.9,77.0,75.85,76.45,406634
2019-07-12 12:15:00+05:30,76.45,78.1,76.45,77.95,365456
2019-07-12 13:15:00+05:30,77.95,79.1,77.95,78.9,569262
2019-07-12 14:15:00+05:30,78.9,78.9,77.0,77.25,676493
2019-07-12 15:15:00+05:30,77.25,77.4,76.9,77.25,254805
2019-07-15 09:15:00+05:30,77.15,78.5,76.65,76.8,691780
2019-07-15 10:15:00+05:30,76.8,77.6,76.7,77.25,220512
2019-07-15 11:15:00+05:30,77.25,77.3,76.15,76.25,151624
2019-07-15 12:15:00+05:30,76.25,77.8,75.65,77.75,418066
2019-07-15 13:15:00+05:30,77.75,78.0,77.4,77.6,176002
2019-07-15 14:15:00+05:30,77.6,78.2,77.35,77.9,288117
2019-07-15 15:15:00+05:30,77.85,78.25,77.55,77.8,154610
2019-07-16 09:15:00+05:30,77.0,79.6,77.0,79.45,775449
2019-07-16 10:15:00+05:30,79.45,80.85,79.3,80.7,785288
2019-07-16 11:15:00+05:30,80.7,81.3,80.55,80.75,684794
2019-07-16 12:15:00+05:30,80.75,80.85,80.35,80.65,1357734
2019-07-16 13:15:00+05:30,80.65,80.95,80.15,80.8,1226465
2019-07-16 14:15:00+05:30,80.8,80.9,80.35,80.9,1182078
2019-07-16 15:15:00+05:30,80.8,81.3,80.75,81.2,425618
2019-07-17 09:15:00+05:30,80.15,82.0,79.85,80.35,1213127
2019-07-17 10:15:00+05:30,80.35,81.35,80.1,81.1,675127
2019-07-17 11:15:00+05:30,81.1,81.15,80.5,80.8,191098
2019-07-17 12:15:00+05:30,80.7,80.8,79.95,80.05,240957
2019-07-17 13:15:00+05:30,80.05,80.2,79.15,79.95,730371
2019-07-17 14:15:00+05:30,79.95,80.4,79.7,80.25,333318
2019-07-17 15:15:00+05:30,80.15,80.55,80.15,80.35,201068
2019-07-18 09:15:00+05:30,80.25,80.25,78.05,78.45,473837
2019-07-18 10:15:00+05:30,78.45,78.9,77.15,77.3,364588
2019-07-18 11:15:00+05:30,77.3,77.35,76.5,76.95,422229
2019-07-18 12:15:00+05:30,76.95,77.15,76.5,76.9,139945
2019-07-18 13:15:00+05:30,76.9,77.45,76.6,76.8,292677
2019-07-18 14:15:00+05:30,76.8,77.55,76.55,76.7,512380
2019-07-18 15:15:00+05:30,76.75,77.3,76.5,76.6,363760
2019-07-19 09:15:00+05:30,77.2,77.6,74.8,74.9,646704
2019-07-19 10:15:00+05:30,74.9,75.5,74.4,74.55,494569
2019-07-19 11:15:00+05:30,74.55,75.35,74.45,74.6,320474
2019-07-19 12:15:00+05:30,74.6,74.75,73.85,73.9,464369
2019-07-19 13:15:00+05:30,73.9,74.2,73.5,73.6,353567
2019-07-19 14:15:00+05:30,73.65,74.15,73.35,73.75,478500
2019-07-19 15:15:00+05:30,73.75,73.95,73.35,73.4,240053
2019-07-22 09:15:00+05:30,73.75,76.0,73.6,75.1,627274
2019-07-22 10:15:00+05:30,75.1,75.65,74.2,74.7,334110
2019-07-22 11:15:00+05:30,74.65,74.7,74.2,74.2,233263
2019-07-22 12:15:00+05:30,74.2,74.4,73.65,74.1,174927
2019-07-22 13:15:00+05:30,74.1,74.7,73.85,74.6,167164
2019-07-22 14:15:00+05:30,74.6,74.95,74.2,74.85,186708
2019-07-22 15:15:00+05:30,74.8,74.95,74.65,74.9,121480
2019-07-23 09:15:00+05:30,75.2,75.95,73.9,75.3,566205
2019-07-23 10:15:00+05:30,75.3,75.35,74.6,74.8,247147
2019-07-23 11:15:00+05:30,74.8,74.95,74.5,74.7,162873
2019-07-23 12:15:00+05:30,74.7,75.15,74.5,75.1,206224
2019-07-23 13:15:00+05:30,75.0,75.7,75.0,75.6,217758
2019-07-23 14:15:00+05:30,75.6,75.6,74.8,75.3,282635
2019-07-23 15:15:00+05:30,75.35,75.4,74.95,75.1,193295
2019-07-24 09:15:00+05:30,75.1,76.15,72.9,73.05,681250
2019-07-24 10:15:00+05:30,73.05,73.5,72.6,72.95,310038
2019-07-24 11:15:00+05:30,72.95,73.15,72.2,72.3,244577
2019-07-24 12:15:00+05:30,72.3,72.55,71.8,72.15,312815
2019-07-24 13:15:00+05:30,72.15,72.75,72.15,72.5,220525
2019-07-24 14:15:00+05:30,72.5,72.6,71.8,72.15,361797
2019-07-24 15:15:00+05:30,72.15,72.6,71.85,71.9,288615
2019-07-25 09:15:00+05:30,72.0,72.75,70.8,71.5,1237943
2019-07-25 10:15:00+05:30,71.5,72.25,71.25,71.3,260544
2019-07-25 11:15:00+05:30,71.3,71.5,70.2,70.4,314382
2019-07-25 12:15:00+05:30,70.4,70.55,69.3,69.85,633102
2019-07-25 13:15:00+05:30,69.85,70.25,69.45,70.05,248299
2019-07-25 14:15:00+05:30,70.05,70.15,69.5,69.75,427889
2019-07-25 15:15:00+05:30,69.8,70.2,69.65,69.8,252178
2019-07-26 09:15:00+05:30,69.0,71.9,66.9,71.0,2425753
2019-07-26 10:15:00+05:30,71.0,72.45,71.0,72.2,1216642
2019-07-26 11:15:00+05:30,72.2,72.25,71.05,71.65,471052
2019-07-26 12:15:00+05:30,71.65,72.0,71.2,71.95,300180
2019-07-26 13:15:00+05:30,71.95,71.95,70.4,70.9,548022
2019-07-26 14:15:00+05:30,70.9,71.0,69.85,71.0,692691
2019-07-26 15:15:00+05:30,70.95,71.3,70.7,71.1,338528
2019-07-29 09:15:00+05:30,70.9,70.9,67.7,68.25,1265508
2019-07-29 10:15:00+05:30,68.2,68.45,66.55,66.85,804286
2019-07-29 11:15:00+05:30,66.85,67.85,66.65,67.55,522752
2019-07-29 12:15:00+05:30,67.55,68.2,67.4,68.05,337426
2019-07-29 13:15:00+05:30,68.05,68.35,67.3,67.55,256123
2019-07-29 14:15:00+05:30,67.55,67.7,66.0,66.6,947508
2019-07-29 15:15:00+05:30,66.6,67.0,66.55,66.8,318883
2019-07-30 09:15:00+05:30,66.9,68.05,66.25,66.5,1436429
2019-07-30 10:15:00+05:30,66.5,66.85,65.75,66.25,530222
2019-07-30 11:15:00+05:30,66.25,66.7,65.8,66.35,346390
2019-07-30 12:15:00+05:30,66.35,67.65,66.3,66.8,513511
2019-07-30 13:15:00+05:30,66.8,66.9,65.25,65.5,449417
2019-07-30 14:15:00+05:30,65.45,65.75,64.3,64.5,905045
2019-07-30 15:15:00+05:30,64.5,64.75,64.4,64.45,224401
2019-07-31 09:15:00+05:30,64.4,65.9,64.1,64.75,807231
2019-07-31 10:15:00+05:30,64.75,65.15,64.0,64.75,383026
2019-07-31 11:15:00+05:30,64.75,65.7,64.65,65.3,333737
2019-07-31 12:15:00+05:30,65.3,65.6,64.8,65.55,159883
2019-07-31 13:15:00+05:30,65.55,66.05,65.2,65.25,298658
2019-07-31 14:15:00+05:30,65.3,65.7,64.75,65.5,365872
2019-07-31 15:15:00+05:30,65.5,65.5,64.9,65.15,633345
2019-08-01 09:15:00+05:30,64.95,65.45,63.65,63.7,938114
2019-08-01 10:15:00+05:30,63.7,63.75,62.6,62.7,695577
2019-08-01 11:15:00+05:30,62.7,63.2,61.9,62.1,688015
2019-08-01 12:15:00+05:30,62.1,62.85,62.05,62.25,410399
2019-08-01 13:15:00+05:30,62.25,62.65,61.4,62.2,785044
2019-08-01 14:15:00+05:30,62.2,62.9,61.85,62.85,951483
2019-08-01 15:15:00+05:30,62.85,63.1,62.65,62.8,315321
2019-08-02 09:15:00+05:30,60.8,62.85,60.8,61.1,2073924
2019-08-02 10:15:00+05:30,61.05,61.65,60.6,61.45,2796138
2019-08-02 11:15:00+05:30,61.45,63.85,61.45,63.4,2215557
2019-08-02 12:15:00+05:30,63.4,63.4,61.65,62.3,533350
2019-08-02 13:15:00+05:30,62.3,63.6,62.1,63.4,684706
2019-08-02 14:15:00+05:30,63.35,63.6,62.0,62.35,855904
2019-08-02 15:15:00+05:30,62.35,62.55,62.0,62.2,438576
2019-08-05 09:15:00+05:30,61.4,61.4,58.2,59.25,1971215
2019-08-05 10:15:00+05:30,59.35,59.65,58.55,59.05,1482999
2019-08-05 11:15:00+05:30,59.05,59.7,58.65,59.2,1214617
2019-08-05 12:15:00+05:30,59.2,59.75,58.75,59.5,1186947
2019-08-05 13:15:00+05:30,59.5,60.0,58.8,59.0,1210104
2019-08-05 14:15:00+05:30,59.0,59.25,58.65,58.75,1069332
2019-08-05 15:15:00+05:30,58.75,59.0,58.4,58.5,445317
2019-08-06 09:15:00+05:30,58.0,60.05,57.65,59.7,1539150
2019-08-06 10:15:00+05:30,59.7,59.75,58.7,58.8,823601
2019-08-06 11:15:00+05:30,58.75,59.25,57.45,57.6,1210990
2019-08-06 12:15:00+05:30,57.6,59.1,57.35,59.0,1577484
2019-08-06 13:15:00+05:30,59.0,59.0,58.25,58.8,502011
2019-08-06 14:15:00+05:30,58.8,59.1,58.0,58.35,1886115
2019-08-06 15:15:00+05:30,58.35,58.4,58.15,58.35,617473
2019-08-07 09:15:00+05:30,58.5,58.95,57.45,58.65,1215879
2019-08-07 10:15:00+05:30,58.65,58.85,58.15,58.35,405578
2019-08-07 11:15:00+05:30,58.35,58.6,57.85,58.2,939232
2019-08-07 12:15:00+05:30,58.2,58.2,56.65,56.8,1093619
2019-08-07 13:15:00+05:30,56.75,56.9,55.5,56.1,1048404
2019-08-07 14:15:00+05:30,56.1,56.35,55.6,55.75,1810068
2019-08-07 15:15:00+05:30,55.75,55.85,55.15,55.5,1144975
2019-08-08 09:15:00+05:30,55.65,57.0,55.5,56.0,1274271
2019-08-08 10:15:00+05:30,56.0,57.1,56.0,56.35,898761
2019-08-08 11:15:00+05:30,56.35,57.55,56.15,57.0,686100
2019-08-08 12:15:00+05:30,57.0,57.3,56.6,56.85,454007
2019-08-08 13:15:00+05:30,56.85,57.3,56.7,57.0,275208
2019-08-08 14:15:00+05:30,57.0,59.15,56.8,58.85,1358141
2019-08-08 15:15:00+05:30,58.85,59.2,58.7,59.0,406073
2019-08-09 09:15:00+05:30,59.0,59.35,57.75,58.2,822389
2019-08-09 10:15:00+05:30,58.2,59.15,58.15,58.9,424073
2019-08-09 11:15:00+05:30,58.9,59.2,58.35,59.0,399352
2019-08-09 12:15:00+05:30,59.0,60.4,58.55,60.3,988198
2019-08-09 13:15:00+05:30,60.4,60.4,57.8,58.05,956021
2019-08-09 14:15:00+05:30,58.05,58.85,57.4,58.2,654816
2019-08-09 15:15:00+05:30,58.25,58.5,58.05,58.4,232109
2019-08-13 09:15:00+05:30,59.2,59.85,57.55,59.45,1210529
2019-08-13 10:15:00+05:30,59.45,60.35,59.4,59.75,1684758
2019-08-13 11:15:00+05:30,59.75,59.75,58.55,58.8,566418
2019-08-13 12:15:00+05:30,58.8,58.9,57.75,58.4,657222
2019-08-13 13:15:00+05:30,58.4,58.65,58.0,58.6,324418
2019-08-13 14:15:00+05:30,58.5,58.55,57.4,57.9,601593
2019-08-13 15:15:00+05:30,57.9,57.9,57.35,57.6,313372
2019-08-14 09:15:00+05:30,57.95,58.55,56.7,56.9,931098
2019-08-14 10:15:00+05:30,56.9,58.7,56.85,58.15,567205
2019-08-14 11:15:00+05:30,58.15,58.5,56.3,56.55,424076
2019-08-14 12:15:00+05:30,56.55,57.45,56.0,56.9,736171
2019-08-14 13:15:00+05:30,56.9,57.85,56.55,57.6,617476
2019-08-14 14:15:00+05:30,57.6,57.65,57.0,57.5,826945
2019-08-14 15:15:00+05:30,57.5,57.6,57.3,57.35,219007
2019-08-16 09:15:00+05:30,56.9,57.05,55.55,56.05,1356176
2019-08-16 10:15:00+05:30,56.05,56.3,55.1,55.45,674362
2019-08-16 11:15:00+05:30,55.45,56.95,55.3,56.55,1975666
2019-08-16 12:15:00+05:30,56.5,56.9,55.95,56.5,1247868
2019-08-16 13:15:00+05:30,56.55,56.65,55.6,56.2,1342553
2019-08-16 14:15:00+05:30,56.2,57.25,56.1,56.7,2659717
2019-08-16 15:15:00+05:30,56.7,56.75,56.2,56.2,643058
2019-09-17 09:15:00+05:30,59.1,59.95,58.0,58.1,1081811
2019-09-17 10:15:00+05:30,58.1,58.35,57.6,57.8,514712
2019-09-17 11:15:00+05:30,57.8,58.1,57.15,57.4,407690
2019-09-17 12:15:00+05:30,57.4,57.8,57.15,57.2,371747
2019-09-17 13:15:00+05:30,57.2,58.3,57.0,57.55,1290609
2019-09-17 14:15:00+05:30,57.6,57.8,55.85,56.4,2245648
2019-09-17 15:15:00+05:30,56.45,56.45,55.95,56.2,482613
2019-09-18 09:15:00+05:30,56.85,57.05,55.2,55.4,1427094
2019-09-18 10:15:00+05:30,55.5,57.25,55.4,56.5,1124430
2019-09-18 11:15:00+05:30,56.5,56.95,55.75,55.9,628690
2019-09-18 12:15:00+05:30,55.9,56.7,55.6,56.6,1052569
2019-09-18 13:15:00+05:30,56.6,56.6,55.85,56.25,304225
2019-09-18 14:15:00+05:30,56.25,56.5,55.9,56.1,542073
2019-09-18 15:15:00+05:30,56.1,56.45,56.0,56.45,411417
2019-09-19 09:15:00+05:30,56.45,56.9,55.65,55.9,1187621
2019-09-19 10:15:00+05:30,55.9,56.5,55.55,55.9,2618311
2019-09-19 11:15:00+05:30,55.9,56.65,55.85,56.3,528905
2019-09-19 12:15:00+05:30,56.25,56.8,56.15,56.25,1157054
2019-09-19 13:15:00+05:30,56.25,57.2,56.2,57.1,872718
2019-09-19 14:15:00+05:30,57.1,57.15,56.0,56.5,1298906
2019-09-19 15:15:00+05:30,56.5,57.0,56.45,56.85,550388
2019-09-20 09:15:00+05:30,56.95,57.2,55.9,56.35,1121967
2019-09-20 10:15:00+05:30,56.3,59.55,56.2,59.3,1621079
2019-09-20 11:15:00+05:30,59.3,61.9,59.25,61.25,2947657
2019-09-20 12:15:00+05:30,61.25,62.1,60.25,61.9,1796775
2019-09-20 13:15:00+05:30,61.8,63.5,61.65,63.15,1699942
2019-09-20 14:15:00+05:30,63.15,63.3,60.8,61.6,2221913
2019-09-20 15:15:00+05:30,61.55,61.9,61.4,61.8,889299
2019-09-23 09:15:00+05:30,61.8,64.1,60.05,60.7,2387940
2019-09-23 10:15:00+05:30,60.65,61.35,59.65,60.8,787322
2019-09-23 11:15:00+05:30,60.8,61.65,60.1,61.05,2163379
2019-09-23 12:15:00+05:30,61.05,61.55,60.3,60.7,638568
2019-09-23 13:15:00+05:30,60.65,60.85,59.7,60.0,565738
2019-09-23 14:15:00+05:30,60.0,60.25,59.0,59.25,1155194
2019-09-23 15:15:00+05:30,58.9,59.55,58.9,58.95,254852
2019-09-24 09:15:00+05:30,60.0,60.95,59.6,60.2,1689638
2019-09-24 10:15:00+05:30,60.2,60.25,59.05,59.35,836202
2019-09-24 11:15:00+05:30,59.3,60.1,59.1,59.75,528059
2019-09-24 12:15:00+05:30,59.75,60.05,59.4,59.75,478343
2019-09-24 13:15:00+05:30,59.75,59.9,59.5,59.7,307238
2019-09-24 14:15:00+05:30,59.75,60.15,59.5,59.85,1585575
2019-09-24 15:15:00+05:30,59.85,60.0,59.75,59.95,434130
2019-09-25 09:15:00+05:30,59.8,59.8,57.65,58.0,884975
2019-09-25 10:15:00+05:30,57.95,58.0,57.05,57.3,618250
2019-09-25 11:15:00+05:30,57.3,57.4,56.75,56.8,705805
2019-09-25 12:15:00+05:30,56.8,57.0,55.7,56.05,992780
2019-09-25 13:15:00+05:30,56.05,56.2,55.7,55.9,485512
2019-09-25 14:15:00+05:30,55.9,56.7,55.5,56.4,907042
2019-09-25 15:15:00+05:30,56.4,56.6,56.05,56.25,551838
2019-09-26 09:15:00+05:30,56.5,57.85,56.1,57.55,1180119
2019-09-26 10:15:00+05:30,57.55,57.8,57.3,57.7,863786
2019-09-26 11:15:00+05:30,57.7,57.75,56.6,56.65,1760309
2019-09-26 12:15:00+05:30,56.65,57.1,56.5,57.05,387141
2019-09-26 13:15:00+05:30,57.05,57.5,56.8,57.45,511723
2019-09-26 14:15:00+05:30,57.4,57.6,56.4,56.85,1530105
2019-09-26 15:15:00+05:30,56.85,57.25,56.7,56.9,944932
2019-09-27 09:15:00+05:30,56.2,56.2,54.15,54.4,2222548
2019-09-27 10:15:00+05:30,54.35,54.6,53.6,53.65,824317
2019-09-27 11:15:00+05:30,53.65,54.5,53.6,54.05,474403
2019-09-27 12:15:00+05:30,54.05,55.7,53.9,55.4,703790
2019-09-27 13:15:00+05:30,55.4,56.1,54.95,55.2,783107
2019-09-27 14:15:00+05:30,55.05,55.15,54.4,54.55,682407
2019-09-27 15:15:00+05:30,54.55,54.85,54.4,54.6,510893
2019-09-30 09:15:00+05:30,55.0,55.05,52.6,52.9,978040
2019-09-30 10:15:00+05:30,52.9,53.9,52.85,53.35,395301
2019-09-30 11:15:00+05:30,53.35,54.2,52.8,54.1,1937785
2019-09-30 12:15:00+05:30,54.1,54.35,53.6,53.85,429709
2019-09-30 13:15:00+05:30,53.85,54.0,52.9,53.15,750604
2019-09-30 14:15:00+05:30,53.15,53.85,53.0,53.1,902723
2019-09-30 15:15:00+05:30,53.1,53.25,52.85,53.15,638407
2019-10-01 09:15:00+05:30,54.0,54.3,52.5,52.9,1167058
2019-10-01 10:15:00+05:30,52.85,54.55,52.85,53.9,870826
2019-10-01 11:15:00+05:30,53.9,54.3,53.15,53.15,513246
2019-10-01 12:15:00+05:30,53.15,53.3,52.4,52.45,582701
2019-10-01 13:15:00+05:30,52.45,52.55,50.7,50.7,951776
2019-10-01 14:15:00+05:30,50.75,52.35,50.5,51.35,1143050
2019-10-01 15:15:00+05:30,51.35,51.85,51.35,51.55,349827
2019-10-03 09:15:00+05:30,50.85,54.2,50.6,53.3,2622855
2019-10-03 10:15:00+05:30,53.3,53.85,53.0,53.4,1795683
2019-10-03 11:15:00+05:30,53.4,54.75,53.2,54.75,2000355
2019-10-03 12:15:00+05:30,54.75,54.85,54.0,54.4,728932
2019-10-03 13:15:00+05:30,54.4,54.75,54.15,54.65,722252
2019-10-03 14:15:00+05:30,54.6,55.4,54.55,54.7,1389458
2019-10-03 15:15:00+05:30,54.65,55.15,54.45,54.7,696777
2019-10-04 09:15:00+05:30,55.0,55.3,53.5,54.5,1247700
2019-10-04 10:15:00+05:30,54.5,55.35,54.15,54.45,848231
2019-10-04 11:15:00+05:30,54.45,54.7,53.85,54.3,430602
2019-10-04 12:15:00+05:30,54.3,54.75,53.65,54.2,523271
2019-10-04 13:15:00+05:30,54.2,54.8,53.7,54.3,539245
2019-10-04 14:15:00+05:30,54.3,54.5,53.3,53.6,662839
2019-10-04 15:15:00+05:30,53.5,53.7,53.35,53.4,323834
2019-10-07 09:15:00+05:30,53.95,53.95,52.3,53.4,1056322
2019-10-07 10:15:00+05:30,53.4,53.5,52.35,52.7,486207
2019-10-07 11:15:00+05:30,52.7,53.1,52.35,52.95,1490192
2019-10-07 12:15:00+05:30,52.95,53.15,52.35,52.45,451164
2019-10-07 13:15:00+05:30,52.45,52.75,51.85,51.9,502655
2019-10-07 14:15:00+05:30,51.9,52.15,51.45,51.95,574292
2019-10-07 15:15:00+05:30,51.95,52.15,51.85,52.05,359231
2019-10-09 09:15:00+05:30,52.25,53.0,51.15,51.35,1002524
2019-10-09 10:15:00+05:30,51.35,51.7,51.0,51.05,415094
2019-10-09 11:15:00+05:30,51.05,53.0,51.05,52.5,1229820
2019-10-09 12:15:00+05:30,52.5,52.85,52.15,52.6,448160
2019-10-09 13:15:00+05:30,52.6,53.35,52.05,53.2,958192
2019-10-09 14:15:00+05:30,53.2,53.85,52.95,53.45,1154588
2019-10-09 15:15:00+05:30,53.45,53.75,53.35,53.6,449112
2019-10-10 09:15:00+05:30,53.55,53.55,51.65,52.3,1360979
2019-10-10 10:15:00+05:30,52.3,52.75,51.55,51.7,879607
2019-10-10 11:15:00+05:30,51.7,52.3,51.35,52.0,436386
2019-10-10 12:15:00+05:30,52.0,52.75,51.9,52.15,323568
2019-10-10 13:15:00+05:30,52.15,52.5,52.05,52.25,201345
2019-10-10 14:15:00+05:30,52.25,52.25,51.75,52.05,357774
2019-10-10 15:15:00+05:30,52.05,52.15,51.95,51.95,243513
2019-10-11 09:15:00+05:30,52.4,53.3,52.1,52.6,949714
2019-10-11 10:15:00+05:30,52.6,52.95,51.9,52.3,480475
2019-10-11 11:15:00+05:30,52.3,52.7,52.2,52.25,234807
2019-10-11 12:15:00+05:30,52.3,52.95,52.05,52.9,242856
2019-10-11 13:15:00+05:30,52.9,54.05,52.55,53.95,834570
2019-10-11 14:15:00+05:30,53.95,54.45,53.7,53.75,1091115
2019-10-11 15:15:00+05:30,53.75,54.05,53.65,53.85,329147
2019-10-14 09:15:00+05:30,54.5,56.2,54.5,55.8,2858845
2019-10-14 10:15:00+05:30,55.75,56.75,55.75,56.55,1303897
2019-10-14 11:15:00+05:30,56.55,57.35,56.4,57.3,1263973
2019-10-14 12:15:00+05:30,57.25,57.45,56.9,57.1,676164
2019-10-14 13:15:00+05:30,57.1,58.0,57.05,57.8,1846056
2019-10-14 14:15:00+05:30,57.8,58.0,56.15,56.2,1693704
2019-10-14 15:15:00+05:30,56.2,56.55,56.0,56.35,603197
2019-10-15 09:15:00+05:30,56.35,56.35,55.05,55.4,1019312
2019-10-15 10:15:00+05:30,55.4,56.1,55.35,56.1,536212
2019-10-15 11:15:00+05:30,56.1,56.45,55.2,55.35,623274
2019-10-15 12:15:00+05:30,55.35,55.65,54.9,55.25,429178
2019-10-15 13:15:00+05:30,55.25,55.8,55.0,55.7,380666
2019-10-15 14:15:00+05:30,55.7,57.0,55.65,56.45,1841175
2019-10-15 15:15:00+05:30,56.5,56.7,56.35,56.45,376971
2019-10-16 09:15:00+05:30,56.6,57.2,56.2,56.75,2399489
2019-10-16 10:15:00+05:30,56.75,57.05,56.25,56.35,563819
2019-10-16 11:15:00+05:30,56.35,56.6,56.05,56.1,448903
2019-10-16 12:15:00+05:30,56.1,56.4,55.45,55.55,846985
2019-10-16 13:15:00+05:30,55.55,55.9,55.45,55.75,265388
2019-10-16 14:15:00+05:30,55.75,56.2,55.55,56.05,515533
2019-10-16 15:15:00+05:30,56.05,56.2,55.8,55.8,377608
2019-10-17 09:15:00+05:30,55.85,56.8,55.6,56.05,1106811
2019-10-17 10:15:00+05:30,56.05,56.4,56.05,56.15,200109
2019-10-17 11:15:00+05:30,56.2,56.3,55.85,56.15,230636
2019-10-17 12:15:00+05:30,56.1,56.85,56.1,56.7,301183
2019-10-17 13:15:00+05:30,56.7,58.1,56.65,58.05,1008201
2019-10-17 14:15:00+05:30,58.05,64.3,57.65,63.1,4267560
2019-10-17 15:15:00+05:30,63.1,63.5,61.9,63.15,4690334
2019-10-18 09:15:00+05:30,62.2,63.1,60.45,61.35,3629669
2019-10-18 10:15:00+05:30,61.3,61.55,60.85,61.35,650296
2019-10-18 11:15:00+05:30,61.35,62.35,61.3,61.6,854915
2019-10-18 12:15:00+05:30,61.6,62.25,61.45,62.1,422573
2019-10-18 13:15:00+05:30,62.1,62.1,61.55,61.85,477693
2019-10-18 14:15:00+05:30,61.85,62.1,61.3,61.35,882979
2019-10-18 15:15:00+05:30,61.35,61.5,61.2,61.35,442516
2019-10-22 09:15:00+05:30,59.9,60.5,58.6,58.8,1779307
2019-10-22 10:15:00+05:30,58.8,59.35,58.45,59.15,947868
2019-10-22 11:15:00+05:30,59.15,60.7,58.9,60.4,1147284
2019-10-22 12:15:00+05:30,60.4,60.4,59.5,59.7,539144
2019-10-22 13:15:00+05:30,59.7,59.75,58.75,58.95,572843
2019-10-22 14:15:00+05:30,59.0,59.55,58.45,58.75,819874
2019-10-22 15:15:00+05:30,58.75,58.8,58.4,58.55,288626
2019-10-23 09:15:00+05:30,58.0,58.2,56.6,57.75,1436250
2019-10-23 10:15:00+05:30,57.75,59.5,57.75,59.2,911864
2019-10-23 11:15:00+05:30,59.2,59.7,59.1,59.4,476006
2019-10-23 12:15:00+05:30,59.4,59.85,58.55,59.3,2420509
2019-10-23 13:15:00+05:30,59.3,59.8,59.3,59.45,441517
2019-10-23 14:15:00+05:30,59.45,60.15,59.25,60.0,784959
2019-10-23 15:15:00+05:30,59.95,60.0,59.0,59.25,720561
2019-10-24 09:15:00+05:30,59.95,60.5,58.55,59.95,1415932
2019-10-24 10:15:00+05:30,59.95,60.1,59.05,59.25,1453244
2019-10-24 11:15:00+05:30,59.2,59.85,59.1,59.75,274019
2019-10-24 12:15:00+05:30,59.75,60.4,59.6,59.8,614250
2019-10-24 13:15:00+05:30,59.75,59.8,58.6,59.35,937533
2019-10-24 14:15:00+05:30,59.35,60.05,58.7,59.65,915934
2019-10-24 15:15:00+05:30,59.65,60.2,59.65,60.05,286672
2019-10-25 09:15:00+05:30,59.7,59.7,58.5,58.8,804181
2019-10-25 10:15:00+05:30,58.8,58.9,58.1,58.2,2224855
2019-10-25 11:15:00+05:30,58.2,58.65,57.05,57.1,2088269
2019-10-25 12:15:00+05:30,57.1,57.4,56.7,56.9,689190
2019-10-25 13:15:00+05:30,56.95,57.5,56.85,57.45,490181
2019-10-25 14:15:00+05:30,57.45,58.3,57.05,57.35,1136895
2019-10-25 15:15:00+05:30,57.35,57.85,57.25,57.35,498477
2019-10-27 18:15:00+05:30,63.3,68.25,63.3,68.1,4614893
2019-10-29 09:15:00+05:30,68.4,77.65,68.4,77.0,15726074
2019-10-29 10:15:00+05:30,77.0,77.5,75.8,76.45,3724227
2019-10-29 11:15:00+05:30,76.45,77.15,76.15,76.75,1323288
2019-10-29 12:15:00+05:30,76.7,77.1,76.65,76.95,984809
2019-10-29 13:15:00+05:30,76.95,79.3,76.45,79.0,4728977
2019-10-29 14:15:00+05:30,79.0,80.5,78.55,79.5,6738740
2019-10-29 15:15:00+05:30,79.5,79.55,78.5,78.9,1603980
2019-10-30 09:15:00+05:30,80.0,80.3,76.95,79.65,4866680
2019-10-30 10:15:00+05:30,79.65,79.7,78.0,78.3,1259401
2019-10-30 11:15:00+05:30,78.3,79.1,78.2,78.8,633754
2019-10-30 12:15:00+05:30,78.8,81.25,78.7,79.55,4129256
2019-10-30 13:15:00+05:30,79.6,80.55,79.4,80.15,1342062
2019-10-30 14:15:00+05:30,80.15,80.45,79.15,79.95,1687286
2019-10-30 15:15:00+05:30,80.0,80.15,79.7,79.95,796076
2019-10-31 09:15:00+05:30,79.0,82.5,78.45,81.7,3552757
2019-10-31 10:15:00+05:30,81.65,82.35,81.35,82.1,1259130
2019-10-31 11:15:00+05:30,82.1,82.5,81.35,82.1,1439570
2019-10-31 12:15:00+05:30,82.05,82.6,81.8,82.05,1060421
2019-10-31 13:15:00+05:30,82.05,82.15,81.5,81.65,966885
2019-10-31 14:15:00+05:30,81.65,82.1,80.35,81.95,2185000
2019-10-31 15:15:00+05:30,81.95,82.3,81.6,82.0,645641
2019-11-01 09:15:00+05:30,81.45,82.2,79.9,81.8,2347252
2019-11-01 10:15:00+05:30,81.8,82.8,81.0,82.0,4449980
2019-11-01 11:15:00+05:30,82.0,83.05,81.8,82.3,1234847
2019-11-01 12:15:00+05:30,82.25,82.5,81.75,81.85,478399
2019-11-01 13:15:00+05:30,81.85,82.2,81.3,81.9,1043240
2019-11-01 14:15:00+05:30,81.9,82.15,81.4,81.5,1260878
2019-11-01 15:15:00+05:30,81.6,81.7,80.7,81.3,638013
2019-11-04 09:15:00+05:30,79.0,83.0,79.0,81.45,2326766
2019-11-04 10:15:00+05:30,81.45,82.35,81.25,81.55,617461
2019-11-04 11:15:00+05:30,81.55,81.55,80.1,80.4,911740
2019-11-04 12:15:00+05:30,80.4,80.75,79.95,80.1,550765
2019-11-04 13:15:00+05:30,80.1,80.9,79.95,80.6,526705
2019-11-04 14:15:00+05:30,80.6,80.85,79.65,79.9,514464
2019-11-04 15:15:00+05:30,79.9,80.6,79.9,80.3,405511
2019-11-05 09:15:00+05:30,80.3,81.5,80.3,81.1,1610591
2019-11-05 10:15:00+05:30,81.1,81.3,80.7,81.2,411290
2019-11-05 11:15:00+05:30,81.2,81.3,80.35,80.45,579634
2019-11-05 12:15:00+05:30,80.4,80.75,79.05,79.35,616410
2019-11-05 13:15:00+05:30,79.35,80.75,79.15,80.7,634397
2019-11-05 14:15:00+05:30,80.7,80.8,79.6,80.2,812570
2019-11-05 15:15:00+05:30,80.2,80.35,79.65,80.1,510934
2019-11-06 09:15:00+05:30,80.35,80.7,79.2,79.7,825518
2019-11-06 10:15:00+05:30,79.7,80.1,79.6,79.7,1020485
2019-11-06 11:15:00+05:30,79.7,80.05,79.45,79.75,632208
2019-11-06 12:15:00+05:30,79.75,81.55,79.65,80.85,1181937
2019-11-06 13:15:00+05:30,80.85,81.1,80.45,80.7,272495
2019-11-06 14:15:00+05:30,80.7,81.0,80.3,80.4,634297
2019-11-06 15:15:00+05:30,80.4,80.5,80.0,80.15,371477
2019-11-07 09:15:00+05:30,80.2,80.5,78.4,78.6,2006879
2019-11-07 10:15:00+05:30,78.6,78.7,77.45,77.65,731376
2019-11-07 11:15:00+05:30,77.65,78.35,77.15,78.2,467778
2019-11-07 12:15:00+05:30,78.2,80.25,77.65,78.95,1131777
2019-11-07 13:15:00+05:30,78.95,79.2,78.4,78.4,346572
2019-11-07 14:15:00+05:30,78.4,79.2,78.4,78.9,399943
2019-11-07 15:15:00+05:30,78.9,79.15,78.75,79.1,317237
2019-11-08 09:15:00+05:30,78.9,79.8,77.85,79.05,1171013
2019-11-08 10:15:00+05:30,79.05,79.25,78.5,78.55,396499
2019-11-08 11:15:00+05:30,78.55,79.75,78.3,79.2,354305
2019-11-08 12:15:00+05:30,79.2,82.0,79.05,80.15,2140264
2019-11-08 13:15:00+05:30,80.15,80.5,79.1,79.5,561740
2019-11-08 14:15:00+05:30,79.5,79.75,77.1,77.3,915924
2019-11-08 15:15:00+05:30,77.35,77.8,77.3,77.6,383840
2019-11-11 09:15:00+05:30,77.6,78.55,77.3,77.95,788288
2019-11-11 10:15:00+05:30,77.95,78.9,77.8,78.6,456184
2019-11-11 11:15:00+05:30,78.55,78.55,78.15,78.4,322787
2019-11-11 12:15:00+05:30,78.4,78.8,78.35,78.5,580253
2019-11-11 13:15:00+05:30,78.5,79.3,78.4,78.85,442479
2019-11-11 14:15:00+05:30,78.85,80.2,78.7,79.8,887956
2019-11-11 15:15:00+05:30,79.8,79.85,79.35,79.5,425750
2019-11-13 09:15:00+05:30,79.65,80.2,78.9,79.5,706434
2019-11-13 10:15:00+05:30,79.5,79.9,79.2,79.6,304592
2019-11-13 11:15:00+05:30,79.6,81.7,79.45,80.45,1309514
2019-11-13 12:15:00+05:30,80.45,80.6,79.7,79.95,448071
2019-11-13 13:15:00+05:30,79.95,80.0,79.1,79.3,510426
2019-11-13 14:15:00+05:30,79.3,79.4,78.3,78.5,710910
2019-11-13 15:15:00+05:30,78.5,78.6,78.0,78.25,349053
2019-11-14 09:15:00+05:30,78.3,78.3,76.05,76.5,1176238
2019-11-14 10:15:00+05:30,76.5,77.45,76.4,77.0,335564
2019-11-14 11:15:00+05:30,77.0,77.1,75.75,75.95,502097
2019-11-14 12:15:00+05:30,75.95,76.35,75.8,76.15,276242
2019-11-14 13:15:00+05:30,76.15,76.8,76.0,76.55,307965
2019-11-14 14:15:00+05:30,76.55,77.0,76.05,76.65,570527
2019-11-14 15:15:00+05:30,76.65,77.0,76.45,76.7,325053
2019-11-15 09:15:00+05:30,78.5,80.7,78.0,79.05,3931128
2019-11-15 10:15:00+05:30,79.05,79.45,78.1,78.5,757902
2019-11-15 11:15:00+05:30,78.4,78.65,77.75,78.3,660966
2019-11-15 12:15:00+05:30,78.25,79.15,77.9,78.75,687430
2019-11-15 13:15:00+05:30,78.7,79.1,78.25,78.7,340702
2019-11-15 14:15:00+05:30,78.7,78.9,77.65,78.1,748525
2019-11-15 15:15:00+05:30,78.15,78.75,78.1,78.3,669667
2019-11-18 09:15:00+05:30,78.7,79.8,78.25,78.7,1450524
2019-11-18 10:15:00+05:30,78.7,79.3,78.6,79.05,574928
2019-11-18 11:15:00+05:30,79.05,79.15,78.65,78.85,136766
2019-11-18 12:15:00+05:30,78.85,79.8,78.85,79.25,507430
2019-11-18 13:15:00+05:30,79.25,79.75,78.95,79.35,511877
2019-11-18 14:15:00+05:30,79.35,79.35,78.5,78.7,1013994
2019-11-18 15:15:00+05:30,78.7,78.75,78.35,78.55,920842
2019-11-19 09:15:00+05:30,79.0,79.2,77.6,77.7,618643
2019-11-19 10:15:00+05:30,77.7,78.2,77.6,77.65,199858
2019-11-19 11:15:00+05:30,77.65,77.95,77.3,77.6,580404
2019-11-19 12:15:00+05:30,77.6,77.65,77.0,77.35,266855
2019-11-19 13:15:00+05:30,77.35,77.7,77.25,77.25,138298
2019-11-19 14:15:00+05:30,77.3,77.45,76.95,77.4,352751
2019-11-19 15:15:00+05:30,77.4,77.8,77.2,77.45,404064
2019-11-20 09:15:00+05:30,77.45,78.0,76.8,77.8,694051
2019-11-20 10:15:00+05:30,77.8,78.35,77.25,77.3,479109
2019-11-20 11:15:00+05:30,77.3,78.15,77.25,78.0,357915
2019-11-20 12:15:00+05:30,78.0,78.7,77.7,77.8,464391
2019-11-20 13:15:00+05:30,77.8,77.85,77.25,77.35,380239
2019-11-20 14:15:00+05:30,77.25,77.4,76.3,77.0,1930350
2019-11-20 15:15:00+05:30,77.0,77.1,76.65,76.75,373640
2019-11-21 09:15:00+05:30,77.25,77.3,75.95,77.2,1064930
2019-11-21 10:15:00+05:30,77.2,78.25,76.85,77.35,698383
2019-11-21 11:15:00+05:30,77.3,77.4,76.6,76.8,465440
2019-11-21 12:15:00+05:30,76.85,77.0,76.5,76.8,219800
2019-11-21 13:15:00+05:30,76.8,76.8,76.2,76.45,362427
2019-11-21 14:15:00+05:30,76.45,76.55,74.65,75.3,995968
2019-11-21 15:15:00+05:30,75.3,75.55,75.2,75.3,294568
2019-11-22 09:15:00+05:30,75.75,75.9,74.35,74.55,699938
2019-11-22 10:15:00+05:30,74.55,74.95,74.2,74.45,371194
2019-11-22 11:15:00+05:30,74.45,74.45,73.65,73.95,666361
2019-11-22 12:15:00+05:30,73.95,74.15,73.7,73.85,190265
2019-11-22 13:15:00+05:30,73.85,74.4,73.85,74.15,224657
2019-11-22 14:15:00+05:30,74.15,74.7,74.1,74.45,596560
2019-11-22 15:15:00+05:30,74.45,74.6,74.35,74.35,314097
2019-11-25 09:15:00+05:30,74.1,75.3,73.2,75.2,1455312
2019-11-25 10:15:00+05:30,75.2,75.3,74.15,74.2,713436
2019-11-25 11:15:00+05:30,74.2,74.85,74.2,74.7,362697
2019-11-25 12:15:00+05:30,74.7,75.55,74.55,75.55,420065
2019-11-25 13:15:00+05:30,75.45,76.3,75.35,75.95,671060
2019-11-25 14:15:00+05:30,75.95,76.4,75.7,76.15,574356
2019-11-25 15:15:00+05:30,76.15,76.3,75.85,76.3,390576
2019-11-26 09:15:00+05:30,76.5,76.6,75.35,75.55,803848
2019-11-26 10:15:00+05:30,75.55,75.65,74.4,74.65,508273
2019-11-26 11:15:00+05:30,74.65,75.0,74.65,74.9,318267
2019-11-26 12:15:00+05:30,74.9,75.9,74.85,75.65,491985
2019-11-26 13:15:00+05:30,75.65,75.65,74.85,74.95,463096
2019-11-26 14:15:00+05:30,74.9,75.0,73.65,73.8,730530
2019-11-26 15:15:00+05:30,73.8,74.4,73.75,74.0,322707
2019-11-27 09:15:00+05:30,74.45,76.5,74.0,76.05,1675152
2019-11-27 10:15:00+05:30,76.05,76.2,74.7,75.15,908439
2019-11-27 11:15:00+05:30,75.1,75.3,74.2,74.45,548862
2019-11-27 12:15:00+05:30,74.5,74.75,74.3,74.45,348779
2019-11-27 13:15:00+05:30,74.45,74.6,74.05,74.15,419007
2019-11-27 14:15:00+05:30,74.15,74.6,74.05,74.3,650911
2019-11-27 15:15:00+05:30,74.35,74.35,74.0,74.15,469762
2019-11-28 09:15:00+05:30,73.6,74.0,72.55,72.6,1124771
2019-11-28 10:15:00+05:30,72.6,72.95,72.05,72.4,691365
2019-11-28 11:15:00+05:30,72.4,73.25,72.4,72.95,420845
2019-11-28 12:15:00+05:30,72.95,73.75,72.75,73.7,693513
2019-11-28 13:15:00+05:30,73.7,73.9,72.9,73.25,438163
2019-11-28 14:15:00+05:30,73.25,73.35,72.7,73.3,480448
2019-11-28 15:15:00+05:30,73.25,73.5,73.15,73.3,358012
2019-11-29 09:15:00+05:30,72.75,74.25,72.7,73.55,1405175
2019-11-29 10:15:00+05:30,73.55,73.85,73.2,73.3,379031
2019-11-29 11:15:00+05:30,73.3,73.7,71.9,72.25,651138
2019-11-29 12:15:00+05:30,72.25,72.8,72.15,72.4,299948
2019-11-29 13:15:00+05:30,72.4,72.5,71.4,71.5,437225
2019-11-29 14:15:00+05:30,71.5,71.8,71.0,71.3,561533
2019-11-29 15:15:00+05:30,71.3,71.6,71.1,71.4,245039
2019-12-02 09:15:00+05:30,71.35,71.9,70.4,70.9,946936
2019-12-02 10:15:00+05:30,70.9,71.05,70.0,70.15,431058
2019-12-02 11:15:00+05:30,70.15,70.85,70.1,70.65,228752
2019-12-02 12:15:00+05:30,70.65,70.8,70.0,70.15,227163
2019-12-02 13:15:00+05:30,70.15,70.4,69.85,70.2,258483
2019-12-02 14:15:00+05:30,70.2,70.5,69.75,69.8,521263
2019-12-02 15:15:00+05:30,69.8,70.05,69.7,69.7,415868
2019-12-03 09:15:00+05:30,70.3,70.4,68.05,68.45,1148713
2019-12-03 10:15:00+05:30,68.45,68.85,67.7,67.8,821785
2019-12-03 11:15:00+05:30,67.8,67.95,66.85,67.1,557223
2019-12-03 12:15:00+05:30,67.1,67.35,66.7,66.95,428263
2019-12-03 13:15:00+05:30,66.95,67.2,66.25,66.4,520752
2019-12-03 14:15:00+05:30,66.4,66.9,66.25,66.55,616251
2019-12-03 15:15:00+05:30,66.55,67.05,66.45,66.85,653757
2019-12-04 09:15:00+05:30,67.0,68.6,66.7,68.5,1640431
2019-12-04 10:15:00+05:30,68.5,69.6,68.2,69.25,1719646
2019-12-04 11:15:00+05:30,69.2,69.95,68.45,69.8,1215876
2019-12-04 12:15:00+05:30,69.8,70.0,68.85,68.95,867433
2019-12-04 13:15:00+05:30,68.95,70.75,68.85,70.15,1702331
2019-12-04 14:15:00+05:30,70.1,70.6,69.7,70.4,1959857
2019-12-04 15:15:00+05:30,70.4,70.65,70.0,70.2,711126
2019-12-05 09:15:00+05:30,70.95,71.45,69.5,69.8,2417838
2019-12-05 10:15:00+05:30,69.8,70.0,68.95,69.75,710854
2019-12-05 11:15:00+05:30,69.75,69.9,68.9,69.45,428328
2019-12-05 12:15:00+05:30,69.45,70.0,69.15,69.45,389618
2019-12-05 13:15:00+05:30,69.5,69.75,69.15,69.75,267904
2019-12-05 14:15:00+05:30,69.75,69.85,68.5,69.4,788599
2019-12-05 15:15:00+05:30,69.4,69.6,69.0,69.0,481910
2019-12-06 09:15:00+05:30,69.25,70.5,69.0,70.0,1673948
2019-12-06 10:15:00+05:30,70.0,70.05,68.8,68.9,798653
2019-12-06 11:15:00+05:30,68.9,68.95,67.95,68.3,470475
2019-12-06 12:15:00+05:30,68.3,68.75,68.15,68.3,283184
2019-12-06 13:15:00+05:30,68.3,68.45,67.4,67.8,457262
2019-12-06 14:15:00+05:30,67.85,68.3,67.5,68.0,605342
2019-12-06 15:15:00+05:30,68.05,68.1,67.5,67.7,467816
2019-12-09 09:15:00+05:30,67.5,68.7,67.0,68.6,1063016
2019-12-09 10:15:00+05:30,68.6,69.45,68.2,69.1,871617
2019-12-09 11:15:00+05:30,69.1,69.1,67.85,67.9,795244
2019-12-09 12:15:00+05:30,67.9,68.7,67.9,68.6,402231
2019-12-09 13:15:00+05:30,68.6,68.7,67.85,67.9,416172
2019-12-09 14:15:00+05:30,67.9,67.9,66.0,66.25,1297382
2019-12-09 15:15:00+05:30,66.25,66.85,66.2,66.85,424675
2019-12-10 09:15:00+05:30,66.85,67.4,65.25,65.3,1816980
2019-12-10 10:15:00+05:30,65.3,65.65,64.65,65.0,655100
2019-12-10 11:15:00+05:30,65.0,65.5,64.5,65.35,687029
2019-12-10 12:15:00+05:30,65.35,66.95,65.3,66.6,1107820
2019-12-10 13:15:00+05:30,66.6,66.65,65.4,65.5,335011
2019-12-10 14:15:00+05:30,65.45,65.55,64.9,65.3,729509
2019-12-10 15:15:00+05:30,65.3,65.6,65.3,65.55,359572
2019-12-11 09:15:00+05:30,65.8,65.95,65.05,65.7,856564
2019-12-11 10:15:00+05:30,65.7,65.95,65.3,65.3,419511
2019-12-11 11:15:00+05:30,65.3,65.4,64.25,64.55,528028
2019-12-11 12:15:00+05:30,64.55,64.95,63.95,63.95,378269
2019-12-11 13:15:00+05:30,63.95,64.95,63.85,64.5,599243
2019-12-11 14:15:00+05:30,64.5,65.95,63.85,65.85,1017527
2019-12-11 15:15:00+05:30,65.95,66.35,65.8,66.15,437672
2019-12-12 09:15:00+05:30,66.9,67.2,65.75,67.0,2263157
2019-12-12 10:15:00+05:30,66.95,67.95,66.2,67.8,4460787
2019-12-12 11:15:00+05:30,67.8,69.15,67.75,69.05,1291915
2019-12-12 12:15:00+05:30,69.05,70.1,68.65,70.05,951644
2019-12-12 13:15:00+05:30,70.1,70.9,69.65,70.8,1256053
2019-12-12 14:15:00+05:30,70.8,71.55,70.25,70.35,2055356
2019-12-12 15:15:00+05:30,70.35,70.8,70.15,70.25,749351
2019-12-13 09:15:00+05:30,72.5,74.75,71.65,74.45,5437528
2019-12-13 10:15:00+05:30,74.4,74.5,72.2,72.55,2124142
2019-12-13 11:15:00+05:30,72.55,73.2,72.35,72.85,669323
2019-12-13 12:15:00+05:30,72.9,72.95,72.15,72.35,1002435
2019-12-13 13:15:00+05:30,72.35,73.05,71.5,72.3,1429008
2019-12-13 14:15:00+05:30,72.35,72.9,72.3,72.8,986985
2019-12-13 15:15:00+05:30,72.9,73.05,72.7,73.0,833565
2019-12-16 09:15:00+05:30,73.0,74.05,71.95,72.2,1759782
2019-12-16 10:15:00+05:30,72.2,72.7,71.8,72.45,488579
2019-12-16 11:15:00+05:30,72.45,72.7,72.05,72.4,361214
2019-12-16 12:15:00+05:30,72.4,72.6,72.15,72.35,337469
2019-12-16 13:15:00+05:30,72.35,72.9,72.25,72.6,298338
2019-12-16 14:15:00+05:30,72.6,72.7,72.25,72.65,374368
2019-12-16 15:15:00+05:30,72.65,73.0,72.6,72.8,372597
2019-12-17 09:15:00+05:30,73.2,73.95,72.8,73.4,1023691
2019-12-17 10:15:00+05:30,73.4,73.5,73.0,73.45,421289
2019-12-17 11:15:00+05:30,73.5,75.15,73.0,75.05,941837
2019-12-17 12:15:00+05:30,75.05,75.8,75.0,75.45,1335663
2019-12-17 13:15:00+05:30,75.45,75.8,75.2,75.35,720223
2019-12-17 14:15:00+05:30,75.35,75.7,75.1,75.6,838768
2019-12-17 15:15:00+05:30,75.6,75.65,75.25,75.25,491941
2019-12-18 09:15:00+05:30,75.9,76.85,75.25,75.65,2477537
2019-12-18 10:15:00+05:30,75.65,75.75,74.8,75.2,883835
2019-12-18 11:15:00+05:30,75.25,75.35,74.85,75.1,361055
2019-12-18 12:15:00+05:30,75.1,75.1,74.25,74.3,528388
2019-12-18 13:15:00+05:30,74.3,74.85,73.95,74.75,572684
2019-12-18 14:15:00+05:30,74.75,75.45,71.7,72.9,2434995
2019-12-18 15:15:00+05:30,72.9,73.55,71.65,73.2,1764404
2019-12-19 09:15:00+05:30,72.9,73.9,72.45,73.85,2412492
2019-12-19 10:15:00+05:30,73.85,74.1,73.25,73.85,610393
2019-12-19 11:15:00+05:30,73.85,74.25,73.4,74.0,699846
2019-12-19 12:15:00+05:30,74.0,74.15,73.35,73.85,476574
2019-12-19 13:15:00+05:30,73.85,74.2,73.65,74.0,315056
2019-12-19 14:15:00+05:30,74.0,74.8,74.0,74.7,1184574
2019-12-19 15:15:00+05:30,74.7,74.95,74.5,74.65,653643
2019-12-20 09:15:00+05:30,75.05,75.35,74.1,74.3,1420593
2019-12-20 10:15:00+05:30,74.3,74.65,74.05,74.15,696710
2019-12-20 11:15:00+05:30,74.15,74.7,74.15,74.45,479847
2019-12-20 12:15:00+05:30,74.5,75.15,74.4,74.6,916142
2019-12-20 13:15:00+05:30,74.6,74.65,73.3,74.0,906534
2019-12-20 14:15:00+05:30,74.0,74.45,72.4,72.5,3953670
2019-12-20 15:15:00+05:30,72.5,72.7,72.0,72.5,2660905
2019-12-23 09:15:00+05:30,72.9,73.05,71.6,72.95,1658193
2019-12-23 10:15:00+05:30,73.0,74.05,72.7,73.4,1157291
2019-12-23 11:15:00+05:30,73.4,73.55,73.1,73.3,493392
2019-12-23 12:15:00+05:30,73.3,73.65,73.25,73.3,408232
2019-12-23 13:15:00+05:30,73.3,73.45,72.9,73.1,536253
2019-12-23 14:15:00+05:30,73.1,73.6,72.8,73.6,1003310
2019-12-23 15:15:00+05:30,73.55,73.75,73.45,73.65,535135
2019-12-24 09:15:00+05:30,73.5,73.95,73.3,73.5,932303
2019-12-24 10:15:00+05:30,73.5,73.95,73.4,73.9,479314
2019-12-24 11:15:00+05:30,73.9,74.3,73.8,74.1,553904
2019-12-24 12:15:00+05:30,74.1,74.15,73.45,73.7,677768
2019-12-24 13:15:00+05:30,73.7,74.05,73.4,73.65,492819
2019-12-24 14:15:00+05:30,73.65,73.8,73.3,73.6,752509
2019-12-24 15:15:00+05:30,73.55,73.95,73.45,73.65,515416
2019-12-26 09:15:00+05:30,73.85,74.0,72.5,73.1,1005270
2019-12-26 10:15:00+05:30,73.1,73.5,73.0,73.45,460560
2019-12-26 11:15:00+05:30,73.45,74.1,73.2,73.75,854375
2019-12-26 12:15:00+05:30,73.75,73.75,72.3,72.45,624012
2019-12-26 13:15:00+05:30,72.45,72.85,72.4,72.65,433196
2019-12-26 14:15:00+05:30,72.65,73.0,72.5,72.85,453926
2019-12-26 15:15:00+05:30,72.85,73.65,72.55,72.85,456439
2019-12-27 09:15:00+05:30,73.2,73.5,72.6,73.0,635058
2019-12-27 10:15:00+05:30,73.0,73.25,72.7,73.1,298444
2019-12-27 11:15:00+05:30,73.1,73.25,72.7,72.85,324890
2019-12-27 12:15:00+05:30,72.85,72.9,72.3,72.55,352121
2019-12-27 13:15:00+05:30,72.55,73.0,72.15,72.55,523501
2019-12-27 14:15:00+05:30,72.55,72.7,72.25,72.55,423175
2019-12-27 15:15:00+05:30,72.55,72.9,72.5,72.75,560472
2019-12-30 09:15:00+05:30,73.05,73.65,72.7,73.3,859795
2019-12-30 10:15:00+05:30,73.3,74.0,73.15,74.0,510209
2019-12-30 11:15:00+05:30,74.0,75.5,73.4,75.25,1284753
2019-12-30 12:15:00+05:30,75.25,75.95,75.25,75.8,1162020
2019-12-30 13:15:00+05:30,75.8,76.55,75.75,76.25,1290897
2019-12-30 14:15:00+05:30,76.25,77.1,75.95,77.05,1802015
2019-12-30 15:15:00+05:30,77.0,77.05,76.4,76.75,1560808
2019-12-31 09:15:00+05:30,76.95,77.2,75.45,75.7,2140702
2019-12-31 10:15:00+05:30,75.7,76.0,74.95,75.15,1357133
2019-12-31 11:15:00+05:30,75.15,75.6,74.8,75.2,1082306
2019-12-31 12:15:00+05:30,75.2,76.8,75.2,76.45,2350581
2019-12-31 13:15:00+05:30,76.45,77.6,76.35,76.95,1973200
2019-12-31 14:15:00+05:30,76.85,77.3,76.8,77.15,1788831
2019-12-31 15:15:00+05:30,77.2,77.3,76.8,77.25,765325
2020-01-01 09:15:00+05:30,77.35,77.45,76.45,76.75,1015896
2020-01-01 10:15:00+05:30,76.75,76.95,75.8,75.95,555019
2020-01-01 11:15:00+05:30,75.9,76.2,75.65,76.1,389679
2020-01-01 12:15:00+05:30,76.1,76.1,75.65,75.85,265422
2020-01-01 13:15:00+05:30,75.85,76.3,75.8,75.85,333172
2020-01-01 14:15:00+05:30,75.85,75.85,75.5,75.75,390851
2020-01-01 15:15:00+05:30,75.75,76.05,75.7,75.8,545796
2020-01-02 09:15:00+05:30,76.45,77.1,75.85,76.85,1988157
2020-01-02 10:15:00+05:30,76.85,78.15,76.75,77.85,1268170
2020-01-02 11:15:00+05:30,77.85,79.4,77.8,79.3,1336474
2020-01-02 12:15:00+05:30,79.25,79.4,78.85,79.2,777373
2020-01-02 13:15:00+05:30,79.2,80.0,79.2,79.9,999220
2020-01-02 14:15:00+05:30,79.9,80.15,79.5,79.85,1117580
2020-01-02 15:15:00+05:30,79.8,79.9,79.45,79.8,671619
2020-01-03 09:15:00+05:30,79.55,80.0,78.4,79.45,1303290
2020-01-03 10:15:00+05:30,79.45,80.25,78.5,78.6,1119375
2020-01-03 11:15:00+05:30,78.65,78.9,77.85,78.1,744001
2020-01-03 12:15:00+05:30,78.1,78.6,77.95,78.25,951227
2020-01-03 13:15:00+05:30,78.35,78.35,77.55,77.6,494246
2020-01-03 14:15:00+05:30,77.65,78.15,77.05,78.15,821416
2020-01-03 15:15:00+05:30,78.15,78.55,77.75,77.75,491496
2020-01-06 09:15:00+05:30,77.65,78.15,75.85,76.5,1062985
2020-01-06 10:15:00+05:30,76.5,77.0,76.1,76.8,556572
2020-01-06 11:15:00+05:30,76.8,77.2,76.1,76.2,503470
2020-01-06 12:15:00+05:30,76.2,76.9,76.2,76.7,499072
2020-01-06 13:15:00+05:30,76.7,77.25,76.35,76.35,491848
2020-01-06 14:15:00+05:30,76.35,76.4,75.0,75.2,1097151
2020-01-06 15:15:00+05:30,75.2,75.6,75.05,75.3,384323
2020-01-07 09:15:00+05:30,75.75,77.2,75.75,77.1,1045462
2020-01-07 10:15:00+05:30,77.1,77.8,76.05,76.1,998915
2020-01-07 11:15:00+05:30,76.05,76.75,75.0,75.2,1081137
2020-01-07 12:15:00+05:30,75.2,75.7,74.5,74.55,624197
2020-01-07 13:15:00+05:30,74.55,75.3,74.1,75.2,793467
2020-01-07 14:15:00+05:30,75.2,76.25,75.0,76.2,873603
2020-01-07 15:15:00+05:30,76.15,76.3,75.65,75.7,400084
2020-01-08 09:15:00+05:30,74.9,75.8,74.15,75.15,1024663
2020-01-08 10:15:00+05:30,75.2,75.65,74.6,74.7,518546
2020-01-08 11:15:00+05:30,74.7,74.9,73.95,74.2,478993
2020-01-08 12:15:00+05:30,74.2,74.8,74.05,74.4,349885
2020-01-08 13:15:00+05:30,74.4,74.8,73.9,74.5,490787
2020-01-08 14:15:00+05:30,74.5,74.9,74.1,74.55,452816
2020-01-08 15:15:00+05:30,74.6,75.4,74.45,75.3,385889
2020-01-09 09:15:00+05:30,75.9,77.8,75.65,77.65,1521708
2020-01-09 10:15:00+05:30,77.7,78.8,77.7,78.1,1369614
2020-01-09 11:15:00+05:30,78.1,78.45,78.0,78.25,472611
2020-01-09 12:15:00+05:30,78.25,78.85,78.15,78.65,626511
2020-01-09 13:15:00+05:30,78.65,78.9,77.65,77.85,943285
2020-01-09 14:15:00+05:30,77.85,79.65,77.55,79.5,1988510
2020-01-09 15:15:00+05:30,79.5,79.7,79.1,79.5,695179
2020-01-10 09:15:00+05:30,79.75,80.05,78.75,79.4,1421039
2020-01-10 10:15:00+05:30,79.4,79.5,79.0,79.4,937019
2020-01-10 11:15:00+05:30,79.4,80.85,79.2,79.9,1780280
2020-01-10 12:15:00+05:30,79.9,80.2,78.5,78.95,840058
2020-01-10 13:15:00+05:30,78.95,79.45,78.4,78.7,438950
2020-01-10 14:15:00+05:30,78.7,81.8,78.5,81.25,2793495
2020-01-10 15:15:00+05:30,81.3,81.35,80.2,80.3,624416
2020-01-13 09:15:00+05:30,81.25,81.25,79.4,79.5,1286186
2020-01-13 10:15:00+05:30,79.5,80.1,79.4,79.6,591195
2020-01-13 11:15:00+05:30,79.6,80.25,79.5,79.8,747557
2020-01-13 12:15:00+05:30,79.8,80.4,79.65,80.0,404165
2020-01-13 13:15:00+05:30,80.0,80.85,79.9,80.5,738857
2020-01-13 14:15:00+05:30,80.5,81.65,80.1,81.2,1375026
2020-01-13 15:15:00+05:30,81.2,81.25,80.7,80.95,611131
2020-01-14 09:15:00+05:30,81.0,81.9,80.4,81.4,1101778
2020-01-14 10:15:00+05:30,81.4,81.9,80.8,81.25,655920
2020-01-14 11:15:00+05:30,81.25,81.45,81.05,81.35,220731
2020-01-14 12:15:00+05:30,81.35,81.6,81.15,81.2,306656
2020-01-14 13:15:00+05:30,81.2,81.3,80.6,80.75,433812
2020-01-14 14:15:00+05:30,80.75,81.4,80.65,81.0,536343
2020-01-14 15:15:00+05:30,80.9,81.15,80.8,81.0,425013
2020-01-15 09:15:00+05:30,80.9,81.0,80.15,80.35,922222
2020-01-15 10:15:00+05:30,80.35,81.4,80.25,81.05,479890
2020-01-15 11:15:00+05:30,81.05,81.85,80.95,81.3,581207
2020-01-15 12:15:00+05:30,81.3,83.5,81.15,83.25,1441334
2020-01-15 13:15:00+05:30,83.25,84.2,83.2,83.45,1994604
2020-01-15 14:15:00+05:30,83.45,83.85,82.75,83.5,1233568
2020-01-15 15:15:00+05:30,83.5,83.75,83.15,83.5,810761
2020-01-16 09:15:00+05:30,83.4,83.8,82.7,82.85,1029617
2020-01-16 10:15:00+05:30,82.85,82.85,82.3,82.3,447619
2020-01-16 11:15:00+05:30,82.3,83.65,82.15,83.05,531707
2020-01-16 12:15:00+05:30,83.05,84.1,83.0,83.7,638329
2020-01-16 13:15:00+05:30,83.7,83.9,82.95,82.95,339008
2020-01-16 14:15:00+05:30,82.95,83.4,82.6,83.0,796480
2020-01-16 15:15:00+05:30,82.95,83.05,82.55,82.85,417879
2020-01-17 09:15:00+05:30,83.0,83.7,82.25,83.25,973767
2020-01-17 10:15:00+05:30,83.25,83.5,83.15,83.35,302814
2020-01-17 11:15:00+05:30,83.35,83.5,82.15,82.4,729176
2020-01-17 12:15:00+05:30,82.4,83.15,82.3,83.15,341580
2020-01-17 13:15:00+05:30,83.15,83.15,82.55,83.1,445269
2020-01-17 14:15:00+05:30,83.1,83.15,82.4,82.65,524541
2020-01-17 15:15:00+05:30,82.65,82.9,82.4,82.45,263867
2020-01-20 09:15:00+05:30,82.7,83.75,82.0,82.2,1560943
2020-01-20 10:15:00+05:30,82.15,82.35,80.45,81.2,1068240
2020-01-20 11:15:00+05:30,81.2,81.6,80.55,80.65,465204
2020-01-20 12:15:00+05:30,80.6,80.7,80.05,80.4,720956
2020-01-20 13:15:00+05:30,80.4,81.4,80.4,81.15,713176
2020-01-20 14:15:00+05:30,81.15,81.5,80.75,80.9,641984
2020-01-20 15:15:00+05:30,80.85,81.25,80.65,81.0,661353
2020-01-21 09:15:00+05:30,80.9,81.3,79.55,81.0,837624
2020-01-21 10:15:00+05:30,81.0,81.0,79.4,79.7,635800
2020-01-21 11:15:00+05:30,79.7,80.05,79.55,79.8,325246
2020-01-21 12:15:00+05:30,79.8,80.0,79.5,80.0,387417
2020-01-21 13:15:00+05:30,80.0,80.05,79.0,79.05,623562
2020-01-21 14:15:00+05:30,79.05,79.2,78.45,78.6,829195
2020-01-21 15:15:00+05:30,78.7,78.8,78.25,78.3,411651
2020-01-22 09:15:00+05:30,79.5,79.5,77.15,77.25,1154399
2020-01-22 10:15:00+05:30,77.25,77.3,76.3,77.0,918422
2020-01-22 11:15:00+05:30,77.0,77.45,76.2,76.5,464282
2020-01-22 12:15:00+05:30,76.45,76.95,76.35,76.85,445361
2020-01-22 13:15:00+05:30,76.85,77.15,76.45,76.65,435417
2020-01-22 14:15:00+05:30,76.65,77.95,76.6,77.45,1157943
2020-01-22 15:15:00+05:30,77.5,77.75,77.2,77.3,413859
2020-01-23 09:15:00+05:30,77.7,78.4,77.3,78.35,947324
2020-01-23 10:15:00+05:30,78.35,79.0,78.15,78.75,626634
2020-01-23 11:15:00+05:30,78.75,79.95,78.6,79.95,869112
2020-01-23 12:15:00+05:30,79.95,80.25,79.8,79.95,950106
2020-01-23 13:15:00+05:30,80.0,80.0,79.25,79.35,564291
2020-01-23 14:15:00+05:30,79.3,79.9,79.05,79.1,708200
2020-01-23 15:15:00+05:30,79.15,79.15,78.25,79.05,440019
2020-01-24 09:15:00+05:30,79.35,80.45,78.75,80.0,1246760
2020-01-24 10:15:00+05:30,80.0,80.2,79.65,79.8,349775
2020-01-24 11:15:00+05:30,79.8,79.95,79.35,79.65,728443
2020-01-24 12:15:00+05:30,79.65,79.8,79.3,79.65,296306
2020-01-24 13:15:00+05:30,79.65,79.95,79.05,79.15,392837
2020-01-24 14:15:00+05:30,79.15,79.5,78.6,78.85,579913
2020-01-24 15:15:00+05:30,78.85,79.05,78.55,78.9,308391
2020-01-27 09:15:00+05:30,78.4,78.4,76.55,76.9,1182468
2020-01-27 10:15:00+05:30,76.9,77.05,76.35,76.35,696909
2020-01-27 11:15:00+05:30,76.35,77.5,76.35,77.45,952098
2020-01-27 12:15:00+05:30,77.5,77.75,76.7,76.8,446243
2020-01-27 13:15:00+05:30,76.8,77.0,76.05,76.05,945332
2020-01-27 14:15:00+05:30,76.05,76.2,75.3,75.45,1379080
2020-01-27 15:15:00+05:30,75.5,75.65,75.4,75.6,577267
2020-01-28 09:15:00+05:30,76.1,76.5,75.05,75.4,1120144
2020-01-28 10:15:00+05:30,75.4,75.5,74.75,74.9,612078
2020-01-28 11:15:00+05:30,74.9,75.35,74.7,75.0,419126
2020-01-28 12:15:00+05:30,75.0,76.3,74.95,76.2,836207
2020-01-28 13:15:00+05:30,76.25,76.3,75.1,75.2,821261
2020-01-28 14:15:00+05:30,75.2,75.2,73.55,74.45,1467592
2020-01-28 15:15:00+05:30,74.4,74.45,73.5,74.0,481820
2020-01-29 09:15:00+05:30,74.85,77.05,74.7,76.9,1919970
2020-01-29 10:15:00+05:30,76.9,77.1,76.45,76.9,1177348
2020-01-29 11:15:00+05:30,76.9,77.05,76.55,77.0,588120
2020-01-29 12:15:00+05:30,77.0,77.6,76.7,77.5,1439428
2020-01-29 13:15:00+05:30,77.5,77.55,76.5,77.35,1073843
2020-01-29 14:15:00+05:30,77.35,78.0,77.25,77.9,1518495
2020-01-29 15:15:00+05:30,77.9,77.95,77.3,77.6,1116324
2020-01-30 09:15:00+05:30,80.0,80.1,77.1,78.4,4462909
2020-01-30 10:15:00+05:30,78.4,78.65,76.8,77.6,2146995
2020-01-30 11:15:00+05:30,77.6,78.45,77.4,78.3,1215890
2020-01-30 12:15:00+05:30,78.3,78.35,76.6,76.9,1222469
2020-01-30 13:15:00+05:30,76.9,78.2,76.9,77.5,1450827
2020-01-30 14:15:00+05:30,77.5,78.25,77.35,77.85,2182492
2020-01-30 15:15:00+05:30,77.85,77.9,76.65,77.05,1729270
2020-01-31 09:15:00+05:30,78.3,78.3,74.8,75.5,1576455
2020-01-31 10:15:00+05:30,75.5,76.05,75.1,75.65,341592
2020-01-31 11:15:00+05:30,75.65,75.9,75.15,75.2,204291
2020-01-31 12:15:00+05:30,75.2,75.6,74.85,75.45,331366
2020-01-31 13:15:00+05:30,75.45,76.0,75.3,75.45,261546
2020-01-31 14:15:00+05:30,75.45,75.6,74.35,74.65,661659
2020-01-31 15:15:00+05:30,74.65,74.7,73.7,73.9,418472
2020-02-01 09:15:00+05:30,73.75,74.5,73.1,73.45,538964
2020-02-01 10:15:00+05:30,73.45,74.75,73.35,74.45,528376
2020-02-01 11:15:00+05:30,74.45,74.5,72.3,72.35,534530
2020-02-01 12:15:00+05:30,72.35,72.7,71.3,71.5,469463
2020-02-01 13:15:00+05:30,71.5,71.65,69.7,70.95,800923
2020-02-01 14:15:00+05:30,70.95,71.0,68.3,68.65,540190
2020-02-01 15:15:00+05:30,68.55,68.85,68.0,68.75,264766
2020-02-03 09:15:00+05:30,67.9,69.4,67.3,69.2,1064944
2020-02-03 10:15:00+05:30,69.15,69.7,68.0,68.5,636975
2020-02-03 11:15:00+05:30,68.5,68.65,67.55,67.8,220695
2020-02-03 12:15:00+05:30,67.8,68.15,67.5,67.75,149066
2020-02-03 13:15:00+05:30,67.75,67.9,66.5,67.25,338893
2020-02-03 14:15:00+05:30,67.25,68.4,67.0,67.95,424386
2020-02-03 15:15:00+05:30,68.1,68.8,68.0,68.45,209476
2020-02-04 09:15:00+05:30,69.15,69.5,67.8,68.85,742040
2020-02-04 10:15:00+05:30,68.85,69.6,68.75,69.0,304413
2020-02-04 11:15:00+05:30,69.0,69.6,68.8,69.5,276485
2020-02-04 12:15:00+05:30,69.5,69.6,69.1,69.5,247946
2020-02-04 13:15:00+05:30,69.5,70.5,69.0,69.55,819225
2020-02-04 14:15:00+05:30,69.55,70.1,68.65,68.75,535017
2020-02-04 15:15:00+05:30,68.75,69.35,68.5,69.0,325911
2020-02-05 09:15:00+05:30,69.5,72.6,69.3,72.35,1468421
2020-02-05 10:15:00+05:30,72.35,73.0,72.2,72.6,577664
2020-02-05 11:15:00+05:30,72.6,73.45,72.5,73.1,660487
2020-02-05 12:15:00+05:30,73.05,73.9,72.9,73.65,584977
2020-02-05 13:15:00+05:30,73.7,73.8,73.2,73.55,427482
2020-02-05 14:15:00+05:30,73.55,75.8,73.4,75.75,1957186
2020-02-05 15:15:00+05:30,75.75,75.75,74.8,75.25,583617
2020-02-06 09:15:00+05:30,75.4,75.4,73.5,73.55,1018271
2020-02-06 10:15:00+05:30,73.6,74.0,72.6,72.75,639466
2020-02-06 11:15:00+05:30,72.75,73.8,72.75,73.75,399321
2020-02-06 12:15:00+05:30,73.7,74.4,73.45,73.65,457284
2020-02-06 13:15:00+05:30,73.65,74.35,73.5,73.75,310415
2020-02-06 14:15:00+05:30,73.75,74.2,73.2,73.4,381868
2020-02-06 15:15:00+05:30,73.4,73.5,73.0,73.3,263101
2020-02-07 09:15:00+05:30,73.0,73.7,72.2,73.25,580568
2020-02-07 10:15:00+05:30,73.25,73.25,72.6,72.75,213440
2020-02-07 11:15:00+05:30,72.75,72.85,71.5,71.75,286049
2020-02-07 12:15:00+05:30,71.8,72.2,71.3,71.8,331573
2020-02-07 13:15:00+05:30,71.8,72.1,71.5,72.05,187387
2020-02-07 14:15:00+05:30,72.05,72.45,71.7,71.9,348187
2020-02-07 15:15:00+05:30,71.85,71.95,71.5,71.8,247856
2020-02-10 09:15:00+05:30,72.15,72.15,70.4,70.8,535512
2020-02-10 10:15:00+05:30,70.8,70.95,70.05,70.85,314297
2020-02-10 11:15:00+05:30,70.85,70.95,70.5,70.75,126023
2020-02-10 12:15:00+05:30,70.8,70.85,69.55,70.0,327578
2020-02-10 13:15:00+05:30,70.0,70.15,69.55,69.95,168398
2020-02-10 14:15:00+05:30,69.95,70.45,69.75,70.15,363270
2020-02-10 15:15:00+05:30,70.15,70.6,69.6,70.05,186616
2020-02-11 09:15:00+05:30,70.85,72.6,70.85,72.3,667393
2020-02-11 10:15:00+05:30,72.3,72.35,71.8,72.1,210292
2020-02-11 11:15:00+05:30,72.1,72.2,71.75,71.85,78844
2020-02-11 12:15:00+05:30,71.95,72.2,71.75,72.1,96941
2020-02-11 13:15:00+05:30,72.1,72.2,70.5,70.8,251927
2020-02-11 14:15:00+05:30,70.8,71.3,70.05,70.25,494104
2020-02-11 15:15:00+05:30,70.3,70.7,70.1,70.5,190725
2020-02-12 09:15:00+05:30,71.3,71.8,70.55,70.8,396981
2020-02-12 10:15:00+05:30,70.75,70.85,70.4,70.75,165866
2020-02-12 11:15:00+05:30,70.75,70.75,69.7,70.2,280026
2020-02-12 12:15:00+05:30,70.2,70.5,70.05,70.2,110144
2020-02-12 13:15:00+05:30,70.2,70.8,70.05,70.5,134441
2020-02-12 14:15:00+05:30,70.5,71.3,70.25,71.0,389716
2020-02-12 15:15:00+05:30,71.0,71.4,70.9,71.2,220794
2020-02-13 09:15:00+05:30,71.45,71.5,70.4,70.9,279271
2020-02-13 10:15:00+05:30,70.9,70.9,70.55,70.9,131398
2020-02-13 11:15:00+05:30,70.9,70.9,70.1,70.2,184772
2020-02-13 12:15:00+05:30,70.2,70.8,70.2,70.65,135372
2020-02-13 13:15:00+05:30,70.65,70.7,70.3,70.5,76100
2020-02-13 14:15:00+05:30,70.5,70.65,70.3,70.45,135814
2020-02-13 15:15:00+05:30,70.5,70.9,70.5,70.6,171530
2020-02-14 09:15:00+05:30,70.75,72.8,70.75,72.4,879668
2020-02-14 10:15:00+05:30,72.4,72.7,71.35,71.6,368787
2020-02-14 11:15:00+05:30,71.6,72.2,71.5,71.6,144172
2020-02-14 12:15:00+05:30,71.6,71.75,70.5,70.9,314841
2020-02-14 13:15:00+05:30,70.9,71.0,70.4,70.45,342171
2020-02-14 14:15:00+05:30,70.45,70.6,69.75,70.05,443008
2020-02-14 15:15:00+05:30,70.05,70.4,69.85,70.2,201194
2020-02-17 09:15:00+05:30,70.25,70.6,68.3,69.3,473617
2020-02-17 10:15:00+05:30,69.3,69.4,69.05,69.25,119056
2020-02-17 11:15:00+05:30,69.25,70.75,69.15,70.1,326396
2020-02-17 12:15:00+05:30,70.1,70.4,69.3,69.5,102268
2020-02-17 13:15:00+05:30,69.5,70.2,69.35,69.65,152384
2020-02-17 14:15:00+05:30,69.65,69.75,68.45,69.0,1289940
2020-02-17 15:15:00+05:30,69.0,69.2,68.6,69.2,384545
2020-02-18 09:15:00+05:30,68.7,68.7,66.5,66.7,482376
2020-02-18 10:15:00+05:30,66.7,66.8,65.6,65.9,337451
2020-02-18 11:15:00+05:30,65.9,66.0,65.3,65.6,312288
2020-02-18 12:15:00+05:30,65.55,66.1,65.35,65.35,456691
2020-02-18 13:15:00+05:30,65.35,65.55,64.55,64.85,865010
2020-02-18 14:15:00+05:30,64.85,66.5,64.7,66.5,837188
2020-02-18 15:15:00+05:30,66.5,66.8,66.2,66.75,353031
2020-02-19 09:15:00+05:30,66.7,67.5,63.7,63.8,1295624
2020-02-19 10:15:00+05:30,63.8,63.8,62.55,62.8,999923
2020-02-19 11:15:00+05:30,62.8,64.0,62.6,63.65,654757
2020-02-19 12:15:00+05:30,63.65,64.35,63.3,64.1,469405
2020-02-19 13:15:00+05:30,64.1,64.5,63.8,63.95,536811
2020-02-19 14:15:00+05:30,63.95,64.2,63.6,63.9,537202
2020-02-19 15:15:00+05:30,63.9,64.15,63.5,64.0,365880
2020-02-20 09:15:00+05:30,63.95,65.6,63.55,64.75,904911
2020-02-20 10:15:00+05:30,64.75,65.75,64.75,65.5,269433
2020-02-20 11:15:00+05:30,65.5,66.1,65.2,65.95,387882
2020-02-20 12:15:00+05:30,65.95,66.0,65.5,65.75,202460
2020-02-20 13:15:00+05:30,65.75,65.75,64.5,65.15,340978
2020-02-20 14:15:00+05:30,65.1,65.4,64.7,65.0,400699
2020-02-20 15:15:00+05:30,65.0,65.1,64.6,64.9,240263
2020-02-24 09:15:00+05:30,63.5,63.5,62.0,62.8,761638
2020-02-24 10:15:00+05:30,62.8,63.35,62.8,63.2,141881
2020-02-24 11:15:00+05:30,63.3,63.55,63.1,63.4,177808
2020-02-24 12:15:00+05:30,63.4,63.45,63.1,63.2,93093
2020-02-24 13:15:00+05:30,63.2,63.2,62.05,62.75,278672
2020-02-24 14:15:00+05:30,62.75,62.8,61.25,61.4,464962
2020-02-24 15:15:00+05:30,61.4,62.05,61.25,61.7,250102
2020-02-25 09:15:00+05:30,62.0,62.65,60.8,61.4,560026
2020-02-25 10:15:00+05:30,61.4,61.6,61.05,61.55,178022
2020-02-25 11:15:00+05:30,61.55,62.1,61.4,61.9,223212
2020-02-25 12:15:00+05:30,61.9,62.1,61.0,61.3,185997
2020-02-25 13:15:00+05:30,61.3,61.5,60.5,60.65,338753
2020-02-25 14:15:00+05:30,60.65,61.6,60.5,61.55,356045
2020-02-25 15:15:00+05:30,61.5,62.2,61.5,62.2,292831
2020-02-26 09:15:00+05:30,59.3,61.4,59.3,61.15,1073039
2020-02-26 10:15:00+05:30,61.1,61.15,60.25,60.55,795981
2020-02-26 11:15:00+05:30,60.55,60.95,60.5,60.8,196011
2020-02-26 12:15:00+05:30,60.8,60.95,60.7,60.85,129520
2020-02-26 13:15:00+05:30,60.85,61.7,60.8,60.8,296101
2020-02-26 14:15:00+05:30,60.8,60.95,60.1,60.8,474656
2020-02-26 15:15:00+05:30,60.8,60.85,60.3,60.4,232762
2020-02-27 09:15:00+05:30,60.55,60.85,59.15,59.15,495674
2020-02-27 10:15:00+05:30,59.15,59.3,58.55,58.9,496006
2020-02-27 11:15:00+05:30,58.9,58.9,58.3,58.65,336388
2020-02-27 12:15:00+05:30,58.65,59.5,58.6,59.3,222695
2020-02-27 13:15:00+05:30,59.3,59.55,58.8,59.2,283028
2020-02-27 14:15:00+05:30,59.05,60.95,59.05,60.7,570289
2020-02-27 15:15:00+05:30,60.7,60.9,59.65,59.65,229644
2020-02-28 09:15:00+05:30,57.05,58.5,54.5,55.3,1548259
2020-02-28 10:15:00+05:30,55.2,56.3,55.2,55.3,549198
2020-02-28 11:15:00+05:30,55.3,55.6,55.0,55.3,375064
2020-02-28 12:15:00+05:30,55.3,55.95,55.2,55.45,315949
2020-02-28 13:15:00+05:30,55.55,55.75,55.2,55.6,725525
2020-02-28 14:15:00+05:30,55.6,55.9,55.0,55.35,2749205
2020-02-28 15:15:00+05:30,55.35,55.8,55.05,55.5,417770
2020-03-02 09:15:00+05:30,57.0,57.0,54.7,55.85,802260
2020-03-02 10:15:00+05:30,55.85,56.3,55.35,55.75,220396
2020-03-02 11:15:00+05:30,55.7,56.3,55.15,55.65,247043
2020-03-02 12:15:00+05:30,55.65,55.75,54.5,54.8,365624
2020-03-02 13:15:00+05:30,54.9,56.5,54.75,55.9,601034
2020-03-02 14:15:00+05:30,56.0,56.4,54.1,54.2,1637477
2020-03-02 15:15:00+05:30,54.2,54.6,53.85,54.4,208613
2020-03-03 09:15:00+05:30,54.9,56.15,54.75,55.1,549361
2020-03-03 10:15:00+05:30,55.15,55.3,54.75,54.95,213367
2020-03-03 11:15:00+05:30,54.95,55.2,54.7,54.8,231918
2020-03-03 12:15:00+05:30,54.8,55.3,54.75,55.0,260946
2020-03-03 13:15:00+05:30,55.0,55.25,54.8,55.15,220553
2020-03-03 14:15:00+05:30,55.15,56.4,54.95,55.95,814138
2020-03-03 15:15:00+05:30,55.95,56.9,55.9,56.9,244148
2020-03-04 09:15:00+05:30,55.85,55.85,54.6,55.4,704066
2020-03-04 10:15:00+05:30,55.4,55.45,54.95,55.25,765097
2020-03-04 11:15:00+05:30,55.25,56.05,55.25,55.3,766756
2020-03-04 12:15:00+05:30,55.3,55.5,53.5,53.65,998404
2020-03-04 13:15:00+05:30,53.65,53.65,52.65,52.85,619043
2020-03-04 14:15:00+05:30,52.8,54.4,52.7,54.1,1070700
2020-03-04 15:15:00+05:30,54.1,55.2,53.9,55.2,424190
2020-03-05 09:15:00+05:30,55.0,55.8,54.2,54.7,928853
2020-03-05 10:15:00+05:30,54.7,55.35,54.3,54.85,310649
2020-03-05 11:15:00+05:30,54.85,55.5,54.75,55.15,229935
2020-03-05 12:15:00+05:30,55.15,55.55,54.75,55.0,332012
2020-03-05 13:15:00+05:30,55.05,55.3,53.3,53.8,640719
2020-03-05 14:15:00+05:30,53.8,54.55,53.4,53.9,715127
2020-03-05 15:15:00+05:30,53.9,54.15,53.4,53.55,349972
2020-03-06 09:15:00+05:30,50.8,50.8,48.85,50.35,671115
2020-03-06 10:15:00+05:30,50.35,50.35,49.55,49.8,334398
2020-03-06 11:15:00+05:30,49.8,49.9,49.25,49.8,265693
2020-03-06 12:15:00+05:30,49.8,50.4,49.65,50.2,233466
2020-03-06 13:15:00+05:30,50.2,50.35,49.65,50.0,343562
2020-03-06 14:15:00+05:30,50.0,50.15,49.6,50.1,342555
2020-03-06 15:15:00+05:30,50.05,50.2,49.5,49.75,309407
2020-03-09 09:15:00+05:30,46.15,47.95,46.15,46.9,675408
2020-03-09 10:15:00+05:30,46.9,47.35,46.7,47.1,397872
2020-03-09 11:15:00+05:30,47.1,47.35,46.9,47.2,423492
2020-03-09 12:15:00+05:30,47.2,47.4,46.0,46.1,503276
2020-03-09 13:15:00+05:30,46.0,46.45,45.55,46.25,465378
2020-03-09 14:15:00+05:30,46.25,46.7,45.8,46.25,430453
2020-03-09 15:15:00+05:30,46.15,46.3,45.65,45.85,206187
2020-03-11 09:15:00+05:30,45.8,46.7,45.4,45.5,1003635
2020-03-11 10:15:00+05:30,45.5,45.6,44.65,44.95,411717
2020-03-11 11:15:00+05:30,44.95,45.35,44.65,45.05,353685
2020-03-11 12:15:00+05:30,45.05,45.25,44.75,44.95,313147
2020-03-11 13:15:00+05:30,44.95,45.0,43.3,43.5,812984
2020-03-11 14:15:00+05:30,43.5,43.85,43.35,43.5,473290
2020-03-11 15:15:00+05:30,43.5,43.75,43.0,43.4,318017
2020-03-12 09:15:00+05:30,41.7,41.7,37.3,38.65,1254302
2020-03-12 10:15:00+05:30,38.65,38.95,37.75,38.0,628588
2020-03-12 11:15:00+05:30,38.05,43.5,37.9,43.05,6591202
2020-03-12 12:15:00+05:30,43.05,44.9,42.95,43.55,8206961
2020-03-12 13:15:00+05:30,43.5,45.25,42.4,43.15,5935002
2020-03-12 14:15:00+05:30,43.15,44.3,41.45,44.05,5953416
2020-03-12 15:15:00+05:30,44.05,44.95,44.0,44.7,1295669
2020-03-13 09:15:00+05:30,40.5,40.5,39.25,39.75,406418
2020-03-13 10:15:00+05:30,39.75,46.6,39.05,45.65,3067806
2020-03-13 11:15:00+05:30,45.65,46.25,45.0,45.6,1413010
2020-03-13 12:15:00+05:30,45.6,48.7,45.5,48.5,2300376
2020-03-13 13:15:00+05:30,48.5,48.55,47.5,48.0,3058513
2020-03-13 14:15:00+05:30,48.0,48.1,45.4,48.0,3932358
2020-03-13 15:15:00+05:30,48.05,48.2,48.0,48.15,1158239
2020-03-16 09:15:00+05:30,45.4,47.45,45.0,47.2,969512
2020-03-16 10:15:00+05:30,47.2,47.3,45.85,46.85,856130
2020-03-16 11:15:00+05:30,46.85,47.1,46.0,46.05,578059
2020-03-16 12:15:00+05:30,46.05,46.35,45.15,45.15,395771
2020-03-16 13:15:00+05:30,45.15,45.2,42.5,42.5,693080
2020-03-16 14:15:00+05:30,42.6,43.2,42.0,42.05,854487
2020-03-16 15:15:00+05:30,42.05,42.15,41.0,41.2,408176
2020-03-17 09:15:00+05:30,42.0,43.8,41.6,43.5,1011634
2020-03-17 10:15:00+05:30,43.55,44.1,43.0,43.1,399668
2020-03-17 11:15:00+05:30,43.1,43.15,42.5,42.75,248882
2020-03-17 12:15:00+05:30,42.75,43.1,41.7,41.7,335520
2020-03-17 13:15:00+05:30,41.7,41.95,40.15,40.35,616370
2020-03-17 14:15:00+05:30,40.35,40.35,39.0,39.25,1039285
2020-03-17 15:15:00+05:30,39.25,39.35,38.7,38.95,387403
2020-03-18 09:15:00+05:30,41.0,41.35,39.2,39.45,802685
2020-03-18 10:15:00+05:30,39.45,40.55,39.35,39.7,443165
2020-03-18 11:15:00+05:30,39.65,39.95,39.1,39.2,278913
2020-03-18 12:15:00+05:30,39.2,39.7,39.0,39.15,287480
2020-03-18 13:15:00+05:30,39.15,39.25,37.8,38.05,569344
2020-03-18 14:15:00+05:30,38.05,38.7,37.0,37.05,671693
2020-03-18 15:15:00+05:30,37.05,38.3,36.6,37.2,570461
2020-03-19 09:15:00+05:30,35.9,35.9,34.1,35.1,1077829
2020-03-19 10:15:00+05:30,35.05,35.25,34.0,34.5,1285419
2020-03-19 11:15:00+05:30,34.5,34.5,33.15,33.75,1260703
2020-03-19 12:15:00+05:30,33.75,34.5,33.65,34.05,1069236
2020-03-19 13:15:00+05:30,34.1,34.2,33.5,33.95,1345469
2020-03-19 14:15:00+05:30,33.95,34.0,32.6,32.65,1144560
2020-03-19 15:15:00+05:30,32.65,32.7,32.15,32.3,616970
2020-03-20 09:15:00+05:30,32.9,34.2,32.5,33.55,908568
2020-03-20 10:15:00+05:30,33.65,33.95,33.25,33.45,530635
2020-03-20 11:15:00+05:30,33.45,33.65,33.25,33.5,706643
2020-03-20 12:15:00+05:30,33.5,33.95,33.3,33.5,1017532
2020-03-20 13:15:00+05:30,33.5,33.7,32.0,32.1,1939093
2020-03-20 14:15:00+05:30,32.1,32.9,32.0,32.55,1154729
2020-03-20 15:15:00+05:30,32.5,32.85,32.2,32.7,681616
2020-03-23 09:15:00+05:30,29.25,30.6,29.25,29.65,506769
2020-03-23 10:15:00+05:30,29.65,30.2,29.55,29.75,150929
2020-03-23 11:15:00+05:30,29.8,29.9,29.25,29.45,432127
2020-03-23 12:15:00+05:30,29.4,29.6,29.25,29.35,394792
2020-03-23 13:15:00+05:30,29.3,29.7,29.25,29.25,405918
2020-03-23 14:15:00+05:30,29.3,29.7,29.25,29.35,1480221
2020-03-23 15:15:00+05:30,29.35,29.9,29.3,29.65,522036
2020-03-24 09:15:00+05:30,30.4,30.9,28.7,29.1,533304
2020-03-24 10:15:00+05:30,29.05,30.0,28.4,29.8,314313
2020-03-24 11:15:00+05:30,29.8,30.3,29.75,30.25,444550
2020-03-24 12:15:00+05:30,30.25,30.95,30.25,30.85,298301
2020-03-24 13:15:00+05:30,30.8,30.95,29.65,30.05,911887
2020-03-24 14:15:00+05:30,30.05,30.1,29.75,29.85,3440463
2020-03-24 15:15:00+05:30,29.85,32.5,29.7,31.6,749655
2020-03-25 09:15:00+05:30,30.5,30.65,29.2,29.55,555089
2020-03-25 10:15:00+05:30,29.55,30.2,29.55,29.6,351554
2020-03-25 11:15:00+05:30,29.6,29.95,29.5,29.85,315034
2020-03-25 12:15:00+05:30,29.8,30.4,29.8,30.35,305215
2020-03-25 13:15:00+05:30,30.3,30.9,29.9,29.95,691964
2020-03-25 14:15:00+05:30,29.9,30.2,29.8,29.85,369076
2020-03-25 15:15:00+05:30,29.85,30.2,29.8,29.8,221767
2020-03-26 09:15:00+05:30,30.3,31.0,29.3,30.85,781631
2020-03-26 10:15:00+05:30,30.85,32.45,30.5,30.65,756204
2020-03-26 11:15:00+05:30,30.65,30.9,30.1,30.85,417527
2020-03-26 12:15:00+05:30,30.85,31.75,30.75,31.1,513859
2020-03-26 13:15:00+05:30,31.1,31.15,30.0,30.25,452330
2020-03-26 14:15:00+05:30,30.25,30.6,29.8,29.8,635984
2020-03-26 15:15:00+05:30,29.8,30.45,29.75,30.25,413762
2020-03-27 09:15:00+05:30,31.0,32.25,30.9,31.4,1032499
2020-03-27 10:15:00+05:30,31.4,31.7,30.35,30.4,455691
2020-03-27 11:15:00+05:30,30.4,30.95,30.2,30.75,254041
2020-03-27 12:15:00+05:30,30.75,30.8,30.25,30.45,163759
2020-03-27 13:15:00+05:30,30.45,30.65,30.1,30.65,377499
2020-03-27 14:15:00+05:30,30.65,30.7,30.2,30.45,449646
2020-03-27 15:15:00+05:30,30.45,30.95,30.3,30.4,396519
2020-03-30 09:15:00+05:30,30.0,30.25,29.05,29.95,419360
2020-03-30 10:15:00+05:30,29.95,30.95,29.85,30.65,546655
2020-03-30 11:15:00+05:30,30.65,30.85,30.15,30.3,296787
2020-03-30 12:15:00+05:30,30.3,30.5,30.1,30.15,156660
2020-03-30 13:15:00+05:30,30.15,30.4,30.0,30.25,166780
2020-03-30 14:15:00+05:30,30.25,30.3,29.9,30.0,259983
2020-03-30 15:15:00+05:30,30.0,30.4,29.9,30.4,126027
2020-03-31 09:15:00+05:30,30.9,31.3,30.0,30.0,446017
2020-03-31 10:15:00+05:30,30.0,30.95,30.0,30.6,426039
2020-03-31 11:15:00+05:30,30.6,31.0,30.55,30.9,264355
2020-03-31 12:15:00+05:30,30.9,31.0,30.7,30.8,235784
2020-03-31 13:15:00+05:30,30.8,30.9,30.65,30.8,212557
2020-03-31 14:15:00+05:30,30.8,30.95,30.7,30.95,393838
2020-03-31 15:15:00+05:30,30.9,31.2,30.85,30.95,230183
2020-04-01 09:15:00+05:30,30.8,30.8,30.3,30.75,336303
2020-04-01 10:15:00+05:30,30.75,31.3,30.6,30.65,445663
2020-04-01 11:15:00+05:30,30.65,30.9,29.9,30.15,568365
2020-04-01 12:15:00+05:30,30.15,30.3,29.35,29.95,466466
2020-04-01 13:15:00+05:30,29.95,30.2,29.85,30.05,176667
2020-04-01 14:15:00+05:30,30.05,30.2,30.0,30.05,205176
2020-04-01 15:15:00+05:30,30.05,30.15,29.75,30.15,218189
2020-04-03 09:15:00+05:30,29.0,29.9,28.8,29.25,462100
2020-04-03 10:15:00+05:30,29.25,29.45,29.2,29.35,203380
2020-04-03 11:15:00+05:30,29.35,29.7,29.3,29.4,119288
2020-04-03 12:15:00+05:30,29.45,29.95,29.4,29.8,225829
2020-04-03 13:15:00+05:30,29.8,29.8,29.35,29.4,327349
2020-04-03 14:15:00+05:30,29.35,29.6,29.3,29.45,201458
2020-04-03 15:15:00+05:30,29.5,29.7,29.4,29.6,172403
2020-04-07 09:15:00+05:30,30.7,31.25,30.2,30.35,871407
2020-04-07 10:15:00+05:30,30.3,30.5,30.05,30.1,368574
2020-04-07 11:15:00+05:30,30.1,30.25,30.1,30.1,212122
2020-04-07 12:15:00+05:30,30.1,30.4,30.1,30.15,595236
2020-04-07 13:15:00+05:30,30.15,30.3,30.1,30.25,442354
2020-04-07 14:15:00+05:30,30.25,30.35,30.05,30.05,585531
2020-04-07 15:15:00+05:30,30.05,30.6,30.05,30.45,1144058
2020-04-08 09:15:00+05:30,30.25,31.2,29.85,31.0,975896
2020-04-08 10:15:00+05:30,31.0,31.7,30.5,30.65,1021662
2020-04-08 11:15:00+05:30,30.65,31.7,30.65,30.85,905625
2020-04-08 12:15:00+05:30,30.85,31.1,30.7,30.9,313762
2020-04-08 13:15:00+05:30,30.9,30.95,30.4,30.5,448377
2020-04-08 14:15:00+05:30,30.5,30.7,30.2,30.3,458488
2020-04-08 15:15:00+05:30,30.25,30.35,30.1,30.3,263205
2020-04-09 09:15:00+05:30,31.05,34.6,31.0,33.9,4098254
2020-04-09 10:15:00+05:30,33.85,34.85,33.4,33.6,2365386
2020-04-09 11:15:00+05:30,33.6,34.5,33.55,34.1,763865
2020-04-09 12:15:00+05:30,34.1,34.5,33.8,33.85,590850
2020-04-09 13:15:00+05:30,33.85,34.1,33.6,33.75,405270
2020-04-09 14:15:00+05:30,33.8,34.25,33.5,34.15,897267
2020-04-09 15:15:00+05:30,34.15,34.75,34.1,34.55,642799
2020-04-13 09:15:00+05:30,35.0,35.75,33.35,34.8,2235357
2020-04-13 10:15:00+05:30,34.75,35.9,34.75,35.3,916528
2020-04-13 11:15:00+05:30,35.35,35.7,35.15,35.7,487650
2020-04-13 12:15:00+05:30,35.7,36.8,35.3,36.2,1187089
2020-04-13 13:15:00+05:30,36.15,37.4,35.95,36.5,1644865
2020-04-13 14:15:00+05:30,36.5,37.0,36.2,36.4,848303
2020-04-13 15:15:00+05:30,36.4,37.2,36.3,36.5,471549
2020-04-15 09:15:00+05:30,37.0,38.7,36.6,38.7,1323885
2020-04-15 10:15:00+05:30,38.8,39.4,37.8,37.85,1232952
2020-04-15 11:15:00+05:30,37.8,38.3,37.2,37.85,1026213
2020-04-15 12:15:00+05:30,37.85,37.95,37.25,37.65,632441
2020-04-15 13:15:00+05:30,37.65,37.7,36.3,36.35,671215
2020-04-15 14:15:00+05:30,36.35,37.6,36.0,36.7,1261940
2020-04-15 15:15:00+05:30,36.7,36.7,36.0,36.2,345097
2020-04-16 09:15:00+05:30,35.25,36.5,34.85,36.2,861210
2020-04-16 10:15:00+05:30,36.15,36.45,35.65,36.1,379519
2020-04-16 11:15:00+05:30,36.1,36.35,35.9,36.15,231077
2020-04-16 12:15:00+05:30,36.15,36.3,35.7,36.15,308267
2020-04-16 13:15:00+05:30,36.15,36.35,36.0,36.1,143743
2020-04-16 14:15:00+05:30,36.1,36.8,36.05,36.5,546584
2020-04-16 15:15:00+05:30,36.5,36.95,36.35,36.95,222637
2020-04-17 09:15:00+05:30,38.1,38.55,37.1,37.25,1182836
2020-04-17 10:15:00+05:30,37.25,37.45,36.8,36.9,477185
2020-04-17 11:15:00+05:30,36.9,37.15,36.25,36.35,526148
2020-04-17 12:15:00+05:30,36.35,36.45,36.0,36.15,792924
2020-04-17 13:15:00+05:30,36.15,36.3,35.85,36.1,792633
2020-04-17 14:15:00+05:30,36.1,36.8,35.9,35.9,1589406
2020-04-17 15:15:00+05:30,36.0,36.25,35.9,36.1,604904
2020-04-20 09:15:00+05:30,36.2,37.8,35.3,37.4,3146606
2020-04-20 10:15:00+05:30,37.4,37.7,37.25,37.5,1202103
2020-04-20 11:15:00+05:30,37.5,37.5,36.75,37.2,746285
2020-04-20 12:15:00+05:30,37.2,37.3,36.25,36.45,793923
2020-04-20 13:15:00+05:30,36.45,36.6,36.3,36.4,710614
2020-04-20 14:15:00+05:30,36.35,36.9,36.3,36.65,1833874
2020-04-20 15:15:00+05:30,36.65,36.8,36.45,36.55,610442
2020-04-21 09:15:00+05:30,35.3,35.5,34.45,34.95,842332
2020-04-21 10:15:00+05:30,35.0,35.1,34.8,34.85,178829
2020-04-21 11:15:00+05:30,34.85,34.9,34.2,34.45,385657
2020-04-21 12:15:00+05:30,34.45,34.5,34.0,34.4,324949
2020-04-21 13:15:00+05:30,34.4,34.45,34.3,34.35,124215
2020-04-21 14:15:00+05:30,34.35,34.65,34.3,34.4,373455
2020-04-21 15:15:00+05:30,34.45,34.45,34.05,34.05,192393
2020-04-22 09:15:00+05:30,34.0,34.5,33.25,33.5,469281
2020-04-22 10:15:00+05:30,33.5,34.1,33.4,34.1,318085
2020-04-22 11:15:00+05:30,34.1,34.2,33.75,33.8,248315
2020-04-22 12:15:00+05:30,33.8,34.2,33.8,34.15,172202
2020-04-22 13:15:00+05:30,34.15,34.2,33.75,34.05,261749
2020-04-22 14:15:00+05:30,34.05,35.35,34.0,34.8,883394
2020-04-22 15:15:00+05:30,34.8,34.9,34.55,34.85,199118
2020-04-23 09:15:00+05:30,35.0,36.0,34.85,35.4,844858
2020-04-23 10:15:00+05:30,35.4,35.55,35.0,35.1,314204
2020-04-23 11:15:00+05:30,35.05,35.4,35.05,35.2,160090
2020-04-23 12:15:00+05:30,35.25,35.25,34.9,34.95,225819
2020-04-23 13:15:00+05:30,34.95,35.2,34.75,34.95,314656
2020-04-23 14:15:00+05:30,34.95,35.1,34.7,34.75,220270
2020-04-23 15:15:00+05:30,34.75,34.95,34.65,34.7,240623
2020-04-24 09:15:00+05:30,34.3,34.95,33.75,34.35,494645
2020-04-24 10:15:00+05:30,34.35,34.55,34.25,34.35,127441
2020-04-24 11:15:00+05:30,34.35,34.5,34.3,34.35,76150
2020-04-24 12:15:00+05:30,34.35,34.5,34.1,34.3,153651
2020-04-24 13:15:00+05:30,34.3,34.45,33.7,33.8,272886
2020-04-24 14:15:00+05:30,33.8,34.05,33.55,33.7,352543
2020-04-24 15:15:00+05:30,33.65,33.75,33.5,33.6,241391
2020-04-27 09:15:00+05:30,34.55,34.55,33.85,34.15,492095
2020-04-27 10:15:00+05:30,34.15,34.25,33.95,34.05,304099
2020-04-27 11:15:00+05:30,34.05,34.15,33.7,33.8,202343
2020-04-27 12:15:00+05:30,33.8,34.05,33.75,33.9,140936
2020-04-27 13:15:00+05:30,33.9,34.0,33.75,33.95,148997
2020-04-27 14:15:00+05:30,33.95,34.0,33.75,33.85,199938
2020-04-27 15:15:00+05:30,33.85,34.0,33.7,33.7,138538
2020-04-28 09:15:00+05:30,34.7,34.95,33.7,34.25,642155
2020-04-28 10:15:00+05:30,34.25,34.5,34.2,34.3,113328
2020-04-28 11:15:00+05:30,34.3,34.5,34.2,34.25,288025
2020-04-28 12:15:00+05:30,34.25,34.3,34.05,34.2,553684
2020-04-28 13:15:00+05:30,34.15,34.25,34.15,34.2,78679
2020-04-28 14:15:00+05:30,34.2,34.5,34.15,34.3,470627
2020-04-28 15:15:00+05:30,34.3,34.4,34.15,34.2,122441
2020-04-29 09:15:00+05:30,34.3,34.55,33.85,34.2,652242
2020-04-29 10:15:00+05:30,34.2,35.1,34.15,34.8,641892
2020-04-29 11:15:00+05:30,34.8,34.8,34.4,34.5,313713
2020-04-29 12:15:00+05:30,34.45,34.7,34.4,34.55,288697
2020-04-29 13:15:00+05:30,34.5,35.1,34.5,35.0,585944
2020-04-29 14:15:00+05:30,35.0,35.1,34.9,34.9,496304
2020-04-29 15:15:00+05:30,34.95,35.05,34.8,34.95,242739
2020-04-30 09:15:00+05:30,40.0,40.8,37.85,38.55,6753279
2020-04-30 10:15:00+05:30,38.55,38.8,38.2,38.65,1682402
2020-04-30 11:15:00+05:30,38.65,38.65,38.35,38.45,641419
2020-04-30 12:15:00+05:30,38.45,38.5,37.75,37.9,1013379
2020-04-30 13:15:00+05:30,37.9,39.4,37.85,39.15,2346585
2020-04-30 14:15:00+05:30,39.15,39.6,38.8,39.45,3657577
2020-04-30 15:15:00+05:30,39.45,40.65,39.4,40.55,3216782
2020-05-04 09:15:00+05:30,37.0,37.45,35.6,36.1,1721218
2020-05-04 10:15:00+05:30,36.1,36.7,35.95,36.45,502927
2020-05-04 11:15:00+05:30,36.45,36.65,36.1,36.5,312316
2020-05-04 12:15:00+05:30,36.5,36.5,36.15,36.2,212235
2020-05-04 13:15:00+05:30,36.2,36.25,35.85,36.0,395661
2020-05-04 14:15:00+05:30,36.0,36.2,35.75,36.1,443942
2020-05-04 15:15:00+05:30,36.1,36.2,35.75,36.0,305842
2020-05-05 09:15:00+05:30,36.9,36.95,35.35,35.95,1100533
2020-05-05 10:15:00+05:30,35.95,36.2,35.8,35.85,409444
2020-05-05 11:15:00+05:30,35.85,35.9,35.25,35.55,407697
2020-05-05 12:15:00+05:30,35.55,35.9,35.3,35.85,307415
2020-05-05 13:15:00+05:30,35.85,36.2,35.65,35.7,331977
2020-05-05 14:15:00+05:30,35.75,35.75,34.6,34.8,786494
2020-05-05 15:15:00+05:30,34.85,34.95,34.65,34.85,225325
2020-05-06 09:15:00+05:30,35.3,35.35,34.25,35.25,522258
2020-05-06 10:15:00+05:30,35.25,35.8,35.05,35.75,580094
2020-05-06 11:15:00+05:30,35.75,35.95,35.4,35.9,435118
2020-05-06 12:15:00+05:30,35.9,36.15,35.55,35.7,482592
2020-05-06 13:15:00+05:30,35.7,35.85,35.55,35.75,174755
2020-05-06 14:15:00+05:30,35.75,35.8,35.1,35.6,664300
2020-05-06 15:15:00+05:30,35.6,35.9,35.4,35.45,269227
2020-05-07 09:15:00+05:30,35.45,35.85,35.1,35.55,536860
2020-05-07 10:15:00+05:30,35.55,35.7,35.3,35.5,165971
2020-05-07 11:15:00+05:30,35.5,35.55,35.35,35.35,119404
2020-05-07 12:15:00+05:30,35.35,35.5,35.25,35.45,106502
2020-05-07 13:15:00+05:30,35.45,35.5,35.25,35.35,90160
2020-05-07 14:15:00+05:30,35.35,35.5,35.25,35.45,192796
2020-05-07 15:15:00+05:30,35.45,35.6,35.3,35.55,153497
2020-05-08 09:15:00+05:30,36.05,36.25,35.7,35.75,435823
2020-05-08 10:15:00+05:30,35.75,35.9,35.65,35.7,138230
2020-05-08 11:15:00+05:30,35.7,35.8,35.5,35.65,116549
2020-05-08 12:15:00+05:30,35.65,35.65,35.15,35.25,224669
2020-05-08 13:15:00+05:30,35.25,35.3,35.0,35.0,251828
2020-05-08 14:15:00+05:30,35.0,35.1,34.8,34.95,286365
2020-05-08 15:15:00+05:30,34.95,35.1,34.85,34.85,184131
2020-05-11 09:15:00+05:30,35.05,36.85,34.85,36.1,3815663
2020-05-11 10:15:00+05:30,36.15,36.65,36.0,36.5,1433026
2020-05-11 11:15:00+05:30,36.5,37.0,36.3,36.45,1401902
2020-05-11 12:15:00+05:30,36.45,37.15,36.35,36.8,1920309
2020-05-11 13:15:00+05:30,36.8,38.15,36.75,36.75,3789087
2020-05-11 14:15:00+05:30,36.75,36.85,35.9,36.1,1617292
2020-05-11 15:15:00+05:30,36.1,36.15,35.6,35.7,551319
2020-05-12 09:15:00+05:30,35.5,36.35,34.8,35.1,1146091
2020-05-12 10:15:00+05:30,35.1,35.35,35.0,35.15,246618
2020-05-12 11:15:00+05:30,35.15,35.3,35.0,35.25,208260
2020-05-12 12:15:00+05:30,35.25,35.45,35.1,35.4,142797
2020-05-12 13:15:00+05:30,35.4,35.45,35.2,35.3,167629
2020-05-12 14:15:00+05:30,35.3,36.3,35.3,35.9,766791
2020-05-12 15:15:00+05:30,35.9,36.2,35.85,36.1,218177
2020-05-13 09:15:00+05:30,37.85,38.4,36.35,36.85,2172769
2020-05-13 10:15:00+05:30,36.85,37.1,36.65,37.05,424309
2020-05-13 11:15:00+05:30,37.05,37.1,36.75,36.85,480856
2020-05-13 12:15:00+05:30,36.85,37.05,36.7,36.8,448774
2020-05-13 13:15:00+05:30,36.8,36.95,36.65,36.75,338645
2020-05-13 14:15:00+05:30,36.75,37.0,36.0,36.35,1239062
2020-05-13 15:15:00+05:30,36.35,36.7,36.2,36.7,463313
2020-05-14 09:15:00+05:30,35.5,35.6,34.5,35.25,1017955
2020-05-14 10:15:00+05:30,35.25,35.5,35.15,35.3,559748
2020-05-14 11:15:00+05:30,35.3,35.4,35.1,35.35,513060
2020-05-14 12:15:00+05:30,35.35,36.15,35.3,35.85,1055556
2020-05-14 13:15:00+05:30,35.85,35.9,35.3,35.4,642047
2020-05-14 14:15:00+05:30,35.4,35.6,35.2,35.35,518908
2020-05-14 15:15:00+05:30,35.35,35.4,35.25,35.3,239767
2020-05-15 09:15:00+05:30,35.6,35.7,35.05,35.15,508914
2020-05-15 10:15:00+05:30,35.15,35.25,35.05,35.2,136389
2020-05-15 11:15:00+05:30,35.15,35.2,35.0,35.05,221913
2020-05-15 12:15:00+05:30,35.05,35.25,35.05,35.15,189276
2020-05-15 13:15:00+05:30,35.15,35.35,35.05,35.3,203622
2020-05-15 14:15:00+05:30,35.3,35.65,35.25,35.35,600081
2020-05-15 15:15:00+05:30,35.35,35.4,35.15,35.2,188487
2020-05-18 09:15:00+05:30,35.2,35.4,33.6,34.0,870499
2020-05-18 10:15:00+05:30,34.0,34.05,33.6,33.7,400886
2020-05-18 11:15:00+05:30,33.7,34.0,33.4,33.8,418170
2020-05-18 12:15:00+05:30,33.8,34.0,33.7,33.8,274494
2020-05-18 13:15:00+05:30,33.8,34.25,33.55,34.2,505881
2020-05-18 14:15:00+05:30,34.2,34.2,33.7,33.8,362959
2020-05-18 15:15:00+05:30,33.8,33.9,33.55,33.65,275629
2020-05-19 09:15:00+05:30,34.5,35.1,34.0,34.8,1025283
2020-05-19 10:15:00+05:30,34.8,35.25,34.75,34.85,593044
2020-05-19 11:15:00+05:30,34.85,35.0,34.7,34.85,224086
2020-05-19 12:15:00+05:30,34.85,34.85,34.6,34.65,151145
2020-05-19 13:15:00+05:30,34.65,34.75,34.15,34.15,330701
2020-05-19 14:15:00+05:30,34.15,34.4,33.85,34.05,512205
2020-05-19 15:15:00+05:30,34.05,34.1,33.9,34.05,185842
2020-05-20 09:15:00+05:30,33.8,34.4,33.7,34.15,420844
2020-05-20 10:15:00+05:30,34.15,34.25,33.95,34.0,177056
2020-05-20 11:15:00+05:30,34.0,34.2,33.9,34.05,281219
2020-05-20 12:15:00+05:30,34.05,34.5,34.0,34.35,365907
2020-05-20 13:15:00+05:30,34.35,34.55,34.2,34.45,340061
2020-05-20 14:15:00+05:30,34.45,35.0,34.45,34.9,650874
2020-05-20 15:15:00+05:30,34.9,35.3,34.8,35.1,300264
2020-05-21 09:15:00+05:30,35.05,35.4,34.6,35.0,534574
2020-05-21 10:15:00+05:30,35.0,35.3,34.95,35.15,193197
2020-05-21 11:15:00+05:30,35.15,35.35,35.1,35.25,202487
2020-05-21 12:15:00+05:30,35.25,35.4,35.15,35.4,199102
2020-05-21 13:15:00+05:30,35.4,35.5,35.2,35.4,315385
2020-05-21 14:15:00+05:30,35.4,35.5,35.05,35.35,456647
2020-05-21 15:15:00+05:30,35.4,35.5,35.25,35.4,246045
2020-05-22 09:15:00+05:30,35.05,35.3,34.7,34.8,412887
2020-05-22 10:15:00+05:30,34.8,34.95,34.45,34.7,277979
2020-05-22 11:15:00+05:30,34.7,34.75,34.5,34.55,106522
2020-05-22 12:15:00+05:30,34.55,34.7,34.5,34.6,74814
2020-05-22 13:15:00+05:30,34.6,34.8,34.35,34.8,442172
2020-05-22 14:15:00+05:30,34.8,34.8,34.5,34.75,223729
2020-05-22 15:15:00+05:30,34.75,35.0,34.65,34.7,147525
2020-05-26 09:15:00+05:30,35.0,35.7,34.9,35.25,969591
2020-05-26 10:15:00+05:30,35.25,35.35,34.95,35.15,283128
2020-05-26 11:15:00+05:30,35.2,35.2,34.95,35.1,119339
2020-05-26 12:15:00+05:30,35.1,35.2,34.95,34.95,138782
2020-05-26 13:15:00+05:30,34.95,35.1,34.75,34.8,280627
2020-05-26 14:15:00+05:30,34.8,35.05,34.75,34.8,238129
2020-05-26 15:15:00+05:30,34.8,34.95,34.75,34.75,219828
2020-05-27 09:15:00+05:30,34.9,35.3,34.85,35.05,584393
2020-05-27 10:15:00+05:30,35.05,35.55,35.0,35.3,505732
2020-05-27 11:15:00+05:30,35.3,35.35,35.2,35.25,123336
2020-05-27 12:15:00+05:30,35.25,35.5,35.25,35.45,225410
2020-05-27 13:15:00+05:30,35.45,35.45,35.05,35.15,266426
2020-05-27 14:15:00+05:30,35.15,35.25,35.05,35.2,305676
2020-05-27 15:15:00+05:30,35.2,35.25,35.05,35.25,176301
2020-05-28 09:15:00+05:30,35.6,36.25,35.3,36.2,1199841
2020-05-28 10:15:00+05:30,36.2,36.2,35.7,35.75,459425
2020-05-28 11:15:00+05:30,35.75,35.85,35.5,35.65,298464
2020-05-28 12:15:00+05:30,35.65,35.75,35.45,35.5,280179
2020-05-28 13:15:00+05:30,35.5,35.6,35.25,35.3,251606
2020-05-28 14:15:00+05:30,35.3,36.2,35.3,36.15,570310
2020-05-28 15:15:00+05:30,36.15,36.25,35.95,36.15,453436
2020-05-29 09:15:00+05:30,36.0,36.0,35.35,35.75,784237
2020-05-29 10:15:00+05:30,35.75,35.9,35.65,35.9,288116
2020-05-29 11:15:00+05:30,35.9,36.0,35.7,35.8,281393
2020-05-29 12:15:00+05:30,35.8,35.85,35.55,35.7,212819
2020-05-29 13:15:00+05:30,35.7,35.9,35.55,35.9,302777
2020-05-29 14:15:00+05:30,35.9,36.75,35.8,36.2,1339843
2020-05-29 15:15:00+05:30,36.2,36.3,35.9,36.0,235743
2020-06-01 09:15:00+05:30,36.55,38.05,36.55,37.75,1871345
2020-06-01 10:15:00+05:30,37.7,38.4,37.6,38.35,1099646
2020-06-01 11:15:00+05:30,38.35,39.2,38.25,39.05,1333623
2020-06-01 12:15:00+05:30,39.05,39.25,38.7,39.1,1587815
2020-06-01 13:15:00+05:30,39.05,39.1,38.5,38.9,1064691
2020-06-01 14:15:00+05:30,38.9,39.3,38.6,38.8,1354554
2020-06-01 15:15:00+05:30,38.8,39.25,38.8,39.15,411513
2020-06-02 09:15:00+05:30,39.3,39.9,38.85,39.0,1252131
2020-06-02 10:15:00+05:30,39.0,39.05,38.5,38.85,377100
2020-06-02 11:15:00+05:30,38.85,39.0,38.7,38.9,156323
2020-06-02 12:15:00+05:30,38.9,39.6,38.85,39.35,669043
2020-06-02 13:15:00+05:30,39.35,42.25,39.3,41.9,4276550
2020-06-02 14:15:00+05:30,41.9,42.15,41.7,42.0,1549381
2020-06-02 15:15:00+05:30,42.0,42.35,41.85,42.0,901207
2020-06-03 09:15:00+05:30,43.3,44.45,42.6,43.05,2300109
2020-06-03 10:15:00+05:30,43.0,43.5,43.0,43.05,692577
2020-06-03 11:15:00+05:30,43.1,43.35,42.95,43.05,524189
2020-06-03 12:15:00+05:30,43.05,43.15,42.4,42.5,531352
2020-06-03 13:15:00+05:30,42.45,43.1,42.4,43.05,670326
2020-06-03 14:15:00+05:30,43.05,43.45,42.4,42.4,1022979
2020-06-03 15:15:00+05:30,42.4,42.5,41.8,42.3,571204
2020-06-04 09:15:00+05:30,42.35,43.0,41.75,42.7,945181
2020-06-04 10:15:00+05:30,42.7,42.85,42.3,42.35,432888
2020-06-04 11:15:00+05:30,42.35,42.4,41.7,41.85,465174
2020-06-04 12:15:00+05:30,41.85,41.95,41.2,41.25,361179
2020-06-04 13:15:00+05:30,41.25,41.8,41.2,41.45,222128
2020-06-04 14:15:00+05:30,41.45,42.05,41.4,41.9,363041
2020-06-04 15:15:00+05:30,41.9,42.5,41.9,42.2,475038
2020-06-05 09:15:00+05:30,42.75,43.85,42.7,43.5,2082445
2020-06-05 10:15:00+05:30,43.5,44.8,43.2,44.8,1662520
2020-06-05 11:15:00+05:30,44.8,46.65,44.55,45.75,3689841
2020-06-05 12:15:00+05:30,45.75,46.8,45.35,46.65,1278879
2020-06-05 13:15:00+05:30,46.65,46.95,45.75,46.85,1651729
2020-06-05 14:15:00+05:30,46.85,47.0,46.2,46.75,1665835
2020-06-05 15:15:00+05:30,46.75,47.4,46.65,47.2,981602
2020-06-08 09:15:00+05:30,48.6,48.95,47.8,48.05,2734145
2020-06-08 10:15:00+05:30,48.05,49.9,48.0,49.35,2027061
2020-06-08 11:15:00+05:30,49.35,49.65,49.05,49.3,992565
2020-06-08 12:15:00+05:30,49.3,49.35,47.55,47.9,1292424
2020-06-08 13:15:00+05:30,47.9,48.6,47.3,48.0,775435
2020-06-08 14:15:00+05:30,48.0,48.25,47.35,48.0,1148207
2020-06-08 15:15:00+05:30,48.05,48.3,47.95,48.05,441435
2020-06-09 09:15:00+05:30,48.55,49.15,47.3,47.85,1727983
2020-06-09 10:15:00+05:30,47.85,48.9,47.8,48.75,1845372
2020-06-09 11:15:00+05:30,48.75,48.8,48.25,48.6,439695
2020-06-09 12:15:00+05:30,48.5,48.75,47.9,48.05,598012
2020-06-09 13:15:00+05:30,48.05,48.3,46.8,46.85,1070854
2020-06-09 14:15:00+05:30,46.85,47.1,46.1,46.55,1335857
2020-06-09 15:15:00+05:30,46.55,46.85,46.4,46.6,367552
2020-06-10 09:15:00+05:30,46.25,46.45,45.6,45.75,823620
2020-06-10 10:15:00+05:30,45.75,47.35,45.75,47.3,1102314
2020-06-10 11:15:00+05:30,47.3,47.45,46.75,46.95,486067
2020-06-10 12:15:00+05:30,46.95,47.35,46.9,47.05,344944
2020-06-10 13:15:00+05:30,47.05,47.3,46.55,46.75,387430
2020-06-10 14:15:00+05:30,46.75,46.95,46.05,46.9,769837
2020-06-10 15:15:00+05:30,46.9,47.4,46.9,47.1,318265
2020-06-11 09:15:00+05:30,46.3,47.3,45.85,46.85,1832795
2020-06-11 10:15:00+05:30,46.85,46.95,46.05,46.15,469066
2020-06-11 11:15:00+05:30,46.15,46.55,46.05,46.4,141077
2020-06-11 12:15:00+05:30,46.4,46.65,46.2,46.45,206035
2020-06-11 13:15:00+05:30,46.45,46.6,46.0,46.0,231979
2020-06-11 14:15:00+05:30,46.0,46.05,45.35,45.35,532955
2020-06-11 15:15:00+05:30,45.35,45.4,44.45,44.95,466334
2020-06-12 09:15:00+05:30,42.05,43.35,42.0,42.8,1057985
2020-06-12 10:15:00+05:30,42.8,43.5,42.7,43.05,429230
2020-06-12 11:15:00+05:30,43.05,43.6,43.0,43.3,279035
2020-06-12 12:15:00+05:30,43.3,43.5,42.85,43.15,298517
2020-06-12 13:15:00+05:30,43.2,44.4,43.2,43.9,834248
2020-06-12 14:15:00+05:30,43.85,45.0,43.85,44.6,1050211
2020-06-12 15:15:00+05:30,44.6,44.9,44.45,44.7,242413
2020-06-15 09:15:00+05:30,44.7,44.7,43.35,43.7,1185500
2020-06-15 10:15:00+05:30,43.7,43.75,42.75,42.9,664469
2020-06-15 11:15:00+05:30,42.85,43.1,42.6,42.65,508280
2020-06-15 12:15:00+05:30,42.6,42.9,42.5,42.5,531351
2020-06-15 13:15:00+05:30,42.5,42.95,42.45,42.85,766092
2020-06-15 14:15:00+05:30,42.95,43.1,41.8,42.0,2044144
2020-06-15 15:15:00+05:30,42.0,42.2,41.8,42.0,1226386
2020-06-16 09:15:00+05:30,42.1,43.15,40.25,40.5,4067208
2020-06-16 10:15:00+05:30,40.5,40.6,39.75,40.2,2819903
2020-06-16 11:15:00+05:30,40.2,40.4,39.8,39.95,898348
2020-06-16 12:15:00+05:30,39.95,40.2,38.9,38.9,1152525
2020-06-16 13:15:00+05:30,38.9,39.5,38.55,39.25,1133228
2020-06-16 14:15:00+05:30,39.3,39.8,39.15,39.65,846644
2020-06-16 15:15:00+05:30,39.65,39.8,39.45,39.55,376032
2020-06-17 09:15:00+05:30,38.65,39.8,38.6,39.2,952040
2020-06-17 10:15:00+05:30,39.2,39.35,38.85,39.15,467786
2020-06-17 11:15:00+05:30,39.15,39.75,39.1,39.6,290589
2020-06-17 12:15:00+05:30,39.6,40.1,39.4,39.95,889341
2020-06-17 13:15:00+05:30,39.95,40.2,39.5,39.75,643862
2020-06-17 14:15:00+05:30,39.75,39.95,39.35,39.65,473519
2020-06-17 15:15:00+05:30,39.65,39.85,39.4,39.5,251114
2020-06-18 09:15:00+05:30,39.5,40.2,39.1,40.1,1051801
2020-06-18 10:15:00+05:30,40.05,40.15,39.55,39.7,375096
2020-06-18 11:15:00+05:30,39.7,39.9,39.6,39.8,225972
2020-06-18 12:15:00+05:30,39.85,39.95,39.65,39.8,236484
2020-06-18 13:15:00+05:30,39.8,40.1,39.8,39.85,409704
2020-06-18 14:15:00+05:30,39.85,40.05,39.65,39.8,485562
2020-06-18 15:15:00+05:30,39.85,39.95,39.7,39.8,202788
2020-06-19 09:15:00+05:30,39.95,40.35,39.65,40.15,773166
2020-06-19 10:15:00+05:30,40.15,42.75,40.1,42.7,2511062
2020-06-19 11:15:00+05:30,42.7,43.0,42.2,42.5,1691012
2020-06-19 12:15:00+05:30,42.5,42.6,41.8,42.2,1172561
2020-06-19 13:15:00+05:30,42.15,42.5,41.65,41.8,873765
2020-06-19 14:15:00+05:30,41.8,42.85,41.8,42.8,2036180
2020-06-19 15:15:00+05:30,42.85,42.95,42.7,42.7,1341009
2020-06-22 09:15:00+05:30,42.95,43.75,42.15,42.85,1127521
2020-06-22 10:15:00+05:30,42.85,43.2,42.7,43.0,386556
2020-06-22 11:15:00+05:30,42.95,43.5,42.9,43.15,503249
2020-06-22 12:15:00+05:30,43.25,43.35,42.9,42.9,282885
2020-06-22 13:15:00+05:30,42.9,43.15,42.7,43.0,562250
2020-06-22 14:15:00+05:30,43.0,43.0,42.35,42.7,799139
2020-06-22 15:15:00+05:30,42.7,42.85,42.5,42.65,293816
2020-06-23 09:15:00+05:30,42.7,43.2,42.1,42.25,1024103
2020-06-23 10:15:00+05:30,42.3,42.75,42.2,42.45,576698
2020-06-23 11:15:00+05:30,42.45,43.1,42.3,42.6,757509
2020-06-23 12:15:00+05:30,42.6,42.9,42.45,42.75,438737
2020-06-23 13:15:00+05:30,42.75,43.85,42.7,43.4,2026391
2020-06-23 14:15:00+05:30,43.45,43.55,43.1,43.3,1154331
2020-06-23 15:15:00+05:30,43.35,43.5,43.0,43.15,421297
2020-06-24 09:15:00+05:30,43.15,45.4,43.1,45.05,3280154
2020-06-24 10:15:00+05:30,45.05,45.4,44.2,44.3,2369067
2020-06-24 11:15:00+05:30,44.25,44.85,43.95,44.8,1392068
2020-06-24 12:15:00+05:30,44.8,45.0,44.35,44.4,1288910
2020-06-24 13:15:00+05:30,44.4,44.7,43.65,44.0,1466591
2020-06-24 14:15:00+05:30,44.0,44.4,42.7,43.0,1867216
2020-06-24 15:15:00+05:30,43.0,43.15,42.8,42.9,386324
2020-06-25 09:15:00+05:30,42.8,42.95,41.7,42.65,904758
2020-06-25 10:15:00+05:30,42.65,43.55,42.55,43.0,1053213
2020-06-25 11:15:00+05:30,42.95,43.25,42.25,42.55,512820
2020-06-25 12:15:00+05:30,42.55,42.8,42.1,42.4,427117
2020-06-25 13:15:00+05:30,42.45,42.95,42.35,42.6,572758
2020-06-25 14:15:00+05:30,42.7,42.8,42.1,42.2,644429
2020-06-25 15:15:00+05:30,42.2,42.35,42.1,42.25,371494
2020-06-26 09:15:00+05:30,43.0,43.0,42.3,42.5,795207
2020-06-26 10:15:00+05:30,42.45,42.45,42.1,42.2,385523
2020-06-26 11:15:00+05:30,42.2,42.35,41.7,41.95,402143
2020-06-26 12:15:00+05:30,42.0,42.1,41.55,41.6,284938
2020-06-26 13:15:00+05:30,41.6,41.75,41.5,41.6,309632
2020-06-26 14:15:00+05:30,41.6,41.95,41.2,41.5,927290
2020-06-26 15:15:00+05:30,41.5,41.7,41.35,41.6,292887
2020-06-29 09:15:00+05:30,41.15,41.15,39.85,40.0,927072
2020-06-29 10:15:00+05:30,40.05,40.45,39.95,40.1,491374
2020-06-29 11:15:00+05:30,40.05,40.35,40.0,40.15,286750
2020-06-29 12:15:00+05:30,40.15,40.7,40.1,40.4,564573
2020-06-29 13:15:00+05:30,40.4,40.6,40.3,40.55,516902
2020-06-29 14:15:00+05:30,40.5,40.75,40.25,40.5,767454
2020-06-29 15:15:00+05:30,40.5,40.85,40.5,40.65,317371
2020-06-30 09:15:00+05:30,41.2,41.65,40.7,40.85,660752
2020-06-30 10:15:00+05:30,40.95,40.95,40.6,40.65,250729
2020-06-30 11:15:00+05:30,40.65,40.8,40.45,40.5,191346
2020-06-30 12:15:00+05:30,40.5,40.65,40.3,40.3,184500
2020-06-30 13:15:00+05:30,40.3,40.45,40.0,40.3,475575
2020-06-30 14:15:00+05:30,40.3,40.45,39.8,40.05,713022
2020-06-30 15:15:00+05:30,40.05,40.2,40.0,40.1,468998
2020-07-01 09:15:00+05:30,40.0,40.6,39.85,40.55,703942
2020-07-01 10:15:00+05:30,40.5,40.9,40.2,40.8,391411
2020-07-01 11:15:00+05:30,40.8,41.1,40.6,41.0,528162
2020-07-01 12:15:00+05:30,40.95,41.2,40.7,41.05,406788
2020-07-01 13:15:00+05:30,41.05,41.3,40.7,40.8,582062
2020-07-01 14:15:00+05:30,40.8,41.1,40.7,40.95,481722
2020-07-01 15:15:00+05:30,40.95,41.0,40.7,40.8,169569
2020-07-02 09:15:00+05:30,41.15,41.7,40.9,41.15,810324
2020-07-02 10:15:00+05:30,41.15,41.2,40.6,40.7,467316
2020-07-02 11:15:00+05:30,40.7,41.1,40.65,41.0,208817
2020-07-02 12:15:00+05:30,41.05,41.2,40.75,41.1,220590
2020-07-02 13:15:00+05:30,41.1,41.5,41.0,41.2,430829
2020-07-02 14:15:00+05:30,41.15,41.3,40.9,40.95,417230
2020-07-02 15:15:00+05:30,40.95,41.25,40.9,41.1,314763
2020-07-03 09:15:00+05:30,41.6,42.55,41.4,42.1,2804224
2020-07-03 10:15:00+05:30,42.1,42.65,42.0,42.1,957882
2020-07-03 11:15:00+05:30,42.1,42.25,41.85,41.95,607080
2020-07-03 12:15:00+05:30,41.95,42.05,41.7,41.8,159149
2020-07-03 13:15:00+05:30,41.8,41.9,41.4,41.65,483827
2020-07-03 14:15:00+05:30,41.65,41.75,41.5,41.5,372816
2020-07-03 15:15:00+05:30,41.5,41.6,41.05,41.2,456027
2020-07-06 09:15:00+05:30,42.5,42.5,41.6,41.95,1151938
2020-07-06 10:15:00+05:30,42.0,42.7,41.9,42.65,1396354
2020-07-06 11:15:00+05:30,42.7,42.85,42.5,42.8,903683
2020-07-06 12:15:00+05:30,42.8,43.2,42.6,42.65,1059002
2020-07-06 13:15:00+05:30,42.6,42.95,42.45,42.7,833093
2020-07-06 14:15:00+05:30,42.7,43.25,42.5,43.15,1508653
2020-07-06 15:15:00+05:30,43.15,43.5,43.0,43.1,859796
2020-07-07 09:15:00+05:30,43.55,44.3,43.35,43.35,1973704
2020-07-07 10:15:00+05:30,43.4,43.5,42.6,42.7,908596
2020-07-07 11:15:00+05:30,42.75,43.0,42.3,42.95,603651
2020-07-07 12:15:00+05:30,42.95,43.25,42.85,43.15,389122
2020-07-07 13:15:00+05:30,43.15,43.5,43.0,43.3,773097
2020-07-07 14:15:00+05:30,43.3,43.55,42.85,43.15,770649
2020-07-07 15:15:00+05:30,43.15,43.25,42.8,42.95,388546
2020-07-08 09:15:00+05:30,43.1,43.55,42.75,42.85,856854
2020-07-08 10:15:00+05:30,42.85,43.3,42.8,42.85,501016
2020-07-08 11:15:00+05:30,42.85,43.05,42.5,42.7,567161
2020-07-08 12:15:00+05:30,42.75,43.15,42.7,42.9,507367
2020-07-08 13:15:00+05:30,42.9,43.2,42.85,43.05,368507
2020-07-08 14:15:00+05:30,43.05,43.15,41.95,42.05,903359
2020-07-08 15:15:00+05:30,42.05,42.1,41.8,42.1,298359
2020-07-09 09:15:00+05:30,42.2,42.65,42.1,42.45,1060127
2020-07-09 10:15:00+05:30,42.45,42.65,41.8,41.9,548171
2020-07-09 11:15:00+05:30,41.9,42.0,41.75,41.9,373713
2020-07-09 12:15:00+05:30,41.9,42.2,41.8,42.05,480212
2020-07-09 13:15:00+05:30,42.05,42.2,41.95,42.0,300386
2020-07-09 14:15:00+05:30,42.0,43.05,41.95,42.45,1652696
2020-07-09 15:15:00+05:30,42.45,42.65,42.35,42.5,325470
2020-07-10 09:15:00+05:30,42.35,42.7,41.7,42.4,1258366
2020-07-10 10:15:00+05:30,42.4,42.5,41.8,41.8,540831
2020-07-10 11:15:00+05:30,41.8,42.05,41.6,41.75,459302
2020-07-10 12:15:00+05:30,41.8,42.3,41.5,42.1,500102
2020-07-10 13:15:00+05:30,42.1,42.5,41.9,42.05,636699
2020-07-10 14:15:00+05:30,42.05,42.45,41.95,42.15,838260
2020-07-10 15:15:00+05:30,42.15,42.25,42.0,42.15,288014
2020-07-13 09:15:00+05:30,42.6,43.7,42.55,42.85,2374618
2020-07-13 10:15:00+05:30,42.8,43.0,42.25,42.35,508110
2020-07-13 11:15:00+05:30,42.35,42.55,42.25,42.5,467274
2020-07-13 12:15:00+05:30,42.5,42.7,42.4,42.6,355704
2020-07-13 13:15:00+05:30,42.6,42.65,42.2,42.3,291126
2020-07-13 14:15:00+05:30,42.3,42.6,42.1,42.5,547878
2020-07-13 15:15:00+05:30,42.45,42.65,42.3,42.45,301677
2020-07-14 09:15:00+05:30,42.0,42.2,41.4,41.7,875621
2020-07-14 10:15:00+05:30,41.7,41.7,41.0,41.1,487531
2020-07-14 11:15:00+05:30,41.05,41.4,40.95,41.1,235927
2020-07-14 12:15:00+05:30,41.1,41.2,40.55,40.55,486898
2020-07-14 13:15:00+05:30,40.55,41.1,40.55,41.0,617354
2020-07-14 14:15:00+05:30,41.0,41.25,40.85,41.0,503155
2020-07-14 15:15:00+05:30,41.0,41.2,40.9,41.15,309863
2020-07-15 09:15:00+05:30,41.35,41.8,41.25,41.25,381284
2020-07-15 10:15:00+05:30,41.25,41.5,41.0,41.4,536335
2020-07-15 11:15:00+05:30,41.3,41.4,41.0,41.0,190274
2020-07-15 12:15:00+05:30,41.0,41.0,40.25,40.45,448848
2020-07-15 13:15:00+05:30,40.4,40.8,40.3,40.35,430788
2020-07-15 14:15:00+05:30,40.35,40.5,40.15,40.4,493813
2020-07-15 15:15:00+05:30,40.4,40.7,40.25,40.45,420277
2020-07-16 09:15:00+05:30,40.5,40.55,39.4,39.75,956248
2020-07-16 10:15:00+05:30,39.75,40.1,39.4,39.5,410708
2020-07-16 11:15:00+05:30,39.5,39.65,39.15,39.25,293256
2020-07-16 12:15:00+05:30,39.25,39.4,39.15,39.2,242695
2020-07-16 13:15:00+05:30,39.2,39.5,39.1,39.4,557445
2020-07-16 14:15:00+05:30,39.4,40.1,39.35,39.95,825228
2020-07-16 15:15:00+05:30,39.95,40.15,39.75,40.0,282536
2020-07-17 09:15:00+05:30,40.2,40.95,40.1,40.8,1079533
2020-07-17 10:15:00+05:30,40.8,41.0,40.45,40.6,591833
2020-07-17 11:15:00+05:30,40.6,41.0,40.55,40.85,364145
2020-07-17 12:15:00+05:30,40.85,40.9,40.6,40.65,305152
2020-07-17 13:15:00+05:30,40.65,40.9,40.45,40.5,514814
2020-07-17 14:15:00+05:30,40.5,41.1,40.45,40.95,711918
2020-07-17 15:15:00+05:30,40.95,41.0,40.75,40.85,478825
2020-07-20 09:15:00+05:30,41.25,41.25,40.2,40.4,692587
2020-07-20 10:15:00+05:30,40.4,40.65,40.1,40.25,747998
2020-07-20 11:15:00+05:30,40.25,40.3,40.0,40.15,628538
2020-07-20 12:15:00+05:30,40.2,40.3,40.15,40.2,171205
2020-07-20 13:15:00+05:30,40.2,40.25,39.95,40.1,393492
2020-07-20 14:15:00+05:30,40.15,40.35,40.05,40.25,309874
2020-07-20 15:15:00+05:30,40.25,40.45,40.15,40.25,310896
2020-07-21 09:15:00+05:30,40.85,41.85,40.45,41.1,2168649
2020-07-21 10:15:00+05:30,41.1,41.65,41.05,41.35,1304495
2020-07-21 11:15:00+05:30,41.4,41.75,41.2,41.25,969481
2020-07-21 12:15:00+05:30,41.25,41.45,41.15,41.3,386865
2020-07-21 13:15:00+05:30,41.3,41.5,41.15,41.4,551679
2020-07-21 14:15:00+05:30,41.4,41.6,41.25,41.35,941912
2020-07-21 15:15:00+05:30,41.35,41.4,41.0,41.2,431569
2020-07-22 09:15:00+05:30,41.55,41.75,40.3,40.55,1316637
2020-07-22 10:15:00+05:30,40.5,40.75,40.35,40.7,628721
2020-07-22 11:15:00+05:30,40.7,40.85,40.5,40.75,289786
2020-07-22 12:15:00+05:30,40.75,40.9,40.4,40.4,332652
2020-07-22 13:15:00+05:30,40.45,40.45,39.7,39.75,941055
2020-07-22 14:15:00+05:30,39.75,40.1,39.6,40.05,596055
2020-07-22 15:15:00+05:30,40.05,40.15,39.9,40.05,286850
2020-07-23 09:15:00+05:30,40.1,40.25,39.75,39.9,952748
2020-07-23 10:15:00+05:30,39.95,40.2,39.9,40.15,409747
2020-07-23 11:15:00+05:30,40.2,40.3,40.1,40.2,219308
2020-07-23 12:15:00+05:30,40.25,40.3,40.0,40.05,121491
2020-07-23 13:15:00+05:30,40.05,40.3,40.05,40.1,190997
2020-07-23 14:15:00+05:30,40.1,40.15,39.95,40.05,295493
2020-07-23 15:15:00+05:30,40.05,40.25,39.95,40.2,347528
2020-07-24 09:15:00+05:30,39.75,39.8,39.3,39.5,720315
2020-07-24 10:15:00+05:30,39.5,39.5,38.85,38.9,663611
2020-07-24 11:15:00+05:30,38.9,39.1,38.9,39.0,276685
2020-07-24 12:15:00+05:30,39.0,39.1,38.9,38.95,139262
2020-07-24 13:15:00+05:30,38.95,39.15,38.85,39.05,330085
2020-07-24 14:15:00+05:30,39.05,39.2,38.9,39.0,477673
2020-07-24 15:15:00+05:30,39.0,39.05,38.95,39.0,242992
2020-07-27 09:15:00+05:30,39.15,39.25,38.15,38.35,642359
2020-07-27 10:15:00+05:30,38.35,38.5,38.05,38.15,573288
2020-07-27 11:15:00+05:30,38.15,38.3,38.1,38.25,304642
2020-07-27 12:15:00+05:30,38.25,38.45,38.15,38.2,490206
2020-07-27 13:15:00+05:30,38.2,38.3,38.1,38.2,249128
2020-07-27 14:15:00+05:30,38.2,38.25,37.9,37.95,532771
2020-07-27 15:15:00+05:30,37.95,38.0,37.85,38.0,248310
2020-07-28 09:15:00+05:30,38.0,39.1,37.85,38.45,1610571
2020-07-28 10:15:00+05:30,38.4,38.45,38.15,38.25,875571
2020-07-28 11:15:00+05:30,38.25,38.8,38.15,38.75,1053762
2020-07-28 12:15:00+05:30,38.75,38.85,38.65,38.7,509915
2020-07-28 13:15:00+05:30,38.7,39.35,38.6,39.05,1736733
2020-07-28 14:15:00+05:30,39.05,39.2,38.6,38.85,2437031
2020-07-28 15:15:00+05:30,38.8,38.85,38.55,38.65,442722
2020-07-29 09:15:00+05:30,39.15,39.6,38.65,39.05,1838309
2020-07-29 10:15:00+05:30,39.05,39.25,38.85,39.05,649255
2020-07-29 11:15:00+05:30,39.05,39.2,38.95,38.95,213907
2020-07-29 12:15:00+05:30,38.95,39.15,38.85,38.85,126661
2020-07-29 13:15:00+05:30,38.85,39.0,38.4,38.4,359149
2020-07-29 14:15:00+05:30,38.45,38.5,38.1,38.25,680690
2020-07-29 15:15:00+05:30,38.3,38.45,38.0,38.25,428043
2020-07-30 09:15:00+05:30,38.5,38.75,37.85,38.2,635352
2020-07-30 10:15:00+05:30,38.15,38.35,38.05,38.2,274651
2020-07-30 11:15:00+05:30,38.25,38.5,38.15,38.3,468878
2020-07-30 12:15:00+05:30,38.3,38.3,37.8,37.85,399551
2020-07-30 13:15:00+05:30,37.85,37.9,37.5,37.65,429377
2020-07-30 14:15:00+05:30,37.6,38.1,37.55,38.1,501491
2020-07-30 15:15:00+05:30,38.1,38.15,37.5,37.7,407731
2020-07-31 09:15:00+05:30,38.0,38.0,36.9,37.0,1092754
2020-07-31 10:15:00+05:30,36.95,37.2,36.9,37.0,420482
2020-07-31 11:15:00+05:30,37.0,37.1,36.85,37.0,282027
2020-07-31 12:15:00+05:30,37.0,37.3,36.9,37.2,765051
2020-07-31 13:15:00+05:30,37.2,37.25,36.9,37.05,295803
2020-07-31 14:15:00+05:30,37.05,37.7,36.95,37.7,721835
2020-07-31 15:15:00+05:30,37.65,37.8,37.4,37.8,420604
2020-08-03 09:15:00+05:30,37.6,40.3,37.25,39.0,7504219
2020-08-03 10:15:00+05:30,39.0,39.2,38.25,38.85,2202066
2020-08-03 11:15:00+05:30,38.85,39.15,38.75,39.0,825331
2020-08-03 12:15:00+05:30,39.0,39.15,38.75,39.0,859162
2020-08-03 13:15:00+05:30,39.0,40.05,38.9,39.45,3575639
2020-08-03 14:15:00+05:30,39.4,40.75,39.3,39.85,6755129
2020-08-03 15:15:00+05:30,39.9,39.9,39.2,39.35,1039001
2020-08-04 09:15:00+05:30,39.8,40.15,39.2,39.65,2879420
2020-08-04 10:15:00+05:30,39.65,39.75,39.4,39.4,729710
2020-08-04 11:15:00+05:30,39.45,39.65,39.3,39.45,396510
2020-08-04 12:15:00+05:30,39.45,39.6,39.3,39.45,433778
2020-08-04 13:15:00+05:30,39.5,40.0,39.4,39.85,536847
2020-08-04 14:15:00+05:30,39.9,40.1,39.1,39.35,1809907
2020-08-04 15:15:00+05:30,39.35,39.6,39.25,39.35,447664
2020-08-05 09:15:00+05:30,39.35,39.9,39.35,39.55,732000
2020-08-05 10:15:00+05:30,39.55,39.8,39.4,39.7,452947
2020-08-05 11:15:00+05:30,39.7,39.75,39.15,39.35,570548
2020-08-05 12:15:00+05:30,39.35,39.55,39.2,39.25,398851
2020-08-05 13:15:00+05:30,39.25,41.1,39.2,41.0,3476685
2020-08-05 14:15:00+05:30,41.0,42.3,40.6,40.7,5381712
2020-08-05 15:15:00+05:30,40.7,40.9,40.65,40.75,529819
2020-08-06 09:15:00+05:30,41.0,41.45,40.5,40.6,1334562
2020-08-06 10:15:00+05:30,40.6,40.75,40.55,40.7,391479
2020-08-06 11:15:00+05:30,40.7,40.8,40.55,40.75,239113
2020-08-06 12:15:00+05:30,40.75,41.2,40.75,40.85,593406
2020-08-06 13:15:00+05:30,40.85,41.2,40.7,41.1,616925
2020-08-06 14:15:00+05:30,41.1,41.15,40.65,40.9,885290
2020-08-06 15:15:00+05:30,40.95,41.1,40.75,41.1,452342
2020-08-07 09:15:00+05:30,40.9,41.25,40.55,41.05,1276205
2020-08-07 10:15:00+05:30,41.05,41.1,40.65,40.8,615761
2020-08-07 11:15:00+05:30,40.8,41.45,40.6,41.1,1260537
2020-08-07 12:15:00+05:30,41.1,41.2,40.75,41.0,1016013
2020-08-07 13:15:00+05:30,41.0,41.6,40.9,41.4,1715646
2020-08-07 14:15:00+05:30,41.4,41.5,40.95,41.0,1059787
2020-08-07 15:15:00+05:30,41.0,41.25,40.85,41.2,824294
2020-08-10 09:15:00+05:30,41.7,42.2,41.4,42.0,1868431
2020-08-10 10:15:00+05:30,42.0,42.9,42.0,42.85,1675741
2020-08-10 11:15:00+05:30,42.85,42.95,42.65,42.65,754869
2020-08-10 12:15:00+05:30,42.65,43.15,42.65,42.85,831519
2020-08-10 13:15:00+05:30,42.85,43.0,42.5,42.7,628036
2020-08-10 14:15:00+05:30,42.7,43.05,42.55,42.75,1361936
2020-08-10 15:15:00+05:30,42.75,43.0,42.65,42.9,595629
2020-08-11 09:15:00+05:30,43.2,43.5,41.9,41.95,1455228
2020-08-11 10:15:00+05:30,41.95,42.6,41.8,42.2,707183
2020-08-11 11:15:00+05:30,42.2,42.2,41.4,41.45,1804857
2020-08-11 12:15:00+05:30,41.45,41.65,41.4,41.55,900202
2020-08-11 13:15:00+05:30,41.55,41.75,41.4,41.5,1150103
2020-08-11 14:15:00+05:30,41.5,41.65,41.4,41.6,1316281
2020-08-11 15:15:00+05:30,41.55,41.75,41.5,41.75,638369
2020-08-12 09:15:00+05:30,41.5,41.8,41.0,41.55,911686
2020-08-12 10:15:00+05:30,41.55,41.7,41.4,41.7,283821
2020-08-12 11:15:00+05:30,41.7,41.85,41.55,41.7,310120
2020-08-12 12:15:00+05:30,41.7,41.75,41.25,41.35,548341
2020-08-12 13:15:00+05:30,41.35,41.5,41.3,41.4,290021
2020-08-12 14:15:00+05:30,41.4,43.05,41.35,42.85,2865901
2020-08-12 15:15:00+05:30,42.85,43.25,42.8,43.2,817226
2020-08-13 09:15:00+05:30,43.3,43.35,42.75,43.1,1096683
2020-08-13 10:15:00+05:30,43.1,46.75,43.0,46.5,5527101
2020-08-13 11:15:00+05:30,46.55,47.4,46.45,46.9,3766253
2020-08-13 12:15:00+05:30,46.9,48.1,46.35,47.85,3035312
2020-08-13 13:15:00+05:30,47.85,49.3,47.75,48.35,4561840
2020-08-13 14:15:00+05:30,48.35,48.4,47.1,47.3,3105478
2020-08-13 15:15:00+05:30,47.3,47.7,47.0,47.2,1093090
2020-08-14 09:15:00+05:30,47.6,48.05,45.2,45.7,2364926
2020-08-14 10:15:00+05:30,45.7,46.45,45.5,46.2,664813
2020-08-14 11:15:00+05:30,46.2,46.65,45.85,46.2,790838
2020-08-14 12:15:00+05:30,46.2,46.6,46.15,46.2,799541
2020-08-14 13:15:00+05:30,46.2,46.3,44.6,44.95,2786085
2020-08-14 14:15:00+05:30,44.95,45.0,44.1,44.3,950405
2020-08-14 15:15:00+05:30,44.3,44.75,44.2,44.5,381578
2020-08-17 09:15:00+05:30,44.9,44.9,43.2,43.65,2522161
2020-08-17 10:15:00+05:30,43.65,44.7,43.65,44.0,1356179
2020-08-17 11:15:00+05:30,43.95,44.15,43.6,44.1,1159058
2020-08-17 12:15:00+05:30,44.05,44.2,43.6,43.95,885363
2020-08-17 13:15:00+05:30,43.95,44.05,43.45,43.65,1639938
2020-08-17 14:15:00+05:30,43.65,43.8,43.4,43.7,1344806
2020-08-17 15:15:00+05:30,43.7,43.8,43.5,43.65,302439
2020-08-18 09:15:00+05:30,44.0,44.6,43.6,43.95,2410187
2020-08-18 10:15:00+05:30,43.95,44.4,43.9,44.1,1271385
2020-08-18 11:15:00+05:30,44.1,44.55,43.95,44.0,1255670
2020-08-18 12:15:00+05:30,43.95,44.6,43.9,44.3,1730862
2020-08-18 13:15:00+05:30,44.3,45.15,44.25,44.55,1577401
2020-08-18 14:15:00+05:30,44.55,44.75,44.0,44.1,943088
2020-08-18 15:15:00+05:30,44.15,44.25,43.9,44.05,424765
2020-08-19 09:15:00+05:30,44.4,44.75,44.05,44.45,1092448
2020-08-19 10:15:00+05:30,44.45,44.6,44.1,44.2,613822
2020-08-19 11:15:00+05:30,44.2,44.25,43.95,44.1,520095
2020-08-19 12:15:00+05:30,44.05,44.15,43.45,43.9,1128997
2020-08-19 13:15:00+05:30,43.9,44.25,43.85,44.0,388171
2020-08-19 14:15:00+05:30,44.0,44.05,43.8,44.0,690964
2020-08-19 15:15:00+05:30,44.05,44.15,43.95,44.1,237302
2020-08-20 09:15:00+05:30,43.75,44.75,43.25,44.65,1692142
2020-08-20 10:15:00+05:30,44.6,45.35,44.4,44.9,1998936
2020-08-20 11:15:00+05:30,44.9,45.0,44.3,44.4,507840
2020-08-20 12:15:00+05:30,44.35,44.6,44.15,44.35,378916
2020-08-20 13:15:00+05:30,44.35,44.7,44.05,44.1,573425
2020-08-20 14:15:00+05:30,44.1,44.15,43.75,43.85,893626
2020-08-20 15:15:00+05:30,43.85,44.05,43.15,43.5,1198540
2020-08-21 09:15:00+05:30,43.9,44.5,43.8,44.1,893041
2020-08-21 10:15:00+05:30,44.1,44.25,43.55,43.65,683514
2020-08-21 11:15:00+05:30,43.7,44.05,43.3,43.6,1308943
2020-08-21 12:15:00+05:30,43.6,43.95,43.5,43.9,417956
2020-08-21 13:15:00+05:30,43.9,44.05,43.65,43.75,1215214
2020-08-21 14:15:00+05:30,43.75,43.8,43.25,43.35,743005
2020-08-21 15:15:00+05:30,43.35,43.55,43.15,43.3,388569
2020-08-24 09:15:00+05:30,43.5,43.9,43.4,43.7,711845
2020-08-24 10:15:00+05:30,43.7,43.7,43.25,43.35,508373
2020-08-24 11:15:00+05:30,43.35,43.7,43.25,43.6,327262
2020-08-24 12:15:00+05:30,43.55,45.25,43.5,45.15,3437011
2020-08-24 13:15:00+05:30,45.15,45.85,44.85,45.8,2163701
2020-08-24 14:15:00+05:30,45.8,46.25,44.55,44.75,5318794
2020-08-24 15:15:00+05:30,44.7,44.85,44.6,44.65,584486
2020-08-25 09:15:00+05:30,44.75,45.9,44.75,45.75,1800963
2020-08-25 10:15:00+05:30,45.75,46.0,45.05,45.25,2052699
2020-08-25 11:15:00+05:30,45.3,45.7,45.25,45.6,449259
2020-08-25 12:15:00+05:30,45.6,45.65,45.15,45.3,567379
2020-08-25 13:15:00+05:30,45.3,45.45,45.2,45.4,784187
2020-08-25 14:15:00+05:30,45.4,48.45,45.2,47.75,12206385
2020-08-25 15:15:00+05:30,47.75,48.15,47.6,48.05,1753869
2020-08-26 09:15:00+05:30,49.0,49.75,48.25,49.2,5416303
2020-08-26 10:15:00+05:30,49.2,49.65,49.1,49.25,2008228
2020-08-26 11:15:00+05:30,49.2,52.9,49.2,51.75,10683817
2020-08-26 12:15:00+05:30,51.75,51.85,50.7,51.1,3133223
2020-08-26 13:15:00+05:30,51.1,52.2,51.0,51.95,3516793
2020-08-26 14:15:00+05:30,51.9,53.75,51.9,53.1,8089032
2020-08-26 15:15:00+05:30,53.1,54.15,53.0,53.25,2561849
2020-08-27 09:15:00+05:30,54.05,55.3,53.1,53.15,4622564
2020-08-27 10:15:00+05:30,53.2,55.2,52.3,55.0,3914261
2020-08-27 11:15:00+05:30,54.95,56.6,54.95,56.2,7679133
2020-08-27 12:15:00+05:30,56.2,56.4,55.6,56.2,1771832
2020-08-27 13:15:00+05:30,56.1,56.15,55.4,55.9,1615614
2020-08-27 14:15:00+05:30,55.95,57.15,54.8,54.95,5725671
2020-08-27 15:15:00+05:30,55.0,55.0,54.0,54.6,1744680
2020-08-28 09:15:00+05:30,54.85,55.1,53.7,53.75,3317025
2020-08-28 10:15:00+05:30,53.75,54.25,52.75,52.9,2544380
2020-08-28 11:15:00+05:30,52.9,53.4,52.85,53.15,1282572
2020-08-28 12:15:00+05:30,53.2,53.25,52.75,53.0,558852
2020-08-28 13:15:00+05:30,52.95,55.25,52.3,54.8,3701507
2020-08-28 14:15:00+05:30,54.85,54.9,53.3,53.5,1872715
2020-08-28 15:15:00+05:30,53.5,53.65,53.05,53.35,766082
2020-08-31 09:15:00+05:30,53.5,54.6,53.35,53.55,3539986
2020-08-31 10:15:00+05:30,53.55,53.75,51.7,51.7,2880051
2020-08-31 11:15:00+05:30,51.75,51.75,50.15,51.55,3032657
2020-08-31 12:15:00+05:30,51.6,52.4,50.8,51.0,1816631
2020-08-31 13:15:00+05:30,51.0,52.5,50.2,51.9,2829966
2020-08-31 14:15:00+05:30,51.85,52.9,50.75,50.8,3183914
2020-08-31 15:15:00+05:30,50.8,51.2,50.5,50.6,800452
2020-09-01 09:15:00+05:30,50.55,51.7,49.6,50.2,1911749
2020-09-01 10:15:00+05:30,50.2,50.45,49.6,49.75,1087431
2020-09-01 11:15:00+05:30,49.75,50.25,49.5,49.75,641599
2020-09-01 12:15:00+05:30,49.75,50.55,49.65,50.1,918041
2020-09-01 13:15:00+05:30,50.15,50.5,49.7,50.35,558775
2020-09-01 14:15:00+05:30,50.35,51.0,49.75,50.65,937390
2020-09-01 15:15:00+05:30,50.7,51.1,50.55,50.9,524389
2020-09-02 09:15:00+05:30,50.85,52.25,50.1,51.25,1896196
2020-09-02 10:15:00+05:30,51.25,52.0,51.0,51.45,915806
2020-09-02 11:15:00+05:30,51.45,51.7,51.2,51.4,340881
2020-09-02 12:15:00+05:30,51.4,51.6,51.15,51.45,413714
2020-09-02 13:15:00+05:30,51.45,51.65,51.1,51.35,262770
2020-09-02 14:15:00+05:30,51.35,53.3,51.25,52.8,4222108
2020-09-02 15:15:00+05:30,52.75,53.7,52.6,53.5,1340082
2020-09-03 09:15:00+05:30,53.6,55.5,53.6,54.7,6031478
2020-09-03 10:15:00+05:30,54.7,55.2,54.2,54.35,2052324
2020-09-03 11:15:00+05:30,54.35,55.05,54.25,54.5,1082203
2020-09-03 12:15:00+05:30,54.5,54.6,54.15,54.3,630796
2020-09-03 13:15:00+05:30,54.35,54.7,54.15,54.25,451626
2020-09-03 14:15:00+05:30,54.25,56.7,54.15,55.0,7385974
2020-09-03 15:15:00+05:30,55.0,55.65,54.8,55.1,1661251
2020-09-04 09:15:00+05:30,53.1,54.55,53.1,54.05,3188583
2020-09-04 10:15:00+05:30,54.05,55.2,53.5,55.05,2592622
2020-09-04 11:15:00+05:30,55.0,56.5,54.65,56.25,2654095
2020-09-04 12:15:00+05:30,56.2,56.9,55.65,56.6,2744115
2020-09-04 13:15:00+05:30,56.6,56.7,55.6,56.0,3174774
2020-09-04 14:15:00+05:30,55.95,56.65,55.35,56.05,6979594
2020-09-04 15:15:00+05:30,56.05,56.45,55.9,56.3,2016199
2020-09-07 09:15:00+05:30,58.5,62.35,57.7,60.35,16574692
2020-09-07 10:15:00+05:30,60.3,61.2,59.25,60.35,4566667
2020-09-07 11:15:00+05:30,60.35,61.4,60.05,60.6,3584305
2020-09-07 12:15:00+05:30,60.6,62.9,60.35,62.2,9003656
2020-09-07 13:15:00+05:30,62.2,62.95,61.1,61.9,7436484
2020-09-07 14:15:00+05:30,61.85,62.1,60.55,61.8,6868645
2020-09-07 15:15:00+05:30,61.8,62.3,61.8,62.05,3445986
2020-09-08 09:15:00+05:30,61.95,62.0,60.25,61.25,4500165
2020-09-08 10:15:00+05:30,61.2,61.8,60.75,60.95,2168579
2020-09-08 11:15:00+05:30,60.95,61.15,60.4,60.5,1234970
2020-09-08 12:15:00+05:30,60.55,60.6,59.35,59.5,1609399
2020-09-08 13:15:00+05:30,59.5,60.1,59.3,59.6,1362030
2020-09-08 14:15:00+05:30,59.6,59.8,58.1,58.4,3404353
2020-09-08 15:15:00+05:30,58.4,58.7,57.65,58.05,1515696
2020-09-09 09:15:00+05:30,57.05,58.6,56.5,57.3,1926336
2020-09-09 10:15:00+05:30,57.3,57.45,57.05,57.35,485342
2020-09-09 11:15:00+05:30,57.35,57.35,55.55,55.6,1083421
2020-09-09 12:15:00+05:30,55.6,56.55,55.6,56.2,807127
2020-09-09 13:15:00+05:30,56.2,56.9,56.0,56.55,876621
2020-09-09 14:15:00+05:30,56.55,58.85,56.3,58.8,2276566
2020-09-09 15:15:00+05:30,58.8,59.1,58.4,58.5,915205
2020-09-10 09:15:00+05:30,59.7,60.75,59.1,60.0,2112447
2020-09-10 10:15:00+05:30,60.0,60.95,60.0,60.75,1119075
2020-09-10 11:15:00+05:30,60.65,60.8,59.85,60.4,1081974
2020-09-10 12:15:00+05:30,60.4,60.5,59.8,59.85,790832
2020-09-10 13:15:00+05:30,59.8,60.2,59.25,60.0,1152082
2020-09-10 14:15:00+05:30,59.85,60.95,59.8,60.4,1417945
2020-09-10 15:15:00+05:30,60.35,60.5,60.15,60.2,560206
2020-09-11 09:15:00+05:30,60.75,60.85,59.55,59.75,1023626
2020-09-11 10:15:00+05:30,59.75,60.75,59.5,60.5,1711701
2020-09-11 11:15:00+05:30,60.5,60.65,60.0,60.4,655520
2020-09-11 12:15:00+05:30,60.4,60.4,59.05,59.05,1001850
2020-09-11 13:15:00+05:30,59.05,59.5,58.7,59.0,1260694
2020-09-11 14:15:00+05:30,59.0,59.65,59.0,59.55,1054093
2020-09-11 15:15:00+05:30,59.55,59.7,59.1,59.25,628936
2020-09-14 09:15:00+05:30,61.2,62.25,60.75,61.2,2376949
2020-09-14 10:15:00+05:30,61.2,62.2,61.2,62.0,1427333
2020-09-14 11:15:00+05:30,62.0,62.75,61.75,61.8,1385269
2020-09-14 12:15:00+05:30,61.8,62.5,61.7,62.25,819788
2020-09-14 13:15:00+05:30,62.25,62.3,61.2,61.25,1260972
2020-09-14 14:15:00+05:30,61.3,61.7,61.0,61.2,1036105
2020-09-14 15:15:00+05:30,61.25,61.3,60.6,60.9,540385
2020-09-15 09:15:00+05:30,61.9,62.2,60.7,61.85,1385733
2020-09-15 10:15:00+05:30,61.85,62.05,61.55,61.8,320588
2020-09-15 11:15:00+05:30,61.8,63.6,61.7,63.15,2191819
2020-09-15 12:15:00+05:30,63.15,64.0,63.1,63.2,1177663
2020-09-15 13:15:00+05:30,63.2,63.45,63.0,63.3,446985
2020-09-15 14:15:00+05:30,63.3,64.15,63.1,63.75,1225769
2020-09-15 15:15:00+05:30,63.75,63.85,63.5,63.65,475182
2020-09-16 09:15:00+05:30,63.9,65.35,63.0,64.85,2359947
2020-09-16 10:15:00+05:30,64.85,65.3,64.3,65.1,1120620
2020-09-16 11:15:00+05:30,65.15,67.4,65.0,67.3,3356057
2020-09-16 12:15:00+05:30,67.3,67.85,66.85,67.7,2040611
2020-09-16 13:15:00+05:30,67.65,67.8,66.9,67.4,1009279
2020-09-16 14:15:00+05:30,67.4,67.5,66.45,66.5,1238843
2020-09-16 15:15:00+05:30,66.5,66.65,66.1,66.1,593675
2020-09-17 09:15:00+05:30,66.0,66.8,65.5,65.6,1108851
2020-09-17 10:15:00+05:30,65.6,66.0,65.2,65.8,386735
2020-09-17 11:15:00+05:30,65.8,65.85,64.6,64.75,497116
2020-09-17 12:15:00+05:30,64.75,64.95,64.5,64.6,470665
2020-09-17 13:15:00+05:30,64.6,65.25,64.55,65.05,220198
2020-09-17 14:15:00+05:30,65.05,65.6,65.0,65.6,728948
2020-09-17 15:15:00+05:30,65.55,65.65,65.1,65.2,381128
2020-09-18 09:15:00+05:30,65.55,66.95,65.55,66.9,1405056
2020-09-18 10:15:00+05:30,66.95,66.95,66.05,66.35,568037
2020-09-18 11:15:00+05:30,66.35,66.45,65.85,66.0,485482
2020-09-18 12:15:00+05:30,66.0,66.25,65.9,66.1,193637
2020-09-18 13:15:00+05:30,66.1,66.1,65.85,65.95,327587
2020-09-18 14:15:00+05:30,65.95,66.0,64.25,65.35,1309296
2020-09-18 15:15:00+05:30,65.35,66.15,65.05,66.1,1573482
2020-09-21 09:15:00+05:30,65.8,66.0,64.5,64.7,958974
2020-09-21 10:15:00+05:30,64.6,65.1,64.25,64.4,502059
2020-09-21 11:15:00+05:30,64.4,64.8,64.2,64.6,457146
2020-09-21 12:15:00+05:30,64.6,64.85,64.35,64.5,671299
2020-09-21 13:15:00+05:30,64.5,64.55,60.95,61.1,2079735
2020-09-21 14:15:00+05:30,61.0,63.0,60.35,61.5,1807039
2020-09-21 15:15:00+05:30,61.45,61.5,60.1,60.95,898741
2020-09-22 09:15:00+05:30,61.6,61.75,57.05,59.0,2345466
2020-09-22 10:15:00+05:30,59.0,59.95,58.15,58.2,980231
2020-09-22 11:15:00+05:30,58.2,59.45,58.1,59.45,512435
2020-09-22 12:15:00+05:30,59.45,59.6,58.9,59.15,693820
2020-09-22 13:15:00+05:30,59.15,59.7,57.95,58.45,798284
2020-09-22 14:15:00+05:30,58.45,59.45,57.5,59.1,727806
2020-09-22 15:15:00+05:30,59.1,59.45,58.6,58.75,317430
2020-09-23 09:15:00+05:30,59.1,60.65,59.1,59.4,915503
2020-09-23 10:15:00+05:30,59.4,59.8,59.35,59.8,287315
2020-09-23 11:15:00+05:30,59.8,60.0,59.2,59.9,1113584
2020-09-23 12:15:00+05:30,59.9,60.0,59.1,60.0,1485540
2020-09-23 13:15:00+05:30,60.0,60.0,59.5,59.9,2191368
2020-09-23 14:15:00+05:30,59.9,60.9,59.9,60.4,1225377
2020-09-23 15:15:00+05:30,60.35,60.85,60.05,60.3,477382
2020-09-24 09:15:00+05:30,59.9,61.7,59.45,59.95,2686061
2020-09-24 10:15:00+05:30,59.95,60.0,58.45,58.65,954473
2020-09-24 11:15:00+05:30,58.65,59.0,58.1,58.4,494212
2020-09-24 12:15:00+05:30,58.45,59.2,58.1,58.6,570255
2020-09-24 13:15:00+05:30,58.6,59.1,58.35,58.7,256333
2020-09-24 14:15:00+05:30,58.6,58.85,57.05,57.25,689704
2020-09-24 15:15:00+05:30,57.25,57.4,57.0,57.3,402252
2020-09-25 09:15:00+05:30,58.7,59.75,58.3,58.6,1143698
2020-09-25 10:15:00+05:30,58.6,59.0,58.15,59.0,311296
2020-09-25 11:15:00+05:30,59.0,59.1,58.6,59.1,438913
2020-09-25 12:15:00+05:30,59.1,59.75,59.1,59.45,363511
2020-09-25 13:15:00+05:30,59.45,59.5,58.6,59.15,372042
2020-09-25 14:15:00+05:30,59.15,59.2,59.0,59.05,563433
2020-09-25 15:15:00+05:30,59.05,59.2,59.0,59.2,507524
2020-09-28 09:15:00+05:30,60.3,61.25,59.8,61.2,1447416
2020-09-28 10:15:00+05:30,61.25,61.3,60.7,61.25,540385
2020-09-28 11:15:00+05:30,61.25,61.25,60.45,60.5,341893
2020-09-28 12:15:00+05:30,60.5,61.0,60.2,60.75,299621
2020-09-28 13:15:00+05:30,60.75,61.1,60.5,61.0,238282
2020-09-28 14:15:00+05:30,61.0,61.65,61.0,61.4,889488
2020-09-28 15:15:00+05:30,61.4,61.45,61.0,61.1,308676
2020-09-29 09:15:00+05:30,62.0,62.3,60.15,60.25,874821
2020-09-29 10:15:00+05:30,60.25,60.75,59.5,59.75,438724
2020-09-29 11:15:00+05:30,59.75,60.25,59.55,60.0,218516
2020-09-29 12:15:00+05:30,60.0,60.8,60.0,60.25,701437
2020-09-29 13:15:00+05:30,60.25,60.5,60.0,60.25,119081
2020-09-29 14:15:00+05:30,60.25,60.6,60.0,60.05,392529
2020-09-29 15:15:00+05:30,60.05,60.2,59.9,60.0,274302
2020-09-30 09:15:00+05:30,60.4,60.5,59.5,59.75,769496
2020-09-30 10:15:00+05:30,59.75,61.9,59.65,61.85,996331
2020-09-30 11:15:00+05:30,61.85,61.9,60.8,61.65,938499
2020-09-30 12:15:00+05:30,61.65,62.6,61.55,62.35,875907
2020-09-30 13:15:00+05:30,62.35,63.65,62.25,63.15,1499174
2020-09-30 14:15:00+05:30,63.2,63.3,62.7,62.85,1367022
2020-09-30 15:15:00+05:30,62.85,63.0,62.2,62.5,482195
2020-10-01 09:15:00+05:30,63.1,64.4,63.1,64.0,1437569
2020-10-01 10:15:00+05:30,63.9,64.0,63.15,63.35,500021
2020-10-01 11:15:00+05:30,63.35,63.5,62.8,62.9,403241
2020-10-01 12:15:00+05:30,62.9,63.1,62.8,62.9,238864
2020-10-01 13:15:00+05:30,62.85,63.0,62.25,62.35,341965
2020-10-01 14:15:00+05:30,62.35,62.4,61.7,62.1,539949
2020-10-01 15:15:00+05:30,62.0,62.4,61.9,62.4,304322
2020-10-05 09:15:00+05:30,63.85,64.2,62.35,62.75,1124026
2020-10-05 10:15:00+05:30,62.75,63.0,62.1,62.4,456878
2020-10-05 11:15:00+05:30,62.4,62.45,61.9,62.3,304255
2020-10-05 12:15:00+05:30,62.4,62.4,61.75,61.8,276063
2020-10-05 13:15:00+05:30,61.8,62.15,61.5,62.05,333720
2020-10-05 14:15:00+05:30,62.05,62.45,61.85,62.25,512707
2020-10-05 15:15:00+05:30,62.25,62.45,62.0,62.1,405821
2020-10-06 09:15:00+05:30,64.1,65.55,63.3,64.7,4013423
2020-10-06 10:15:00+05:30,64.7,65.7,64.7,65.55,1660896
2020-10-06 11:15:00+05:30,65.5,65.6,65.15,65.35,614310
2020-10-06 12:15:00+05:30,65.3,65.45,64.3,64.55,690893
2020-10-06 13:15:00+05:30,64.55,66.2,64.4,65.35,2353415
2020-10-06 14:15:00+05:30,65.35,65.7,64.7,65.25,1218825
2020-10-06 15:15:00+05:30,65.25,65.35,64.85,64.95,687281
2020-10-07 09:15:00+05:30,64.95,64.95,63.75,63.95,1110918
2020-10-07 10:15:00+05:30,63.95,64.25,63.35,63.4,589872
2020-10-07 11:15:00+05:30,63.45,63.75,63.0,63.25,388661
2020-10-07 12:15:00+05:30,63.25,64.2,63.1,64.15,722003
2020-10-07 13:15:00+05:30,64.15,64.15,63.6,64.05,263004
2020-10-07 14:15:00+05:30,64.05,64.55,64.0,64.15,475558
2020-10-07 15:15:00+05:30,64.25,64.35,64.0,64.1,257173
2020-10-08 09:15:00+05:30,64.7,64.8,63.75,64.0,709131
2020-10-08 10:15:00+05:30,64.1,64.3,63.7,63.85,245068
2020-10-08 11:15:00+05:30,63.85,63.9,63.45,63.6,236638
2020-10-08 12:15:00+05:30,63.6,63.7,63.1,63.45,228668
2020-10-08 13:15:00+05:30,63.45,63.85,63.2,63.4,289787
2020-10-08 14:15:00+05:30,63.4,63.45,62.55,62.75,610187
2020-10-08 15:15:00+05:30,62.75,62.9,62.6,62.7,272165
2020-10-09 09:15:00+05:30,63.0,63.5,62.1,62.25,917744
2020-10-09 10:15:00+05:30,62.25,62.65,62.05,62.25,276099
2020-10-09 11:15:00+05:30,62.25,62.35,62.0,62.1,214113
2020-10-09 12:15:00+05:30,62.1,62.3,61.7,61.7,180430
2020-10-09 13:15:00+05:30,61.6,61.7,61.1,61.5,536413
2020-10-09 14:15:00+05:30,61.5,61.75,61.25,61.6,453364
2020-10-09 15:15:00+05:30,61.5,61.6,61.3,61.5,285474
2020-10-12 09:15:00+05:30,61.95,62.1,59.9,60.3,1254528
2020-10-12 10:15:00+05:30,60.3,60.7,60.05,60.25,304490
2020-10-12 11:15:00+05:30,60.25,60.25,58.85,58.95,747065
2020-10-12 12:15:00+05:30,58.95,59.3,58.8,59.05,410968
2020-10-12 13:15:00+05:30,59.05,59.55,58.7,59.3,373791
2020-10-12 14:15:00+05:30,59.25,59.9,59.1,59.55,395423
2020-10-12 15:15:00+05:30,59.55,59.6,59.1,59.4,370926
2020-10-13 09:15:00+05:30,58.9,60.05,58.35,59.8,1469125
2020-10-13 10:15:00+05:30,59.8,59.85,59.2,59.35,400719
2020-10-13 11:15:00+05:30,59.35,59.6,59.1,59.45,272388
2020-10-13 12:15:00+05:30,59.35,59.8,58.55,58.9,428946
2020-10-13 13:15:00+05:30,58.9,59.0,58.55,58.75,146047
2020-10-13 14:15:00+05:30,58.75,58.9,58.2,58.25,449016
2020-10-13 15:15:00+05:30,58.25,58.85,58.1,58.85,254872
2020-10-14 09:15:00+05:30,58.0,58.5,57.1,57.35,928746
2020-10-14 10:15:00+05:30,57.35,57.7,56.6,56.8,819710
2020-10-14 11:15:00+05:30,56.8,56.9,55.3,56.0,1528636
2020-10-14 12:15:00+05:30,55.95,56.35,55.55,55.75,557527
2020-10-14 13:15:00+05:30,55.7,55.8,55.5,55.7,515019
2020-10-14 14:15:00+05:30,55.8,56.1,55.55,55.75,1450954
2020-10-14 15:15:00+05:30,55.75,55.85,55.3,55.5,986507
2020-10-15 09:15:00+05:30,55.65,57.45,55.55,56.45,1785999
2020-10-15 10:15:00+05:30,56.45,56.9,56.1,56.7,414337
2020-10-15 11:15:00+05:30,56.7,56.75,56.2,56.4,234250
2020-10-15 12:15:00+05:30,56.4,57.4,56.25,56.4,1299732
2020-10-15 13:15:00+05:30,56.4,56.55,55.05,55.15,867838
2020-10-15 14:15:00+05:30,55.15,55.7,54.15,54.3,1339379
2020-10-15 15:15:00+05:30,54.3,54.4,54.0,54.1,561565
2020-10-16 09:15:00+05:30,55.5,55.7,54.55,55.2,1257746
2020-10-16 10:15:00+05:30,55.2,55.75,54.9,55.55,735641
2020-10-16 11:15:00+05:30,55.55,55.75,55.2,55.35,620321
2020-10-16 12:15:00+05:30,55.35,55.5,55.2,55.4,188404
2020-10-16 13:15:00+05:30,55.4,56.0,55.1,55.9,575293
2020-10-16 14:15:00+05:30,55.9,55.95,55.25,55.75,755181
2020-10-16 15:15:00+05:30,55.75,56.15,55.7,56.15,425875
2020-10-19 09:15:00+05:30,56.55,57.15,55.8,56.25,1053652
2020-10-19 10:15:00+05:30,56.3,56.45,56.05,56.2,1127897
2020-10-19 11:15:00+05:30,56.2,56.2,55.55,55.8,365360
2020-10-19 12:15:00+05:30,55.8,56.05,55.7,56.0,193179
2020-10-19 13:15:00+05:30,56.0,56.0,55.6,55.65,375327
2020-10-19 14:15:00+05:30,55.65,56.0,55.45,56.0,491599
2020-10-19 15:15:00+05:30,55.95,56.1,55.7,56.0,329178
2020-10-20 09:15:00+05:30,55.4,55.5,55.05,55.35,732677
2020-10-20 10:15:00+05:30,55.35,55.4,54.8,55.3,1236608
2020-10-20 11:15:00+05:30,55.3,55.35,54.85,55.1,1140237
2020-10-20 12:15:00+05:30,55.1,55.1,54.7,54.85,971431
2020-10-20 13:15:00+05:30,54.85,55.05,54.8,54.9,1021736
2020-10-20 14:15:00+05:30,54.9,55.7,54.9,55.25,1131119
2020-10-20 15:15:00+05:30,55.25,55.4,55.0,55.1,317985
2020-10-21 09:15:00+05:30,55.65,56.55,55.65,55.95,1338066
2020-10-21 10:15:00+05:30,55.95,56.1,55.6,55.7,577645
2020-10-21 11:15:00+05:30,55.7,56.0,55.65,56.0,198672
2020-10-21 12:15:00+05:30,56.0,56.05,55.65,55.8,1082836
2020-10-21 13:15:00+05:30,55.8,55.8,54.65,55.5,1468738
2020-10-21 14:15:00+05:30,55.5,55.65,54.95,55.55,696085
2020-10-21 15:15:00+05:30,55.5,55.9,55.0,55.5,426071
2020-11-20 09:15:00+05:30,72.6,73.65,71.55,72.25,2010139
2020-11-20 10:15:00+05:30,72.35,73.4,72.0,72.0,1354567
2020-11-20 11:15:00+05:30,72.0,72.25,71.05,72.05,855427
2020-11-20 12:15:00+05:30,72.05,73.7,71.6,73.2,1099908
2020-11-20 13:15:00+05:30,73.2,73.25,72.1,72.9,622772
2020-11-20 14:15:00+05:30,72.9,73.45,72.25,72.85,1031467
2020-11-20 15:15:00+05:30,72.85,73.0,72.55,72.7,346054
2020-11-23 09:15:00+05:30,73.25,73.9,70.4,70.9,1607922
2020-11-23 10:15:00+05:30,70.9,71.8,70.9,71.4,601293
2020-11-23 11:15:00+05:30,71.4,72.8,71.4,72.25,705488
2020-11-23 12:15:00+05:30,72.25,73.8,72.05,73.35,698310
2020-11-23 13:15:00+05:30,73.35,74.95,73.35,74.3,1431995
2020-11-23 14:15:00+05:30,74.3,74.35,72.25,72.7,914991
2020-11-23 15:15:00+05:30,72.65,72.8,72.3,72.7,370527
2020-11-24 09:15:00+05:30,73.05,74.6,72.85,74.25,2006724
2020-11-24 10:15:00+05:30,74.25,74.8,73.75,74.55,740897
2020-11-24 11:15:00+05:30,74.55,74.65,73.85,74.5,571087
2020-11-24 12:15:00+05:30,74.5,74.55,74.05,74.2,372185
2020-11-24 13:15:00+05:30,74.2,74.45,73.85,74.0,402952
2020-11-24 14:15:00+05:30,74.0,74.35,73.75,74.05,651234
2020-11-24 15:15:00+05:30,74.0,74.35,73.8,74.15,442046
2020-11-25 09:15:00+05:30,75.0,76.3,75.0,75.2,2360342
2020-11-25 10:15:00+05:30,75.2,75.4,73.25,73.75,1379670
2020-11-25 11:15:00+05:30,73.85,75.2,73.65,74.95,908654
2020-11-25 12:15:00+05:30,74.85,75.4,74.4,75.2,443456
2020-11-25 13:15:00+05:30,75.2,75.25,73.55,73.7,654894
2020-11-25 14:15:00+05:30,73.7,76.0,73.65,75.15,1746953
2020-11-25 15:15:00+05:30,75.15,75.3,74.25,74.7,513642
2020-11-26 09:15:00+05:30,74.85,75.3,73.65,74.25,1459766
2020-11-26 10:15:00+05:30,74.25,74.45,74.0,74.25,274695
2020-11-26 11:15:00+05:30,74.25,74.6,74.15,74.5,704299
2020-11-26 12:15:00+05:30,74.5,75.0,74.25,74.6,444066
2020-11-26 13:15:00+05:30,74.6,74.85,74.3,74.5,420547
2020-11-26 14:15:00+05:30,74.5,75.5,74.5,75.35,950561
2020-11-26 15:15:00+05:30,75.4,76.9,75.05,76.05,1175544
2020-11-27 09:15:00+05:30,76.9,79.15,76.25,78.4,4599048
2020-11-27 10:15:00+05:30,78.35,78.7,77.75,78.25,1363686
2020-11-27 11:15:00+05:30,78.25,79.55,78.1,79.55,1620781
2020-11-27 12:15:00+05:30,79.5,79.8,78.7,78.7,1641771
2020-11-27 13:15:00+05:30,78.65,79.2,78.1,79.05,977573
2020-11-27 14:15:00+05:30,79.05,79.7,78.05,78.25,1375333
2020-11-27 15:15:00+05:30,78.25,78.3,77.55,77.75,655104
2020-12-01 09:15:00+05:30,78.85,79.6,77.35,78.4,1846668
2020-12-01 10:15:00+05:30,78.55,78.65,77.55,78.0,712499
2020-12-01 11:15:00+05:30,78.0,78.45,77.75,78.25,2441509
2020-12-01 12:15:00+05:30,78.25,78.4,77.6,77.65,758029
2020-12-01 13:15:00+05:30,77.65,78.2,77.4,77.9,570375
2020-12-01 14:15:00+05:30,77.95,78.8,77.9,78.2,871477
2020-12-01 15:15:00+05:30,78.2,78.3,77.9,77.95,387289
2020-12-02 09:15:00+05:30,80.15,81.2,79.65,79.95,3420048
2020-12-02 10:15:00+05:30,80.0,80.0,79.3,79.7,825628
2020-12-02 11:15:00+05:30,79.7,79.8,78.7,79.15,1045631
2020-12-02 12:15:00+05:30,79.15,79.5,77.85,78.35,1044400
2020-12-02 13:15:00+05:30,78.4,78.55,77.8,78.1,845923
2020-12-02 14:15:00+05:30,78.1,79.0,77.9,78.55,1123625
2020-12-02 15:15:00+05:30,78.6,78.85,78.25,78.3,638146
2020-12-03 09:15:00+05:30,79.0,79.35,78.4,78.6,1166952
2020-12-03 10:15:00+05:30,78.6,78.75,78.05,78.1,704177
2020-12-03 11:15:00+05:30,78.1,78.35,78.0,78.0,436270
2020-12-03 12:15:00+05:30,78.0,78.45,77.75,78.05,701538
2020-12-03 13:15:00+05:30,78.05,78.6,78.0,78.05,774633
2020-12-03 14:15:00+05:30,78.05,78.3,77.85,78.2,687634
2020-12-03 15:15:00+05:30,78.2,78.3,77.9,77.95,429649
2020-12-04 09:15:00+05:30,78.6,79.6,78.4,78.75,1590206
2020-12-04 10:15:00+05:30,78.75,78.9,78.05,78.15,616132
2020-12-04 11:15:00+05:30,78.2,78.25,77.15,77.6,842774
2020-12-04 12:15:00+05:30,77.6,78.15,75.9,77.15,978414
2020-12-04 13:15:00+05:30,77.15,78.4,76.95,77.3,947576
2020-12-04 14:15:00+05:30,77.3,77.8,76.7,77.4,830563
2020-12-04 15:15:00+05:30,77.4,77.4,76.75,77.1,429116
2020-12-07 09:15:00+05:30,77.45,78.7,76.7,78.45,1654042
2020-12-07 10:15:00+05:30,78.45,78.5,77.7,78.0,462705
2020-12-07 11:15:00+05:30,78.0,78.25,77.85,77.95,218180
2020-12-07 12:15:00+05:30,77.95,78.2,77.5,77.5,435499
2020-12-07 13:15:00+05:30,77.55,77.75,76.35,76.5,1047336
2020-12-07 14:15:00+05:30,76.5,76.65,75.6,76.45,1394444
2020-12-07 15:15:00+05:30,76.45,76.45,76.0,76.0,362824
2020-12-08 09:15:00+05:30,77.0,77.8,76.3,76.35,1706392
2020-12-08 10:15:00+05:30,76.35,76.5,74.9,75.25,910059
2020-12-08 11:15:00+05:30,75.35,75.7,74.75,74.95,699272
2020-12-08 12:15:00+05:30,74.95,75.6,74.85,75.6,442951
2020-12-08 13:15:00+05:30,75.6,76.2,75.3,75.7,549296
2020-12-08 14:15:00+05:30,75.7,76.2,75.6,75.8,650274
2020-12-08 15:15:00+05:30,75.8,75.9,75.1,75.1,340196
2020-12-09 09:15:00+05:30,76.0,76.3,75.3,76.2,945358
2020-12-09 10:15:00+05:30,76.3,77.8,76.05,77.6,1604457
2020-12-09 11:15:00+05:30,77.6,78.2,76.65,76.95,1321338
2020-12-09 12:15:00+05:30,76.95,76.95,76.0,76.25,574933
2020-12-09 13:15:00+05:30,76.2,76.65,76.15,76.25,451428
2020-12-09 14:15:00+05:30,76.25,76.45,76.0,76.4,418476
2020-12-09 15:15:00+05:30,76.4,76.4,76.05,76.3,336225
2020-12-10 09:15:00+05:30,76.0,76.2,74.1,74.5,916166
2020-12-10 10:15:00+05:30,74.5,76.0,74.4,75.45,640702
2020-12-10 11:15:00+05:30,75.45,75.5,74.65,74.65,165871
2020-12-10 12:15:00+05:30,74.65,75.15,74.55,74.9,194461
2020-12-10 13:15:00+05:30,74.9,75.3,74.45,74.8,307235
2020-12-10 14:15:00+05:30,74.8,75.4,74.6,74.75,641605
2020-12-10 15:15:00+05:30,74.75,74.95,74.5,74.75,303204
2020-12-11 09:15:00+05:30,75.15,76.45,74.75,75.7,1320551
2020-12-11 10:15:00+05:30,75.7,75.8,75.25,75.25,724775
2020-12-11 11:15:00+05:30,75.25,75.4,74.75,75.0,384743
2020-12-11 12:15:00+05:30,75.0,75.25,74.9,75.0,184721
2020-12-11 13:15:00+05:30,75.0,75.2,74.3,74.35,359175
2020-12-11 14:15:00+05:30,74.35,75.0,74.0,74.8,551818
2020-12-11 15:15:00+05:30,74.8,74.95,74.35,74.45,310539
2020-12-14 09:15:00+05:30,75.3,76.65,75.1,75.55,1607875
2020-12-14 10:15:00+05:30,75.55,75.75,75.2,75.4,475142
2020-12-14 11:15:00+05:30,75.45,75.65,75.3,75.5,105985
2020-12-14 12:15:00+05:30,75.5,75.65,75.25,75.6,149292
2020-12-14 13:15:00+05:30,75.65,75.65,75.45,75.45,94305
2020-12-14 14:15:00+05:30,75.45,75.95,75.45,75.85,468653
2020-12-14 15:15:00+05:30,75.85,76.2,75.75,76.2,510006
2020-12-15 09:15:00+05:30,75.0,75.65,73.65,73.7,1325158
2020-12-15 10:15:00+05:30,73.7,74.2,73.6,73.9,286563
2020-12-15 11:15:00+05:30,74.0,74.45,73.9,74.0,266838
2020-12-15 12:15:00+05:30,74.0,74.5,73.7,74.4,413523
2020-12-15 13:15:00+05:30,74.4,74.7,73.9,74.55,430909
2020-12-15 14:15:00+05:30,74.6,75.7,74.3,75.65,1242567
2020-12-15 15:15:00+05:30,75.7,75.8,75.5,75.8,329082
2020-12-16 09:15:00+05:30,76.6,77.2,76.3,76.65,1460177
2020-12-16 10:15:00+05:30,76.65,77.1,76.5,76.65,565114
2020-12-16 11:15:00+05:30,76.65,76.85,76.45,76.55,243630
2020-12-16 12:15:00+05:30,76.55,76.8,76.4,76.5,318518
2020-12-16 13:15:00+05:30,76.45,76.55,76.15,76.35,405343
2020-12-16 14:15:00+05:30,76.35,76.6,76.05,76.1,871768
2020-12-16 15:15:00+05:30,76.1,76.2,75.7,75.75,399728
2020-12-17 09:15:00+05:30,76.8,77.0,76.25,76.6,814058
2020-12-17 10:15:00+05:30,76.5,76.9,76.25,76.8,425565
2020-12-17 11:15:00+05:30,76.8,76.9,76.6,76.75,264926
2020-12-17 12:15:00+05:30,76.8,77.0,76.65,76.85,345586
2020-12-17 13:15:00+05:30,76.85,77.0,76.65,76.8,242767
2020-12-17 14:15:00+05:30,76.8,76.8,76.2,76.6,420659
2020-12-17 15:15:00+05:30,76.6,76.7,76.2,76.35,296891
2020-12-18 09:15:00+05:30,76.1,76.35,74.0,74.6,987123
2020-12-18 10:15:00+05:30,74.6,75.25,74.5,74.9,690190
2020-12-18 11:15:00+05:30,74.9,75.4,74.7,75.0,321406
2020-12-18 12:15:00+05:30,75.0,75.1,74.8,74.9,122961
2020-12-18 13:15:00+05:30,74.9,75.45,74.75,75.45,319495
2020-12-18 14:15:00+05:30,75.4,75.85,74.8,75.75,743277
2020-12-18 15:15:00+05:30,75.75,76.15,75.45,75.8,468850
2020-12-21 09:15:00+05:30,74.15,74.5,72.7,72.8,1540431
2020-12-21 10:15:00+05:30,72.8,73.4,72.75,72.95,600655
2020-12-21 11:15:00+05:30,72.95,73.2,72.8,73.0,369387
2020-12-21 12:15:00+05:30,73.0,73.15,71.65,72.35,1022465
2020-12-21 13:15:00+05:30,72.3,72.4,70.75,70.9,871142
2020-12-21 14:15:00+05:30,71.0,71.05,66.1,68.85,2542050
2020-12-21 15:15:00+05:30,68.8,68.85,66.8,67.45,1101928
2020-12-22 09:15:00+05:30,68.05,69.75,64.0,65.55,3578182
2020-12-22 10:15:00+05:30,65.5,66.2,64.75,65.15,1376392
2020-12-22 11:15:00+05:30,65.15,65.6,64.85,65.25,807976
2020-12-22 12:15:00+05:30,65.25,65.45,64.4,65.45,991595
2020-12-22 13:15:00+05:30,65.45,67.35,65.4,67.3,1018805
2020-12-22 14:15:00+05:30,67.25,67.75,66.4,67.6,1209130
2020-12-22 15:15:00+05:30,67.6,68.1,67.5,67.9,545236
2020-12-23 09:15:00+05:30,67.6,69.4,67.2,68.55,1548140
2020-12-23 10:15:00+05:30,68.55,68.95,67.9,67.9,717131
2020-12-23 11:15:00+05:30,67.9,68.8,67.7,68.75,604867
2020-12-23 12:15:00+05:30,68.75,69.2,68.25,68.6,768334
2020-12-23 13:15:00+05:30,68.55,69.3,68.35,69.25,447468
2020-12-23 14:15:00+05:30,69.25,69.8,68.85,69.4,1162707
2020-12-23 15:15:00+05:30,69.4,69.7,68.9,69.6,452570
2020-12-24 09:15:00+05:30,71.9,73.35,71.1,72.95,2143026
2020-12-24 10:15:00+05:30,73.05,73.05,71.0,71.85,955215
2020-12-24 11:15:00+05:30,71.8,73.35,71.45,73.1,894558
2020-12-24 12:15:00+05:30,73.1,73.3,72.4,72.6,416380
2020-12-24 13:15:00+05:30,72.6,73.0,72.3,72.95,451213
2020-12-24 14:15:00+05:30,72.95,73.15,72.2,73.0,768610
2020-12-24 15:15:00+05:30,73.0,73.0,72.65,72.9,332181
2020-12-28 09:15:00+05:30,75.1,76.65,75.1,75.9,3610482
2020-12-28 10:15:00+05:30,75.8,76.1,75.5,75.65,767176
2020-12-28 11:15:00+05:30,75.65,76.45,75.55,76.1,830275
2020-12-28 12:15:00+05:30,76.1,77.0,76.0,76.8,1933015
2020-12-28 13:15:00+05:30,76.9,76.9,76.05,76.6,1073024
2020-12-28 14:15:00+05:30,76.65,77.6,76.4,77.55,3127523
2020-12-28 15:15:00+05:30,77.6,77.6,77.05,77.2,802969
2020-12-29 09:15:00+05:30,78.0,78.5,76.8,77.2,1810752
2020-12-29 10:15:00+05:30,77.2,77.4,75.3,76.5,1239391
2020-12-29 11:15:00+05:30,76.45,76.7,75.9,76.2,393789
2020-12-29 12:15:00+05:30,76.25,76.75,75.85,76.6,412673
2020-12-29 13:15:00+05:30,76.6,76.8,75.9,76.45,642427
2020-12-29 14:15:00+05:30,76.45,76.8,76.2,76.25,587490
2020-12-29 15:15:00+05:30,76.25,76.8,76.15,76.6,409275
2020-12-30 09:15:00+05:30,76.3,76.4,74.85,75.8,1018015
2020-12-30 10:15:00+05:30,75.8,75.95,75.4,75.9,314006
2020-12-30 11:15:00+05:30,75.9,76.1,75.75,75.95,290776
2020-12-30 12:15:00+05:30,75.95,76.05,75.4,75.8,233744
2020-12-30 13:15:00+05:30,75.8,76.1,75.65,75.85,368391
2020-12-30 14:15:00+05:30,75.85,77.0,75.7,76.9,734072
2020-12-30 15:15:00+05:30,76.95,77.25,76.7,76.75,370751
2020-12-31 09:15:00+05:30,76.7,78.0,76.5,77.6,1558825
2020-12-31 10:15:00+05:30,77.6,77.65,77.0,77.15,357609
2020-12-31 11:15:00+05:30,77.25,77.45,77.1,77.25,267437
2020-12-31 12:15:00+05:30,77.25,77.4,77.1,77.25,294393
2020-12-31 13:15:00+05:30,77.35,77.55,77.15,77.2,366378
2020-12-31 14:15:00+05:30,77.2,77.35,75.75,75.75,1454973
2020-12-31 15:15:00+05:30,75.75,75.8,74.15,74.8,2028553
2021-01-01 09:15:00+05:30,75.2,76.25,75.2,75.95,882402
2021-01-01 10:15:00+05:30,76.0,76.1,75.6,75.85,246971
2021-01-01 11:15:00+05:30,75.85,75.9,75.65,75.7,146620
2021-01-01 12:15:00+05:30,75.7,76.0,75.65,75.95,154019
2021-01-01 13:15:00+05:30,75.95,76.5,75.85,76.4,449679
2021-01-01 14:15:00+05:30,76.4,77.1,76.25,76.45,776460
2021-01-01 15:15:00+05:30,76.45,76.5,76.25,76.4,373856
2021-01-04 09:15:00+05:30,78.2,79.0,78.05,78.55,2349979
2021-01-04 10:15:00+05:30,78.5,78.75,77.35,77.85,901510
2021-01-04 11:15:00+05:30,77.85,78.2,77.65,77.9,460988
2021-01-04 12:15:00+05:30,77.9,78.2,77.65,78.0,616042
2021-01-04 13:15:00+05:30,78.0,78.3,77.6,77.75,432545
2021-01-04 14:15:00+05:30,77.75,78.15,77.4,78.0,770643
2021-01-04 15:15:00+05:30,78.0,78.05,77.5,77.9,495744
2021-01-05 09:15:00+05:30,77.0,77.0,75.7,75.8,1257382
2021-01-05 10:15:00+05:30,75.8,75.95,75.5,75.8,628721
2021-01-05 11:15:00+05:30,75.8,75.9,75.65,75.85,634708
2021-01-05 12:15:00+05:30,75.85,76.0,75.85,75.95,348139
2021-01-05 13:15:00+05:30,75.95,76.8,75.6,76.4,746151
2021-01-05 14:15:00+05:30,76.35,78.7,76.15,77.95,2707565
2021-01-05 15:15:00+05:30,77.95,78.1,77.75,77.9,400051
2021-01-06 09:15:00+05:30,78.3,78.85,77.6,77.9,1249084
2021-01-06 10:15:00+05:30,77.85,79.65,77.85,79.6,1843148
2021-01-06 11:15:00+05:30,79.6,79.95,79.15,79.45,1608131
2021-01-06 12:15:00+05:30,79.45,79.85,79.3,79.7,745215
2021-01-06 13:15:00+05:30,79.7,79.7,77.2,77.65,1786405
2021-01-06 14:15:00+05:30,77.5,79.5,77.35,79.1,2155040
2021-01-06 15:15:00+05:30,79.2,79.3,78.6,78.9,474919
2021-01-07 09:15:00+05:30,79.75,80.65,79.4,79.95,2503996
2021-01-07 10:15:00+05:30,79.95,80.25,79.4,79.75,707410
2021-01-07 11:15:00+05:30,79.75,80.05,79.6,79.85,570120
2021-01-07 12:15:00+05:30,79.85,82.25,79.7,81.4,3193670
2021-01-07 13:15:00+05:30,81.5,81.7,80.7,81.55,2196946
2021-01-07 14:15:00+05:30,81.55,81.85,80.4,80.55,1162672
2021-01-07 15:15:00+05:30,80.5,80.55,80.05,80.15,672453
2021-01-08 09:15:00+05:30,80.85,82.8,80.7,82.6,2794809
2021-01-08 10:15:00+05:30,82.6,82.95,81.7,82.05,1607772
2021-01-08 11:15:00+05:30,82.05,82.35,81.8,82.0,592991
2021-01-08 12:15:00+05:30,82.0,82.15,81.65,82.1,425047
2021-01-08 13:15:00+05:30,82.05,83.05,82.0,82.4,2136660
2021-01-08 14:15:00+05:30,82.35,82.4,81.65,82.0,1095442
2021-01-08 15:15:00+05:30,82.0,82.05,81.55,81.8,444887
2021-01-11 09:15:00+05:30,82.4,85.75,82.05,84.85,6614739
2021-01-11 10:15:00+05:30,84.7,85.0,83.75,84.85,2020710
2021-01-11 11:15:00+05:30,84.9,85.25,84.4,84.6,980676
2021-01-11 12:15:00+05:30,84.6,85.95,84.4,85.9,2097535
2021-01-11 13:15:00+05:30,85.85,86.6,85.4,85.8,2523764
2021-01-11 14:15:00+05:30,85.8,90.75,85.6,90.6,12250275
2021-01-11 15:15:00+05:30,90.6,91.2,89.6,90.9,4345327
2021-01-12 09:15:00+05:30,91.0,96.25,91.0,94.8,14022089
2021-01-12 10:15:00+05:30,94.8,101.7,94.6,99.55,20543197
2021-01-12 11:15:00+05:30,99.6,99.9,97.2,98.1,6559128
2021-01-12 12:15:00+05:30,98.1,98.3,95.75,97.3,3544745
2021-01-12 13:15:00+05:30,97.35,97.8,96.6,97.1,2294839
2021-01-12 14:15:00+05:30,97.05,97.3,94.3,94.3,3675825
2021-01-12 15:15:00+05:30,94.3,94.75,93.55,94.5,1432060
2021-01-13 09:15:00+05:30,97.0,99.9,96.4,96.55,5395933
2021-01-13 10:15:00+05:30,96.35,97.75,95.25,96.55,2833078
2021-01-13 11:15:00+05:30,96.55,96.85,95.7,96.45,1232074
2021-01-13 12:15:00+05:30,96.5,97.15,96.2,96.45,980976
2021-01-13 13:15:00+05:30,96.5,96.6,94.1,96.0,2526522
2021-01-13 14:15:00+05:30,96.0,98.0,95.55,96.85,2990963
2021-01-13 15:15:00+05:30,96.85,97.1,96.2,96.65,1022821
2021-01-14 09:15:00+05:30,96.4,96.8,94.25,95.0,2253158
2021-01-14 10:15:00+05:30,95.1,99.2,94.8,98.15,3323374
2021-01-14 11:15:00+05:30,98.05,98.15,96.95,97.1,1036403
2021-01-14 12:15:00+05:30,97.1,97.5,96.5,97.0,973061
2021-01-14 13:15:00+05:30,97.0,98.5,96.7,98.0,1672436
2021-01-14 14:15:00+05:30,98.0,98.5,97.2,97.2,1343906
2021-01-14 15:15:00+05:30,97.35,97.95,97.0,97.35,564392
2021-01-15 09:15:00+05:30,97.45,99.35,96.8,98.5,3229455
2021-01-15 10:15:00+05:30,98.5,98.65,97.6,97.8,911646
2021-01-15 11:15:00+05:30,97.85,98.2,97.25,97.8,879555
2021-01-15 12:15:00+05:30,97.9,100.75,97.8,100.75,3846395
2021-01-15 13:15:00+05:30,100.7,104.4,100.2,100.35,13162495
2021-01-15 14:15:00+05:30,100.3,102.65,98.8,101.35,7085271
2021-01-15 15:15:00+05:30,101.35,101.75,100.9,101.45,1331885
2021-01-18 09:15:00+05:30,102.25,103.35,97.7,98.1,6225433
2021-01-18 10:15:00+05:30,98.2,98.5,95.2,97.5,3746325
2021-01-18 11:15:00+05:30,97.5,97.85,96.5,97.4,1028281
2021-01-18 12:15:00+05:30,97.45,98.3,97.35,97.9,1087447
2021-01-18 13:15:00+05:30,97.9,99.5,96.5,99.35,1869068
2021-01-18 14:15:00+05:30,99.35,99.5,97.25,97.55,1998993
2021-01-18 15:15:00+05:30,97.6,97.7,96.05,96.35,960147
2021-01-19 09:15:00+05:30,98.5,101.6,98.5,101.15,4761610
2021-01-19 10:15:00+05:30,101.25,101.3,99.85,99.9,1301920
2021-01-19 11:15:00+05:30,99.9,100.4,99.6,100.1,720394
2021-01-19 12:15:00+05:30,100.1,100.3,99.5,99.9,594620
2021-01-19 13:15:00+05:30,99.9,101.45,99.5,100.95,1581210
2021-01-19 14:15:00+05:30,101.05,102.2,99.8,100.4,4909417
2021-01-19 15:15:00+05:30,100.35,100.4,99.8,100.05,930468
2021-01-20 09:15:00+05:30,100.8,104.25,100.75,103.9,8952541
2021-01-20 10:15:00+05:30,103.75,105.0,103.25,104.95,4720169
2021-01-20 11:15:00+05:30,104.95,107.2,104.65,106.6,6370615
2021-01-20 12:15:00+05:30,106.6,106.65,104.5,105.45,3954469
2021-01-20 13:15:00+05:30,105.5,106.5,105.35,105.8,2319566
2021-01-20 14:15:00+05:30,105.75,106.35,105.0,105.65,2951890
2021-01-20 15:15:00+05:30,105.75,106.3,105.4,105.8,1456408
2021-01-21 09:15:00+05:30,107.4,109.75,107.4,109.0,7408330
2021-01-21 10:15:00+05:30,109.0,112.3,108.35,112.0,7806762
2021-01-21 11:15:00+05:30,112.0,112.65,111.05,112.45,4256176
2021-01-21 12:15:00+05:30,112.55,113.6,111.9,112.8,3573530
2021-01-21 13:15:00+05:30,112.85,114.25,112.15,112.25,4198559
2021-01-21 14:15:00+05:30,112.15,113.2,108.3,110.65,5933632
2021-01-21 15:15:00+05:30,110.5,111.5,110.25,111.0,1340246
2021-01-22 09:15:00+05:30,112.0,117.5,111.65,116.35,9019105
2021-01-22 10:15:00+05:30,116.25,116.6,110.65,111.8,6655176
2021-01-22 11:15:00+05:30,111.9,113.5,110.9,113.0,2901915
2021-01-22 12:15:00+05:30,113.0,114.4,112.55,113.0,2778312
2021-01-22 13:15:00+05:30,113.0,114.8,107.8,111.85,7100273
2021-01-22 14:15:00+05:30,111.85,114.65,111.65,113.55,4088434
2021-01-22 15:15:00+05:30,113.55,114.05,113.1,113.85,1315554
2021-01-25 09:15:00+05:30,116.0,117.0,108.1,111.25,3551982
2021-01-25 10:15:00+05:30,111.3,112.5,111.15,111.8,980173
2021-01-25 11:15:00+05:30,111.8,111.85,108.65,109.85,1220616
2021-01-25 12:15:00+05:30,109.9,111.3,109.3,111.2,756205
2021-01-25 13:15:00+05:30,111.4,111.75,109.65,110.4,548507
2021-01-25 14:15:00+05:30,110.35,110.75,109.0,110.1,961383
2021-01-25 15:15:00+05:30,110.1,110.65,110.05,110.45,778064
2021-01-27 09:15:00+05:30,108.1,108.35,104.15,108.1,2986296
2021-01-27 10:15:00+05:30,108.0,108.35,106.25,107.5,872120
2021-01-27 11:15:00+05:30,107.5,107.5,105.75,106.0,576939
2021-01-27 12:15:00+05:30,106.0,106.95,105.9,106.2,473086
2021-01-27 13:15:00+05:30,106.2,106.5,105.2,105.55,647337
2021-01-27 14:15:00+05:30,105.6,106.25,105.0,106.15,1343119
2021-01-27 15:15:00+05:30,106.15,107.35,106.15,106.5,992477
2021-01-28 09:15:00+05:30,102.0,106.4,101.65,106.05,1380995
2021-01-28 10:15:00+05:30,106.15,108.2,105.5,108.1,1037995
2021-01-28 11:15:00+05:30,108.1,108.5,107.1,107.35,717072
2021-01-28 12:15:00+05:30,107.3,107.95,105.8,106.4,604408
2021-01-28 13:15:00+05:30,106.4,107.2,106.1,106.5,818532
2021-01-28 14:15:00+05:30,106.5,106.5,105.1,105.8,702357
2021-01-28 15:15:00+05:30,105.75,105.9,105.3,105.6,413480
2021-01-29 09:15:00+05:30,107.7,110.95,107.7,108.15,1457644
2021-01-29 10:15:00+05:30,108.15,108.85,107.35,107.95,379338
2021-01-29 11:15:00+05:30,107.95,108.1,106.8,107.0,332701
2021-01-29 12:15:00+05:30,107.0,107.95,106.5,107.6,494663
2021-01-29 13:15:00+05:30,107.6,107.9,106.3,107.6,741951
2021-01-29 14:15:00+05:30,107.5,107.85,102.85,103.9,1563533
2021-01-29 15:15:00+05:30,103.95,105.0,103.5,104.5,616409
2021-02-01 09:15:00+05:30,107.0,107.4,102.4,105.4,1835444
2021-02-01 10:15:00+05:30,105.4,106.0,105.0,105.65,615945
2021-02-01 11:15:00+05:30,105.65,109.0,105.5,107.45,1482174
2021-02-01 12:15:00+05:30,107.45,109.5,106.4,107.9,1055221
2021-02-01 13:15:00+05:30,107.7,113.5,107.7,111.15,2253973
2021-02-01 14:15:00+05:30,111.15,112.7,110.5,111.7,996665
2021-02-01 15:15:00+05:30,111.6,112.85,111.0,112.65,669561
2021-02-02 09:15:00+05:30,116.8,123.9,116.8,120.0,6402413
2021-02-02 10:15:00+05:30,120.0,123.3,118.5,123.2,2291409
2021-02-02 11:15:00+05:30,123.25,126.15,122.3,126.0,4477030
2021-02-02 12:15:00+05:30,126.0,128.0,124.6,125.65,2793358
2021-02-02 13:15:00+05:30,125.65,127.5,125.05,127.15,1613818
2021-02-02 14:15:00+05:30,127.15,130.1,126.05,128.85,4707243
2021-02-02 15:15:00+05:30,128.85,133.5,128.3,132.5,3223616
2021-02-03 09:15:00+05:30,136.0,138.35,128.9,130.65,9593823
2021-02-03 10:15:00+05:30,130.65,132.45,130.65,131.4,1384558
2021-02-03 11:15:00+05:30,131.3,137.2,130.5,135.2,4428713
2021-02-03 12:15:00+05:30,135.2,135.75,134.2,134.9,800007
2021-02-03 13:15:00+05:30,134.8,136.8,134.15,135.0,1918869
2021-02-03 14:15:00+05:30,135.0,135.7,130.3,131.95,3497044
2021-02-03 15:15:00+05:30,132.0,134.0,131.95,133.3,2253747
2021-02-04 09:15:00+05:30,132.0,133.95,129.5,131.45,2578079
2021-02-04 10:15:00+05:30,131.35,135.0,131.25,134.35,2115720
2021-02-04 11:15:00+05:30,134.4,135.15,133.6,133.9,1259356
2021-02-04 12:15:00+05:30,134.05,134.45,132.5,132.85,1027174
2021-02-04 13:15:00+05:30,132.85,133.05,129.6,131.8,1637366
2021-02-04 14:15:00+05:30,131.9,131.9,130.25,131.2,692038
2021-02-04 15:15:00+05:30,131.2,131.3,130.5,130.75,502684
2021-02-05 09:15:00+05:30,132.4,133.75,128.25,129.6,2556424
2021-02-05 10:15:00+05:30,129.5,130.65,129.0,129.2,1284770
2021-02-05 11:15:00+05:30,129.2,129.45,128.45,129.15,1512448
2021-02-05 12:15:00+05:30,129.05,129.3,127.5,127.85,601009
2021-02-05 13:15:00+05:30,127.85,128.1,125.3,126.5,1036861
2021-02-05 14:15:00+05:30,126.5,126.65,125.1,126.45,889081
2021-02-05 15:15:00+05:30,126.45,127.45,126.15,127.4,531157
2021-02-08 09:15:00+05:30,127.4,130.0,126.5,127.9,2328135
2021-02-08 10:15:00+05:30,127.9,128.65,127.55,127.95,471486
2021-02-08 11:15:00+05:30,128.0,128.7,127.8,127.95,588974
2021-02-08 12:15:00+05:30,127.95,128.4,127.5,127.85,822268
2021-02-08 13:15:00+05:30,127.85,128.6,127.65,128.3,829960
2021-02-08 14:15:00+05:30,128.3,137.15,128.0,137.15,5260776
2021-02-08 15:15:00+05:30,137.15,137.45,135.55,135.85,1380999
2021-02-09 09:15:00+05:30,135.25,138.15,131.1,135.1,4227101
2021-02-09 10:15:00+05:30,135.1,137.2,134.55,136.7,2022740
2021-02-09 11:15:00+05:30,136.65,137.05,135.8,136.85,1686505
2021-02-09 12:15:00+05:30,136.85,137.4,135.05,136.55,1279495
2021-02-09 13:15:00+05:30,136.5,137.3,135.55,136.4,1074036
2021-02-09 14:15:00+05:30,136.3,136.8,132.15,134.5,1700094
2021-02-09 15:15:00+05:30,134.5,134.5,133.5,133.95,503141
2021-02-10 09:15:00+05:30,134.3,135.6,133.15,133.5,1651673
2021-02-10 10:15:00+05:30,133.6,133.6,130.75,132.8,1364985
2021-02-10 11:15:00+05:30,132.95,133.9,132.6,133.1,692931
2021-02-10 12:15:00+05:30,133.05,133.7,132.7,133.0,334678
2021-02-10 13:15:00+05:30,133.0,133.2,130.1,132.15,785009
2021-02-10 14:15:00+05:30,132.05,135.9,131.55,134.2,2111356
2021-02-10 15:15:00+05:30,134.2,134.8,133.2,133.95,512382
2021-02-11 09:15:00+05:30,133.2,134.5,132.1,133.3,1362806
2021-02-11 10:15:00+05:30,133.35,134.6,133.05,133.95,619206
2021-02-11 11:15:00+05:30,133.95,134.5,133.5,134.25,592135
2021-02-11 12:15:00+05:30,134.25,134.5,132.75,133.55,742074
2021-02-11 13:15:00+05:30,133.5,134.0,133.25,133.85,232242
2021-02-11 14:15:00+05:30,133.85,134.3,133.1,133.55,418467
2021-02-11 15:15:00+05:30,133.6,133.6,132.15,132.8,478704
2021-02-12 09:15:00+05:30,132.8,133.9,131.35,133.6,916057
2021-02-12 10:15:00+05:30,133.6,133.95,132.6,133.4,510831
2021-02-12 11:15:00+05:30,133.4,134.2,132.9,133.3,583102
2021-02-12 12:15:00+05:30,133.3,134.95,133.3,133.95,499114
2021-02-12 13:15:00+05:30,133.95,133.95,131.1,132.0,586686
2021-02-12 14:15:00+05:30,132.0,132.7,131.45,131.7,637632
2021-02-12 15:15:00+05:30,131.7,132.0,131.05,131.5,514629
2021-02-15 09:15:00+05:30,134.0,134.6,132.0,132.95,1045555
2021-02-15 10:15:00+05:30,132.75,133.1,132.5,132.6,229892
2021-02-15 11:15:00+05:30,132.6,132.75,131.75,131.95,406618
2021-02-15 12:15:00+05:30,131.9,132.0,131.45,131.5,271455
2021-02-15 13:15:00+05:30,131.4,131.6,130.55,130.95,458128
2021-02-15 14:15:00+05:30,130.9,134.65,129.35,133.3,3385690
2021-02-15 15:15:00+05:30,133.3,133.35,131.25,132.45,740348
2021-02-16 09:15:00+05:30,134.5,136.25,133.45,133.9,2003196
2021-02-16 10:15:00+05:30,133.9,134.25,133.7,134.0,345556
2021-02-16 11:15:00+05:30,134.0,134.05,132.9,133.45,365207
2021-02-16 12:15:00+05:30,133.45,133.9,132.35,132.7,255640
2021-02-16 13:15:00+05:30,132.7,133.15,132.4,132.6,178797
2021-02-16 14:15:00+05:30,132.65,133.4,132.4,133.35,456424
2021-02-16 15:15:00+05:30,133.35,133.6,132.75,133.1,388878
2021-02-17 09:15:00+05:30,132.85,132.9,131.5,132.1,817939
2021-02-17 10:15:00+05:30,132.0,133.05,131.8,132.1,493610
2021-02-17 11:15:00+05:30,132.1,133.0,132.0,132.45,323359
2021-02-17 12:15:00+05:30,132.45,132.45,131.15,131.8,324525
2021-02-17 13:15:00+05:30,131.8,132.3,131.05,131.85,275752
2021-02-17 14:15:00+05:30,131.85,133.2,131.5,131.8,1026822
2021-02-17 15:15:00+05:30,131.8,132.1,131.55,131.9,341122
2021-02-18 09:15:00+05:30,132.5,132.8,130.75,131.65,667904
2021-02-18 10:15:00+05:30,131.65,132.3,131.1,131.35,330932
2021-02-18 11:15:00+05:30,131.3,131.55,130.5,130.8,267447
2021-02-18 12:15:00+05:30,130.8,131.1,130.5,130.95,100902
2021-02-18 13:15:00+05:30,130.9,131.25,129.8,130.2,351549
2021-02-18 14:15:00+05:30,130.25,130.8,129.3,129.55,313153
2021-02-18 15:15:00+05:30,129.55,129.9,129.05,129.5,333135
2021-02-19 09:15:00+05:30,128.25,128.5,125.75,126.8,739222
2021-02-19 10:15:00+05:30,126.85,129.05,126.4,127.2,1083304
2021-02-19 11:15:00+05:30,127.2,127.5,126.1,126.9,400402
2021-02-19 12:15:00+05:30,126.9,127.0,124.65,125.6,639883
2021-02-19 13:15:00+05:30,125.5,125.8,120.0,120.05,1083074
2021-02-19 14:15:00+05:30,119.95,124.6,119.5,124.25,1638712
2021-02-19 15:15:00+05:30,124.25,124.45,123.1,123.5,384617
2021-02-22 09:15:00+05:30,123.4,124.05,120.6,120.9,899533
2021-02-22 10:15:00+05:30,120.9,121.9,120.5,120.8,320260
2021-02-22 11:15:00+05:30,120.8,121.2,120.25,120.65,284953
2021-02-22 12:15:00+05:30,120.65,121.5,120.35,120.8,254912
2021-02-22 13:15:00+05:30,120.8,121.0,118.8,119.6,619568
2021-02-22 14:15:00+05:30,119.65,119.9,118.05,118.45,709203
2021-02-22 15:15:00+05:30,118.45,118.5,117.25,117.55,433029
2021-02-23 09:15:00+05:30,119.4,125.8,119.4,125.2,2246078
2021-02-23 10:15:00+05:30,125.2,125.65,124.15,124.55,483276
2021-02-23 11:15:00+05:30,124.55,125.2,123.7,124.85,427967
2021-02-23 12:15:00+05:30,124.85,124.95,122.2,123.45,1152003
2021-02-23 13:15:00+05:30,123.45,124.5,122.75,123.4,1005500
2021-02-23 14:15:00+05:30,123.4,125.95,123.05,124.4,1936210
2021-02-23 15:15:00+05:30,124.35,125.0,123.8,124.35,501811
2021-02-24 09:15:00+05:30,125.0,127.8,124.3,125.8,1413329
2021-02-24 10:15:00+05:30,125.8,126.6,125.55,125.75,267194
2021-02-24 11:15:00+05:30,125.75,125.8,123.65,124.2,375194
2021-02-24 15:15:00+05:30,124.2,125.0,123.1,124.4,168337
2021-02-24 16:15:00+05:30,124.4,126.1,124.2,124.65,421914
2021-02-25 09:15:00+05:30,126.1,127.4,125.65,126.5,742715
2021-02-25 10:15:00+05:30,126.5,127.4,126.15,126.85,276224
2021-02-25 11:15:00+05:30,126.9,126.9,126.15,126.2,200132
2021-02-25 12:15:00+05:30,126.2,126.8,126.1,126.8,162292
2021-02-25 13:15:00+05:30,126.8,127.0,126.0,126.7,381977
2021-02-25 14:15:00+05:30,126.7,130.1,126.45,129.65,2885511
2021-02-25 15:15:00+05:30,129.65,130.0,129.1,129.35,493847
2021-02-26 09:15:00+05:30,124.15,129.0,124.15,127.7,1143616
2021-02-26 10:15:00+05:30,127.7,128.0,125.55,126.25,621975
2021-02-26 11:15:00+05:30,126.25,126.7,125.05,125.8,511916
2021-02-26 12:15:00+05:30,125.8,127.5,125.1,127.0,439758
2021-02-26 13:15:00+05:30,127.0,129.65,126.55,128.8,497123
2021-02-26 14:15:00+05:30,128.8,132.5,128.3,128.9,1539796
2021-02-26 15:15:00+05:30,128.9,129.3,127.2,127.8,481343
2021-03-01 09:15:00+05:30,130.05,132.55,130.05,130.3,1480198
2021-03-01 10:15:00+05:30,130.3,131.8,129.25,131.05,1334746
2021-03-01 11:15:00+05:30,131.05,132.0,129.95,130.9,1211434
2021-03-01 12:15:00+05:30,130.8,131.2,129.65,130.75,729638
2021-03-01 13:15:00+05:30,130.8,131.8,130.2,131.25,1085416
2021-03-01 14:15:00+05:30,131.25,132.6,130.6,131.7,1898366
2021-03-01 15:15:00+05:30,131.7,132.45,131.6,132.15,985040
2021-03-02 09:15:00+05:30,132.85,133.15,131.25,132.25,926739
2021-03-02 10:15:00+05:30,132.25,133.45,131.85,132.25,615691
2021-03-02 11:15:00+05:30,132.25,136.3,131.3,136.25,1389881
2021-03-02 12:15:00+05:30,136.1,139.9,136.0,138.9,3787722
2021-03-02 13:15:00+05:30,138.9,139.9,137.0,139.7,1592101
2021-03-02 14:15:00+05:30,139.7,140.5,138.55,140.3,1790479
2021-03-02 15:15:00+05:30,140.4,140.55,139.0,139.0,641672
2021-03-03 09:15:00+05:30,141.0,143.75,140.7,142.5,2227304
2021-03-03 10:15:00+05:30,142.5,142.7,141.4,141.45,551860
2021-03-03 11:15:00+05:30,141.45,142.7,141.45,141.8,351184
2021-03-03 12:15:00+05:30,141.8,144.1,141.6,144.05,743699
2021-03-03 13:15:00+05:30,144.0,145.0,141.65,141.75,644059
2021-03-03 14:15:00+05:30,141.75,143.35,141.2,141.95,822122
2021-03-03 15:15:00+05:30,141.9,142.5,141.5,141.55,565641
2021-03-04 09:15:00+05:30,139.0,141.0,137.5,140.45,1570549
2021-03-04 10:15:00+05:30,140.5,141.25,139.7,140.45,427040
2021-03-04 11:15:00+05:30,140.25,141.95,140.25,140.7,200889
2021-03-04 12:15:00+05:30,140.7,142.7,140.5,141.2,359262
2021-03-04 13:15:00+05:30,141.2,141.65,140.35,141.05,262146
2021-03-04 14:15:00+05:30,141.1,141.2,139.2,139.7,409132
2021-03-04 15:15:00+05:30,139.7,140.5,139.55,140.1,200272
2021-03-05 09:15:00+05:30,137.75,140.5,136.55,139.5,1080208
2021-03-05 10:15:00+05:30,139.5,139.8,135.2,136.4,765952
2021-03-05 11:15:00+05:30,136.5,137.4,135.65,136.1,248316
2021-03-05 12:15:00+05:30,136.1,138.35,135.85,136.8,322481
2021-03-05 13:15:00+05:30,136.95,137.0,133.0,133.65,728344
2021-03-05 14:15:00+05:30,133.55,136.0,133.05,135.6,632787
2021-03-05 15:15:00+05:30,135.6,136.2,135.2,135.8,337320
2021-03-08 09:15:00+05:30,137.05,138.1,135.75,137.65,916896
2021-03-08 10:15:00+05:30,137.55,137.65,134.8,136.9,620038
2021-03-08 11:15:00+05:30,136.9,138.4,136.5,137.5,555318
2021-03-08 12:15:00+05:30,137.5,137.9,136.7,137.05,285928
2021-03-08 13:15:00+05:30,137.05,137.4,136.1,136.6,677654
2021-03-08 14:15:00+05:30,136.6,139.9,136.05,136.25,1215956
2021-03-08 15:15:00+05:30,136.25,137.45,136.25,136.55,217913
2021-03-09 09:15:00+05:30,138.4,143.0,138.4,140.15,1763398
2021-03-09 10:15:00+05:30,140.15,140.9,139.4,139.8,361725
2021-03-09 11:15:00+05:30,139.8,140.5,138.8,138.95,228321
2021-03-09 12:15:00+05:30,138.95,138.95,134.15,134.45,715670
2021-03-09 13:15:00+05:30,134.4,136.5,133.7,134.9,878808
2021-03-09 14:15:00+05:30,134.9,136.75,134.2,136.5,413697
2021-03-09 15:15:00+05:30,136.5,136.85,135.5,136.1,242383
2021-03-10 09:15:00+05:30,137.45,139.9,136.0,137.0,802632
2021-03-10 10:15:00+05:30,137.0,140.0,136.55,138.55,771036
2021-03-10 11:15:00+05:30,138.55,139.3,138.25,138.5,249856
2021-03-10 12:15:00+05:30,138.5,138.95,138.0,138.4,176087
2021-03-10 13:15:00+05:30,138.5,139.25,138.0,139.0,171273
2021-03-10 14:15:00+05:30,139.0,139.25,138.05,138.25,328912
2021-03-10 15:15:00+05:30,138.25,138.5,138.0,138.2,232875
2021-03-12 09:15:00+05:30,139.65,140.4,138.55,138.6,631134
2021-03-12 10:15:00+05:30,138.6,138.9,138.4,138.75,148749
2021-03-12 11:15:00+05:30,138.75,139.25,138.45,138.45,134702
2021-03-12 12:15:00+05:30,138.55,138.55,137.5,137.85,172991
2021-03-12 13:15:00+05:30,137.8,138.05,135.6,135.65,381925
2021-03-12 14:15:00+05:30,135.55,137.0,134.55,136.15,529217
2021-03-12 15:15:00+05:30,136.15,136.55,135.45,136.0,187424
2021-03-15 09:15:00+05:30,137.0,137.3,133.1,134.4,671629
2021-03-15 10:15:00+05:30,134.25,134.9,132.1,132.75,263219
2021-03-15 11:15:00+05:30,132.75,133.25,132.0,133.0,349336
2021-03-15 12:15:00+05:30,132.85,133.0,131.2,132.0,273703
2021-03-15 13:15:00+05:30,132.0,134.95,132.0,134.2,288176
2021-03-15 14:15:00+05:30,134.2,136.2,133.7,136.0,626642
2021-03-15 15:15:00+05:30,136.15,136.3,135.3,135.8,177396
2021-03-16 09:15:00+05:30,137.0,137.25,134.55,135.05,409972
2021-03-16 10:15:00+05:30,135.0,136.0,134.85,135.3,204642
2021-03-16 11:15:00+05:30,135.3,135.75,134.9,135.25,135357
2021-03-16 12:15:00+05:30,135.2,135.9,135.1,135.15,83094
2021-03-16 13:15:00+05:30,135.15,135.7,134.85,135.25,158505
2021-03-16 14:15:00+05:30,135.2,136.8,135.0,135.0,540515
2021-03-16 15:15:00+05:30,135.0,135.45,134.85,135.0,180092
2021-03-17 09:15:00+05:30,134.05,135.0,131.9,132.1,537862
2021-03-17 10:15:00+05:30,132.1,133.2,131.55,132.8,294034
2021-03-17 11:15:00+05:30,132.8,133.55,132.4,132.95,223623
2021-03-17 12:15:00+05:30,133.0,133.1,132.25,132.4,144388
2021-03-17 13:15:00+05:30,132.4,133.1,132.35,132.9,234290
2021-03-17 14:15:00+05:30,132.9,133.15,129.5,129.9,1392214
2021-03-17 15:15:00+05:30,129.95,131.5,129.45,130.7,660816
2021-03-18 09:15:00+05:30,132.15,134.3,130.7,132.4,891763
2021-03-18 10:15:00+05:30,132.3,132.6,130.6,131.55,458982
2021-03-18 11:15:00+05:30,131.7,133.8,131.2,133.7,295684
2021-03-18 12:15:00+05:30,133.7,133.7,130.5,130.5,206085
2021-03-18 13:15:00+05:30,130.5,130.6,127.55,127.6,959656
2021-03-18 14:15:00+05:30,127.6,128.8,125.2,128.4,1057611
2021-03-18 15:15:00+05:30,128.5,129.0,128.3,128.8,222211
2021-03-19 09:15:00+05:30,123.5,127.95,119.15,126.3,2709594
2021-03-19 10:15:00+05:30,126.3,129.6,125.95,128.15,1036029
2021-03-19 11:15:00+05:30,128.15,129.7,127.35,129.1,901639
2021-03-19 12:15:00+05:30,129.1,130.75,128.6,129.0,579332
2021-03-19 13:15:00+05:30,129.05,134.4,128.4,133.35,994563
2021-03-19 14:15:00+05:30,133.5,134.95,130.65,134.3,2028042
2021-03-19 15:15:00+05:30,134.3,135.0,134.3,134.5,1154929
2021-03-22 09:15:00+05:30,132.5,133.4,130.3,132.75,752684
2021-03-22 10:15:00+05:30,132.7,132.8,130.5,131.55,201075
2021-03-22 11:15:00+05:30,131.55,132.15,131.15,131.45,147318
2021-03-22 12:15:00+05:30,131.45,131.45,130.05,131.15,321588
2021-03-22 13:15:00+05:30,131.15,131.5,130.65,130.8,253926
2021-03-22 14:15:00+05:30,130.7,131.95,130.2,131.8,369714
2021-03-22 15:15:00+05:30,131.9,132.0,131.0,131.0,148765
2021-03-23 09:15:00+05:30,132.35,137.4,132.05,134.55,1829368
2021-03-23 10:15:00+05:30,134.6,134.85,133.7,134.0,429505
2021-03-23 11:15:00+05:30,134.0,134.0,133.3,133.75,308974
2021-03-23 12:15:00+05:30,133.75,134.8,133.65,133.85,185208
2021-03-23 13:15:00+05:30,133.85,134.95,133.65,134.0,200059
2021-03-23 14:15:00+05:30,134.0,134.65,133.85,134.25,471375
2021-03-23 15:15:00+05:30,134.25,134.4,133.75,134.1,238013
2021-03-24 09:15:00+05:30,132.9,134.0,131.25,131.6,486662
2021-03-24 10:15:00+05:30,131.5,131.6,130.0,131.1,289090
2021-03-24 11:15:00+05:30,131.05,131.7,130.55,130.85,264101
2021-03-24 12:15:00+05:30,130.8,131.15,129.15,129.3,284664
2021-03-24 13:15:00+05:30,129.3,130.15,128.85,129.0,291427
2021-03-24 14:15:00+05:30,129.0,129.55,126.2,126.5,708773
2021-03-24 15:15:00+05:30,126.6,129.2,126.35,129.2,502032
2021-03-25 09:15:00+05:30,127.0,127.6,124.0,126.95,1027496
2021-03-25 10:15:00+05:30,126.95,127.0,124.6,125.05,890147
2021-03-25 11:15:00+05:30,124.95,126.3,124.95,125.2,672887
2021-03-25 12:15:00+05:30,125.1,125.55,125.0,125.05,356179
2021-03-25 13:15:00+05:30,125.05,127.85,125.0,126.5,673286
2021-03-25 14:15:00+05:30,126.5,127.0,125.05,125.3,545028
2021-03-25 15:15:00+05:30,125.3,126.4,125.1,126.4,162512
2021-03-26 09:15:00+05:30,128.9,129.8,126.45,127.75,794812
2021-03-26 10:15:00+05:30,127.7,127.95,126.55,127.3,576859
2021-03-26 11:15:00+05:30,127.3,130.8,126.9,130.45,1066579
2021-03-26 12:15:00+05:30,130.45,130.7,129.7,129.7,746006
2021-03-26 13:15:00+05:30,129.75,131.5,129.0,129.95,621026
2021-03-26 14:15:00+05:30,130.0,130.05,128.5,128.8,467659
2021-03-26 15:15:00+05:30,128.8,129.0,128.25,128.8,223022
2021-03-30 09:15:00+05:30,130.0,131.15,129.15,130.3,551338
2021-03-30 10:15:00+05:30,130.3,130.3,128.0,128.55,361427
2021-03-30 11:15:00+05:30,128.55,129.25,127.8,128.2,167795
2021-03-30 12:15:00+05:30,128.2,128.35,127.3,127.65,184134
2021-03-30 13:15:00+05:30,127.6,128.8,127.1,128.35,264299
2021-03-30 14:15:00+05:30,128.2,129.5,127.7,129.15,252796
2021-03-30 15:15:00+05:30,129.15,129.65,127.65,127.7,202803
2021-03-31 09:15:00+05:30,129.45,133.05,129.2,132.3,1132465
2021-03-31 10:15:00+05:30,132.3,132.45,131.05,131.4,167823
2021-03-31 11:15:00+05:30,131.4,131.7,130.6,131.4,152517
2021-03-31 12:15:00+05:30,131.4,131.6,130.6,131.4,165556
2021-03-31 13:15:00+05:30,131.4,131.5,130.5,130.65,217078
2021-03-31 14:15:00+05:30,130.65,130.85,127.8,127.85,701249
2021-03-31 15:15:00+05:30,127.85,128.4,127.55,128.35,361663
2021-04-01 09:15:00+05:30,130.15,131.45,129.8,130.45,494993
2021-04-01 10:15:00+05:30,130.5,131.0,129.2,130.2,266615
2021-04-01 11:15:00+05:30,130.2,131.2,129.75,130.35,259425
2021-04-01 12:15:00+05:30,130.45,132.0,130.3,131.95,333656
2021-04-01 13:15:00+05:30,131.85,132.9,131.4,131.95,314312
2021-04-01 14:15:00+05:30,131.9,132.0,131.2,131.4,269487
2021-04-01 15:15:00+05:30,131.65,131.85,131.0,131.0,173108
2021-04-05 09:15:00+05:30,131.0,133.4,129.7,130.0,1120285
2021-04-05 10:15:00+05:30,130.0,130.0,127.8,128.0,346307
2021-04-05 11:15:00+05:30,128.05,129.3,126.75,129.15,223224
2021-04-05 12:15:00+05:30,129.15,130.0,129.05,129.9,140896
2021-04-05 13:15:00+05:30,129.95,131.3,129.85,130.65,215466
2021-04-05 14:15:00+05:30,130.65,131.0,130.2,130.85,200314
2021-04-05 15:15:00+05:30,130.85,131.9,130.65,131.9,208274
2021-04-06 09:15:00+05:30,132.3,134.95,131.0,134.45,1089272
2021-04-06 10:15:00+05:30,134.45,134.45,133.2,133.4,276490
2021-04-06 11:15:00+05:30,133.5,133.65,131.7,132.05,262359
2021-04-06 12:15:00+05:30,132.05,132.9,131.5,132.9,176373
2021-04-06 13:15:00+05:30,132.9,132.95,131.5,132.15,215403
2021-04-06 14:15:00+05:30,132.2,133.1,131.85,133.0,306668
2021-04-06 15:15:00+05:30,133.0,133.2,132.7,133.0,138861
2021-04-07 09:15:00+05:30,132.9,133.85,131.7,133.5,392622
2021-04-07 10:15:00+05:30,133.5,133.5,132.5,133.2,158593
2021-04-07 11:15:00+05:30,133.2,133.65,132.65,133.05,100182
2021-04-07 12:15:00+05:30,133.05,133.4,132.5,133.25,101884
2021-04-07 13:15:00+05:30,133.25,133.25,132.1,132.85,98328
2021-04-07 14:15:00+05:30,132.85,133.75,132.3,133.7,245822
2021-04-07 15:15:00+05:30,133.75,134.0,133.15,133.3,183935
2021-04-08 09:15:00+05:30,133.95,136.95,133.95,136.15,1056670
2021-04-08 10:15:00+05:30,136.15,137.5,135.5,137.15,665766
2021-04-08 11:15:00+05:30,137.1,137.5,136.2,136.85,342810
2021-04-08 12:15:00+05:30,136.85,137.2,136.55,136.85,219373
2021-04-08 13:15:00+05:30,136.85,137.8,136.25,136.75,411156
2021-04-08 14:15:00+05:30,136.75,136.95,135.6,136.65,646252
2021-04-08 15:15:00+05:30,136.7,137.0,136.35,136.5,203076
2021-04-09 09:15:00+05:30,136.8,140.5,136.25,139.55,1259465
2021-04-09 10:15:00+05:30,139.65,141.2,138.3,138.7,678100
2021-04-09 11:15:00+05:30,138.7,139.85,138.15,139.3,270831
2021-04-09 12:15:00+05:30,139.4,139.5,138.6,138.85,105068
2021-04-09 13:15:00+05:30,139.05,139.05,137.0,137.8,278328
2021-04-09 14:15:00+05:30,137.8,138.25,137.2,137.5,245679
2021-04-09 15:15:00+05:30,137.5,138.15,137.0,137.0,201166
2021-04-12 09:15:00+05:30,133.65,134.45,128.15,131.7,1413390
2021-04-12 10:15:00+05:30,131.7,131.7,128.5,128.9,587827
2021-04-12 11:15:00+05:30,128.9,129.15,124.0,124.6,1152109
2021-04-12 12:15:00+05:30,124.6,128.9,124.55,128.8,598703
2021-04-12 13:15:00+05:30,128.55,128.65,127.6,127.85,285502
2021-04-12 14:15:00+05:30,127.85,128.0,125.4,127.2,817375
2021-04-12 15:15:00+05:30,127.1,128.0,127.05,127.9,300347
2021-04-13 09:15:00+05:30,127.75,131.2,126.25,130.95,639636
2021-04-13 10:15:00+05:30,130.95,131.35,127.2,127.35,460301
2021-04-13 11:15:00+05:30,127.35,127.85,126.05,127.05,258045
2021-04-13 12:15:00+05:30,127.25,130.4,127.0,128.5,341004
2021-04-13 13:15:00+05:30,128.5,133.85,128.45,133.3,1026272
2021-04-13 14:15:00+05:30,133.1,134.9,132.8,134.2,795775
2021-04-13 15:15:00+05:30,134.35,134.7,133.5,133.55,260269
2021-04-15 09:15:00+05:30,133.85,137.45,132.65,133.6,920438
2021-04-15 10:15:00+05:30,133.75,134.0,132.55,132.7,315564
2021-04-15 11:15:00+05:30,132.85,134.4,132.5,132.9,305724
2021-04-15 12:15:00+05:30,132.75,134.0,132.7,132.9,165569
2021-04-15 13:15:00+05:30,133.0,133.5,132.0,133.2,248054
2021-04-15 14:15:00+05:30,133.3,134.25,132.5,133.65,321125
2021-04-15 15:15:00+05:30,133.6,134.25,133.25,133.25,280779
2021-04-16 09:15:00+05:30,134.4,139.85,133.6,138.35,1800402
2021-04-16 10:15:00+05:30,138.35,139.6,137.8,139.15,570238
2021-04-16 11:15:00+05:30,139.15,139.3,138.0,138.4,263133
2021-04-16 12:15:00+05:30,138.4,139.4,138.0,139.4,372426
2021-04-16 13:15:00+05:30,139.4,140.25,138.35,138.95,794077
2021-04-16 14:15:00+05:30,138.95,139.5,137.85,138.4,610894
2021-04-16 15:15:00+05:30,138.4,138.5,137.85,138.05,293981
2021-04-19 09:15:00+05:30,132.4,134.4,130.8,134.3,795534
2021-04-19 10:15:00+05:30,134.3,134.7,133.5,133.7,266649
2021-04-19 11:15:00+05:30,133.75,134.0,132.95,134.0,236574
2021-04-19 12:15:00+05:30,134.0,134.0,132.5,133.45,271117
2021-04-19 13:15:00+05:30,133.5,134.85,133.4,133.9,453829
2021-04-19 14:15:00+05:30,134.1,134.85,133.8,134.2,382042
2021-04-19 15:15:00+05:30,134.2,134.3,134.0,134.2,199022
2021-04-20 09:15:00+05:30,135.05,136.8,133.9,134.65,638039
2021-04-20 10:15:00+05:30,134.65,135.45,134.4,134.7,155783
2021-04-20 11:15:00+05:30,134.7,134.9,134.0,134.2,126749
2021-04-20 12:15:00+05:30,134.2,134.3,133.0,133.5,236235
2021-04-20 13:15:00+05:30,133.65,133.95,133.35,133.7,89213
2021-04-20 14:15:00+05:30,133.7,133.9,130.5,132.9,569350
2021-04-20 15:15:00+05:30,132.9,133.0,132.1,132.5,188401
2021-04-22 09:15:00+05:30,130.8,132.1,129.55,130.0,637752
2021-04-22 10:15:00+05:30,129.95,131.4,129.8,130.6,298307
2021-04-22 11:15:00+05:30,130.6,131.6,130.3,131.05,178512
2021-04-22 12:15:00+05:30,131.05,131.95,131.05,131.55,149119
2021-04-22 13:15:00+05:30,131.55,133.7,130.35,132.1,553629
2021-04-22 14:15:00+05:30,132.1,132.1,129.0,129.7,815138
2021-04-22 15:15:00+05:30,129.7,130.1,129.15,129.7,151217
2021-04-23 09:15:00+05:30,129.4,130.5,128.3,130.3,498764
2021-04-23 10:15:00+05:30,130.4,130.4,129.4,129.65,155350
2021-04-23 11:15:00+05:30,129.65,129.8,128.6,128.95,161723
2021-04-23 12:15:00+05:30,128.85,128.95,128.0,128.9,217021
2021-04-23 13:15:00+05:30,128.9,131.4,128.6,128.8,552075
2021-04-23 14:15:00+05:30,128.8,129.35,127.6,128.1,338099
2021-04-23 15:15:00+05:30,128.05,128.1,127.45,127.7,242036
2021-04-26 09:15:00+05:30,129.6,130.1,128.35,128.8,465521
2021-04-26 10:15:00+05:30,128.8,129.05,128.05,128.85,154677
2021-04-26 11:15:00+05:30,128.85,129.0,128.35,128.55,54748
2021-04-26 12:15:00+05:30,128.65,128.8,127.6,128.5,162146
2021-04-26 13:15:00+05:30,128.5,128.9,128.0,128.3,69796
2021-04-26 14:15:00+05:30,128.4,128.95,127.6,128.25,245888
2021-04-26 15:15:00+05:30,128.25,128.6,128.05,128.4,111222
2021-04-27 09:15:00+05:30,128.1,130.4,128.1,129.85,352233
2021-04-27 10:15:00+05:30,129.85,130.25,129.25,129.65,135938
2021-04-27 11:15:00+05:30,129.7,129.7,129.2,129.4,118527
2021-04-27 12:15:00+05:30,129.4,129.7,128.25,128.35,220532
2021-04-27 13:15:00+05:30,128.35,129.0,128.05,128.6,189421
2021-04-27 14:15:00+05:30,128.55,130.3,128.5,130.0,650105
2021-04-27 15:15:00+05:30,129.85,130.6,129.75,130.05,132134
2021-04-28 09:15:00+05:30,131.05,133.7,130.75,132.5,457118
2021-04-28 10:15:00+05:30,132.5,132.75,132.2,132.7,111360
2021-04-28 11:15:00+05:30,132.7,133.2,132.0,132.85,183045
2021-04-28 12:15:00+05:30,132.85,133.0,132.3,132.5,85568
2021-04-28 13:15:00+05:30,132.5,132.5,131.3,132.4,175989
2021-04-28 14:15:00+05:30,132.4,132.9,131.65,131.7,224460
2021-04-28 15:15:00+05:30,131.75,132.0,131.15,132.0,111434
2021-04-29 09:15:00+05:30,133.2,133.85,131.3,131.4,356994
2021-04-29 10:15:00+05:30,131.4,131.9,131.0,131.45,216273
2021-04-29 11:15:00+05:30,131.45,132.0,131.2,131.8,92146
2021-04-29 12:15:00+05:30,131.8,132.0,131.5,131.55,49124
2021-04-29 13:15:00+05:30,131.55,131.8,130.3,130.7,113266
2021-04-29 14:15:00+05:30,130.7,131.15,130.3,130.65,106576
2021-04-29 15:15:00+05:30,130.65,130.85,130.35,130.7,65206
2021-04-30 09:15:00+05:30,129.8,130.5,128.25,129.7,252299
2021-04-30 10:15:00+05:30,129.7,129.85,129.2,129.2,92892
2021-04-30 11:15:00+05:30,129.2,129.35,128.5,128.7,139095
2021-04-30 12:15:00+05:30,128.75,129.35,128.6,128.9,74696
2021-04-30 13:15:00+05:30,128.9,128.9,127.5,128.3,192103
2021-04-30 14:15:00+05:30,128.3,128.75,127.6,128.1,225009
2021-04-30 15:15:00+05:30,128.1,128.2,127.15,127.65,166209
2021-05-03 09:15:00+05:30,124.95,126.8,124.1,125.7,919913
2021-05-03 10:15:00+05:30,125.7,125.9,125.0,125.35,170050
2021-05-03 11:15:00+05:30,125.4,125.95,125.05,125.3,116829
2021-05-03 12:15:00+05:30,125.3,125.65,124.5,125.1,171439
2021-05-03 13:15:00+05:30,125.0,125.3,124.5,124.9,94861
2021-05-03 14:15:00+05:30,124.85,126.95,124.8,125.3,462960
2021-05-03 15:15:00+05:30,125.35,126.1,125.25,126.1,175085
2021-05-04 09:15:00+05:30,126.8,128.8,126.7,127.25,421974
2021-05-04 10:15:00+05:30,127.25,127.5,126.1,126.9,128410
2021-05-04 11:15:00+05:30,126.9,127.2,126.05,126.95,104555
2021-05-04 12:15:00+05:30,126.95,127.4,126.45,126.45,170374
2021-05-04 13:15:00+05:30,126.45,126.9,125.8,126.6,128394
2021-05-04 14:15:00+05:30,126.6,127.1,125.25,126.0,258616
2021-05-04 15:15:00+05:30,125.95,127.0,125.45,127.0,110357
2021-05-05 09:15:00+05:30,126.95,127.6,125.8,126.15,313026
2021-05-05 10:15:00+05:30,126.15,126.45,125.85,126.05,46869
2021-05-05 11:15:00+05:30,126.05,126.45,125.8,126.1,113624
2021-05-05 12:15:00+05:30,126.1,127.3,126.0,127.0,116304
2021-05-05 13:15:00+05:30,127.15,128.0,126.65,126.65,232459
2021-05-05 14:15:00+05:30,126.65,127.0,125.75,126.35,123647
2021-05-05 15:15:00+05:30,126.35,126.7,126.05,126.7,80851
2021-05-06 09:15:00+05:30,125.35,129.5,125.1,128.45,478291
2021-05-06 10:15:00+05:30,128.5,129.95,128.2,129.0,314306
2021-05-06 11:15:00+05:30,129.0,129.4,128.05,129.3,114036
2021-05-06 12:15:00+05:30,129.2,129.2,128.1,128.7,48098
2021-05-06 13:15:00+05:30,128.7,128.7,128.1,128.65,53005
2021-05-06 14:15:00+05:30,128.65,132.0,128.15,131.5,879162
2021-05-06 15:15:00+05:30,131.5,132.4,131.1,131.3,263044
2021-05-07 09:15:00+05:30,132.2,133.15,131.1,132.7,683912
2021-05-07 10:15:00+05:30,132.7,134.4,131.6,133.8,413281
2021-05-07 11:15:00+05:30,133.8,133.8,132.25,132.6,161822
2021-05-07 12:15:00+05:30,132.75,134.25,132.5,134.0,494217
2021-05-07 13:15:00+05:30,134.0,134.3,133.75,134.2,426718
2021-05-07 14:15:00+05:30,134.0,135.0,134.0,134.5,663828
2021-05-07 15:15:00+05:30,134.4,134.8,134.05,134.2,304530
2021-05-10 09:15:00+05:30,134.85,137.0,134.65,136.15,602628
2021-05-10 10:15:00+05:30,136.3,137.0,135.75,136.95,531703
2021-05-10 11:15:00+05:30,136.95,141.6,136.0,141.1,1475387
2021-05-10 12:15:00+05:30,141.2,141.45,139.15,139.2,1009856
2021-05-10 13:15:00+05:30,139.2,141.25,138.65,141.25,925351
2021-05-10 14:15:00+05:30,141.2,142.5,140.35,141.95,3762252
2021-05-10 15:15:00+05:30,141.95,142.5,141.6,142.4,1035519
2021-05-11 09:15:00+05:30,138.55,151.1,138.5,149.3,5170794
2021-05-11 10:15:00+05:30,149.3,149.6,146.1,148.35,1569023
2021-05-11 11:15:00+05:30,148.35,149.35,147.25,147.9,734914
2021-05-11 12:15:00+05:30,147.9,149.7,146.25,146.65,929442
2021-05-11 13:15:00+05:30,146.8,148.35,145.15,147.15,873932
2021-05-11 14:15:00+05:30,147.15,147.45,145.55,147.1,1098095
2021-05-11 15:15:00+05:30,147.25,148.2,146.5,147.1,389585
2021-05-12 09:15:00+05:30,147.8,153.7,147.55,149.95,3394372
2021-05-12 10:15:00+05:30,150.0,151.45,147.2,149.8,1287164
2021-05-12 11:15:00+05:30,149.9,151.25,148.8,151.0,536609
2021-05-12 12:15:00+05:30,150.85,153.7,150.5,153.7,1727607
2021-05-12 13:15:00+05:30,153.7,153.95,150.2,152.15,1032334
2021-05-12 14:15:00+05:30,152.15,153.4,145.1,147.5,1489788
2021-05-12 15:15:00+05:30,147.5,148.5,147.0,147.95,502366
2021-05-14 09:15:00+05:30,152.55,153.9,150.05,151.3,3098507
2021-05-14 10:15:00+05:30,151.3,151.5,147.5,148.3,1234464
2021-05-14 11:15:00+05:30,148.15,149.2,145.3,146.65,784314
2021-05-14 12:15:00+05:30,146.65,148.9,146.65,148.3,593136
2021-05-14 13:15:00+05:30,148.3,148.55,146.7,148.25,345507
2021-05-14 14:15:00+05:30,148.25,148.5,147.0,147.35,517524
2021-05-14 15:15:00+05:30,147.35,148.2,147.2,147.8,428077
2021-05-17 09:15:00+05:30,150.05,152.35,148.1,150.7,1299332
2021-05-17 10:15:00+05:30,150.85,151.0,149.0,150.1,523424
2021-05-17 11:15:00+05:30,150.1,152.4,150.1,151.0,1286960
2021-05-17 12:15:00+05:30,151.1,151.35,150.1,150.5,255995
2021-05-17 13:15:00+05:30,150.5,151.3,149.65,150.55,536137
2021-05-17 14:15:00+05:30,150.55,152.0,150.2,150.8,823424
2021-05-17 15:15:00+05:30,150.85,151.55,150.55,151.3,606553
2021-05-18 09:15:00+05:30,152.6,153.8,151.65,153.25,1488767
2021-05-18 10:15:00+05:30,153.35,156.0,153.05,155.6,1825783
2021-05-18 11:15:00+05:30,155.6,157.9,154.55,155.75,1763433
2021-05-18 12:15:00+05:30,155.75,156.75,153.4,153.9,1430549
2021-05-18 13:15:00+05:30,153.9,154.45,152.5,153.5,781774
2021-05-18 14:15:00+05:30,153.5,154.5,152.8,154.3,880412
2021-05-18 15:15:00+05:30,154.3,154.5,153.0,153.4,598064
2021-05-19 09:15:00+05:30,145.0,151.85,145.0,150.3,4818633
2021-05-19 10:15:00+05:30,150.4,150.55,147.15,147.75,3461055
2021-05-19 11:15:00+05:30,147.8,150.3,147.45,150.2,1045830
2021-05-19 12:15:00+05:30,150.2,150.85,149.7,150.3,566053
2021-05-19 13:15:00+05:30,150.3,150.3,148.9,149.4,565760
2021-05-19 14:15:00+05:30,149.4,150.0,148.85,149.2,511813
2021-05-19 15:15:00+05:30,149.2,149.9,149.05,149.7,359525
2021-05-20 09:15:00+05:30,148.55,150.4,146.5,146.85,956290
2021-05-20 10:15:00+05:30,147.0,147.7,146.65,146.7,332710
2021-05-20 11:15:00+05:30,146.7,147.5,146.35,147.25,218927
2021-05-20 12:15:00+05:30,147.25,147.25,145.3,145.9,570018
2021-05-20 13:15:00+05:30,145.9,146.6,145.1,145.95,316002
2021-05-20 14:15:00+05:30,145.9,146.0,144.1,145.1,754391
2021-05-20 15:15:00+05:30,145.1,145.5,144.4,144.4,228128
2021-05-21 09:15:00+05:30,145.65,147.6,145.4,145.9,613850
2021-05-21 10:15:00+05:30,145.9,146.95,145.65,146.9,422496
2021-05-21 11:15:00+05:30,146.9,147.15,146.25,146.6,198694
2021-05-21 12:15:00+05:30,146.7,146.95,146.4,146.8,166551
2021-05-21 13:15:00+05:30,146.8,147.9,146.55,147.8,514340
2021-05-21 14:15:00+05:30,147.65,148.8,147.25,147.5,590723
2021-05-21 15:15:00+05:30,147.35,147.9,147.2,147.75,197066
2021-05-24 09:15:00+05:30,148.55,149.45,146.6,148.0,631471
2021-05-24 10:15:00+05:30,148.05,148.7,146.85,148.6,456524
2021-05-24 11:15:00+05:30,148.6,148.6,148.05,148.25,151997
2021-05-24 12:15:00+05:30,148.25,149.5,148.1,149.3,238036
2021-05-24 13:15:00+05:30,149.3,149.45,148.3,149.0,174309
2021-05-24 14:15:00+05:30,148.9,149.4,148.0,148.7,295830
2021-05-24 15:15:00+05:30,148.7,148.9,148.25,148.8,166399
2021-05-25 09:15:00+05:30,149.2,151.3,148.75,150.75,746607
2021-05-25 10:15:00+05:30,150.6,151.85,149.7,150.1,439327
2021-05-25 11:15:00+05:30,150.1,152.0,150.1,151.5,752798
2021-05-25 12:15:00+05:30,151.5,151.7,150.45,150.65,106025
2021-05-25 13:15:00+05:30,150.65,150.85,149.35,149.5,379153
2021-05-25 14:15:00+05:30,149.5,150.0,149.05,149.35,462702
2021-05-25 15:15:00+05:30,149.2,149.7,149.0,149.25,240636
2021-05-26 09:15:00+05:30,150.0,152.7,150.0,151.45,546511
2021-05-26 10:15:00+05:30,151.45,151.85,151.0,151.55,224138
2021-05-26 11:15:00+05:30,151.55,151.7,150.15,150.55,238463
2021-05-26 12:15:00+05:30,150.45,150.65,150.0,150.05,164526
2021-05-26 13:15:00+05:30,150.05,150.4,148.3,148.55,308555
2021-05-26 14:15:00+05:30,148.65,148.65,146.5,147.45,657856
2021-05-26 15:15:00+05:30,147.4,147.45,147.0,147.45,190155
2021-05-27 09:15:00+05:30,148.4,151.95,148.35,150.9,1124157
2021-05-27 10:15:00+05:30,150.9,153.65,150.9,151.85,1548149
2021-05-27 11:15:00+05:30,151.85,152.3,151.6,151.85,278220
2021-05-27 12:15:00+05:30,151.85,152.3,151.6,151.65,170387
2021-05-27 13:15:00+05:30,151.65,151.85,150.1,150.35,314964
2021-05-27 14:15:00+05:30,150.35,152.35,150.05,151.7,645016
2021-05-27 15:15:00+05:30,151.7,152.75,151.7,152.1,485394
2021-05-28 09:15:00+05:30,153.4,153.65,151.6,151.7,531597
2021-05-28 10:15:00+05:30,151.7,151.8,150.55,151.1,195169
2021-05-28 11:15:00+05:30,151.1,151.2,150.5,150.9,93079
2021-05-28 12:15:00+05:30,150.9,151.0,150.15,150.3,91697
2021-05-28 13:15:00+05:30,150.3,150.8,150.15,150.2,146312
2021-05-28 14:15:00+05:30,150.2,150.7,148.7,150.55,464941
2021-05-28 15:15:00+05:30,150.55,151.8,150.3,151.2,270216
2021-05-31 09:15:00+05:30,150.25,150.8,147.2,149.05,545297
2021-05-31 10:15:00+05:30,149.05,149.4,148.2,148.65,122704
2021-05-31 11:15:00+05:30,148.65,148.9,147.3,148.75,270544
2021-05-31 12:15:00+05:30,148.75,149.8,148.55,149.5,162399
2021-05-31 13:15:00+05:30,149.5,149.55,148.8,149.35,212593
2021-05-31 14:15:00+05:30,149.15,150.7,149.0,150.65,392593
2021-05-31 15:15:00+05:30,150.7,152.4,150.0,152.1,364012
2021-06-01 09:15:00+05:30,151.75,153.45,151.05,151.7,728898
2021-06-01 10:15:00+05:30,151.7,152.3,151.0,151.2,330067
2021-06-01 11:15:00+05:30,151.2,152.25,150.5,151.95,416921
2021-06-01 12:15:00+05:30,151.95,152.1,151.5,151.85,106052
2021-06-01 13:15:00+05:30,151.9,152.0,142.35,146.05,6172234
2021-06-01 14:15:00+05:30,146.05,146.55,143.4,143.5,7101485
2021-06-01 15:15:00+05:30,143.5,144.4,143.15,144.3,1687681
2021-06-02 09:15:00+05:30,144.4,146.7,144.2,145.95,771157
2021-06-02 10:15:00+05:30,145.95,146.55,145.6,146.45,154753
2021-06-02 11:15:00+05:30,146.5,147.7,146.3,147.35,396521
2021-06-02 12:15:00+05:30,147.35,147.5,146.95,147.05,167482
2021-06-02 13:15:00+05:30,147.05,149.0,147.0,147.6,353136
2021-06-02 14:15:00+05:30,147.45,148.35,147.0,147.65,223756
2021-06-02 15:15:00+05:30,147.7,148.1,147.45,147.6,145676
2021-06-03 09:15:00+05:30,149.0,150.5,148.0,148.65,634383
2021-06-03 10:15:00+05:30,148.5,149.4,148.1,148.7,159387
2021-06-03 11:15:00+05:30,148.7,149.6,148.5,149.3,129316
2021-06-03 12:15:00+05:30,149.3,149.6,148.75,149.3,152945
2021-06-03 13:15:00+05:30,149.3,149.5,148.85,149.3,117517
2021-06-03 14:15:00+05:30,149.3,149.55,148.15,148.95,288402
2021-06-03 15:15:00+05:30,148.95,149.2,148.6,149.0,147476
2021-06-04 09:15:00+05:30,149.0,150.9,149.0,149.5,422580
2021-06-04 10:15:00+05:30,149.5,149.75,148.7,148.9,270586
2021-06-04 11:15:00+05:30,148.9,149.65,148.2,149.5,119802
2021-06-04 12:15:00+05:30,149.5,149.9,149.15,149.5,82712
2021-06-04 13:15:00+05:30,149.55,150.35,148.7,150.0,232963
2021-06-04 14:15:00+05:30,150.0,152.5,149.65,151.85,1095688
2021-06-04 15:15:00+05:30,151.75,152.25,151.5,151.9,432732
2021-06-07 09:15:00+05:30,153.5,155.75,152.75,154.5,1561843
2021-06-07 10:15:00+05:30,154.5,158.8,154.25,157.15,1572612
2021-06-07 11:15:00+05:30,157.15,158.7,156.5,156.55,951026
2021-06-07 12:15:00+05:30,156.55,157.5,156.35,157.0,305702
2021-06-07 13:15:00+05:30,157.0,158.0,156.7,157.25,380714
2021-06-07 14:15:00+05:30,157.25,158.6,155.85,156.35,940661
2021-06-07 15:15:00+05:30,156.3,156.8,155.6,156.35,310059
2021-06-08 09:15:00+05:30,157.0,157.55,153.2,155.25,870096
2021-06-08 10:15:00+05:30,155.3,156.85,154.55,156.8,349868
2021-06-08 11:15:00+05:30,156.8,157.4,156.0,156.8,338823
2021-06-08 12:15:00+05:30,156.8,159.8,156.75,158.6,707101
2021-06-08 13:15:00+05:30,158.6,159.45,158.3,158.9,464387
2021-06-08 14:15:00+05:30,158.95,163.4,158.65,163.1,2875488
2021-06-08 15:15:00+05:30,163.1,166.0,163.0,165.2,1770042
2021-06-09 09:15:00+05:30,165.95,167.45,164.4,164.7,2170608
2021-06-09 10:15:00+05:30,164.75,167.0,164.55,165.85,622162
2021-06-09 11:15:00+05:30,165.85,167.5,165.5,166.0,938807
2021-06-09 12:15:00+05:30,166.05,166.25,160.3,160.3,769086
2021-06-09 13:15:00+05:30,160.35,163.3,159.5,162.35,831046
2021-06-09 14:15:00+05:30,162.35,162.5,157.25,160.55,1056266
2021-06-09 15:15:00+05:30,160.55,160.95,158.65,159.35,287110
2021-06-10 09:15:00+05:30,160.0,162.7,159.75,161.9,540592
2021-06-10 10:15:00+05:30,161.9,162.2,161.0,161.3,137801
2021-06-10 11:15:00+05:30,161.3,162.0,161.2,161.9,108658
2021-06-10 12:15:00+05:30,161.9,162.0,161.0,161.45,118206
2021-06-10 13:15:00+05:30,161.45,161.9,160.4,160.85,104369
2021-06-10 14:15:00+05:30,160.85,161.95,160.65,161.7,190841
2021-06-10 15:15:00+05:30,161.6,162.0,160.8,162.0,155757
2021-06-11 09:15:00+05:30,161.35,163.5,161.35,162.55,446159
2021-06-11 10:15:00+05:30,162.45,163.75,160.1,161.9,471969
2021-06-11 11:15:00+05:30,161.9,162.0,159.8,160.5,258180
2021-06-11 12:15:00+05:30,160.5,163.5,160.35,162.25,311222
2021-06-11 13:15:00+05:30,162.25,162.9,161.55,162.9,85438
2021-06-11 14:15:00+05:30,162.9,163.3,161.1,161.4,340395
2021-06-11 15:15:00+05:30,161.45,162.0,161.2,161.7,211426
2021-06-14 09:15:00+05:30,161.75,161.75,155.1,161.0,1026015
2021-06-14 10:15:00+05:30,161.05,161.75,158.65,159.65,277065
2021-06-14 11:15:00+05:30,159.65,160.5,159.2,159.45,157594
2021-06-14 12:15:00+05:30,159.45,163.5,159.4,161.65,265084
2021-06-14 13:15:00+05:30,161.65,163.15,161.3,162.35,198352
2021-06-14 14:15:00+05:30,162.35,168.75,162.0,165.95,2459698
2021-06-14 15:15:00+05:30,165.95,166.0,165.25,166.0,306332
2021-06-15 09:15:00+05:30,166.9,168.4,165.75,168.4,613547
2021-06-15 10:15:00+05:30,168.3,169.75,167.35,169.05,1058753
2021-06-15 11:15:00+05:30,169.05,169.4,166.4,167.15,619152
2021-06-15 12:15:00+05:30,167.15,167.45,167.0,167.05,237455
2021-06-15 13:15:00+05:30,167.05,167.35,165.6,166.5,538653
2021-06-15 14:15:00+05:30,166.5,167.65,164.75,165.0,534980
2021-06-15 15:15:00+05:30,165.05,165.3,164.15,164.9,197322
2021-06-16 09:15:00+05:30,163.0,165.8,163.0,163.25,449063
2021-06-16 10:15:00+05:30,163.2,164.2,162.1,163.95,230574
2021-06-16 11:15:00+05:30,163.95,165.7,163.65,164.3,268559
2021-06-16 12:15:00+05:30,164.25,165.0,163.65,163.85,116132
2021-06-16 13:15:00+05:30,163.85,164.9,163.35,164.3,103092
2021-06-16 14:15:00+05:30,164.3,164.5,162.8,163.35,203990
2021-06-16 15:15:00+05:30,163.35,163.4,161.25,162.7,259838
2021-06-17 09:15:00+05:30,160.55,163.7,160.05,163.5,473863
2021-06-17 10:15:00+05:30,163.65,164.55,163.25,163.35,209892
2021-06-17 11:15:00+05:30,163.2,163.2,160.75,161.1,248602
2021-06-17 12:15:00+05:30,161.1,161.75,160.1,161.2,142820
2021-06-17 13:15:00+05:30,161.2,161.35,159.85,159.9,167426
2021-06-17 14:15:00+05:30,159.9,161.35,159.1,161.3,440810
2021-06-17 15:15:00+05:30,161.3,161.7,160.25,160.5,144269
2021-06-18 09:15:00+05:30,161.6,162.0,156.7,158.4,719725
2021-06-18 10:15:00+05:30,158.4,158.4,151.3,155.2,973886
2021-06-18 11:15:00+05:30,155.0,157.25,154.2,155.8,363761
2021-06-18 12:15:00+05:30,155.8,157.5,155.8,156.8,126014
2021-06-18 13:15:00+05:30,156.75,158.0,156.15,157.7,203849
2021-06-18 14:15:00+05:30,157.7,158.4,154.55,154.65,1018039
2021-06-18 15:15:00+05:30,154.65,156.0,154.45,155.9,921687
2021-06-21 09:15:00+05:30,151.4,153.55,150.1,153.2,664082
2021-06-21 10:15:00+05:30,153.25,154.4,152.5,152.8,243711
2021-06-21 11:15:00+05:30,152.95,153.6,152.55,153.6,61456
2021-06-21 12:15:00+05:30,153.6,155.7,153.1,155.7,259306
2021-06-21 13:15:00+05:30,155.7,157.0,155.1,156.9,209296
2021-06-21 14:15:00+05:30,156.95,157.5,156.2,156.4,263650
2021-06-21 15:15:00+05:30,156.35,156.5,156.2,156.3,110125
2021-06-22 09:15:00+05:30,157.7,161.85,157.6,161.2,727054
2021-06-22 10:15:00+05:30,161.05,162.3,160.6,160.75,415765
2021-06-22 11:15:00+05:30,160.75,160.85,159.4,160.4,464141
2021-06-22 12:15:00+05:30,160.35,160.7,159.7,160.35,243263
2021-06-22 13:15:00+05:30,160.35,160.85,159.75,160.0,269327
2021-06-22 14:15:00+05:30,160.3,160.65,159.1,159.9,497950
2021-06-22 15:15:00+05:30,159.9,160.0,159.3,159.8,207807
2021-06-23 09:15:00+05:30,160.25,161.45,158.1,158.25,633090
2021-06-23 10:15:00+05:30,158.15,158.4,156.2,156.75,730735
2021-06-23 11:15:00+05:30,156.75,158.0,156.35,157.9,326000
2021-06-23 12:15:00+05:30,157.9,158.0,157.2,157.25,187586
2021-06-23 13:15:00+05:30,157.25,158.7,156.8,157.4,199888
2021-06-23 14:15:00+05:30,157.4,157.4,156.1,156.4,351674
2021-06-23 15:15:00+05:30,156.4,156.9,156.1,156.6,128017
2021-06-24 09:15:00+05:30,156.1,157.4,155.5,156.5,306203
2021-06-24 10:15:00+05:30,156.5,156.8,155.25,155.8,138689
2021-06-24 11:15:00+05:30,155.9,156.0,155.3,155.95,86897
2021-06-24 12:15:00+05:30,155.95,156.5,155.25,156.3,451478
2021-06-24 13:15:00+05:30,156.3,156.65,155.5,156.1,50268
2021-06-24 14:15:00+05:30,156.1,156.1,154.8,155.95,160307
2021-06-24 15:15:00+05:30,155.9,155.95,154.6,155.2,178429
2021-06-25 09:15:00+05:30,155.7,159.05,155.7,157.6,530291
2021-06-25 10:15:00+05:30,157.6,158.0,156.3,157.1,171567
2021-06-25 11:15:00+05:30,157.1,157.45,155.2,156.25,202315
2021-06-25 12:15:00+05:30,156.25,156.6,155.0,155.7,123979
2021-06-25 13:15:00+05:30,155.7,155.85,155.2,155.3,181616
2021-06-25 14:15:00+05:30,155.3,156.3,154.3,155.6,252433
2021-06-25 15:15:00+05:30,155.7,156.3,155.15,156.0,190798
2021-06-28 09:15:00+05:30,156.35,156.65,154.3,155.9,316136
2021-06-28 10:15:00+05:30,155.9,156.3,155.0,155.7,121285
2021-06-28 11:15:00+05:30,155.7,156.25,155.3,155.55,97597
2021-06-28 12:15:00+05:30,155.55,156.5,155.55,156.0,77792
2021-06-28 13:15:00+05:30,156.1,156.35,155.5,155.55,61456
2021-06-28 14:15:00+05:30,155.5,158.6,155.5,157.3,909966
2021-06-28 15:15:00+05:30,157.3,158.35,157.1,157.75,243873
2021-06-29 09:15:00+05:30,158.4,159.75,157.3,158.15,631713
2021-06-29 10:15:00+05:30,158.15,158.5,157.35,158.5,166425
2021-06-29 11:15:00+05:30,158.5,158.8,157.6,158.15,103179
2021-06-29 12:15:00+05:30,158.1,159.3,157.8,158.85,153836
2021-06-29 13:15:00+05:30,158.85,159.7,157.7,158.4,252972
2021-06-29 14:15:00+05:30,158.4,158.4,155.35,157.7,476395
2021-06-29 15:15:00+05:30,157.7,158.45,157.25,157.7,141314
2021-06-30 09:15:00+05:30,157.65,158.4,156.2,157.4,321271
2021-06-30 10:15:00+05:30,157.4,158.0,157.35,157.95,112096
2021-06-30 11:15:00+05:30,157.95,158.85,157.6,157.95,114458
2021-06-30 12:15:00+05:30,157.95,158.3,157.5,158.1,107676
2021-06-30 13:15:00+05:30,158.1,158.35,155.35,156.2,300879
2021-06-30 14:15:00+05:30,156.2,156.6,154.8,155.05,281833
2021-06-30 15:15:00+05:30,155.05,155.9,154.9,155.3,121518
2021-07-01 09:15:00+05:30,155.5,157.45,155.25,156.15,351516
2021-07-01 10:15:00+05:30,156.15,156.75,155.65,156.55,189698
2021-07-01 11:15:00+05:30,156.55,158.4,156.0,157.5,387264
2021-07-01 12:15:00+05:30,157.35,157.7,156.6,157.65,139776
2021-07-01 13:15:00+05:30,157.65,157.65,156.1,156.65,108194
2021-07-01 14:15:00+05:30,156.8,156.9,155.0,155.9,513104
2021-07-01 15:15:00+05:30,155.9,156.0,155.1,155.3,136364
2021-07-02 09:15:00+05:30,156.65,156.65,154.25,156.5,439314
2021-07-02 10:15:00+05:30,156.5,157.0,156.05,156.45,145270
2021-07-02 11:15:00+05:30,156.45,157.45,156.45,157.1,120773
2021-07-02 12:15:00+05:30,157.1,157.4,156.75,157.05,87704
2021-07-02 13:15:00+05:30,157.05,157.1,155.65,155.7,164713
2021-07-02 14:15:00+05:30,155.7,156.75,155.2,155.7,372546
2021-07-02 15:15:00+05:30,155.7,156.9,155.6,156.75,141855
2021-07-05 09:15:00+05:30,157.15,158.7,156.0,157.7,399894
2021-07-05 10:15:00+05:30,157.7,159.15,157.45,157.6,419613
2021-07-05 11:15:00+05:30,157.6,158.25,157.35,157.45,139913
2021-07-05 12:15:00+05:30,157.45,157.75,156.35,156.35,205755
2021-07-05 13:15:00+05:30,156.35,156.7,155.6,156.0,190394
2021-07-05 14:15:00+05:30,156.0,156.6,155.65,156.05,310864
2021-07-05 15:15:00+05:30,156.15,156.95,155.75,156.25,142890
2021-07-06 09:15:00+05:30,157.0,160.5,157.0,158.35,1753352
2021-07-06 10:15:00+05:30,158.35,159.2,158.2,158.8,247405
2021-07-06 11:15:00+05:30,158.8,159.0,157.7,157.9,308248
2021-07-06 12:15:00+05:30,157.9,158.95,157.5,158.2,354524
2021-07-06 13:15:00+05:30,158.25,160.0,149.0,149.8,3141359
2021-07-06 14:15:00+05:30,149.75,149.95,141.3,147.85,8056659
2021-07-06 15:15:00+05:30,147.95,148.4,147.5,148.05,984978
2021-07-07 09:15:00+05:30,146.15,146.15,141.6,143.8,3407995
2021-07-07 10:15:00+05:30,143.85,144.25,143.25,143.9,1181013
2021-07-07 11:15:00+05:30,144.0,146.7,143.3,145.35,1685448
2021-07-07 12:15:00+05:30,145.45,146.25,145.0,146.0,948586
2021-07-07 13:15:00+05:30,146.05,146.5,144.8,145.95,842314
2021-07-07 14:15:00+05:30,145.95,146.5,142.75,145.5,1444288
2021-07-07 15:15:00+05:30,145.5,146.35,145.5,146.1,586460
2021-07-08 09:15:00+05:30,146.0,146.25,144.2,145.0,661711
2021-07-08 10:15:00+05:30,145.0,145.15,143.2,143.3,363505
2021-07-08 11:15:00+05:30,143.3,143.5,142.35,143.1,671504
2021-07-08 12:15:00+05:30,143.0,143.7,142.5,142.85,290745
2021-07-08 13:15:00+05:30,142.85,143.5,141.7,141.8,979798
2021-07-08 14:15:00+05:30,141.8,142.15,140.5,140.65,1146821
2021-07-08 15:15:00+05:30,140.65,141.1,140.55,140.95,374239
2021-07-09 09:15:00+05:30,140.15,143.35,140.0,142.15,900790
2021-07-09 10:15:00+05:30,142.15,142.6,141.6,142.3,433917
2021-07-09 11:15:00+05:30,142.4,142.4,141.5,141.65,268678
2021-07-09 12:15:00+05:30,141.65,142.4,141.45,141.45,227237
2021-07-09 13:15:00+05:30,141.45,142.15,141.4,141.95,231460
2021-07-09 14:15:00+05:30,141.95,142.95,141.45,141.9,476633
2021-07-09 15:15:00+05:30,141.85,143.2,141.85,143.2,259240
2021-07-12 09:15:00+05:30,143.7,144.75,142.7,143.35,316894
2021-07-12 10:15:00+05:30,143.25,143.75,142.35,142.9,228574
2021-07-12 11:15:00+05:30,142.9,143.5,142.75,143.0,91725
2021-07-12 12:15:00+05:30,143.0,143.15,142.0,142.2,145385
2021-07-12 13:15:00+05:30,142.05,142.8,141.3,141.4,159135
2021-07-12 14:15:00+05:30,141.4,141.7,141.05,141.45,164392
2021-07-12 15:15:00+05:30,141.45,141.55,141.1,141.55,82127
2021-07-13 09:15:00+05:30,142.5,144.25,142.5,144.0,447098
2021-07-13 10:15:00+05:30,144.1,144.1,143.2,143.3,142775
2021-07-13 11:15:00+05:30,143.3,143.8,143.15,143.7,92113
2021-07-13 12:15:00+05:30,143.7,144.1,143.3,143.65,107085
2021-07-13 13:15:00+05:30,143.65,143.8,143.3,143.3,50617
2021-07-13 14:15:00+05:30,143.3,145.35,142.85,145.3,575588
2021-07-13 15:15:00+05:30,145.2,145.55,145.0,145.35,191538
2021-07-14 09:15:00+05:30,145.65,146.5,144.7,145.0,299635
2021-07-14 10:15:00+05:30,145.0,146.0,145.0,145.8,74707
2021-07-14 11:15:00+05:30,145.8,146.2,143.75,144.75,209897
2021-07-14 12:15:00+05:30,144.75,145.5,144.65,144.9,67724
2021-07-14 13:15:00+05:30,144.95,145.25,144.5,145.15,77715
2021-07-14 14:15:00+05:30,144.95,145.2,144.55,144.7,98408
2021-07-14 15:15:00+05:30,144.85,144.85,144.3,144.75,76610
2021-07-15 09:15:00+05:30,145.05,145.35,143.9,144.7,141805
2021-07-15 10:15:00+05:30,144.7,144.75,143.7,144.2,101964
2021-07-15 11:15:00+05:30,144.2,144.45,143.85,144.05,51116
2021-07-15 12:15:00+05:30,144.05,144.1,143.55,143.7,49661
2021-07-15 13:15:00+05:30,143.7,146.0,143.65,144.9,326599
2021-07-15 14:15:00+05:30,144.9,146.0,144.5,144.75,219847
2021-07-15 15:15:00+05:30,144.75,144.85,144.1,144.65,100826
2021-07-16 09:15:00+05:30,144.85,147.7,144.85,146.0,629360
2021-07-16 10:15:00+05:30,146.1,146.3,145.4,145.55,132281
2021-07-16 11:15:00+05:30,145.55,145.7,144.55,145.0,131091
2021-07-16 12:15:00+05:30,144.9,145.6,144.8,145.45,70849
2021-07-16 13:15:00+05:30,145.45,145.5,144.8,144.95,61454
2021-07-16 14:15:00+05:30,144.95,145.3,144.5,144.85,132976
2021-07-16 15:15:00+05:30,144.75,144.9,144.3,144.4,104221
2021-07-19 09:15:00+05:30,143.9,144.45,143.0,144.2,305397
2021-07-19 10:15:00+05:30,144.2,144.45,143.7,143.75,83674
2021-07-19 11:15:00+05:30,143.75,144.1,143.05,143.1,239458
2021-07-19 12:15:00+05:30,143.1,143.6,141.05,141.7,425769
2021-07-19 13:15:00+05:30,141.7,142.0,140.6,141.5,263163
2021-07-19 14:15:00+05:30,141.5,142.0,140.8,141.95,236116
2021-07-19 15:15:00+05:30,141.95,141.95,141.5,141.8,109528
2021-07-20 09:15:00+05:30,140.0,141.25,139.25,140.0,463050
2021-07-20 10:15:00+05:30,140.0,140.2,137.45,137.45,323005
2021-07-20 11:15:00+05:30,137.55,138.8,137.25,138.5,245298
2021-07-20 12:15:00+05:30,138.35,139.9,138.3,139.3,103553
2021-07-20 13:15:00+05:30,139.35,139.65,138.8,139.6,82622
2021-07-20 14:15:00+05:30,139.6,139.6,138.15,138.45,172177
2021-07-20 15:15:00+05:30,138.3,138.7,138.1,138.55,95881
2021-07-22 09:15:00+05:30,139.65,140.9,138.8,139.45,549493
2021-07-22 10:15:00+05:30,139.4,139.6,138.4,138.85,255549
2021-07-22 11:15:00+05:30,138.85,139.0,137.8,138.1,334174
2021-07-22 12:15:00+05:30,138.0,138.15,137.8,138.0,209489
2021-07-22 13:15:00+05:30,138.0,138.1,136.6,136.9,351118
2021-07-22 14:15:00+05:30,136.9,136.9,135.25,136.0,532405
2021-07-22 15:15:00+05:30,136.0,136.0,135.45,135.75,237774
2021-07-23 09:15:00+05:30,134.0,135.45,131.85,132.9,705107
2021-07-23 10:15:00+05:30,132.9,134.25,132.55,134.0,368477
2021-07-23 11:15:00+05:30,134.0,134.45,133.8,133.9,161692
2021-07-23 12:15:00+05:30,133.9,134.15,133.35,133.7,149643
2021-07-23 13:15:00+05:30,133.7,134.15,133.6,134.1,151542
2021-07-23 14:15:00+05:30,134.1,134.35,132.85,133.65,651087
2021-07-23 15:15:00+05:30,133.65,133.95,133.5,133.7,109049
2021-07-26 09:15:00+05:30,133.05,133.45,132.1,133.35,277902
2021-07-26 10:15:00+05:30,133.25,133.5,132.6,133.0,220109
2021-07-26 11:15:00+05:30,133.0,133.25,132.45,132.6,208613
2021-07-26 12:15:00+05:30,132.6,132.9,132.3,132.6,115621
2021-07-26 13:15:00+05:30,132.6,135.3,132.5,134.1,368440
2021-07-26 14:15:00+05:30,134.1,134.4,132.6,133.15,225941
2021-07-26 15:15:00+05:30,133.15,134.9,133.1,134.15,163740
2021-07-27 09:15:00+05:30,133.65,135.35,132.75,134.95,417365
2021-07-27 10:15:00+05:30,134.95,137.0,134.8,135.25,447233
2021-07-27 11:15:00+05:30,135.2,135.4,134.4,135.0,107313
2021-07-27 12:15:00+05:30,135.0,135.1,132.3,132.9,469385
2021-07-27 13:15:00+05:30,132.9,133.8,132.85,133.65,109078
2021-07-27 14:15:00+05:30,133.65,136.7,133.5,136.25,373052
2021-07-27 15:15:00+05:30,136.2,136.25,134.3,134.55,124288
2021-07-28 09:15:00+05:30,134.75,135.35,133.2,133.5,472428
2021-07-28 10:15:00+05:30,133.5,133.5,131.55,132.85,372761
2021-07-28 11:15:00+05:30,132.85,134.0,132.0,134.0,210922
2021-07-28 12:15:00+05:30,134.0,134.0,133.8,133.95,43089
2021-07-28 13:15:00+05:30,133.95,135.2,133.85,134.7,182687
2021-07-28 14:15:00+05:30,134.7,134.8,133.8,134.0,532428
2021-07-28 15:15:00+05:30,134.0,134.15,133.5,134.0,79913
2021-07-29 09:15:00+05:30,135.0,137.6,134.55,136.9,432529
2021-07-29 10:15:00+05:30,136.9,137.95,136.4,137.45,202399
2021-07-29 11:15:00+05:30,137.45,137.8,137.0,137.05,85348
2021-07-29 12:15:00+05:30,137.05,137.2,135.7,136.5,172949
2021-07-29 13:15:00+05:30,136.5,137.5,136.25,136.7,148088
2021-07-29 14:15:00+05:30,136.7,137.9,135.75,137.5,276376
2021-07-29 15:15:00+05:30,137.45,139.0,137.4,138.5,221726
2021-07-30 09:15:00+05:30,139.1,140.95,138.55,140.95,612495
2021-07-30 10:15:00+05:30,141.0,141.0,139.55,140.05,235549
2021-07-30 11:15:00+05:30,140.05,140.5,139.6,139.8,70518
2021-07-30 12:15:00+05:30,139.8,139.8,139.0,139.5,60821
2021-07-30 13:15:00+05:30,139.5,140.05,139.45,139.9,69289
2021-07-30 14:15:00+05:30,139.9,140.5,139.4,139.5,200553
2021-07-30 15:15:00+05:30,139.5,140.5,139.1,139.9,138714
2021-08-02 09:15:00+05:30,142.0,142.5,139.8,141.0,402400
2021-08-02 10:15:00+05:30,141.05,141.3,140.75,141.2,187308
2021-08-02 11:15:00+05:30,141.2,141.25,140.8,141.05,134513
2021-08-02 12:15:00+05:30,141.05,141.4,140.8,141.1,85929
2021-08-02 13:15:00+05:30,141.1,141.15,140.75,141.05,453518
2021-08-02 14:15:00+05:30,141.05,141.35,140.7,141.15,296760
2021-08-02 15:15:00+05:30,141.05,141.2,141.0,141.05,85019
2021-08-03 09:15:00+05:30,141.75,142.8,141.65,142.25,508422
2021-08-03 10:15:00+05:30,142.25,142.8,141.7,142.1,245808
2021-08-03 11:15:00+05:30,142.1,142.65,142.0,142.3,175822
2021-08-03 12:15:00+05:30,142.4,143.4,142.25,142.8,396655
2021-08-03 13:15:00+05:30,142.8,145.7,142.5,144.15,1006853
2021-08-03 14:15:00+05:30,144.15,145.4,144.0,145.05,470778
2021-08-03 15:15:00+05:30,145.1,146.05,144.4,145.0,341525
2021-08-04 09:15:00+05:30,145.95,146.45,143.15,143.3,401535
2021-08-04 10:15:00+05:30,143.2,144.0,143.2,143.5,86557
2021-08-04 11:15:00+05:30,143.65,143.65,141.0,141.5,250242
2021-08-04 12:15:00+05:30,141.5,141.5,140.0,140.5,251006
2021-08-04 13:15:00+05:30,140.5,142.2,140.5,141.5,156671
2021-08-04 14:15:00+05:30,141.5,142.55,141.5,142.15,199431
2021-08-04 15:15:00+05:30,142.1,142.5,140.35,141.4,240159
2021-08-05 09:15:00+05:30,140.9,140.9,138.75,139.2,344749
2021-08-05 10:15:00+05:30,139.2,140.5,138.9,140.2,160214
2021-08-05 11:15:00+05:30,140.2,140.75,140.0,140.65,87300
2021-08-05 12:15:00+05:30,140.65,141.45,140.05,140.85,281351
2021-08-05 13:15:00+05:30,140.85,141.25,139.6,139.9,135634
2021-08-05 14:15:00+05:30,139.9,141.1,139.7,139.95,190686
2021-08-05 15:15:00+05:30,139.95,141.0,139.7,140.0,131734
2021-08-06 09:15:00+05:30,140.8,142.2,140.35,141.75,457172
2021-08-06 10:15:00+05:30,141.75,142.25,140.45,140.7,191237
2021-08-06 11:15:00+05:30,140.7,141.2,140.1,140.75,109947
2021-08-06 12:15:00+05:30,140.75,140.9,140.1,140.3,31325
2021-08-06 13:15:00+05:30,140.4,140.85,140.1,140.65,55747
2021-08-06 14:15:00+05:30,140.65,143.0,139.85,142.3,333198
2021-08-06 15:15:00+05:30,142.3,142.35,141.55,141.55,61224
2021-08-09 09:15:00+05:30,142.1,146.1,142.1,145.8,1100235
2021-08-09 10:15:00+05:30,145.8,145.85,143.8,144.0,252499
2021-08-09 11:15:00+05:30,144.0,144.0,142.0,142.15,136267
2021-08-09 12:15:00+05:30,142.35,142.95,141.1,141.9,172179
2021-08-09 13:15:00+05:30,141.9,142.05,140.4,141.65,98857
2021-08-09 14:15:00+05:30,141.6,142.5,140.65,140.8,144339
2021-08-09 15:15:00+05:30,140.8,141.5,140.7,141.0,71624
2021-08-10 09:15:00+05:30,141.0,142.05,140.1,140.3,263576
2021-08-10 10:15:00+05:30,140.3,140.8,139.3,140.0,133488
2021-08-10 11:15:00+05:30,140.0,140.95,139.35,139.35,242279
2021-08-10 12:15:00+05:30,139.4,139.85,138.25,138.9,185987
2021-08-10 13:15:00+05:30,138.9,139.0,134.25,134.5,327200
2021-08-10 14:15:00+05:30,134.5,137.35,133.8,137.35,268290
2021-08-10 15:15:00+05:30,137.3,137.4,136.1,136.95,81686
2021-08-11 09:15:00+05:30,137.8,138.9,134.0,134.7,248648
2021-08-11 10:15:00+05:30,134.7,135.0,134.0,134.5,114592
2021-08-11 11:15:00+05:30,134.5,134.5,133.15,133.4,208696
2021-08-11 12:15:00+05:30,133.4,135.1,133.25,135.05,130120
2021-08-11 13:15:00+05:30,135.05,136.4,135.0,135.65,133203
2021-08-11 14:15:00+05:30,135.65,136.6,135.25,136.4,126755
2021-08-11 15:15:00+05:30,136.4,136.6,135.7,136.1,70351
2021-08-12 09:15:00+05:30,137.0,140.85,137.0,140.55,386475
2021-08-12 10:15:00+05:30,140.7,141.9,139.65,141.7,541771
2021-08-12 11:15:00+05:30,141.7,143.0,141.5,142.7,377546
2021-08-12 12:15:00+05:30,142.55,143.4,141.8,142.35,248964
2021-08-12 13:15:00+05:30,142.35,142.65,141.2,142.15,164338
2021-08-12 14:15:00+05:30,142.0,144.3,141.95,143.5,480408
2021-08-12 15:15:00+05:30,143.45,144.45,143.1,143.5,277568
2021-08-13 09:15:00+05:30,144.75,145.5,143.65,145.2,555184
2021-08-13 10:15:00+05:30,145.2,145.5,144.7,145.2,270484
2021-08-13 11:15:00+05:30,145.2,146.65,145.0,145.25,543947
2021-08-13 12:15:00+05:30,145.25,145.7,143.55,144.3,307454
2021-08-13 13:15:00+05:30,144.3,145.0,144.1,144.8,184693
2021-08-13 14:15:00+05:30,144.8,144.95,141.75,142.0,526564
2021-08-13 15:15:00+05:30,142.0,142.0,141.7,141.95,190413
2021-08-16 09:15:00+05:30,141.85,142.9,139.6,141.25,545495
2021-08-16 10:15:00+05:30,141.25,141.25,140.2,140.95,208949
2021-08-16 11:15:00+05:30,140.95,141.2,140.05,140.2,177607
2021-08-16 12:15:00+05:30,140.2,140.95,140.0,140.6,223163
2021-08-16 13:15:00+05:30,140.6,140.6,139.95,140.0,223526
2021-08-16 14:15:00+05:30,140.1,140.8,139.95,140.5,291931
2021-08-16 15:15:00+05:30,140.5,140.5,139.95,140.3,100048
2021-08-17 09:15:00+05:30,140.2,141.15,139.3,140.4,281621
2021-08-17 10:15:00+05:30,140.4,141.45,139.9,141.2,189111
2021-08-17 11:15:00+05:30,141.2,141.45,138.75,139.5,200425
2021-08-17 12:15:00+05:30,139.5,139.8,137.75,139.0,248684
2021-08-17 13:15:00+05:30,138.95,139.9,138.9,139.85,134734
2021-08-17 14:15:00+05:30,139.85,139.95,137.0,137.9,655745
2021-08-17 15:15:00+05:30,137.95,138.2,137.05,137.25,167807
2021-08-18 09:15:00+05:30,137.75,138.35,136.15,136.75,396543
2021-08-18 10:15:00+05:30,136.65,137.5,136.3,136.9,449147
2021-08-18 11:15:00+05:30,136.85,137.0,135.75,136.15,440705
2021-08-18 12:15:00+05:30,136.0,136.7,135.4,136.4,475972
2021-08-18 13:15:00+05:30,136.25,136.55,135.15,135.6,405495
2021-08-18 14:15:00+05:30,135.55,136.4,135.25,136.0,448210
2021-08-18 15:15:00+05:30,136.0,136.55,135.5,136.0,178611
2021-08-20 09:15:00+05:30,134.15,136.5,133.5,134.35,530598
2021-08-20 10:15:00+05:30,134.35,134.5,132.9,133.15,399102
2021-08-20 11:15:00+05:30,133.2,134.0,133.1,133.7,282122
2021-08-20 12:15:00+05:30,133.7,134.0,133.2,133.35,183123
2021-08-20 13:15:00+05:30,133.35,134.0,133.0,133.6,250951
2021-08-20 14:15:00+05:30,133.6,133.75,132.65,132.95,404312
2021-08-20 15:15:00+05:30,132.95,133.0,132.35,132.35,177742
2021-08-23 09:15:00+05:30,136.0,136.0,134.05,134.45,447014
2021-08-23 10:15:00+05:30,134.5,134.5,129.8,130.95,525480
2021-08-23 11:15:00+05:30,130.75,131.65,129.85,131.25,292658
2021-08-23 12:15:00+05:30,131.25,133.5,130.8,133.25,355274
2021-08-23 13:15:00+05:30,133.3,134.1,132.2,132.3,313438
2021-08-23 14:15:00+05:30,132.2,132.5,130.55,130.8,338611
2021-08-23 15:15:00+05:30,130.7,131.0,130.5,131.0,103226
2021-08-24 09:15:00+05:30,131.25,133.3,131.0,131.6,265871
2021-08-24 10:15:00+05:30,131.65,132.8,129.15,129.2,236678
2021-08-24 11:15:00+05:30,129.2,131.5,129.15,131.15,233613
2021-08-24 12:15:00+05:30,131.15,131.95,130.2,131.6,164526
2021-08-24 13:15:00+05:30,131.6,133.25,131.3,132.85,172774
2021-08-24 14:15:00+05:30,132.85,135.2,132.45,134.75,296645
2021-08-24 15:15:00+05:30,134.75,135.0,134.05,134.75,85051
2021-08-25 09:15:00+05:30,135.55,137.85,135.55,137.7,268843
2021-08-25 10:15:00+05:30,137.7,139.7,137.5,139.7,275253
2021-08-25 11:15:00+05:30,139.7,139.9,138.0,138.8,256393
2021-08-25 12:15:00+05:30,138.8,139.65,138.1,139.0,189115
2021-08-25 13:15:00+05:30,139.0,140.05,138.65,138.8,257599
2021-08-25 14:15:00+05:30,138.8,139.15,138.1,138.45,269264
2021-08-25 15:15:00+05:30,138.6,138.75,138.3,138.6,91261
2021-08-26 09:15:00+05:30,138.6,140.35,137.85,139.9,449585
2021-08-26 10:15:00+05:30,140.0,140.0,139.0,139.45,201067
2021-08-26 11:15:00+05:30,139.35,140.0,139.35,139.85,155301
2021-08-26 12:15:00+05:30,140.0,140.0,137.4,139.3,236326
2021-08-26 13:15:00+05:30,139.3,139.95,139.0,139.8,137858
2021-08-26 14:15:00+05:30,139.6,139.85,138.05,139.55,219694
2021-08-26 15:15:00+05:30,139.7,139.8,138.0,138.35,104215
2021-08-27 09:15:00+05:30,139.35,139.35,136.25,137.4,350603
2021-08-27 10:15:00+05:30,137.4,137.6,136.5,137.25,153658
2021-08-27 11:15:00+05:30,137.25,137.65,136.8,137.55,114536
2021-08-27 12:15:00+05:30,137.55,137.75,136.9,137.55,104074
2021-08-27 13:15:00+05:30,137.55,138.0,136.5,137.25,142312
2021-08-27 14:15:00+05:30,137.15,137.25,136.5,136.75,177827
2021-08-27 15:15:00+05:30,136.75,136.85,136.05,136.25,105603
2021-08-30 09:15:00+05:30,138.0,141.25,138.0,139.35,473775
2021-08-30 10:15:00+05:30,139.35,139.35,138.55,138.75,88685
2021-08-30 11:15:00+05:30,138.75,139.5,138.75,139.3,66646
2021-08-30 12:15:00+05:30,139.3,139.5,138.8,139.0,33857
2021-08-30 13:15:00+05:30,139.0,139.45,138.85,139.2,33250
2021-08-30 14:15:00+05:30,139.2,140.0,138.5,139.95,199272
2021-08-30 15:15:00+05:30,139.9,140.2,139.1,139.5,112175
2021-08-31 09:15:00+05:30,139.9,140.5,138.8,139.0,671289
2021-08-31 10:15:00+05:30,139.0,140.1,138.5,139.6,309079
2021-08-31 11:15:00+05:30,139.6,139.7,136.85,137.3,409488
2021-08-31 12:15:00+05:30,137.25,137.75,136.7,137.4,627266
2021-08-31 13:15:00+05:30,137.4,137.45,135.8,136.0,215636
2021-08-31 14:15:00+05:30,136.0,137.85,135.5,136.95,485820
2021-08-31 15:15:00+05:30,136.75,136.9,136.05,136.5,172835
2021-09-01 09:15:00+05:30,136.55,137.45,136.25,136.55,355594
2021-09-01 10:15:00+05:30,136.55,138.7,135.5,137.05,602663
2021-09-01 11:15:00+05:30,137.05,137.7,136.75,137.25,154319
2021-09-01 12:15:00+05:30,137.25,137.8,136.8,137.45,159607
2021-09-01 13:15:00+05:30,137.45,140.7,137.0,140.2,882895
2021-09-01 14:15:00+05:30,140.05,141.2,138.9,139.05,971648
2021-09-01 15:15:00+05:30,139.05,139.45,138.9,138.9,146475
2021-09-02 09:15:00+05:30,140.15,140.25,139.15,140.0,415867
2021-09-02 10:15:00+05:30,140.1,140.8,139.3,140.35,279619
2021-09-02 11:15:00+05:30,140.45,142.1,140.25,140.8,511534
2021-09-02 12:15:00+05:30,140.95,141.7,140.75,141.25,176690
2021-09-02 13:15:00+05:30,141.4,141.45,140.05,140.55,201297
2021-09-02 14:15:00+05:30,140.65,141.15,140.1,140.15,314985
2021-09-02 15:15:00+05:30,140.15,140.7,140.1,140.5,115017
2021-09-03 09:15:00+05:30,141.15,142.2,140.1,141.8,534781
2021-09-03 10:15:00+05:30,141.8,141.8,140.35,140.65,338540
2021-09-03 11:15:00+05:30,140.85,141.8,140.4,141.7,249312
2021-09-03 12:15:00+05:30,141.75,141.75,141.15,141.45,178277
2021-09-03 13:15:00+05:30,141.4,141.55,140.1,140.75,217657
2021-09-03 14:15:00+05:30,140.8,141.0,139.65,140.3,282860
2021-09-03 15:15:00+05:30,140.35,140.4,139.8,140.05,102911
2021-09-06 09:15:00+05:30,141.0,141.65,139.3,140.0,452133
2021-09-06 10:15:00+05:30,140.15,141.2,139.8,141.0,459266
2021-09-06 11:15:00+05:30,141.1,142.15,140.35,141.2,542261
2021-09-06 12:15:00+05:30,141.25,141.5,140.95,141.05,271830
2021-09-06 13:15:00+05:30,141.0,141.15,138.35,138.9,655302
2021-09-06 14:15:00+05:30,138.9,140.0,138.75,139.75,268877
2021-09-06 15:15:00+05:30,139.7,139.8,139.2,139.4,94077
2021-09-07 09:15:00+05:30,140.0,140.2,138.3,138.8,550441
2021-09-07 10:15:00+05:30,138.8,140.3,138.1,139.35,382864
2021-09-07 11:15:00+05:30,139.5,140.0,139.05,139.85,180736
2021-09-07 12:15:00+05:30,139.8,140.25,139.3,139.75,194164
2021-09-07 13:15:00+05:30,139.9,140.0,139.1,139.65,211611
2021-09-07 14:15:00+05:30,139.85,139.85,138.35,138.8,336804
2021-09-07 15:15:00+05:30,138.95,138.95,138.45,138.75,82933
2021-09-08 09:15:00+05:30,138.6,139.7,137.9,139.6,571517
2021-09-08 10:15:00+05:30,139.6,139.85,139.2,139.35,227550
2021-09-08 11:15:00+05:30,139.35,139.75,137.7,138.65,487217
2021-09-08 12:15:00+05:30,138.65,138.9,138.05,138.5,202457
2021-09-08 13:15:00+05:30,138.5,138.75,137.5,138.7,192974
2021-09-08 14:15:00+05:30,138.7,138.7,138.25,138.7,166892
2021-09-08 15:15:00+05:30,138.7,138.75,137.9,138.0,80587
2021-09-09 09:15:00+05:30,137.5,144.1,137.5,140.9,1687464
2021-09-09 10:15:00+05:30,140.9,141.9,140.65,141.65,614558
2021-09-09 11:15:00+05:30,141.6,141.85,140.4,141.5,286569
2021-09-09 12:15:00+05:30,141.55,141.75,140.65,141.0,390543
2021-09-09 13:15:00+05:30,141.0,142.05,141.0,141.55,303875
2021-09-09 14:15:00+05:30,141.55,141.8,140.65,140.9,379024
2021-09-09 15:15:00+05:30,140.9,141.2,140.6,140.8,152643
2021-09-13 09:15:00+05:30,141.4,141.4,139.4,140.15,616223
2021-09-13 10:15:00+05:30,140.15,140.9,140.0,140.9,201656
2021-09-13 11:15:00+05:30,140.9,141.0,140.2,140.4,1032218
2021-09-13 12:15:00+05:30,140.5,141.0,140.3,140.9,167024
2021-09-13 13:15:00+05:30,140.95,141.45,140.4,140.5,185259
2021-09-13 14:15:00+05:30,140.5,141.25,140.2,141.1,331505
2021-09-13 15:15:00+05:30,141.0,141.2,140.75,141.1,148626
2021-09-14 09:15:00+05:30,141.5,143.75,141.5,143.3,787262
2021-09-14 10:15:00+05:30,143.2,143.85,143.0,143.6,472223
2021-09-14 11:15:00+05:30,143.6,144.1,143.25,143.7,393562
2021-09-14 12:15:00+05:30,143.7,143.85,142.9,143.4,411889
2021-09-14 13:15:00+05:30,143.4,143.95,142.05,142.75,489622
2021-09-14 14:15:00+05:30,142.75,143.65,142.35,143.2,490728
2021-09-14 15:15:00+05:30,143.3,143.45,142.95,143.4,161216
2021-09-15 09:15:00+05:30,143.9,146.35,143.6,146.1,910571
2021-09-15 10:15:00+05:30,146.1,146.9,145.0,145.45,645459
2021-09-15 11:15:00+05:30,145.45,146.7,145.35,146.55,406394
2021-09-15 12:15:00+05:30,146.55,147.0,146.3,146.5,298850
2021-09-15 13:15:00+05:30,146.65,150.8,146.3,150.1,1442492
2021-09-15 14:15:00+05:30,150.0,164.6,149.95,159.7,15475349
2021-09-15 15:15:00+05:30,159.65,161.35,158.4,159.4,1926551
2021-09-16 09:15:00+05:30,161.5,162.35,155.75,156.85,2643505
2021-09-16 10:15:00+05:30,156.95,157.0,156.2,156.8,574806
2021-09-16 11:15:00+05:30,156.8,158.0,156.05,156.55,586205
2021-09-16 12:15:00+05:30,156.65,161.55,154.35,161.3,2188625
2021-09-16 13:15:00+05:30,161.2,161.8,158.35,159.15,1845736
2021-09-16 14:15:00+05:30,159.15,159.8,156.65,157.2,600380
2021-09-16 15:15:00+05:30,157.2,157.75,156.25,156.9,311240
2021-09-17 09:15:00+05:30,157.0,158.35,154.55,157.6,1033608
2021-09-17 10:15:00+05:30,157.6,158.55,156.05,156.1,793681
2021-09-17 11:15:00+05:30,156.15,156.45,151.0,151.95,1077637
2021-09-17 12:15:00+05:30,151.95,152.75,150.5,151.95,699372
2021-09-17 13:15:00+05:30,151.95,152.1,149.55,150.85,702861
2021-09-17 14:15:00+05:30,150.85,150.95,146.2,146.7,2201620
2021-09-17 15:15:00+05:30,146.75,146.85,145.4,146.5,1359428
2021-09-20 09:15:00+05:30,145.0,145.4,142.35,144.8,1487538
2021-09-20 10:15:00+05:30,144.85,149.7,144.65,149.15,1040326
2021-09-20 11:15:00+05:30,149.15,149.15,144.85,144.9,577474
2021-09-20 12:15:00+05:30,144.95,147.4,144.8,147.1,584140
2021-09-20 13:15:00+05:30,147.1,147.4,146.5,146.95,945860
2021-09-20 14:15:00+05:30,146.95,148.55,146.4,147.0,1124010
2021-09-20 15:15:00+05:30,147.0,147.2,146.4,146.7,561573
2021-09-21 09:15:00+05:30,146.75,148.8,144.05,144.25,812243
2021-09-21 10:15:00+05:30,144.25,147.35,143.7,147.0,526424
2021-09-21 11:15:00+05:30,147.0,149.2,146.7,147.8,552633
2021-09-21 12:15:00+05:30,147.8,150.9,147.7,149.0,613800
2021-09-21 13:15:00+05:30,149.0,150.25,147.1,148.7,434173
2021-09-21 14:15:00+05:30,148.7,150.4,148.4,149.45,443066
2021-09-21 15:15:00+05:30,149.55,149.9,149.0,149.8,235197
2021-09-22 09:15:00+05:30,150.0,154.8,149.0,152.85,1480289
2021-09-22 10:15:00+05:30,152.85,153.65,152.0,152.55,458701
2021-09-22 11:15:00+05:30,152.7,152.75,151.55,151.85,363089
2021-09-22 12:15:00+05:30,152.2,153.5,151.8,153.4,290902
2021-09-22 13:15:00+05:30,153.4,154.65,152.55,154.0,550952
2021-09-22 14:15:00+05:30,154.0,156.2,152.15,152.9,1534804
2021-09-22 15:15:00+05:30,152.45,154.7,152.0,153.7,401189
2021-09-23 09:15:00+05:30,154.5,158.9,154.5,157.75,1632704
2021-09-23 10:15:00+05:30,157.75,157.95,156.55,157.15,370662
2021-09-23 11:15:00+05:30,157.15,157.4,157.0,157.05,182074
2021-09-23 12:15:00+05:30,157.05,163.25,156.25,163.2,2225746
2021-09-23 13:15:00+05:30,163.1,163.8,160.2,162.2,2214493
2021-09-23 14:15:00+05:30,162.25,171.85,162.2,164.5,8228350
2021-09-23 15:15:00+05:30,164.45,167.7,163.6,165.1,1433857
2021-09-24 09:15:00+05:30,167.25,171.6,163.15,163.85,2850996
2021-09-24 10:15:00+05:30,163.8,165.25,163.7,163.95,547283
2021-09-24 11:15:00+05:30,164.0,165.7,163.7,165.15,647701
2021-09-24 12:15:00+05:30,165.25,166.55,163.7,164.0,826251
2021-09-24 13:15:00+05:30,164.0,164.55,162.7,163.1,962392
2021-09-24 14:15:00+05:30,163.25,164.0,160.25,160.95,811308
2021-09-24 15:15:00+05:30,161.0,161.95,160.3,161.85,340804
2021-09-27 09:15:00+05:30,162.05,167.9,162.05,167.2,1871074
2021-09-27 10:15:00+05:30,167.2,172.7,166.95,169.35,4383185
2021-09-27 11:15:00+05:30,169.5,173.0,168.35,171.95,1918625
2021-09-27 12:15:00+05:30,171.95,173.95,171.4,173.15,1870382
2021-09-27 13:15:00+05:30,173.25,174.35,171.15,172.55,1497232
2021-09-27 14:15:00+05:30,172.45,172.9,169.25,172.15,2174044
2021-09-27 15:15:00+05:30,172.35,173.0,171.25,171.75,730478
2021-09-28 09:15:00+05:30,172.75,174.05,170.75,173.95,1803788
2021-09-28 10:15:00+05:30,174.0,175.4,172.5,173.45,1616410
2021-09-28 11:15:00+05:30,173.45,175.0,172.9,173.9,1052005
2021-09-28 12:15:00+05:30,173.75,173.95,169.1,169.6,1334502
2021-09-28 13:15:00+05:30,169.5,172.15,169.45,169.55,904016
2021-09-28 14:15:00+05:30,169.55,172.25,167.6,171.95,1354964
2021-09-28 15:15:00+05:30,171.8,172.4,171.5,172.0,322166
2021-09-29 09:15:00+05:30,170.55,173.0,169.35,172.5,1364642
2021-09-29 10:15:00+05:30,172.5,177.9,172.5,176.5,1382550
2021-09-29 11:15:00+05:30,176.35,178.4,174.15,175.25,1139832
2021-09-29 12:15:00+05:30,175.25,175.45,173.2,175.15,318506
2021-09-29 13:15:00+05:30,175.15,177.4,175.15,176.05,491937
2021-09-29 14:15:00+05:30,176.05,183.25,175.8,179.6,3568180
2021-09-29 15:15:00+05:30,179.6,182.4,179.3,180.9,553812
2021-09-30 09:15:00+05:30,181.0,194.5,180.1,189.0,7001440
2021-09-30 10:15:00+05:30,189.3,191.7,187.6,189.05,1436192
2021-09-30 11:15:00+05:30,189.05,189.45,186.4,186.95,737292
2021-09-30 12:15:00+05:30,186.95,187.15,183.2,186.1,1220642
2021-09-30 13:15:00+05:30,186.2,189.35,184.35,186.8,1126641
2021-09-30 14:15:00+05:30,186.8,190.0,186.5,189.8,1527682
2021-09-30 15:15:00+05:30,189.75,190.0,188.1,189.5,784453
2021-10-01 09:15:00+05:30,189.3,191.1,183.1,186.1,2747456
2021-10-01 10:15:00+05:30,186.25,187.4,185.25,186.4,589229
2021-10-01 11:15:00+05:30,186.4,186.7,183.8,184.5,503799
2021-10-01 12:15:00+05:30,184.5,185.25,181.2,182.0,1028234
2021-10-01 13:15:00+05:30,182.0,189.4,181.7,189.4,2196461
2021-10-01 14:15:00+05:30,189.1,189.85,186.0,186.75,1430021
2021-10-01 15:15:00+05:30,186.75,186.95,185.55,185.9,531539
2021-10-04 09:15:00+05:30,187.5,193.7,187.45,190.2,2224303
2021-10-04 10:15:00+05:30,190.35,191.0,189.4,189.95,522030
2021-10-04 11:15:00+05:30,190.15,190.2,188.25,190.1,474972
2021-10-04 12:15:00+05:30,190.15,190.8,189.15,190.0,482733
2021-10-04 13:15:00+05:30,190.0,191.0,188.0,188.65,699459
2021-10-04 14:15:00+05:30,188.65,190.2,188.4,189.15,765348
2021-10-04 15:15:00+05:30,189.1,189.25,187.5,187.95,429693
2021-10-05 09:15:00+05:30,188.3,188.85,183.3,183.9,1628536
2021-10-05 10:15:00+05:30,183.8,187.9,183.8,186.6,1075128
2021-10-05 11:15:00+05:30,186.6,187.8,185.8,186.85,403078
2021-10-05 12:15:00+05:30,186.85,192.7,186.85,190.9,1994118
2021-10-05 13:15:00+05:30,190.9,191.1,189.25,189.4,740577
2021-10-05 14:15:00+05:30,189.5,189.9,188.5,188.75,711662
2021-10-05 15:15:00+05:30,188.7,188.85,187.45,187.55,646639
2021-10-06 09:15:00+05:30,188.6,189.65,181.8,183.25,2054687
2021-10-06 10:15:00+05:30,183.1,183.3,180.8,181.9,1587908
2021-10-06 11:15:00+05:30,181.9,182.7,181.45,182.3,463540
2021-10-06 12:15:00+05:30,182.25,182.75,181.0,181.6,491558
2021-10-06 13:15:00+05:30,181.6,181.6,178.25,180.75,1282232
2021-10-06 14:15:00+05:30,180.6,180.85,178.1,179.35,1025061
2021-10-06 15:15:00+05:30,179.2,179.4,178.1,178.4,356367
2021-10-07 09:15:00+05:30,182.0,195.7,181.45,192.55,8368649
2021-10-07 10:15:00+05:30,192.5,194.75,191.75,193.9,3241589
2021-10-07 11:15:00+05:30,193.9,194.3,191.6,192.7,1333553
2021-10-07 12:15:00+05:30,192.7,196.0,192.2,194.65,2788181
2021-10-07 13:15:00+05:30,194.65,196.7,193.5,194.85,3037368
2021-10-07 14:15:00+05:30,194.85,196.45,190.6,193.45,3823990
2021-10-07 15:15:00+05:30,193.35,193.95,193.05,193.6,1221743
2021-10-08 09:15:00+05:30,197.4,200.0,193.0,195.35,4802810
2021-10-08 10:15:00+05:30,195.35,195.6,191.5,192.0,959022
2021-10-08 11:15:00+05:30,191.85,193.6,191.65,192.1,774901
2021-10-08 12:15:00+05:30,192.1,193.0,190.9,192.15,1248506
2021-10-08 13:15:00+05:30,192.2,192.65,189.9,191.9,1038291
2021-10-08 14:15:00+05:30,192.0,192.1,190.55,191.3,818525
2021-10-08 15:15:00+05:30,191.3,191.5,190.4,191.25,558165
2021-10-11 09:15:00+05:30,193.0,203.8,191.8,202.7,6154098
2021-10-11 10:15:00+05:30,202.95,203.9,200.5,202.7,2183422
2021-10-11 11:15:00+05:30,202.75,205.3,201.8,201.8,2569113
2021-10-11 12:15:00+05:30,201.95,203.6,201.15,201.85,1163529
2021-10-11 13:15:00+05:30,201.75,201.95,198.65,199.7,1169110
2021-10-11 14:15:00+05:30,199.7,201.35,198.7,201.0,1185422
2021-10-11 15:15:00+05:30,200.9,201.35,198.85,199.95,898217
2021-10-12 09:15:00+05:30,202.0,205.0,200.4,201.9,3307625
2021-10-12 10:15:00+05:30,201.8,202.35,198.3,198.95,1160368
2021-10-12 11:15:00+05:30,198.95,200.0,196.8,199.1,738627
2021-10-12 12:15:00+05:30,199.25,199.45,198.0,199.0,399633
2021-10-12 13:15:00+05:30,199.0,201.4,197.65,199.7,642400
2021-10-12 14:15:00+05:30,199.7,200.95,197.6,198.1,962708
2021-10-12 15:15:00+05:30,198.15,198.35,197.1,198.2,473270
2021-10-13 09:15:00+05:30,233.5,237.45,229.8,237.45,7724351
2021-10-13 10:15:00+05:30,237.45,237.45,237.45,237.45,229178
2021-10-13 11:15:00+05:30,237.45,237.45,237.45,237.45,153567
2021-10-13 12:15:00+05:30,237.45,237.45,237.45,237.45,56169
2021-10-13 13:15:00+05:30,237.45,237.45,237.45,237.45,65634
2021-10-13 14:15:00+05:30,237.45,237.45,237.45,237.45,100924
2021-10-13 15:15:00+05:30,237.45,237.45,237.45,237.45,29118
2021-10-14 09:15:00+05:30,264.95,274.75,252.25,254.65,15565871
2021-10-14 10:15:00+05:30,254.65,255.0,240.45,248.1,6635125
2021-10-14 11:15:00+05:30,248.35,258.0,247.5,254.0,3755209
2021-10-14 12:15:00+05:30,253.9,254.95,249.1,251.25,1964731
2021-10-14 13:15:00+05:30,251.1,252.4,246.65,247.4,2037949
2021-10-14 14:15:00+05:30,247.65,248.85,244.55,248.15,2254625
2021-10-14 15:15:00+05:30,248.15,248.75,246.05,248.55,1074384
2021-10-18 09:15:00+05:30,253.7,268.85,253.7,266.7,4289161
2021-10-18 10:15:00+05:30,267.0,268.0,264.0,266.9,944200
2021-10-18 11:15:00+05:30,266.9,270.0,265.0,265.45,1199454
2021-10-18 12:15:00+05:30,265.45,266.0,264.0,265.5,664739
2021-10-18 13:15:00+05:30,265.55,265.6,260.75,264.45,1000153
2021-10-18 14:15:00+05:30,264.5,269.9,264.0,269.45,1913130
2021-10-18 15:15:00+05:30,269.55,274.15,268.15,273.0,1460288
2021-10-19 09:15:00+05:30,275.0,283.85,258.15,262.9,5125187
2021-10-19 10:15:00+05:30,262.9,265.0,259.75,262.75,1240049
2021-10-19 11:15:00+05:30,262.75,265.0,262.0,264.35,492465
2021-10-19 12:15:00+05:30,264.4,265.7,262.0,263.95,313498
2021-10-19 13:15:00+05:30,263.85,264.0,249.35,249.95,2642769
2021-10-19 14:15:00+05:30,250.0,250.0,242.8,242.8,3662301
2021-10-19 15:15:00+05:30,242.8,242.8,242.8,242.8,374306
2021-10-20 09:15:00+05:30,237.45,250.0,233.2,244.6,3177653
2021-10-20 10:15:00+05:30,244.75,247.0,241.1,242.5,583221
2021-10-20 11:15:00+05:30,242.6,244.7,238.75,241.8,500698
2021-10-20 12:15:00+05:30,241.8,242.65,237.4,240.5,698847
2021-10-20 13:15:00+05:30,240.5,241.45,230.25,231.1,1234449
2021-10-20 14:15:00+05:30,231.05,233.5,223.1,232.45,6198859
2021-10-20 15:15:00+05:30,232.35,236.8,232.25,236.0,1265345
2021-10-21 09:15:00+05:30,239.2,243.7,236.35,238.95,2230762
2021-10-21 10:15:00+05:30,238.95,239.5,234.4,235.0,514483
2021-10-21 11:15:00+05:30,235.0,245.0,233.1,242.8,2603219
2021-10-21 12:15:00+05:30,242.8,253.75,242.7,247.25,3812332
2021-10-21 13:15:00+05:30,246.85,247.35,244.0,245.85,786990
2021-10-21 14:15:00+05:30,245.85,255.55,243.8,255.55,2198161
2021-10-21 15:15:00+05:30,255.55,255.55,255.55,255.55,137129
2021-10-22 09:15:00+05:30,260.0,271.8,258.15,264.4,6169702
2021-10-22 10:15:00+05:30,264.45,266.95,257.8,259.95,1774715
2021-10-22 11:15:00+05:30,260.0,260.4,253.0,255.75,1462056
2021-10-22 12:15:00+05:30,255.75,256.0,250.0,252.45,1153769
2021-10-22 13:15:00+05:30,252.45,258.8,252.0,256.4,1061307
2021-10-22 14:15:00+05:30,256.4,257.5,249.05,251.85,1715501
2021-10-22 15:15:00+05:30,251.85,252.0,249.75,251.5,801547
2021-10-25 09:15:00+05:30,252.4,253.45,240.0,242.7,1576371
2021-10-25 10:15:00+05:30,242.7,248.6,242.15,247.9,607746
2021-10-25 11:15:00+05:30,247.95,250.05,246.7,247.6,424031
2021-10-25 12:15:00+05:30,247.55,249.0,245.15,246.25,278065
2021-10-25 13:15:00+05:30,246.05,247.5,244.1,244.35,211179
2021-10-25 14:15:00+05:30,244.4,245.15,241.05,242.6,639480
2021-10-25 15:15:00+05:30,242.6,244.0,241.6,243.95,387037
2021-10-26 09:15:00+05:30,245.8,258.85,245.6,257.5,2840065
2021-10-26 10:15:00+05:30,257.5,257.6,253.0,254.75,1071246
2021-10-26 11:15:00+05:30,254.75,256.95,253.15,254.9,692717
2021-10-26 12:15:00+05:30,254.9,255.4,252.1,253.0,610170
2021-10-26 13:15:00+05:30,253.0,256.4,252.1,256.05,511749
2021-10-26 14:15:00+05:30,255.75,267.05,255.2,267.05,5918920
2021-10-26 15:15:00+05:30,267.05,267.05,267.05,267.05,164165
2021-10-27 09:15:00+05:30,268.0,269.9,258.55,261.55,2785861
2021-10-27 10:15:00+05:30,261.75,264.6,259.25,263.85,829354
2021-10-27 11:15:00+05:30,263.85,263.9,261.05,261.25,362093
2021-10-27 12:15:00+05:30,261.25,263.9,260.85,263.4,278395
2021-10-27 13:15:00+05:30,263.4,269.25,263.3,267.45,1158436
2021-10-27 14:15:00+05:30,267.45,270.0,262.4,264.6,1886501
2021-10-27 15:15:00+05:30,264.75,264.75,261.0,262.3,523788
2021-10-28 09:15:00+05:30,262.0,262.0,252.5,255.8,1690800
2021-10-28 10:15:00+05:30,255.8,256.0,252.3,253.75,644556
2021-10-28 11:15:00+05:30,253.9,255.6,253.2,253.9,355764
2021-10-28 12:15:00+05:30,253.95,255.6,252.45,254.55,370261
2021-10-28 13:15:00+05:30,254.55,255.85,252.25,253.2,449647
2021-10-28 14:15:00+05:30,253.15,253.5,250.85,251.55,1003279
2021-10-28 15:15:00+05:30,251.55,252.95,250.8,252.0,470614
2021-10-29 09:15:00+05:30,252.8,252.8,238.75,252.6,2737169
2021-10-29 10:15:00+05:30,252.65,257.35,250.2,252.95,1457494
2021-10-29 11:15:00+05:30,253.05,256.5,250.45,252.05,817630
2021-10-29 12:15:00+05:30,252.05,254.9,250.6,253.2,428667
2021-10-29 13:15:00+05:30,253.2,253.75,247.05,247.9,595851
2021-10-29 14:15:00+05:30,247.9,248.5,245.25,246.3,1179799
2021-10-29 15:15:00+05:30,246.05,246.8,245.05,245.75,539550
2021-11-01 09:15:00+05:30,249.75,249.75,243.25,248.25,1498352
2021-11-01 10:15:00+05:30,248.25,249.0,245.45,247.25,348422
2021-11-01 11:15:00+05:30,247.25,251.85,246.35,250.85,654399
2021-11-01 12:15:00+05:30,250.85,251.95,249.3,250.45,502138
2021-11-01 13:15:00+05:30,250.45,252.4,248.75,251.5,700943
2021-11-01 14:15:00+05:30,251.5,254.0,248.0,251.35,1186216
2021-11-01 15:15:00+05:30,251.3,253.6,250.5,251.1,618721
2021-11-02 09:15:00+05:30,264.35,268.0,257.55,260.25,3485890
2021-11-02 10:15:00+05:30,260.25,261.2,258.25,260.25,429514
2021-11-02 11:15:00+05:30,260.3,261.4,259.7,260.1,525452
2021-11-02 12:15:00+05:30,260.1,262.95,260.05,262.0,485670
2021-11-02 13:15:00+05:30,262.0,262.45,260.65,262.0,445922
2021-11-02 14:15:00+05:30,262.0,262.35,259.5,260.95,785139
2021-11-02 15:15:00+05:30,260.95,262.0,260.0,261.05,566390
2021-11-03 09:15:00+05:30,260.0,260.0,256.45,257.4,936956
2021-11-03 10:15:00+05:30,257.4,264.6,256.8,262.9,1303001
2021-11-03 11:15:00+05:30,262.95,263.55,261.25,262.7,592577
2021-11-03 12:15:00+05:30,262.7,262.95,261.5,261.7,328257
2021-11-03 13:15:00+05:30,261.7,263.1,261.25,263.1,402988
2021-11-03 14:15:00+05:30,263.1,263.1,260.0,260.8,731432
2021-11-03 15:15:00+05:30,260.7,260.8,258.3,259.25,426190
2021-11-04 18:15:00+05:30,262.8,266.6,262.8,266.5,2514908
2021-11-08 09:15:00+05:30,267.2,270.0,262.4,266.5,1959120
2021-11-08 10:15:00+05:30,266.65,266.95,264.45,266.5,490771
2021-11-08 11:15:00+05:30,266.65,266.8,263.5,264.45,481299
2021-11-08 12:15:00+05:30,264.6,268.45,263.8,267.2,771342
2021-11-08 13:15:00+05:30,267.45,267.65,265.7,266.3,343274
2021-11-08 14:15:00+05:30,266.1,270.85,266.1,269.3,1782771
2021-11-08 15:15:00+05:30,269.3,269.35,268.5,268.8,370797
2021-11-09 09:15:00+05:30,269.7,283.85,269.7,282.3,3673548
2021-11-09 10:15:00+05:30,282.3,292.7,281.5,285.3,4814009
2021-11-09 11:15:00+05:30,285.25,287.0,284.2,285.2,1489519
2021-11-09 12:15:00+05:30,285.25,286.2,283.2,285.5,901769
2021-11-09 13:15:00+05:30,285.4,286.5,282.3,284.9,842086
2021-11-09 14:15:00+05:30,285.0,286.4,280.5,284.95,1256728
2021-11-09 15:15:00+05:30,285.0,288.2,284.6,287.7,872800
2021-11-10 09:15:00+05:30,286.4,292.0,283.65,288.1,3370848
2021-11-10 10:15:00+05:30,288.1,289.45,286.55,289.15,892932
2021-11-10 11:15:00+05:30,289.1,289.9,288.0,288.45,469988
2021-11-10 12:15:00+05:30,288.45,291.0,287.55,289.25,565399
2021-11-10 13:15:00+05:30,289.25,290.0,287.5,288.9,685100
2021-11-10 14:15:00+05:30,288.8,289.05,287.5,288.0,1117124
2021-11-10 15:15:00+05:30,288.0,289.6,287.95,288.7,849697
2021-11-11 09:15:00+05:30,289.5,297.75,288.25,292.05,3164509
2021-11-11 10:15:00+05:30,292.05,292.15,287.3,288.3,1074198
2021-11-11 11:15:00+05:30,288.15,291.45,288.05,290.5,389922
2021-11-11 12:15:00+05:30,290.35,290.75,288.1,288.8,581236
2021-11-11 13:15:00+05:30,288.8,289.5,280.1,283.35,1219644
2021-11-11 14:15:00+05:30,283.2,286.5,281.25,286.3,751709
2021-11-11 15:15:00+05:30,286.1,288.25,285.85,287.35,580889
2021-11-12 09:15:00+05:30,288.1,289.25,280.5,281.7,1600265
2021-11-12 10:15:00+05:30,281.7,282.45,279.0,281.5,556469
2021-11-12 11:15:00+05:30,281.65,283.2,280.8,282.3,323104
2021-11-12 12:15:00+05:30,282.3,284.35,280.8,284.25,369002
2021-11-12 13:15:00+05:30,284.25,284.95,283.5,284.2,382146
2021-11-12 14:15:00+05:30,284.2,287.45,284.0,284.3,637791
2021-11-12 15:15:00+05:30,284.3,285.9,284.1,284.7,359700
2021-11-15 09:15:00+05:30,286.4,288.2,284.75,286.3,1275007
2021-11-15 10:15:00+05:30,286.3,286.3,284.0,284.75,380600
2021-11-15 11:15:00+05:30,284.8,285.4,282.0,283.4,311506
2021-11-15 12:15:00+05:30,283.4,284.6,282.0,282.5,185685
2021-11-15 13:15:00+05:30,282.5,283.95,281.8,283.35,304988
2021-11-15 14:15:00+05:30,283.4,283.5,282.0,282.3,318193
2021-11-15 15:15:00+05:30,282.25,282.9,281.05,282.0,346326
2021-11-16 09:15:00+05:30,282.7,287.9,282.35,287.2,1566633
2021-11-16 10:15:00+05:30,287.3,295.4,285.8,290.45,2921780
2021-11-16 11:15:00+05:30,290.45,293.85,290.0,292.1,784804
2021-11-16 12:15:00+05:30,292.1,295.0,291.1,294.55,2011964
2021-11-16 13:15:00+05:30,294.55,297.6,292.15,294.95,3328286
2021-11-16 14:15:00+05:30,294.95,295.0,290.3,291.3,2386218
2021-11-16 15:15:00+05:30,291.25,291.3,287.0,287.8,781527
2021-11-17 09:15:00+05:30,290.0,298.65,289.7,295.75,4262121
2021-11-17 10:15:00+05:30,295.6,297.5,294.0,297.1,1094943
2021-11-17 11:15:00+05:30,297.0,297.9,291.3,293.25,1197868
2021-11-17 12:15:00+05:30,293.25,295.0,293.2,293.75,490266
2021-11-17 13:15:00+05:30,293.75,294.7,292.4,293.0,549826
2021-11-17 14:15:00+05:30,293.0,294.1,291.6,292.0,819744
2021-11-17 15:15:00+05:30,292.0,292.4,291.3,292.0,688532
2021-11-18 09:15:00+05:30,292.0,294.0,284.35,285.0,2067347
2021-11-18 10:15:00+05:30,285.0,285.8,280.6,284.1,1711904
2021-11-18 11:15:00+05:30,284.1,284.5,281.75,283.2,680282
2021-11-18 12:15:00+05:30,283.2,285.95,281.1,285.6,613024
2021-11-18 13:15:00+05:30,285.65,289.5,285.5,286.65,856916
2021-11-18 14:15:00+05:30,286.65,288.95,283.6,287.45,997245
2021-11-18 15:15:00+05:30,287.5,289.0,286.85,287.9,536904
2021-11-22 09:15:00+05:30,286.9,286.9,280.25,282.0,918666
2021-11-22 10:15:00+05:30,282.0,282.75,276.1,277.45,751965
2021-11-22 11:15:00+05:30,277.45,278.75,272.25,272.9,982140
2021-11-22 12:15:00+05:30,272.75,276.0,270.0,275.0,1114683
2021-11-22 13:15:00+05:30,275.0,275.4,270.1,270.1,542290
2021-11-22 14:15:00+05:30,270.25,270.25,262.55,268.4,1515193
2021-11-22 15:15:00+05:30,268.5,269.9,268.0,269.8,415951
2021-11-23 09:15:00+05:30,266.1,278.9,263.3,274.15,1921855
2021-11-23 10:15:00+05:30,274.3,280.8,273.6,279.15,648624
2021-11-23 11:15:00+05:30,279.15,280.1,276.5,276.8,308689
2021-11-23 12:15:00+05:30,276.8,278.0,275.0,276.8,269968
2021-11-23 13:15:00+05:30,276.6,281.45,276.25,281.0,541018
2021-11-23 14:15:00+05:30,281.0,284.0,280.25,282.35,997783
2021-11-23 15:15:00+05:30,282.25,283.0,281.7,282.0,438552
2021-11-24 09:15:00+05:30,283.1,286.0,280.55,282.2,1138626
2021-11-24 10:15:00+05:30,282.1,283.9,281.5,282.25,233650
2021-11-24 11:15:00+05:30,282.2,282.45,280.15,282.4,328477
2021-11-24 12:15:00+05:30,282.3,284.45,279.45,283.65,455381
2021-11-24 13:15:00+05:30,283.65,283.95,282.3,283.45,404598
2021-11-24 14:15:00+05:30,283.45,283.5,276.65,277.85,641591
2021-11-24 15:15:00+05:30,278.0,279.7,276.8,277.8,369427
2021-11-25 09:15:00+05:30,278.3,281.0,276.15,279.25,730355
2021-11-25 10:15:00+05:30,279.3,281.0,277.35,279.0,247961
2021-11-25 11:15:00+05:30,279.0,279.7,277.3,278.15,152742
2021-11-25 12:15:00+05:30,278.15,278.15,274.5,276.2,249930
2021-11-25 13:15:00+05:30,276.2,276.7,275.25,276.4,267849
2021-11-25 14:15:00+05:30,276.4,277.45,274.55,274.9,592827
2021-11-25 15:15:00+05:30,274.9,277.0,274.8,276.95,425261
2021-11-26 09:15:00+05:30,262.3,269.0,262.3,264.35,1508277
2021-11-26 10:15:00+05:30,264.3,264.45,258.05,262.85,1234504
2021-11-26 11:15:00+05:30,263.0,266.0,262.0,262.65,651006
2021-11-26 12:15:00+05:30,262.65,264.05,261.65,263.9,333058
2021-11-26 13:15:00+05:30,263.9,263.9,257.5,259.9,771376
2021-11-26 14:15:00+05:30,259.9,261.7,256.15,256.75,691781
2021-11-26 15:15:00+05:30,256.8,257.85,256.0,256.5,454907
2021-11-29 09:15:00+05:30,255.0,268.0,240.0,265.65,3353223
2021-11-29 10:15:00+05:30,265.45,266.2,258.35,262.45,903373
2021-11-29 11:15:00+05:30,262.2,264.3,261.25,263.2,339286
2021-11-29 12:15:00+05:30,263.2,264.5,258.95,259.7,315412
2021-11-29 13:15:00+05:30,259.6,263.25,259.5,259.65,289723
2021-11-29 14:15:00+05:30,259.65,259.9,255.4,257.2,682464
2021-11-29 15:15:00+05:30,257.2,259.2,257.15,258.8,246736
2021-11-30 09:15:00+05:30,259.45,267.95,259.45,266.35,1054914
2021-11-30 10:15:00+05:30,266.35,268.0,262.35,263.55,523856
2021-11-30 11:15:00+05:30,263.55,263.55,259.85,261.0,575492
2021-11-30 12:15:00+05:30,261.0,264.25,260.8,261.9,271755
2021-11-30 13:15:00+05:30,261.9,263.3,261.55,262.0,189192
2021-11-30 14:15:00+05:30,261.95,262.9,257.1,258.8,435020
2021-11-30 15:15:00+05:30,258.7,259.3,254.65,257.75,467718
2021-12-01 09:15:00+05:30,260.0,263.5,257.0,258.5,794508
2021-12-01 10:15:00+05:30,258.55,262.0,256.6,260.75,742124
2021-12-01 11:15:00+05:30,260.75,262.2,259.5,260.5,305543
2021-12-01 12:15:00+05:30,260.55,261.0,258.95,259.85,193083
2021-12-01 13:15:00+05:30,259.85,260.5,258.15,258.5,252905
2021-12-01 14:15:00+05:30,258.65,262.65,257.2,262.65,630952
2021-12-01 15:15:00+05:30,262.65,264.95,262.65,264.55,526272
2021-12-02 09:15:00+05:30,265.1,265.35,260.25,262.3,776271
2021-12-02 10:15:00+05:30,262.4,263.25,260.65,261.05,247359
2021-12-02 11:15:00+05:30,261.05,262.0,260.55,260.9,187068
2021-12-02 12:15:00+05:30,260.85,263.3,260.8,262.2,289657
2021-12-02 13:15:00+05:30,262.2,263.5,260.7,261.45,221277
2021-12-02 14:15:00+05:30,261.45,263.4,260.5,262.0,851114
2021-12-02 15:15:00+05:30,261.9,262.4,260.8,261.6,309483
2021-12-03 09:15:00+05:30,261.3,264.45,260.5,261.35,664185
2021-12-03 10:15:00+05:30,261.35,263.75,260.9,262.85,359428
2021-12-03 11:15:00+05:30,262.85,264.2,261.25,262.3,328412
2021-12-03 12:15:00+05:30,262.4,263.55,260.55,261.5,280143
2021-12-03 13:15:00+05:30,261.5,262.1,260.1,260.2,169224
2021-12-03 14:15:00+05:30,260.2,260.2,256.7,258.55,516256
2021-12-03 15:15:00+05:30,258.55,258.6,257.5,258.15,273081
2021-12-06 09:15:00+05:30,258.3,259.0,252.0,254.15,814889
2021-12-06 10:15:00+05:30,254.1,254.4,252.65,252.9,271920
2021-12-06 11:15:00+05:30,252.9,253.6,252.1,252.6,226057
2021-12-06 12:15:00+05:30,252.65,255.0,252.5,254.35,311891
2021-12-06 13:15:00+05:30,254.3,257.15,252.1,252.4,432293
2021-12-06 14:15:00+05:30,252.4,252.7,246.5,246.7,746662
2021-12-06 15:15:00+05:30,246.7,247.5,246.3,247.45,320324
2021-12-07 09:15:00+05:30,252.1,253.4,250.0,251.9,732890
2021-12-07 10:15:00+05:30,252.0,252.5,250.4,252.0,291703
2021-12-07 11:15:00+05:30,252.0,254.4,251.5,252.25,289985
2021-12-07 12:15:00+05:30,252.35,253.2,250.65,252.0,286522
2021-12-07 13:15:00+05:30,252.0,254.7,251.95,254.5,389004
2021-12-07 14:15:00+05:30,254.5,256.5,253.2,254.65,692385
2021-12-07 15:15:00+05:30,254.65,255.95,254.5,254.75,210684
2021-12-08 09:15:00+05:30,256.75,257.7,255.35,256.1,593239
2021-12-08 10:15:00+05:30,256.0,257.1,254.35,256.2,211368
2021-12-08 11:15:00+05:30,256.3,258.4,256.15,258.3,262530
2021-12-08 12:15:00+05:30,258.3,261.0,257.4,259.3,488252
2021-12-08 13:15:00+05:30,259.3,260.75,257.55,258.65,227142
2021-12-08 14:15:00+05:30,258.65,262.0,257.7,259.0,705718
2021-12-08 15:15:00+05:30,259.15,259.3,258.0,259.25,269288
2021-12-09 09:15:00+05:30,260.1,260.95,257.65,259.6,665095
2021-12-09 10:15:00+05:30,259.6,260.0,258.5,259.8,143435
2021-12-09 11:15:00+05:30,259.55,260.85,259.05,260.55,181084
2021-12-09 12:15:00+05:30,260.55,261.5,259.65,260.7,162967
2021-12-09 13:15:00+05:30,260.7,260.75,259.8,260.05,181673
2021-12-09 14:15:00+05:30,260.1,260.35,259.2,259.5,211489
2021-12-09 15:15:00+05:30,259.65,259.95,259.0,259.5,166053
2021-12-10 09:15:00+05:30,257.9,264.75,257.0,262.0,949302
2021-12-10 10:15:00+05:30,262.1,264.2,261.8,262.4,288260
2021-12-10 11:15:00+05:30,262.4,263.0,261.1,261.4,139138
2021-12-10 12:15:00+05:30,261.4,261.55,258.3,258.85,252868
2021-12-10 13:15:00+05:30,259.0,259.9,257.5,259.35,228727
2021-12-10 14:15:00+05:30,259.35,260.0,258.0,258.5,325191
2021-12-10 15:15:00+05:30,258.5,259.7,258.05,258.9,223859
2021-12-13 09:15:00+05:30,260.3,269.5,260.0,267.35,1663286
2021-12-13 10:15:00+05:30,267.3,268.7,265.35,267.5,393652
2021-12-13 11:15:00+05:30,267.15,267.5,265.2,265.8,255573
2021-12-13 12:15:00+05:30,265.8,265.8,261.8,262.15,358897
2021-12-13 13:15:00+05:30,262.15,263.5,261.8,263.2,195418
2021-12-13 14:15:00+05:30,263.2,265.0,262.5,262.75,321612
2021-12-13 15:15:00+05:30,262.75,264.45,262.2,264.25,258326
2021-12-14 09:15:00+05:30,260.0,260.6,257.2,258.4,652721
2021-12-14 10:15:00+05:30,258.3,258.85,257.35,258.85,183074
2021-12-14 11:15:00+05:30,258.9,260.25,258.05,260.2,165986
2021-12-14 12:15:00+05:30,260.2,261.0,259.5,260.55,95653
2021-12-14 13:15:00+05:30,260.55,260.8,259.5,260.05,148857
2021-12-14 14:15:00+05:30,260.05,260.8,259.15,260.5,208838
2021-12-14 15:15:00+05:30,260.55,261.85,260.05,260.65,260406
2021-12-15 09:15:00+05:30,260.5,261.45,257.6,257.9,475551
2021-12-15 10:15:00+05:30,257.9,259.95,257.0,258.6,292648
2021-12-15 11:15:00+05:30,258.55,259.0,256.15,256.9,221514
2021-12-15 12:15:00+05:30,256.9,257.0,255.2,255.6,224190
2021-12-15 13:15:00+05:30,255.6,255.7,253.0,254.65,724031
2021-12-15 14:15:00+05:30,254.65,256.3,251.75,252.8,1810351
2021-12-15 15:15:00+05:30,252.8,254.0,252.35,252.85,424051
2021-12-16 09:15:00+05:30,255.4,256.2,249.25,249.95,623896
2021-12-16 10:15:00+05:30,249.95,253.25,248.8,252.35,367924
2021-12-16 11:15:00+05:30,252.5,253.9,250.0,250.5,334931
2021-12-16 12:15:00+05:30,250.4,252.1,248.75,251.05,226383
2021-12-16 13:15:00+05:30,251.05,251.9,248.75,249.0,163769
2021-12-16 14:15:00+05:30,249.0,250.4,248.0,249.15,374555
2021-12-16 15:15:00+05:30,249.1,251.9,249.05,251.3,210617
2021-12-17 09:15:00+05:30,249.8,249.8,235.0,240.05,1747265
2021-12-17 10:15:00+05:30,239.95,241.7,236.75,239.9,527169
2021-12-17 11:15:00+05:30,239.95,241.5,239.8,240.1,257661
2021-12-17 12:15:00+05:30,240.1,242.35,238.55,240.85,289523
2021-12-17 13:15:00+05:30,240.85,241.35,238.1,238.3,290687
2021-12-17 14:15:00+05:30,238.15,238.5,232.5,233.1,1447584
2021-12-17 15:15:00+05:30,233.1,233.1,227.6,227.95,2139714
2021-12-20 09:15:00+05:30,225.7,229.1,218.15,224.25,1860829
2021-12-20 10:15:00+05:30,224.25,226.15,221.3,223.55,465312
2021-12-20 11:15:00+05:30,223.4,223.9,220.35,220.85,441868
2021-12-20 12:15:00+05:30,220.6,220.75,212.4,214.0,856498
2021-12-20 13:15:00+05:30,213.55,220.0,213.4,218.0,752756
2021-12-20 14:15:00+05:30,218.1,221.35,217.15,220.3,645368
2021-12-20 15:15:00+05:30,220.25,222.0,220.25,220.5,247600
2021-12-21 09:15:00+05:30,223.0,226.9,222.3,226.9,780759
2021-12-21 10:15:00+05:30,226.55,227.95,226.0,227.95,329964
2021-12-21 11:15:00+05:30,227.95,229.0,227.05,228.9,257938
2021-12-21 12:15:00+05:30,228.8,232.1,226.25,229.75,511420
2021-12-21 13:15:00+05:30,229.45,231.0,227.25,228.7,343494
2021-12-21 14:15:00+05:30,228.7,228.7,224.6,225.6,589751
2021-12-21 15:15:00+05:30,225.6,227.0,225.0,226.05,194282
2021-12-22 09:15:00+05:30,228.1,233.5,228.05,231.6,619867
2021-12-22 10:15:00+05:30,231.6,231.95,228.55,229.55,293908
2021-12-22 11:15:00+05:30,229.55,230.0,228.8,229.3,166479
2021-12-22 12:15:00+05:30,229.3,231.0,228.15,229.2,306480
2021-12-22 13:15:00+05:30,229.3,230.5,228.6,228.95,228844
2021-12-22 14:15:00+05:30,228.95,230.45,228.1,229.5,898195
2021-12-22 15:15:00+05:30,229.65,230.8,229.5,230.8,228110
2021-12-23 09:15:00+05:30,232.4,233.4,231.05,231.4,526655
2021-12-23 10:15:00+05:30,231.4,232.5,230.35,232.05,179850
2021-12-23 11:15:00+05:30,232.05,232.7,231.55,232.15,161462
2021-12-23 12:15:00+05:30,232.15,232.4,228.75,230.65,359225
2021-12-23 13:15:00+05:30,230.65,231.45,230.0,231.3,279150
2021-12-23 14:15:00+05:30,231.0,233.8,230.75,233.3,455384
2021-12-23 15:15:00+05:30,233.2,233.85,233.0,233.0,214042
2021-12-24 09:15:00+05:30,234.15,234.15,223.65,224.6,1151884
2021-12-24 10:15:00+05:30,224.6,225.95,222.6,225.75,550218
2021-12-24 11:15:00+05:30,225.8,226.4,224.6,225.5,248017
2021-12-24 12:15:00+05:30,225.5,226.25,223.75,224.3,266385
2021-12-24 13:15:00+05:30,224.1,227.45,224.1,226.85,351419
2021-12-24 14:15:00+05:30,226.85,227.2,225.5,225.9,280306
2021-12-24 15:15:00+05:30,225.9,226.5,225.05,226.3,166070
2022-01-24 09:15:00+05:30,252.1,256.1,244.8,245.7,849696
2022-01-24 10:15:00+05:30,245.7,245.8,239.05,239.6,828622
2022-01-24 11:15:00+05:30,239.65,241.8,238.85,239.85,408296
2022-01-24 12:15:00+05:30,239.85,241.5,237.9,241.2,321939
2022-01-24 13:15:00+05:30,241.35,241.65,235.2,236.3,423714
2022-01-24 14:15:00+05:30,236.3,241.0,233.8,236.8,1060720
2022-01-24 15:15:00+05:30,236.8,237.45,235.05,235.2,347873
2022-01-25 09:15:00+05:30,232.0,241.0,230.6,238.5,914206
2022-01-25 10:15:00+05:30,238.5,240.5,237.65,239.9,350270
2022-01-25 11:15:00+05:30,239.9,241.85,239.6,240.85,208340
2022-01-25 12:15:00+05:30,240.85,241.75,239.45,241.1,142958
2022-01-25 13:15:00+05:30,241.1,243.8,239.85,241.75,333839
2022-01-25 14:15:00+05:30,241.7,243.4,240.65,242.4,309434
2022-01-25 15:15:00+05:30,242.4,242.8,241.35,242.4,174050
2022-01-27 09:15:00+05:30,236.5,238.85,233.15,237.25,604086
2022-01-27 10:15:00+05:30,237.25,239.75,236.2,239.75,229331
2022-01-27 11:15:00+05:30,239.75,239.8,237.1,237.25,169641
2022-01-27 12:15:00+05:30,237.15,241.2,237.1,241.2,121964
2022-01-27 13:15:00+05:30,241.3,248.25,241.05,247.0,488963
2022-01-27 14:15:00+05:30,247.15,255.5,247.0,249.4,1297772
2022-01-27 15:15:00+05:30,249.45,250.45,249.0,249.6,116615
2022-01-28 09:15:00+05:30,252.6,255.0,251.6,254.15,428980
2022-01-28 10:15:00+05:30,254.15,257.4,252.3,254.65,453158
2022-01-28 11:15:00+05:30,254.65,255.75,254.15,255.55,114330
2022-01-28 12:15:00+05:30,255.55,256.25,254.05,254.1,133084
2022-01-28 13:15:00+05:30,254.1,255.9,252.0,252.7,266068
2022-01-28 14:15:00+05:30,252.7,253.7,250.5,251.0,380893
2022-01-28 15:15:00+05:30,250.95,251.3,250.05,250.5,123316
2022-01-31 09:15:00+05:30,254.5,256.5,252.5,253.35,494704
2022-01-31 10:15:00+05:30,253.4,255.5,253.0,255.45,293836
2022-01-31 11:15:00+05:30,255.15,256.3,254.0,254.3,467081
2022-01-31 12:15:00+05:30,254.55,256.5,253.2,256.15,199475
2022-01-31 13:15:00+05:30,256.15,260.0,255.55,259.1,700269
2022-01-31 14:15:00+05:30,259.1,261.3,259.0,260.55,893695
2022-01-31 15:15:00+05:30,260.5,261.95,260.25,261.3,334943
2022-02-01 09:15:00+05:30,256.8,264.8,253.05,262.4,1661545
2022-02-01 10:15:00+05:30,262.3,263.0,260.0,260.65,426324
2022-02-01 11:15:00+05:30,260.45,261.3,256.0,256.4,528634
2022-02-01 12:15:00+05:30,256.4,258.65,251.25,251.5,629401
2022-02-01 13:15:00+05:30,251.5,255.4,250.5,254.85,565751
2022-02-01 14:15:00+05:30,254.85,256.35,253.0,253.1,357127
2022-02-01 15:15:00+05:30,253.1,253.85,252.8,253.25,222006
2022-02-02 09:15:00+05:30,255.25,258.0,253.35,253.55,843887
2022-02-02 10:15:00+05:30,253.7,254.95,252.0,252.75,436691
2022-02-02 11:15:00+05:30,252.75,253.5,249.6,249.9,830676
2022-02-02 12:15:00+05:30,249.9,250.6,247.75,249.95,634172
2022-02-02 13:15:00+05:30,249.95,250.65,248.45,249.9,155134
2022-02-02 14:15:00+05:30,249.85,250.25,249.0,249.1,215435
2022-02-02 15:15:00+05:30,249.1,249.45,248.45,249.3,205260
2022-02-03 09:15:00+05:30,250.85,252.75,247.5,248.4,1457029
2022-02-03 10:15:00+05:30,248.5,249.0,247.15,247.8,476873
2022-02-03 11:15:00+05:30,247.8,247.8,244.5,245.7,907602
2022-02-03 12:15:00+05:30,245.7,247.05,245.3,246.2,220821
2022-02-03 13:15:00+05:30,246.2,246.75,244.65,245.55,339704
2022-02-03 14:15:00+05:30,245.35,246.3,242.6,243.2,618019
2022-02-03 15:15:00+05:30,243.15,243.5,241.8,242.35,263514
2022-02-04 09:15:00+05:30,243.75,245.4,241.55,242.0,555377
2022-02-04 10:15:00+05:30,242.0,242.35,240.1,241.15,500424
2022-02-04 11:15:00+05:30,241.2,241.75,239.0,239.3,392087
2022-02-04 12:15:00+05:30,239.3,239.5,237.7,237.95,333460
2022-02-04 13:15:00+05:30,237.85,239.75,237.8,238.45,376944
2022-02-04 14:15:00+05:30,238.75,239.55,236.4,238.5,652236
2022-02-04 15:15:00+05:30,238.6,238.6,237.55,238.15,176851
2022-02-07 09:15:00+05:30,238.95,239.7,236.1,237.7,472727
2022-02-07 10:15:00+05:30,237.7,238.9,236.8,237.55,162340
2022-02-07 11:15:00+05:30,237.55,240.95,237.25,239.75,315202
2022-02-07 12:15:00+05:30,239.75,242.4,237.85,239.8,349531
2022-02-07 13:15:00+05:30,239.8,240.5,236.95,238.55,214138
2022-02-07 14:15:00+05:30,238.55,239.3,237.05,237.7,191833
2022-02-07 15:15:00+05:30,237.9,238.0,237.1,237.3,110933
2022-02-08 09:15:00+05:30,239.5,240.75,232.25,233.0,563651
2022-02-08 10:15:00+05:30,233.0,234.45,231.45,233.65,335803
2022-02-08 11:15:00+05:30,233.65,235.9,233.5,234.95,224968
2022-02-08 12:15:00+05:30,234.95,236.9,234.75,235.8,209958
2022-02-08 13:15:00+05:30,235.7,238.95,235.25,235.65,201249
2022-02-08 14:15:00+05:30,235.65,237.75,234.5,236.85,193878
2022-02-08 15:15:00+05:30,236.85,237.0,235.3,236.25,128933
2022-02-09 09:15:00+05:30,238.85,240.35,237.0,237.55,328165
2022-02-09 10:15:00+05:30,237.35,240.95,236.7,240.6,224986
2022-02-09 11:15:00+05:30,240.6,241.5,239.4,239.8,222583
2022-02-09 12:15:00+05:30,239.8,241.2,239.25,239.7,124712
2022-02-09 13:15:00+05:30,239.7,242.9,238.9,241.6,265622
2022-02-09 14:15:00+05:30,241.6,241.8,240.45,241.2,179365
2022-02-09 15:15:00+05:30,241.25,241.25,240.0,240.2,95944
2022-02-10 09:15:00+05:30,241.8,244.65,241.2,242.5,381045
2022-02-10 10:15:00+05:30,242.5,244.5,241.35,244.2,207633
2022-02-10 11:15:00+05:30,244.2,246.1,243.9,244.55,378961
2022-02-10 12:15:00+05:30,244.55,246.0,244.5,245.8,154792
2022-02-10 13:15:00+05:30,245.8,245.9,244.5,245.25,175482
2022-02-10 14:15:00+05:30,245.25,245.65,244.55,245.3,250405
2022-02-10 15:15:00+05:30,245.45,247.65,245.3,246.3,356324
2022-02-11 09:15:00+05:30,243.7,246.2,241.7,242.2,423878
2022-02-11 10:15:00+05:30,242.05,242.05,240.8,241.05,107165
2022-02-11 11:15:00+05:30,241.05,241.5,240.0,241.35,86563
2022-02-11 12:15:00+05:30,241.35,242.6,241.05,241.85,79774
2022-02-11 13:15:00+05:30,241.85,244.5,241.75,242.4,211268
2022-02-11 14:15:00+05:30,242.45,242.75,241.5,241.5,314054
2022-02-11 15:15:00+05:30,241.45,241.45,238.8,239.9,257368
2022-02-14 09:15:00+05:30,233.65,234.4,229.5,232.15,760589
2022-02-14 10:15:00+05:30,232.3,234.75,231.15,232.35,235318
2022-02-14 11:15:00+05:30,232.4,232.75,230.95,231.3,272956
2022-02-14 12:15:00+05:30,231.3,231.85,230.0,231.55,220396
2022-02-14 13:15:00+05:30,231.55,231.8,228.5,228.6,229769
2022-02-14 14:15:00+05:30,228.6,230.4,225.05,225.3,593067
2022-02-14 15:15:00+05:30,225.45,225.45,222.25,223.1,469431
2022-02-15 09:15:00+05:30,228.0,229.7,224.35,224.65,521604
2022-02-15 10:15:00+05:30,224.6,229.0,224.55,228.25,298423
2022-02-15 11:15:00+05:30,228.25,229.6,227.6,228.75,471870
2022-02-15 12:15:00+05:30,228.75,232.4,226.7,231.0,605572
2022-02-15 13:15:00+05:30,231.0,236.5,229.5,235.2,461787
2022-02-15 14:15:00+05:30,235.15,242.3,235.1,241.15,826809
2022-02-15 15:15:00+05:30,241.15,242.25,240.2,241.6,363145
2022-02-16 09:15:00+05:30,242.0,244.2,240.0,241.1,518603
2022-02-16 10:15:00+05:30,241.1,241.85,239.05,239.8,101344
2022-02-16 11:15:00+05:30,239.8,241.3,239.6,240.65,42293
2022-02-16 12:15:00+05:30,240.65,244.95,240.65,241.85,206246
2022-02-16 13:15:00+05:30,242.15,243.45,241.1,241.5,117600
2022-02-16 14:15:00+05:30,241.5,242.4,237.2,238.75,367343
2022-02-16 15:15:00+05:30,238.75,239.0,237.25,237.75,130638
2022-02-17 09:15:00+05:30,241.9,245.65,241.1,241.35,769969
2022-02-17 10:15:00+05:30,241.5,244.45,241.15,243.85,394088
2022-02-17 11:15:00+05:30,243.85,244.35,242.9,243.45,141248
2022-02-17 12:15:00+05:30,243.45,243.6,242.0,242.6,100057
2022-02-17 13:15:00+05:30,242.75,242.95,240.5,240.6,105304
2022-02-17 14:15:00+05:30,240.6,242.4,239.55,240.25,248812
2022-02-17 15:15:00+05:30,240.25,241.1,239.5,240.1,142201
2022-02-18 09:15:00+05:30,238.8,241.85,238.1,240.4,286915
2022-02-18 10:15:00+05:30,240.4,241.0,238.9,240.45,82582
2022-02-18 11:15:00+05:30,240.45,240.75,239.45,240.5,43811
2022-02-18 12:15:00+05:30,240.5,241.0,239.6,240.05,53911
2022-02-18 13:15:00+05:30,240.05,240.4,239.0,240.3,96358
2022-02-18 14:15:00+05:30,240.25,240.45,238.4,239.05,527016
2022-02-18 15:15:00+05:30,239.15,240.1,238.9,239.85,192573
2022-02-21 09:15:00+05:30,236.75,237.95,233.75,235.1,368815
2022-02-21 10:15:00+05:30,235.35,237.95,234.6,237.15,147701
2022-02-21 11:15:00+05:30,237.25,239.5,237.0,239.2,162943
2022-02-21 12:15:00+05:30,239.2,239.9,237.55,239.45,104512
2022-02-21 13:15:00+05:30,239.45,239.6,236.4,237.3,135695
2022-02-21 14:15:00+05:30,237.5,238.2,235.05,235.9,234522
2022-02-21 15:15:00+05:30,235.9,236.6,235.5,235.85,92626
2022-02-22 09:15:00+05:30,229.0,231.8,225.75,226.6,900604
2022-02-22 10:15:00+05:30,226.4,228.7,226.4,227.85,318986
2022-02-22 11:15:00+05:30,227.85,228.7,225.5,225.85,507012
2022-02-22 12:15:00+05:30,225.85,226.0,222.35,223.35,412167
2022-02-22 13:15:00+05:30,223.35,223.7,219.7,223.3,1001885
2022-02-22 14:15:00+05:30,223.6,225.75,222.0,222.75,509029
2022-02-22 15:15:00+05:30,222.75,224.45,222.5,224.3,231896
2022-02-23 09:15:00+05:30,226.45,228.95,225.7,226.05,376229
2022-02-23 10:15:00+05:30,226.05,227.5,225.7,227.45,192730
2022-02-23 11:15:00+05:30,227.45,228.45,226.85,226.95,110402
2022-02-23 12:15:00+05:30,227.0,227.25,225.5,226.45,78162
2022-02-23 13:15:00+05:30,226.45,227.95,226.35,227.4,110701
2022-02-23 14:15:00+05:30,227.4,227.4,224.05,225.2,300775
2022-02-23 15:15:00+05:30,225.25,226.7,224.7,226.7,156985
2022-02-24 09:15:00+05:30,215.65,219.3,211.3,212.8,1269458
2022-02-24 10:15:00+05:30,212.8,214.95,212.5,213.85,530446
2022-02-24 11:15:00+05:30,213.95,215.0,211.0,212.8,483425
2022-02-24 12:15:00+05:30,212.8,213.6,208.9,210.9,655298
2022-02-24 13:15:00+05:30,210.95,211.3,207.0,209.0,705975
2022-02-24 14:15:00+05:30,209.0,211.0,204.5,205.4,1186071
2022-02-24 15:15:00+05:30,205.2,205.55,203.15,204.4,380957
2022-02-25 09:15:00+05:30,214.0,224.85,213.35,220.9,1351310
2022-02-25 10:15:00+05:30,220.85,222.15,220.0,220.35,267325
2022-02-25 11:15:00+05:30,220.35,222.6,219.55,219.7,281899
2022-02-25 12:15:00+05:30,219.7,221.5,218.5,221.35,226691
2022-02-25 13:15:00+05:30,221.3,221.5,218.5,218.85,207025
2022-02-25 14:15:00+05:30,218.85,220.75,217.95,220.45,260350
2022-02-25 15:15:00+05:30,220.45,221.4,220.0,221.1,148502
2022-02-28 09:15:00+05:30,213.85,216.0,211.35,214.85,751597
2022-02-28 10:15:00+05:30,214.95,218.4,214.7,217.4,303843
2022-02-28 11:15:00+05:30,217.75,218.95,216.45,218.15,171965
2022-02-28 12:15:00+05:30,218.25,219.9,216.85,219.3,227940
2022-02-28 13:15:00+05:30,219.5,219.85,216.8,218.0,191779
2022-02-28 14:15:00+05:30,218.1,219.5,217.2,217.2,256053
2022-02-28 15:15:00+05:30,217.2,218.5,216.05,217.25,484210
2022-03-02 09:15:00+05:30,216.4,216.4,213.2,215.05,788816
2022-03-02 10:15:00+05:30,215.05,215.8,214.55,215.0,379669
2022-03-02 11:15:00+05:30,214.9,215.5,214.0,214.0,183667
2022-03-02 12:15:00+05:30,214.05,214.9,213.05,214.35,158364
2022-03-02 13:15:00+05:30,214.35,215.2,213.5,213.95,164389
2022-03-02 14:15:00+05:30,213.95,214.55,212.3,214.2,383967
2022-03-02 15:15:00+05:30,214.15,215.1,213.8,214.9,179726
2022-03-03 09:15:00+05:30,218.3,219.6,212.7,214.75,1142847
2022-03-03 10:15:00+05:30,214.75,214.95,212.05,213.35,333634
2022-03-03 11:15:00+05:30,213.35,213.45,211.7,212.6,234221
2022-03-03 12:15:00+05:30,212.6,212.85,209.0,210.15,401859
2022-03-03 13:15:00+05:30,210.25,212.1,208.3,210.3,361588
2022-03-03 14:15:00+05:30,210.3,211.5,209.05,211.4,858066
2022-03-03 15:15:00+05:30,211.45,212.2,211.05,211.5,222570
2022-03-04 09:15:00+05:30,209.25,209.5,202.1,204.8,749788
2022-03-04 10:15:00+05:30,204.8,205.85,203.1,204.55,413758
2022-03-04 11:15:00+05:30,204.6,205.9,202.5,205.9,504583
2022-03-04 12:15:00+05:30,205.9,206.45,204.2,205.2,581064
2022-03-04 13:15:00+05:30,205.2,209.0,204.6,205.35,538322
2022-03-04 14:15:00+05:30,205.35,206.2,200.15,201.3,876795
2022-03-04 15:15:00+05:30,201.1,203.0,200.9,202.85,203693
2022-03-07 09:15:00+05:30,194.3,195.75,189.75,193.05,1269866
2022-03-07 10:15:00+05:30,192.85,197.0,191.25,197.0,579933
2022-03-07 11:15:00+05:30,197.0,198.0,193.05,193.2,590723
2022-03-07 12:15:00+05:30,193.2,195.9,192.4,193.25,414831
2022-03-07 13:15:00+05:30,193.1,194.6,191.4,191.4,596465
2022-03-07 14:15:00+05:30,191.5,192.95,189.25,192.5,996082
2022-03-07 15:15:00+05:30,192.5,193.8,192.05,193.0,226173
2022-03-08 09:15:00+05:30,192.55,194.65,190.65,193.3,1365196
2022-03-08 10:15:00+05:30,193.3,194.0,190.55,192.15,606488
2022-03-08 11:15:00+05:30,192.15,192.15,189.55,190.15,464031
2022-03-08 12:15:00+05:30,190.15,191.0,184.2,185.9,886908
2022-03-08 13:15:00+05:30,185.9,186.2,180.1,184.45,2179445
2022-03-08 14:15:00+05:30,184.45,188.75,181.7,187.55,1478468
2022-03-08 15:15:00+05:30,187.55,187.85,186.6,186.9,327800
2022-03-09 09:15:00+05:30,189.9,191.9,188.15,190.6,1361547
2022-03-09 10:15:00+05:30,190.6,192.6,189.65,192.1,583573
2022-03-09 11:15:00+05:30,192.1,194.9,191.1,193.3,673014
2022-03-09 12:15:00+05:30,193.3,197.95,193.1,197.2,1260209
2022-03-09 13:15:00+05:30,197.25,198.45,195.2,197.9,909204
2022-03-09 14:15:00+05:30,198.0,201.1,197.55,198.65,1310510
2022-03-09 15:15:00+05:30,198.7,201.0,198.45,200.95,455967
2022-03-10 09:15:00+05:30,212.0,213.3,208.35,213.3,2281160
2022-03-10 10:15:00+05:30,213.3,214.5,212.1,212.75,899110
2022-03-10 11:15:00+05:30,212.75,212.85,209.45,209.6,648327
2022-03-10 12:15:00+05:30,209.6,209.85,206.3,207.9,835578
2022-03-10 13:15:00+05:30,207.9,208.35,203.15,206.0,812890
2022-03-10 14:15:00+05:30,206.1,207.3,203.5,206.75,757801
2022-03-10 15:15:00+05:30,206.6,207.45,205.7,207.0,302177
2022-03-11 09:15:00+05:30,204.4,206.95,202.5,203.95,1031630
2022-03-11 10:15:00+05:30,204.05,205.9,202.95,205.1,474114
2022-03-11 11:15:00+05:30,205.1,205.95,204.55,205.05,247275
2022-03-11 12:15:00+05:30,205.05,206.5,204.6,205.15,285879
2022-03-11 13:15:00+05:30,205.2,205.6,203.8,205.1,467703
2022-03-11 14:15:00+05:30,205.0,208.0,205.0,206.95,783173
2022-03-11 15:15:00+05:30,206.95,207.95,206.5,207.5,249145
2022-03-14 09:15:00+05:30,206.7,206.7,200.7,201.9,987021
2022-03-14 10:15:00+05:30,202.0,203.4,200.95,202.6,398460
2022-03-14 11:15:00+05:30,202.6,204.15,202.05,202.3,344308
2022-03-14 12:15:00+05:30,202.4,202.95,201.35,202.7,426771
2022-03-14 13:15:00+05:30,202.7,204.25,202.05,203.8,312836
2022-03-14 14:15:00+05:30,203.8,204.6,202.35,203.4,375946
2022-03-14 15:15:00+05:30,203.4,203.5,202.2,203.0,180183
2022-03-15 09:15:00+05:30,202.9,211.3,202.65,210.0,1608268
2022-03-15 10:15:00+05:30,210.15,210.9,207.5,209.3,612250
2022-03-15 11:15:00+05:30,209.3,209.3,207.7,207.8,320006
2022-03-15 12:15:00+05:30,207.75,207.95,204.15,205.6,578747
2022-03-15 13:15:00+05:30,205.6,207.45,204.05,205.7,575264
2022-03-15 14:15:00+05:30,205.6,205.95,203.1,205.2,493231
2022-03-15 15:15:00+05:30,205.3,206.7,205.0,205.4,287039
2022-03-16 09:15:00+05:30,213.0,213.45,209.1,209.45,873977
2022-03-16 10:15:00+05:30,209.5,210.8,209.4,210.15,230207
2022-03-16 11:15:00+05:30,210.15,211.2,210.05,210.45,224937
2022-03-16 12:15:00+05:30,210.45,211.25,209.65,209.8,419726
2022-03-16 13:15:00+05:30,209.8,210.4,208.55,209.6,266103
2022-03-16 14:15:00+05:30,209.6,212.35,209.1,211.8,554358
2022-03-16 15:15:00+05:30,211.8,212.25,210.05,210.9,310742
2022-03-17 09:15:00+05:30,213.4,215.6,212.7,214.3,1405139
2022-03-17 10:15:00+05:30,214.3,215.0,213.25,213.8,475132
2022-03-17 11:15:00+05:30,213.8,214.35,213.4,213.9,299210
2022-03-17 12:15:00+05:30,213.95,215.7,212.7,212.7,616307
2022-03-17 13:15:00+05:30,212.7,213.45,212.1,212.95,343034
2022-03-17 14:15:00+05:30,212.95,213.25,208.1,208.4,1293737
2022-03-17 15:15:00+05:30,208.35,208.85,206.3,207.85,1843597
2022-03-21 09:15:00+05:30,209.1,209.95,206.55,207.8,730338
2022-03-21 10:15:00+05:30,207.8,209.25,206.6,208.95,314518
2022-03-21 11:15:00+05:30,208.9,209.2,207.35,207.35,202016
2022-03-21 12:15:00+05:30,207.35,207.55,205.5,205.85,316655
2022-03-21 13:15:00+05:30,205.85,207.95,205.8,207.1,213587
2022-03-21 14:15:00+05:30,207.1,207.7,206.35,206.85,378297
2022-03-21 15:15:00+05:30,206.85,207.0,206.5,206.95,153624
2022-03-22 09:15:00+05:30,206.95,207.55,204.15,204.55,572199
2022-03-22 10:15:00+05:30,204.55,205.15,203.7,204.6,221598
2022-03-22 11:15:00+05:30,204.6,204.85,203.5,204.3,252297
2022-03-22 12:15:00+05:30,204.3,206.65,203.3,206.3,383797
2022-03-22 13:15:00+05:30,206.3,212.7,206.2,212.5,1061110
2022-03-22 14:15:00+05:30,212.7,214.0,210.6,212.2,1068819
2022-03-22 15:15:00+05:30,212.2,213.0,211.85,212.9,313714
2022-03-23 09:15:00+05:30,214.8,214.9,210.5,212.2,726910
2022-03-23 10:15:00+05:30,212.2,213.3,211.1,211.95,304438
2022-03-23 11:15:00+05:30,211.95,212.5,211.0,211.95,260089
2022-03-23 12:15:00+05:30,211.95,212.75,211.45,212.3,365088
2022-03-23 13:15:00+05:30,212.3,213.0,210.7,211.9,318632
2022-03-23 14:15:00+05:30,211.9,212.45,210.75,210.9,365628
2022-03-23 15:15:00+05:30,210.8,211.0,210.2,210.5,212952
2022-03-24 09:15:00+05:30,209.45,210.3,207.65,208.4,910009
2022-03-24 10:15:00+05:30,208.25,208.5,206.7,208.25,418686
2022-03-24 11:15:00+05:30,208.15,209.0,207.9,208.25,190820
2022-03-24 12:15:00+05:30,208.25,208.3,207.05,207.2,149348
2022-03-24 13:15:00+05:30,207.2,208.8,207.05,208.65,330334
2022-03-24 14:15:00+05:30,208.65,209.85,207.5,207.7,445462
2022-03-24 15:15:00+05:30,207.7,208.0,207.4,207.7,220888
2022-03-25 09:15:00+05:30,209.0,209.9,207.7,208.8,486249
2022-03-25 10:15:00+05:30,208.8,209.4,208.15,208.95,221275
2022-03-25 11:15:00+05:30,208.95,210.4,206.75,207.0,606430
2022-03-25 12:15:00+05:30,207.0,209.5,206.75,208.65,368738
2022-03-25 13:15:00+05:30,208.65,208.9,205.2,205.45,578151
2022-03-25 14:15:00+05:30,205.45,207.75,205.45,207.25,302186
2022-03-25 15:15:00+05:30,207.25,208.0,207.15,207.6,154710
2022-03-28 09:15:00+05:30,208.2,208.55,205.7,205.85,520802
2022-03-28 10:15:00+05:30,205.85,206.3,204.65,205.85,324527
2022-03-28 11:15:00+05:30,205.85,206.55,204.05,204.95,364167
2022-03-28 12:15:00+05:30,204.85,206.9,204.85,206.2,431639
2022-03-28 13:15:00+05:30,206.3,206.8,205.65,206.45,275189
2022-03-28 14:15:00+05:30,206.45,206.75,205.15,205.75,367816
2022-03-28 15:15:00+05:30,205.75,205.8,204.95,205.5,230920
2022-03-29 09:15:00+05:30,206.95,209.4,206.4,207.5,634147
2022-03-29 10:15:00+05:30,207.5,208.15,206.55,206.7,261032
2022-03-29 11:15:00+05:30,206.7,207.4,205.0,205.65,593365
2022-03-29 12:15:00+05:30,205.65,206.55,205.2,205.4,430408
2022-03-29 13:15:00+05:30,205.4,205.65,205.0,205.05,259321
2022-03-29 14:15:00+05:30,205.05,205.45,203.5,203.9,688593
2022-03-29 15:15:00+05:30,204.0,204.0,203.2,203.5,425534
2022-03-30 09:15:00+05:30,206.7,210.95,206.7,208.65,1019969
2022-03-30 10:15:00+05:30,208.65,209.85,207.65,208.2,413271
2022-03-30 11:15:00+05:30,208.2,208.7,206.05,207.25,394164
2022-03-30 12:15:00+05:30,207.25,209.3,206.65,208.7,364375
2022-03-30 13:15:00+05:30,208.7,208.75,206.3,207.35,262301
2022-03-30 14:15:00+05:30,207.35,207.7,206.6,206.65,194616
2022-03-30 15:15:00+05:30,206.85,206.9,205.8,205.85,150965
2022-03-31 09:15:00+05:30,207.75,207.75,205.2,206.55,470267
2022-03-31 10:15:00+05:30,206.55,207.7,206.0,206.2,196327
2022-03-31 11:15:00+05:30,206.2,206.3,205.6,205.8,187842
2022-03-31 12:15:00+05:30,205.8,206.5,205.6,206.0,136059
2022-03-31 13:15:00+05:30,206.0,206.45,205.8,206.1,190384
2022-03-31 14:15:00+05:30,206.0,207.8,206.0,206.95,493421
2022-03-31 15:15:00+05:30,206.95,207.2,205.7,206.0,277492
2022-04-01 09:15:00+05:30,205.35,208.1,205.35,207.7,430029
2022-04-01 10:15:00+05:30,207.7,208.0,206.8,207.6,158623
2022-04-01 11:15:00+05:30,207.7,207.95,207.0,207.45,135995
2022-04-01 12:15:00+05:30,207.55,209.7,207.4,209.5,312075
2022-04-01 13:15:00+05:30,209.5,210.3,208.6,209.7,269149
2022-04-01 14:15:00+05:30,209.7,212.65,209.3,212.0,930485
2022-04-01 15:15:00+05:30,212.0,212.95,212.0,212.3,311377
2022-04-04 09:15:00+05:30,213.95,215.0,212.0,214.25,817965
2022-04-04 10:15:00+05:30,214.25,218.25,213.5,217.35,931997
2022-04-04 11:15:00+05:30,217.35,218.2,216.15,216.3,647481
2022-04-04 12:15:00+05:30,216.35,218.2,216.1,216.8,353187
2022-04-04 13:15:00+05:30,216.75,217.45,216.45,216.75,293347
2022-04-04 14:15:00+05:30,216.8,218.0,216.3,216.4,374239
2022-04-04 15:15:00+05:30,216.4,216.75,216.0,216.15,188061
2022-04-05 09:15:00+05:30,218.0,223.95,216.85,221.25,1679622
2022-04-05 10:15:00+05:30,221.25,222.6,220.8,222.3,423282
2022-04-05 11:15:00+05:30,222.2,223.2,221.8,222.7,340871
2022-04-05 12:15:00+05:30,222.7,224.4,222.2,223.7,794088
2022-04-05 13:15:00+05:30,223.6,224.15,222.0,223.0,455557
2022-04-05 14:15:00+05:30,223.0,227.0,222.4,225.45,1930549
2022-04-05 15:15:00+05:30,225.4,226.45,225.2,225.7,514132
2022-04-06 09:15:00+05:30,226.0,229.75,224.4,226.25,1455860
2022-04-06 10:15:00+05:30,226.3,226.95,225.1,226.7,331439
2022-04-06 11:15:00+05:30,226.7,228.95,226.05,228.95,373085
2022-04-06 12:15:00+05:30,228.95,231.7,228.3,229.0,1107989
2022-04-06 13:15:00+05:30,229.0,229.45,227.0,228.25,334801
2022-04-06 14:15:00+05:30,228.4,230.5,228.25,229.05,665468
2022-04-06 15:15:00+05:30,229.1,229.75,228.95,229.6,291588
2022-04-07 09:15:00+05:30,230.6,233.95,229.7,232.2,1253653
2022-04-07 10:15:00+05:30,232.2,232.8,230.5,232.6,325883
2022-04-07 11:15:00+05:30,232.6,233.65,231.45,233.35,340908
2022-04-07 12:15:00+05:30,233.15,237.15,232.75,234.05,937081
2022-04-07 13:15:00+05:30,234.0,234.45,228.15,228.75,957318
2022-04-07 14:15:00+05:30,228.75,230.85,227.8,228.95,568387
2022-04-07 15:15:00+05:30,229.0,229.85,228.6,229.3,260419
2022-04-08 09:15:00+05:30,230.0,233.25,228.9,231.95,798953
2022-04-08 10:15:00+05:30,231.95,235.7,231.4,234.5,899130
2022-04-08 11:15:00+05:30,234.5,235.2,233.7,234.8,324707
2022-04-08 12:15:00+05:30,234.8,235.15,232.4,233.05,242679
2022-04-08 13:15:00+05:30,233.05,234.45,231.6,233.1,321990
2022-04-08 14:15:00+05:30,233.2,234.8,232.2,233.4,423564
2022-04-08 15:15:00+05:30,233.5,234.5,233.05,234.5,283159
2022-04-11 09:15:00+05:30,235.0,237.0,234.65,235.8,981350
2022-04-11 10:15:00+05:30,235.8,236.3,234.85,235.25,223002
2022-04-11 11:15:00+05:30,235.25,235.85,234.7,235.0,191055
2022-04-11 12:15:00+05:30,235.0,235.15,234.0,234.55,196460
2022-04-11 13:15:00+05:30,234.6,234.65,232.45,233.25,250240
2022-04-11 14:15:00+05:30,233.25,233.25,230.0,230.25,461209
2022-04-11 15:15:00+05:30,230.25,230.95,229.1,230.8,256679
2022-04-12 09:15:00+05:30,229.25,229.25,222.25,223.8,1067958
2022-04-12 10:15:00+05:30,223.8,224.85,222.3,224.75,273850
2022-04-12 11:15:00+05:30,224.75,225.7,223.5,225.65,158449
2022-04-12 12:15:00+05:30,225.65,225.9,223.5,223.6,119779
2022-04-12 13:15:00+05:30,223.2,225.3,222.55,224.8,310676
2022-04-12 14:15:00+05:30,224.9,225.5,223.6,224.5,278029
2022-04-12 15:15:00+05:30,224.25,225.0,223.9,225.0,132226
2022-04-13 09:15:00+05:30,226.0,227.5,223.7,224.1,395542
2022-04-13 10:15:00+05:30,224.1,224.7,223.1,224.4,224704
2022-04-13 11:15:00+05:30,224.4,224.6,222.85,223.25,173750
2022-04-13 12:15:00+05:30,223.2,223.4,221.3,222.85,235060
2022-04-13 13:15:00+05:30,223.0,223.25,221.8,222.65,160740
2022-04-13 14:15:00+05:30,222.65,223.7,221.1,221.6,232625
2022-04-13 15:15:00+05:30,221.6,222.9,221.35,222.5,137832
2022-04-18 09:15:00+05:30,221.9,221.9,216.65,217.7,583222
2022-04-18 10:15:00+05:30,217.75,218.85,216.6,218.4,237722
2022-04-18 11:15:00+05:30,218.5,219.4,218.15,219.05,137692
2022-04-18 12:15:00+05:30,219.05,220.25,217.95,219.65,220362
2022-04-18 13:15:00+05:30,219.65,220.1,219.0,219.95,135772
2022-04-18 14:15:00+05:30,219.95,224.6,218.8,223.15,610516
2022-04-18 15:15:00+05:30,223.15,223.9,222.9,223.05,116525
2022-04-19 09:15:00+05:30,225.4,226.75,222.6,223.9,446417
2022-04-19 10:15:00+05:30,223.95,224.45,223.2,223.55,144751
2022-04-19 11:15:00+05:30,223.55,224.4,223.1,223.6,92510
2022-04-19 12:15:00+05:30,223.6,223.75,220.1,220.6,195154
2022-04-19 13:15:00+05:30,220.65,221.3,220.2,220.4,289453
2022-04-19 14:15:00+05:30,220.35,220.75,216.0,216.2,460097
2022-04-19 15:15:00+05:30,216.05,217.65,211.75,215.3,348673
2022-04-20 09:15:00+05:30,218.15,222.4,216.2,220.45,765888
2022-04-20 10:15:00+05:30,220.45,220.95,218.6,219.4,259633
2022-04-20 11:15:00+05:30,219.45,220.2,217.35,219.4,211049
2022-04-20 12:15:00+05:30,219.4,220.2,219.0,219.6,95580
2022-04-20 13:15:00+05:30,219.6,220.2,217.0,219.0,267973
2022-04-20 14:15:00+05:30,219.0,221.4,218.1,220.25,523624
2022-04-20 15:15:00+05:30,220.35,221.15,220.3,220.9,166713
2022-04-21 09:15:00+05:30,222.6,223.7,221.55,222.0,428153
2022-04-21 10:15:00+05:30,222.0,223.4,221.8,222.65,223820
2022-04-21 11:15:00+05:30,222.65,223.05,221.7,222.25,134730
2022-04-21 12:15:00+05:30,222.25,222.75,221.75,222.6,82615
2022-04-21 13:15:00+05:30,222.6,224.2,222.0,223.4,198692
2022-04-21 14:15:00+05:30,223.4,225.8,222.5,224.8,406250
2022-04-21 15:15:00+05:30,224.8,225.15,224.5,224.95,112135
2022-04-22 09:15:00+05:30,222.3,222.45,220.05,220.55,423274
2022-04-22 10:15:00+05:30,220.75,222.0,220.35,221.65,107106
2022-04-22 11:15:00+05:30,221.75,222.65,221.25,221.5,101682
2022-04-22 12:15:00+05:30,221.5,222.8,221.05,221.5,134701
2022-04-22 13:15:00+05:30,221.5,221.7,219.3,220.15,151450
2022-04-22 14:15:00+05:30,220.15,220.7,218.25,219.4,274197
2022-04-22 15:15:00+05:30,219.4,219.9,218.95,219.7,115959
2022-04-25 09:15:00+05:30,216.05,218.7,215.15,216.75,537713
2022-04-25 10:15:00+05:30,216.65,217.25,215.6,216.35,203414
2022-04-25 11:15:00+05:30,216.35,216.5,213.5,213.6,247023
2022-04-25 12:15:00+05:30,213.55,214.0,211.9,213.5,319446
2022-04-25 13:15:00+05:30,213.3,213.85,212.5,213.8,111369
2022-04-25 14:15:00+05:30,213.6,213.7,211.5,212.7,281947
2022-04-25 15:15:00+05:30,212.8,213.95,212.75,213.95,136932
2022-04-26 09:15:00+05:30,217.0,219.65,217.0,218.5,359262
2022-04-26 10:15:00+05:30,218.3,218.6,217.0,217.85,120401
2022-04-26 11:15:00+05:30,217.85,218.8,217.35,217.9,105721
2022-04-26 12:15:00+05:30,217.9,218.5,216.25,216.4,84445
2022-04-26 13:15:00+05:30,216.4,217.15,215.0,215.3,188394
2022-04-26 14:15:00+05:30,215.3,216.0,214.05,215.85,238600
2022-04-26 15:15:00+05:30,215.85,216.25,215.6,216.0,104994
2022-04-27 09:15:00+05:30,214.35,215.6,211.65,214.15,444847
2022-04-27 10:15:00+05:30,214.15,214.45,213.15,214.3,149207
2022-04-27 11:15:00+05:30,214.3,215.2,213.9,214.25,168547
2022-04-27 12:15:00+05:30,214.25,214.8,213.6,214.3,109078
2022-04-27 13:15:00+05:30,214.3,217.15,214.1,216.7,227427
2022-04-27 14:15:00+05:30,216.7,219.45,216.1,217.85,343948
2022-04-27 15:15:00+05:30,217.85,218.0,216.25,217.0,106960
2022-04-28 09:15:00+05:30,219.15,220.35,218.0,218.25,319910
2022-04-28 10:15:00+05:30,218.2,218.9,215.1,216.65,175818
2022-04-28 11:15:00+05:30,216.65,218.2,216.0,217.95,189173
2022-04-28 12:15:00+05:30,217.95,218.0,216.8,217.55,297936
2022-04-28 13:15:00+05:30,217.55,217.8,216.25,217.15,355572
2022-04-28 14:15:00+05:30,217.15,219.9,217.05,217.6,366675
2022-04-28 15:15:00+05:30,217.55,218.9,217.5,218.55,147788
2022-04-29 09:15:00+05:30,219.9,221.6,218.3,218.5,394449
2022-04-29 10:15:00+05:30,218.5,220.0,218.35,219.65,92553
2022-04-29 11:15:00+05:30,219.65,223.75,218.9,223.4,490659
2022-04-29 12:15:00+05:30,223.35,223.7,220.6,221.75,227876
2022-04-29 13:15:00+05:30,221.6,223.25,219.7,220.5,387070
2022-04-29 14:15:00+05:30,220.5,220.95,216.05,216.6,512238
2022-04-29 15:15:00+05:30,216.65,218.0,216.5,217.5,163641
2022-05-02 09:15:00+05:30,217.5,221.4,216.55,218.45,837049
2022-05-02 10:15:00+05:30,218.45,219.3,216.8,217.3,212180
2022-05-02 11:15:00+05:30,217.3,217.95,214.35,215.1,264605
2022-05-02 12:15:00+05:30,215.1,216.45,214.75,215.95,183614
2022-05-02 13:15:00+05:30,215.95,216.45,214.75,215.85,185406
2022-05-02 14:15:00+05:30,215.95,220.15,215.15,220.15,453523
2022-05-02 15:15:00+05:30,220.15,221.5,219.55,219.95,258632
2022-05-04 09:15:00+05:30,220.6,222.25,218.3,219.25,340981
2022-05-04 10:15:00+05:30,219.2,219.65,217.7,218.0,160460
2022-05-04 11:15:00+05:30,218.0,219.2,216.6,217.2,109617
2022-05-04 12:15:00+05:30,217.2,217.45,212.7,214.95,623599
2022-05-04 13:15:00+05:30,214.95,216.45,212.4,213.35,342549
2022-05-04 14:15:00+05:30,213.35,214.75,208.35,211.15,892371
2022-05-04 15:15:00+05:30,211.15,211.9,210.45,211.5,259574
2022-05-05 09:15:00+05:30,213.1,215.45,213.05,215.0,392154
2022-05-05 10:15:00+05:30,215.0,215.3,213.8,214.5,229069
2022-05-05 11:15:00+05:30,214.5,214.65,212.75,214.0,188372
2022-05-05 12:15:00+05:30,214.0,215.25,213.1,213.25,159005
2022-05-05 13:15:00+05:30,213.25,213.95,208.7,209.8,301639
2022-05-05 14:15:00+05:30,209.8,210.1,207.55,208.6,518862
2022-05-05 15:15:00+05:30,208.6,209.0,207.15,207.6,288573
2022-05-06 09:15:00+05:30,204.35,205.65,202.5,204.55,613355
2022-05-06 10:15:00+05:30,204.3,205.9,203.15,204.0,254007
2022-05-06 11:15:00+05:30,204.0,205.7,203.45,204.5,145818
2022-05-06 12:15:00+05:30,204.5,205.0,201.75,202.2,215119
2022-05-06 13:15:00+05:30,202.2,203.3,201.1,202.1,459697
2022-05-06 14:15:00+05:30,202.1,202.3,200.0,200.3,571940
2022-05-06 15:15:00+05:30,200.3,202.75,200.2,202.0,691589
2022-05-09 09:15:00+05:30,200.0,200.1,190.0,198.1,629263
2022-05-09 10:15:00+05:30,198.1,199.2,196.65,197.0,245601
2022-05-09 11:15:00+05:30,197.0,199.2,196.9,198.1,195099
2022-05-09 12:15:00+05:30,198.1,200.55,197.45,198.9,841005
2022-05-09 13:15:00+05:30,198.75,199.2,196.55,196.95,210298
2022-05-09 14:15:00+05:30,196.95,199.7,196.3,198.3,285075
2022-05-09 15:15:00+05:30,198.55,199.5,198.15,198.85,164019
2022-05-10 09:15:00+05:30,196.2,200.0,195.05,195.55,699265
2022-05-10 10:15:00+05:30,195.7,196.85,195.45,195.8,211911
2022-05-10 11:15:00+05:30,195.8,196.7,194.75,196.25,181473
2022-05-10 12:15:00+05:30,196.35,196.75,194.7,194.85,205901
2022-05-10 13:15:00+05:30,194.7,195.7,193.6,195.2,374062
2022-05-10 14:15:00+05:30,195.2,195.7,192.45,192.65,300143
2022-05-10 15:15:00+05:30,192.65,193.05,190.55,191.0,185837
2022-05-11 09:15:00+05:30,193.75,194.7,188.45,188.65,615974
2022-05-11 10:15:00+05:30,188.75,190.3,185.75,185.9,404093
2022-05-11 11:15:00+05:30,186.0,188.75,185.8,187.7,225150
2022-05-11 12:15:00+05:30,187.7,188.15,185.45,186.75,483116
2022-05-11 13:15:00+05:30,186.6,188.8,186.1,187.9,527025
2022-05-11 14:15:00+05:30,187.9,189.1,187.2,187.8,562050
2022-05-11 15:15:00+05:30,187.85,189.9,187.5,189.9,368786
2022-05-12 09:15:00+05:30,185.75,185.75,180.8,181.95,656495
2022-05-12 10:15:00+05:30,181.95,183.2,181.25,181.4,566616
2022-05-12 11:15:00+05:30,181.4,183.85,181.2,183.05,678836
2022-05-12 12:15:00+05:30,183.0,183.75,182.65,183.2,415164
2022-05-12 13:15:00+05:30,183.35,184.15,182.3,182.5,406459
2022-05-12 14:15:00+05:30,182.5,183.35,180.45,183.05,776034
2022-05-12 15:15:00+05:30,182.9,183.45,182.9,183.05,164981
2022-05-13 09:15:00+05:30,190.8,195.7,190.8,192.8,1946411
2022-05-13 10:15:00+05:30,192.8,199.75,192.45,198.8,1561789
2022-05-13 11:15:00+05:30,198.8,199.1,193.4,198.2,1738567
2022-05-13 12:15:00+05:30,198.2,200.75,195.7,197.6,2073080
2022-05-13 13:15:00+05:30,197.85,198.9,194.2,195.3,567799
2022-05-13 14:15:00+05:30,195.15,195.95,192.2,192.95,644255
2022-05-13 15:15:00+05:30,192.95,194.55,192.7,193.0,274079
2022-05-16 09:15:00+05:30,196.6,197.55,192.25,195.3,523389
2022-05-16 10:15:00+05:30,195.3,196.0,194.1,195.3,164667
2022-05-16 11:15:00+05:30,195.3,195.5,191.0,191.65,242335
2022-05-16 12:15:00+05:30,191.65,193.7,191.15,192.65,172675
2022-05-16 13:15:00+05:30,192.65,196.25,192.6,195.4,233717
2022-05-16 14:15:00+05:30,195.55,196.2,194.1,195.55,195475
2022-05-16 15:15:00+05:30,195.65,196.7,195.5,196.7,139093
2022-05-17 09:15:00+05:30,197.25,197.85,195.05,197.5,325777
2022-05-17 10:15:00+05:30,197.5,199.85,196.5,199.75,325608
2022-05-17 11:15:00+05:30,199.8,202.2,199.65,200.15,599021
2022-05-17 12:15:00+05:30,200.15,202.95,200.0,202.75,229253
2022-05-17 13:15:00+05:30,202.75,205.65,201.35,205.45,429954
2022-05-17 14:15:00+05:30,205.65,205.7,200.95,202.3,1450670
2022-05-17 15:15:00+05:30,202.4,203.35,202.1,202.9,251227
2022-05-18 09:15:00+05:30,203.6,204.7,201.35,202.1,560756
2022-05-18 10:15:00+05:30,202.2,202.3,200.7,201.3,208214
2022-05-18 11:15:00+05:30,201.3,202.2,200.3,200.4,124009
2022-05-18 12:15:00+05:30,200.4,200.4,198.2,198.9,750568
2022-05-18 13:15:00+05:30,198.9,200.25,197.85,198.25,159381
2022-05-18 14:15:00+05:30,198.35,199.05,196.55,198.5,325533
2022-05-18 15:15:00+05:30,198.5,199.3,198.1,198.75,133476
2022-05-19 09:15:00+05:30,192.05,195.1,191.1,194.75,465569
2022-05-19 10:15:00+05:30,194.75,194.8,193.5,193.65,134981
2022-05-19 11:15:00+05:30,193.65,193.65,192.1,192.75,154210
2022-05-19 12:15:00+05:30,192.75,193.0,190.55,190.9,209570
2022-05-19 13:15:00+05:30,190.9,192.45,190.85,191.65,158132
2022-05-19 14:15:00+05:30,191.65,192.4,189.85,190.7,309188
2022-05-19 15:15:00+05:30,190.75,192.8,190.55,192.5,266919
2022-05-20 09:15:00+05:30,196.4,202.2,196.4,200.6,710825
2022-05-20 10:15:00+05:30,200.6,201.2,199.65,200.6,178765
2022-05-20 11:15:00+05:30,200.75,201.0,199.1,199.45,142517
2022-05-20 12:15:00+05:30,199.45,201.85,199.05,201.75,241895
2022-05-20 13:15:00+05:30,201.75,202.6,200.55,202.35,220696
2022-05-20 14:15:00+05:30,202.45,203.85,201.75,202.55,715962
2022-05-20 15:15:00+05:30,202.4,202.9,202.05,202.4,190446
2022-05-23 09:15:00+05:30,205.8,209.65,204.35,205.65,941609
2022-05-23 10:15:00+05:30,205.65,205.75,203.75,204.1,226211
2022-05-23 11:15:00+05:30,204.1,204.8,203.4,203.65,449962
2022-05-23 12:15:00+05:30,203.6,204.45,202.8,203.0,315706
2022-05-23 13:15:00+05:30,203.0,204.75,200.75,201.8,403024
2022-05-23 14:15:00+05:30,201.8,202.45,200.35,200.7,214505
2022-05-23 15:15:00+05:30,200.7,200.95,199.8,200.8,350554
2022-05-24 09:15:00+05:30,202.9,204.3,200.0,200.35,548191
2022-05-24 10:15:00+05:30,200.35,201.5,199.05,201.5,260847
2022-05-24 11:15:00+05:30,201.45,202.6,201.0,201.65,197019
2022-05-24 12:15:00+05:30,201.65,202.2,200.65,201.25,151163
2022-05-24 13:15:00+05:30,201.25,201.6,200.2,200.45,294264
2022-05-24 14:15:00+05:30,200.4,206.25,198.3,204.0,1532472
2022-05-24 15:15:00+05:30,204.0,204.85,202.5,203.5,224580
2022-05-25 09:15:00+05:30,205.5,206.3,200.8,202.35,426424
2022-05-25 10:15:00+05:30,202.35,203.25,201.55,202.1,235850
2022-05-25 11:15:00+05:30,202.1,202.25,199.15,200.05,216157
2022-05-25 12:15:00+05:30,200.05,200.95,198.75,199.2,599864
2022-05-25 13:15:00+05:30,199.2,199.4,197.05,198.4,316896
2022-05-25 14:15:00+05:30,198.4,199.6,196.65,198.15,475197
2022-05-25 15:15:00+05:30,198.15,198.3,197.15,197.9,155596
2022-05-26 09:15:00+05:30,200.4,201.2,195.65,196.0,876343
2022-05-26 10:15:00+05:30,196.0,196.75,193.6,195.95,277977
2022-05-26 11:15:00+05:30,195.95,196.55,195.1,195.25,171253
2022-05-26 12:15:00+05:30,195.45,199.5,195.45,198.8,343411
2022-05-26 13:15:00+05:30,198.8,200.45,198.5,200.35,245951
2022-05-26 14:15:00+05:30,200.35,202.45,200.0,202.2,399252
2022-05-26 15:15:00+05:30,202.2,203.6,201.85,203.2,140734
2022-05-27 09:15:00+05:30,204.5,207.35,204.0,206.8,735906
2022-05-27 10:15:00+05:30,207.1,207.4,205.55,205.8,413487
2022-05-27 11:15:00+05:30,205.8,206.8,204.85,205.7,214645
2022-05-27 12:15:00+05:30,205.7,207.3,205.25,207.1,206778
2022-05-27 13:15:00+05:30,207.1,209.95,206.6,208.7,607358
2022-05-27 14:15:00+05:30,208.7,208.85,206.85,207.05,276941
2022-05-27 15:15:00+05:30,207.05,208.3,207.0,208.1,141726
2022-05-30 09:15:00+05:30,211.0,214.1,211.0,212.5,601943
2022-05-30 10:15:00+05:30,212.5,214.1,211.6,213.75,311802
2022-05-30 11:15:00+05:30,213.75,215.2,213.0,213.2,416007
2022-05-30 12:15:00+05:30,213.2,214.65,212.75,214.15,179651
2022-05-30 13:15:00+05:30,214.15,214.5,212.75,212.95,142626
2022-05-30 14:15:00+05:30,212.95,214.0,212.2,213.65,219078
2022-05-30 15:15:00+05:30,213.7,214.0,212.75,213.8,184587
2022-05-31 09:15:00+05:30,213.75,216.45,212.75,216.35,600473
2022-05-31 10:15:00+05:30,216.15,216.45,215.75,216.1,183818
2022-05-31 11:15:00+05:30,216.1,216.25,214.35,215.0,148534
2022-05-31 12:15:00+05:30,214.9,215.0,212.75,214.4,318262
2022-05-31 13:15:00+05:30,214.35,215.9,214.1,215.45,170676
2022-05-31 14:15:00+05:30,215.4,215.95,213.05,213.1,192655
2022-05-31 15:15:00+05:30,213.1,213.7,212.1,212.85,139457
2022-06-01 09:15:00+05:30,214.9,214.9,211.55,212.45,418699
2022-06-01 10:15:00+05:30,212.5,213.1,211.25,211.5,220561
2022-06-01 11:15:00+05:30,211.5,212.6,210.7,211.5,145596
2022-06-01 12:15:00+05:30,211.5,213.5,211.4,211.85,184143
2022-06-01 13:15:00+05:30,211.65,212.55,211.05,211.55,122798
2022-06-01 14:15:00+05:30,211.55,213.65,211.05,213.3,210933
2022-06-01 15:15:00+05:30,213.3,214.15,213.3,214.0,176898
2022-06-02 09:15:00+05:30,213.55,214.15,211.35,212.0,387223
2022-06-02 10:15:00+05:30,212.0,212.2,209.7,210.0,217415
2022-06-02 11:15:00+05:30,210.0,210.35,209.0,209.35,130412
2022-06-02 12:15:00+05:30,209.35,210.2,209.2,209.45,192581
2022-06-02 13:15:00+05:30,209.45,209.45,207.75,208.4,350806
2022-06-02 14:15:00+05:30,208.4,211.0,208.05,210.4,457934
2022-06-02 15:15:00+05:30,210.4,211.2,210.1,210.6,177012
2022-06-03 09:15:00+05:30,212.55,213.3,210.1,210.25,289461
2022-06-03 10:15:00+05:30,210.25,210.25,209.0,210.0,154553
2022-06-03 11:15:00+05:30,210.0,210.25,209.1,209.65,67333
2022-06-03 12:15:00+05:30,209.65,209.95,207.2,207.45,180314
2022-06-03 13:15:00+05:30,207.45,207.95,206.3,207.75,222244
2022-06-03 14:15:00+05:30,207.75,208.25,206.05,206.85,327029
2022-06-03 15:15:00+05:30,206.85,207.5,206.4,206.95,122513
2022-06-06 09:15:00+05:30,205.6,206.0,203.2,203.8,283730
2022-06-06 10:15:00+05:30,203.8,205.4,203.5,205.05,163825
2022-06-06 11:15:00+05:30,205.05,205.45,204.75,205.2,321987
2022-06-06 12:15:00+05:30,205.2,207.85,205.15,206.0,346723
2022-06-06 13:15:00+05:30,206.0,206.8,205.2,206.35,105161
2022-06-06 14:15:00+05:30,206.2,206.95,205.2,206.9,107105
2022-06-06 15:15:00+05:30,206.85,208.5,206.8,208.5,160652
2022-06-07 09:15:00+05:30,206.7,207.7,205.25,207.3,279955
2022-06-07 10:15:00+05:30,207.5,207.7,206.15,206.35,138593
2022-06-07 11:15:00+05:30,206.35,206.65,205.3,206.05,174997
2022-06-07 12:15:00+05:30,205.9,206.95,205.8,206.75,73644
2022-06-07 13:15:00+05:30,206.75,207.25,205.8,206.15,188948
2022-06-07 14:15:00+05:30,206.15,209.2,206.05,208.85,240868
2022-06-07 15:15:00+05:30,208.75,209.55,208.2,208.5,116997
2022-06-08 09:15:00+05:30,210.25,210.25,207.25,209.4,414507
2022-06-08 10:15:00+05:30,209.4,211.5,209.0,209.65,501298
2022-06-08 11:15:00+05:30,209.65,210.7,208.75,210.1,109074
2022-06-08 12:15:00+05:30,210.1,211.85,209.65,209.75,177784
2022-06-08 13:15:00+05:30,209.75,210.05,207.85,208.2,142745
2022-06-08 14:15:00+05:30,208.2,209.8,207.9,209.4,156416
2022-06-08 15:15:00+05:30,209.5,210.0,209.2,209.3,93254
2022-06-09 09:15:00+05:30,209.0,209.9,207.4,207.55,318382
2022-06-09 10:15:00+05:30,207.55,208.95,207.4,207.8,90371
2022-06-09 11:15:00+05:30,207.8,207.9,205.45,206.35,161032
2022-06-09 12:15:00+05:30,206.35,207.5,205.6,206.1,72137
2022-06-09 13:15:00+05:30,206.2,206.95,205.6,205.65,70745
2022-06-09 14:15:00+05:30,205.7,207.4,205.5,206.55,210300
2022-06-09 15:15:00+05:30,206.55,207.3,206.35,207.0,95433
2022-06-10 09:15:00+05:30,204.25,205.65,203.45,205.15,263571
2022-06-10 10:15:00+05:30,205.15,206.4,205.0,205.2,56383
2022-06-10 11:15:00+05:30,205.35,205.45,204.6,204.85,37682
2022-06-10 12:15:00+05:30,204.85,205.45,204.7,205.05,42643
2022-06-10 13:15:00+05:30,205.25,205.9,204.15,205.15,91502
2022-06-10 14:15:00+05:30,205.15,205.9,204.5,205.8,137681
2022-06-10 15:15:00+05:30,205.8,205.95,205.35,205.7,64457
2022-06-13 09:15:00+05:30,200.5,200.5,196.55,197.9,545838
2022-06-13 10:15:00+05:30,197.95,198.9,196.8,198.65,203148
2022-06-13 11:15:00+05:30,198.65,199.25,198.0,198.95,214699
2022-06-13 12:15:00+05:30,198.95,199.45,197.75,198.5,293595
2022-06-13 13:15:00+05:30,198.5,198.9,196.6,197.75,367988
2022-06-13 14:15:00+05:30,197.75,198.0,195.65,196.3,463684
2022-06-13 15:15:00+05:30,196.3,196.5,195.8,196.25,129266
2022-06-14 09:15:00+05:30,195.0,196.8,192.8,196.55,439715
2022-06-14 10:15:00+05:30,196.6,199.9,196.35,199.4,230218
2022-06-14 11:15:00+05:30,199.4,200.4,198.5,199.2,153112
2022-06-14 12:15:00+05:30,199.2,199.7,196.85,198.6,161606
2022-06-14 13:15:00+05:30,198.6,199.15,196.5,196.8,99534
2022-06-14 14:15:00+05:30,197.0,198.35,196.35,197.4,158613
2022-06-14 15:15:00+05:30,197.4,198.25,197.25,197.55,89744
2022-06-15 09:15:00+05:30,200.5,201.6,199.6,201.2,318408
2022-06-15 10:15:00+05:30,201.2,201.45,200.25,201.2,169084
2022-06-15 11:15:00+05:30,201.2,203.3,201.2,202.85,180985
2022-06-15 12:15:00+05:30,202.85,203.4,202.15,203.05,166267
2022-06-15 13:15:00+05:30,203.05,203.8,202.55,203.05,237902
2022-06-15 14:15:00+05:30,203.05,204.4,201.95,204.1,537238
2022-06-15 15:15:00+05:30,204.0,204.5,203.85,204.0,243449
2022-06-16 09:15:00+05:30,205.2,206.65,203.65,203.7,305139
2022-06-16 10:15:00+05:30,203.7,204.0,201.75,202.9,167840
2022-06-16 11:15:00+05:30,202.95,204.05,199.8,201.0,490090
2022-06-16 12:15:00+05:30,201.0,204.0,198.05,198.7,672776
2022-06-16 13:15:00+05:30,198.95,200.25,197.05,198.85,539400
2022-06-16 14:15:00+05:30,199.05,199.35,195.1,195.85,714810
2022-06-16 15:15:00+05:30,195.85,196.75,194.8,195.8,187638
2022-06-17 09:15:00+05:30,192.5,193.95,189.15,190.3,793187
2022-06-17 10:15:00+05:30,190.3,192.3,189.85,190.85,314407
2022-06-17 11:15:00+05:30,190.85,191.5,188.45,189.05,236166
2022-06-17 12:15:00+05:30,188.95,190.25,188.6,189.35,163710
2022-06-17 13:15:00+05:30,189.35,192.45,188.95,191.45,248792
2022-06-17 14:15:00+05:30,191.55,192.3,186.6,186.75,1037494
2022-06-17 15:15:00+05:30,186.8,188.55,186.05,188.15,794815
2022-06-20 09:15:00+05:30,189.65,189.65,182.65,184.65,723969
2022-06-20 10:15:00+05:30,184.65,185.85,182.4,184.25,614252
2022-06-20 11:15:00+05:30,183.9,186.3,183.4,184.9,330444
2022-06-20 12:15:00+05:30,184.9,185.2,181.8,182.55,266699
2022-06-20 13:15:00+05:30,182.55,182.7,180.0,181.65,525304
2022-06-20 14:15:00+05:30,181.7,184.35,180.05,184.15,582513
2022-06-20 15:15:00+05:30,184.15,185.4,183.9,184.6,242043
2022-06-21 09:15:00+05:30,187.95,190.7,186.25,190.3,790483
2022-06-21 10:15:00+05:30,190.3,190.7,189.3,190.5,151653
2022-06-21 11:15:00+05:30,190.35,190.65,189.5,190.0,87470
2022-06-21 12:15:00+05:30,190.0,192.45,190.0,192.1,317813
2022-06-21 13:15:00+05:30,192.1,192.3,191.15,191.8,117707
2022-06-21 14:15:00+05:30,191.8,192.35,190.75,191.25,193635
2022-06-21 15:15:00+05:30,191.25,192.3,191.05,192.3,98445
2022-06-22 09:15:00+05:30,190.95,191.6,188.55,190.7,363262
2022-06-22 10:15:00+05:30,190.7,192.2,190.35,190.9,157669
2022-06-22 11:15:00+05:30,190.9,191.0,189.6,190.0,134205
2022-06-22 12:15:00+05:30,190.0,190.75,189.0,189.3,264590
2022-06-22 13:15:00+05:30,189.3,190.35,188.6,189.9,115595
2022-06-22 14:15:00+05:30,189.9,190.9,189.15,189.9,120043
2022-06-22 15:15:00+05:30,189.9,190.4,189.05,190.0,108361
2022-06-23 09:15:00+05:30,192.25,194.9,190.5,194.3,527510
2022-06-23 10:15:00+05:30,194.3,195.65,194.0,194.4,292184
2022-06-23 11:15:00+05:30,194.4,195.95,191.2,193.15,841497
2022-06-23 12:15:00+05:30,193.15,193.15,189.15,189.8,283890
2022-06-23 13:15:00+05:30,189.8,194.1,189.4,192.45,347082
2022-06-23 14:15:00+05:30,192.45,195.5,192.4,194.7,469684
2022-06-23 15:15:00+05:30,194.7,195.5,194.1,194.3,184304
2022-06-24 09:15:00+05:30,196.0,197.8,195.05,196.95,463556
2022-06-24 10:15:00+05:30,196.95,196.95,195.1,196.1,144475
2022-06-24 11:15:00+05:30,196.1,196.45,195.1,195.6,71834
2022-06-24 12:15:00+05:30,195.6,196.5,195.1,195.9,88331
2022-06-24 13:15:00+05:30,195.9,196.7,195.55,196.3,91158
2022-06-24 14:15:00+05:30,196.3,197.25,196.0,196.8,244378
2022-06-24 15:15:00+05:30,196.8,197.05,196.05,196.5,105041
2022-06-27 09:15:00+05:30,199.9,201.0,198.85,200.25,605889
2022-06-27 10:15:00+05:30,200.25,200.4,199.4,199.85,135484
2022-06-27 11:15:00+05:30,199.85,200.0,198.45,199.45,213010
2022-06-27 12:15:00+05:30,199.3,201.85,199.3,201.25,265655
2022-06-27 13:15:00+05:30,201.25,201.95,200.35,200.65,108333
2022-06-27 14:15:00+05:30,200.65,200.7,198.75,199.3,179865
2022-06-27 15:15:00+05:30,199.3,199.85,198.5,199.1,111914
2022-06-28 09:15:00+05:30,197.0,198.85,196.6,198.8,361257
2022-06-28 10:15:00+05:30,198.8,202.0,198.8,201.9,369948
2022-06-28 11:15:00+05:30,201.9,201.9,200.65,201.0,179729
2022-06-28 12:15:00+05:30,200.9,202.0,200.25,200.3,143302
2022-06-28 13:15:00+05:30,200.3,202.4,200.3,201.8,192131
2022-06-28 14:15:00+05:30,201.85,202.9,201.8,202.55,220333
2022-06-28 15:15:00+05:30,202.6,203.0,202.1,202.5,168990
2022-06-29 09:15:00+05:30,200.0,201.2,198.5,200.9,403037
2022-06-29 10:15:00+05:30,200.9,203.0,200.9,202.7,248046
2022-06-29 11:15:00+05:30,202.7,203.5,201.55,203.0,220137
2022-06-29 12:15:00+05:30,203.0,203.2,201.8,202.05,60982
2022-06-29 13:15:00+05:30,202.05,202.7,201.75,201.9,55494
2022-06-29 14:15:00+05:30,201.9,202.4,199.85,200.35,223194
2022-06-29 15:15:00+05:30,200.35,201.0,200.15,200.9,95303
2022-06-30 09:15:00+05:30,200.4,204.0,200.4,201.15,441115
2022-06-30 10:15:00+05:30,201.15,201.35,199.3,199.5,189421
2022-06-30 11:15:00+05:30,199.5,199.95,198.4,198.6,215162
2022-06-30 12:15:00+05:30,198.6,200.2,197.85,200.0,287379
2022-06-30 13:15:00+05:30,200.05,201.95,199.7,200.45,201198
2022-06-30 14:15:00+05:30,200.45,200.5,197.3,197.65,232465
2022-06-30 15:15:00+05:30,197.7,198.0,197.0,197.6,130840
2022-07-01 09:15:00+05:30,197.7,197.7,192.45,193.5,471847
2022-07-01 10:15:00+05:30,193.5,194.95,192.2,194.85,225813
2022-07-01 11:15:00+05:30,194.85,195.8,194.6,194.8,78738
2022-07-01 12:15:00+05:30,194.85,196.4,194.85,195.8,187871
2022-07-01 13:15:00+05:30,195.75,196.2,195.45,195.8,244308
2022-07-01 14:15:00+05:30,195.8,198.4,195.1,198.05,286177
2022-07-01 15:15:00+05:30,198.05,198.65,197.75,198.25,109994
2022-07-04 09:15:00+05:30,196.6,199.5,195.5,195.9,347037
2022-07-04 10:15:00+05:30,195.9,196.65,195.6,195.9,152235
2022-07-04 11:15:00+05:30,195.8,196.45,195.1,195.9,138706
2022-07-04 12:15:00+05:30,195.9,196.4,194.3,195.45,175306
2022-07-04 13:15:00+05:30,195.45,195.75,194.75,195.7,75758
2022-07-04 14:15:00+05:30,195.7,197.15,195.55,196.8,213546
2022-07-04 15:15:00+05:30,196.6,197.2,196.25,197.0,123632
2022-07-05 09:15:00+05:30,200.0,201.95,199.65,201.2,597693
2022-07-05 10:15:00+05:30,201.2,201.5,200.25,200.25,174437
2022-07-05 11:15:00+05:30,200.25,201.3,200.2,201.0,153835
2022-07-05 12:15:00+05:30,201.0,201.65,200.5,200.75,146663
2022-07-05 13:15:00+05:30,200.8,201.1,197.75,198.1,258222
2022-07-05 14:15:00+05:30,198.1,198.95,197.55,198.4,260049
2022-07-05 15:15:00+05:30,198.5,199.45,197.75,198.4,117539
2022-07-06 09:15:00+05:30,199.05,200.2,198.0,199.65,295799
2022-07-06 10:15:00+05:30,199.65,200.35,199.0,200.1,177799
2022-07-06 11:15:00+05:30,200.25,200.85,199.95,200.7,214961
2022-07-06 12:15:00+05:30,200.7,201.8,200.4,201.8,179563
2022-07-06 13:15:00+05:30,201.85,202.2,201.1,201.35,253499
2022-07-06 14:15:00+05:30,201.35,202.9,201.2,202.6,264622
2022-07-06 15:15:00+05:30,202.6,203.0,200.2,202.6,179344
2022-07-07 09:15:00+05:30,204.4,206.6,203.2,206.05,628914
2022-07-07 10:15:00+05:30,206.15,207.7,206.05,206.4,506709
2022-07-07 11:15:00+05:30,206.4,207.9,206.25,207.3,291192
2022-07-07 12:15:00+05:30,207.3,208.7,207.05,207.65,354463
2022-07-07 13:15:00+05:30,207.65,208.0,204.7,204.75,275984
2022-07-07 14:15:00+05:30,204.75,212.0,204.45,210.95,970008
2022-07-07 15:15:00+05:30,210.75,212.05,210.2,211.8,276948
2022-07-08 09:15:00+05:30,214.9,214.9,209.65,210.65,747114
2022-07-08 10:15:00+05:30,210.65,212.15,210.4,211.0,197504
2022-07-08 11:15:00+05:30,211.0,212.2,210.3,212.0,217563
2022-07-08 12:15:00+05:30,211.75,216.0,211.3,215.55,811590
2022-07-08 13:15:00+05:30,215.45,220.0,215.1,219.45,1646225
2022-07-08 14:15:00+05:30,219.45,220.95,217.75,220.1,1277204
2022-07-08 15:15:00+05:30,219.9,220.8,219.6,219.85,414323
2022-07-11 09:15:00+05:30,219.6,220.55,216.6,218.25,633308
2022-07-11 10:15:00+05:30,218.25,218.8,215.75,217.15,308918
2022-07-11 11:15:00+05:30,217.15,218.65,215.25,218.65,330419
2022-07-11 12:15:00+05:30,218.6,222.0,217.75,221.85,912342
2022-07-11 13:15:00+05:30,221.85,223.95,221.35,223.8,663209
2022-07-11 14:15:00+05:30,223.6,224.95,223.1,224.5,732096
2022-07-11 15:15:00+05:30,224.2,224.6,223.15,223.3,325232
2022-07-12 09:15:00+05:30,220.95,223.8,219.45,222.6,501847
2022-07-12 10:15:00+05:30,222.6,223.15,221.0,223.0,245180
2022-07-12 11:15:00+05:30,223.0,223.45,220.7,221.0,226118
2022-07-12 12:15:00+05:30,221.0,221.0,218.65,219.8,223140
2022-07-12 13:15:00+05:30,219.8,221.2,219.6,221.2,106819
2022-07-12 14:15:00+05:30,221.2,221.65,219.2,220.45,166030
2022-07-12 15:15:00+05:30,220.45,220.5,217.4,217.8,187626
2022-07-13 09:15:00+05:30,220.45,221.8,219.25,219.85,317614
2022-07-13 10:15:00+05:30,219.85,219.9,217.8,219.0,189000
2022-07-13 11:15:00+05:30,219.05,222.0,219.0,220.0,265534
2022-07-13 12:15:00+05:30,220.0,220.5,218.3,218.7,125087
2022-07-13 13:15:00+05:30,218.7,219.45,217.5,218.6,201168
2022-07-13 14:15:00+05:30,218.5,219.45,216.95,217.95,218720
2022-07-13 15:15:00+05:30,217.95,218.55,217.65,217.95,110275
2022-07-14 09:15:00+05:30,218.0,221.0,217.25,219.7,321077
2022-07-14 10:15:00+05:30,219.7,219.9,218.65,219.45,193507
2022-07-14 11:15:00+05:30,219.45,219.45,217.25,218.0,177307
2022-07-14 12:15:00+05:30,218.0,220.35,217.4,219.9,235387
2022-07-14 13:15:00+05:30,219.9,220.8,219.25,219.6,320682
2022-07-14 14:15:00+05:30,219.6,220.0,218.55,218.9,281914
2022-07-14 15:15:00+05:30,218.9,219.25,218.5,218.7,167510
2022-07-15 09:15:00+05:30,220.5,221.55,219.1,221.55,320292
2022-07-15 10:15:00+05:30,221.4,222.25,220.75,220.75,320715
2022-07-15 11:15:00+05:30,220.75,221.3,220.5,220.65,102456
2022-07-15 12:15:00+05:30,220.65,222.6,219.8,221.85,354172
2022-07-15 13:15:00+05:30,221.85,224.0,221.6,224.0,593003
2022-07-15 14:15:00+05:30,223.95,228.65,223.9,227.35,1552050
2022-07-15 15:15:00+05:30,227.35,229.35,227.0,228.5,550329
2022-07-18 09:15:00+05:30,230.9,235.5,230.55,234.8,1584729
2022-07-18 10:15:00+05:30,234.75,235.0,228.1,229.7,918325
2022-07-18 11:15:00+05:30,229.7,229.85,228.45,229.55,374891
2022-07-18 12:15:00+05:30,229.45,231.8,229.4,231.1,598701
2022-07-18 13:15:00+05:30,231.25,232.1,230.45,231.25,489883
2022-07-18 14:15:00+05:30,231.25,231.65,228.45,228.5,467729
2022-07-18 15:15:00+05:30,228.45,228.9,227.35,228.0,356666
2022-07-19 09:15:00+05:30,227.75,231.0,227.15,230.5,584030
2022-07-19 10:15:00+05:30,230.5,231.8,227.0,228.45,498470
2022-07-19 11:15:00+05:30,228.45,229.05,222.6,224.8,1052928
2022-07-19 12:15:00+05:30,224.8,225.3,223.5,223.55,458515
2022-07-19 13:15:00+05:30,223.55,223.55,222.2,222.65,388557
2022-07-19 14:15:00+05:30,222.6,224.75,222.2,223.9,477647
2022-07-19 15:15:00+05:30,223.85,224.5,223.25,223.75,491540
2022-07-20 09:15:00+05:30,226.8,229.7,226.2,228.25,764925
2022-07-20 10:15:00+05:30,228.25,228.5,226.8,227.25,565467
2022-07-20 11:15:00+05:30,227.25,227.9,224.65,224.85,454127
2022-07-20 12:15:00+05:30,224.85,225.4,223.95,223.95,358420
2022-07-20 13:15:00+05:30,223.95,224.35,222.6,223.8,438388
2022-07-20 14:15:00+05:30,223.85,224.0,222.65,223.15,509787
2022-07-20 15:15:00+05:30,223.15,223.45,221.95,222.0,319881
2022-07-21 09:15:00+05:30,224.05,225.0,222.75,224.35,390888
2022-07-21 10:15:00+05:30,224.25,224.65,223.4,224.35,153625
2022-07-21 11:15:00+05:30,224.35,224.85,224.2,224.4,81607
2022-07-21 12:15:00+05:30,224.4,224.4,223.0,223.6,148510
2022-07-21 13:15:00+05:30,223.6,224.2,222.5,223.1,123224
2022-07-21 14:15:00+05:30,223.1,224.65,222.6,224.25,170787
2022-07-21 15:15:00+05:30,224.3,225.1,224.0,224.7,196891
2022-07-22 09:15:00+05:30,225.45,226.85,224.5,225.2,437199
2022-07-22 10:15:00+05:30,225.2,225.75,224.4,224.85,130983
2022-07-22 11:15:00+05:30,225.0,225.0,224.4,225.0,131193
2022-07-22 12:15:00+05:30,225.0,225.9,224.4,224.45,174344
2022-07-22 13:15:00+05:30,224.55,225.5,223.2,225.15,238725
2022-07-22 14:15:00+05:30,225.15,225.75,224.25,225.35,223908
2022-07-22 15:15:00+05:30,225.35,225.5,224.5,224.75,110159
2022-07-25 09:15:00+05:30,226.5,226.85,223.3,224.05,346245
2022-07-25 10:15:00+05:30,224.05,224.55,223.65,223.8,158758
2022-07-25 11:15:00+05:30,223.8,224.0,223.0,223.35,108606
2022-07-25 12:15:00+05:30,223.3,223.5,221.0,222.45,193010
2022-07-25 13:15:00+05:30,222.45,223.0,221.35,222.2,149860
2022-07-25 14:15:00+05:30,222.2,224.0,222.0,222.7,335948
2022-07-25 15:15:00+05:30,222.85,222.95,221.7,222.0,144138
2022-07-26 09:15:00+05:30,222.95,222.95,218.5,218.95,408159
2022-07-26 10:15:00+05:30,218.95,219.55,216.65,217.95,418560
2022-07-26 11:15:00+05:30,217.95,219.35,217.8,218.75,233716
2022-07-26 12:15:00+05:30,218.75,219.1,217.4,218.15,221614
2022-07-26 13:15:00+05:30,218.15,220.2,217.8,219.5,257442
2022-07-26 14:15:00+05:30,219.5,220.0,218.95,219.3,261356
2022-07-26 15:15:00+05:30,219.2,219.95,218.8,219.1,193445
2022-07-27 09:15:00+05:30,219.0,221.55,215.6,220.95,561999
2022-07-27 10:15:00+05:30,220.95,222.0,220.1,221.45,204522
2022-07-27 11:15:00+05:30,221.45,221.8,221.0,221.45,119716
2022-07-27 12:15:00+05:30,221.25,221.45,220.05,220.95,151188
2022-07-27 13:15:00+05:30,221.05,221.4,219.75,221.15,157229
2022-07-27 14:15:00+05:30,221.15,221.35,220.6,220.85,210849
2022-07-27 15:15:00+05:30,220.7,221.1,217.4,217.5,212274
2022-07-28 09:15:00+05:30,216.3,217.25,212.8,216.1,2201150
2022-07-28 10:15:00+05:30,216.1,221.25,215.6,220.05,1070597
2022-07-28 11:15:00+05:30,220.0,220.2,218.1,218.65,437873
2022-07-28 12:15:00+05:30,218.65,219.4,217.6,218.5,453052
2022-07-28 13:15:00+05:30,218.5,218.5,217.1,217.8,256267
2022-07-28 14:15:00+05:30,217.8,218.95,217.25,218.15,598067
2022-07-28 15:15:00+05:30,218.15,218.7,218.05,218.5,569829
2022-07-29 09:15:00+05:30,220.6,223.05,219.6,221.15,572982
2022-07-29 10:15:00+05:30,221.1,221.6,219.6,220.6,280450
2022-07-29 11:15:00+05:30,220.6,221.9,220.2,221.4,408031
2022-07-29 12:15:00+05:30,221.4,221.9,220.1,220.75,215298
2022-07-29 13:15:00+05:30,220.75,220.75,219.9,220.2,239953
2022-07-29 14:15:00+05:30,220.2,222.3,219.65,220.45,423287
2022-07-29 15:15:00+05:30,220.45,221.0,220.3,220.8,155062
2022-08-01 09:15:00+05:30,222.25,229.65,221.3,228.2,1342686
2022-08-01 10:15:00+05:30,228.2,229.8,227.5,228.8,467171
2022-08-01 11:15:00+05:30,228.8,229.8,228.25,228.8,462573
2022-08-01 12:15:00+05:30,228.8,230.0,227.9,229.4,484667
2022-08-01 13:15:00+05:30,229.55,230.65,229.15,230.35,547813
2022-08-01 14:15:00+05:30,230.5,232.8,229.9,231.65,1165208
2022-08-01 15:15:00+05:30,231.65,233.05,231.25,233.0,695541
2022-08-02 09:15:00+05:30,233.0,233.0,228.55,229.35,898032
2022-08-02 10:15:00+05:30,229.3,231.55,229.05,230.65,615036
2022-08-02 11:15:00+05:30,230.8,231.2,230.1,230.85,171773
2022-08-02 12:15:00+05:30,230.85,231.25,228.85,229.15,249361
2022-08-02 13:15:00+05:30,229.15,231.4,229.0,230.2,352410
2022-08-02 14:15:00+05:30,230.15,232.5,229.9,231.05,339937
2022-08-02 15:15:00+05:30,231.05,231.15,229.55,230.3,136054
2022-08-03 09:15:00+05:30,230.0,230.5,225.6,227.4,664501
2022-08-03 10:15:00+05:30,227.4,227.45,225.4,225.7,260381
2022-08-03 11:15:00+05:30,225.7,226.65,224.6,225.3,313853
2022-08-03 12:15:00+05:30,225.3,226.3,224.3,225.4,290381
2022-08-03 13:15:00+05:30,225.4,225.85,223.55,224.9,221768
2022-08-03 14:15:00+05:30,224.9,227.9,224.35,227.8,546709
2022-08-03 15:15:00+05:30,227.8,228.2,226.85,227.9,174484
2022-08-04 09:15:00+05:30,229.05,229.7,226.75,227.05,361271
2022-08-04 10:15:00+05:30,227.15,228.75,226.85,227.6,244506
2022-08-04 11:15:00+05:30,227.6,227.6,221.7,224.55,584964
2022-08-04 12:15:00+05:30,224.55,225.3,223.45,224.75,270660
2022-08-04 13:15:00+05:30,224.9,226.9,223.65,224.8,362046
2022-08-04 14:15:00+05:30,224.8,228.85,224.65,227.4,449997
2022-08-04 15:15:00+05:30,227.4,228.1,226.55,227.0,103215
2022-08-05 09:15:00+05:30,227.1,228.45,224.7,227.35,479421
2022-08-05 10:15:00+05:30,227.35,228.8,226.9,228.5,195645
2022-08-05 11:15:00+05:30,228.5,228.5,226.3,227.05,116845
2022-08-05 12:15:00+05:30,227.05,227.45,225.6,226.2,131475
2022-08-05 13:15:00+05:30,226.25,226.8,224.85,225.0,485633
2022-08-05 14:15:00+05:30,225.0,225.95,224.7,225.1,283013
2022-08-05 15:15:00+05:30,225.1,225.5,225.0,225.1,125912
2022-08-08 09:15:00+05:30,225.6,228.45,225.6,226.95,281916
2022-08-08 10:15:00+05:30,226.95,227.3,225.0,225.15,145757
2022-08-08 11:15:00+05:30,225.15,225.9,225.0,225.5,142479
2022-08-08 12:15:00+05:30,225.6,226.45,225.35,226.1,70528
2022-08-08 13:15:00+05:30,226.1,227.0,225.75,226.35,111283
2022-08-08 14:15:00+05:30,226.3,227.9,226.0,226.0,241340
2022-08-08 15:15:00+05:30,226.0,226.75,225.9,226.4,71448
2022-08-10 09:15:00+05:30,226.5,227.5,223.55,224.4,317986
2022-08-10 10:15:00+05:30,224.3,224.9,223.6,224.6,82243
2022-08-10 11:15:00+05:30,224.6,225.15,224.3,224.6,55179
2022-08-10 12:15:00+05:30,224.8,226.25,224.4,224.8,215108
2022-08-10 13:15:00+05:30,224.8,225.7,224.1,225.45,130684
2022-08-10 14:15:00+05:30,225.45,230.25,225.2,230.0,601712
2022-08-10 15:15:00+05:30,229.8,230.75,229.15,229.4,242258
2022-08-11 09:15:00+05:30,232.0,233.75,230.9,231.45,479952
2022-08-11 10:15:00+05:30,231.4,233.75,231.4,233.05,542465
2022-08-11 11:15:00+05:30,233.05,233.6,231.3,231.65,308042
2022-08-11 12:15:00+05:30,231.65,232.0,231.0,231.3,121031
2022-08-11 13:15:00+05:30,231.3,231.6,230.7,231.0,320788
2022-08-11 14:15:00+05:30,231.0,233.5,230.85,232.4,645531
2022-08-11 15:15:00+05:30,232.35,233.0,232.3,232.95,271021
2022-08-12 09:15:00+05:30,233.0,234.7,229.7,233.85,627106
2022-08-12 10:15:00+05:30,233.9,234.55,232.75,234.2,283351
2022-08-12 11:15:00+05:30,234.2,234.55,233.15,234.0,195432
2022-08-12 12:15:00+05:30,234.0,234.5,233.25,233.65,144799
2022-08-12 13:15:00+05:30,233.65,234.65,232.7,232.7,277825
2022-08-12 14:15:00+05:30,232.8,233.2,231.6,231.75,197219
2022-08-12 15:15:00+05:30,231.75,232.2,231.5,231.7,83442
2022-08-16 09:15:00+05:30,232.3,235.25,232.3,233.1,440634
2022-08-16 10:15:00+05:30,233.1,234.0,232.65,233.6,211492
2022-08-16 11:15:00+05:30,233.6,233.85,231.55,232.45,299347
2022-08-16 12:15:00+05:30,232.45,233.6,231.8,232.85,208484
2022-08-16 13:15:00+05:30,232.8,234.5,232.55,234.05,235348
2022-08-16 14:15:00+05:30,234.05,241.4,234.0,241.25,3000809
2022-08-16 15:15:00+05:30,241.25,241.8,240.25,241.0,533382
2022-08-17 09:15:00+05:30,241.3,243.65,241.0,242.45,1171630
2022-08-17 10:15:00+05:30,242.45,242.55,240.5,242.1,461772
2022-08-17 11:15:00+05:30,242.05,242.45,240.55,240.8,458697
2022-08-17 12:15:00+05:30,240.8,241.1,239.0,239.65,448953
2022-08-17 13:15:00+05:30,239.65,240.0,238.55,238.75,343327
2022-08-17 14:15:00+05:30,238.7,239.45,238.05,239.0,588924
2022-08-17 15:15:00+05:30,238.95,239.9,238.55,239.2,349951
2022-08-18 09:15:00+05:30,237.3,239.4,235.55,239.0,573219
2022-08-18 10:15:00+05:30,238.95,239.3,237.55,237.8,218335
2022-08-18 11:15:00+05:30,237.8,238.55,236.6,237.45,291480
2022-08-18 12:15:00+05:30,237.45,241.35,237.15,241.05,571609
2022-08-18 13:15:00+05:30,241.05,241.05,239.7,240.45,325348
2022-08-18 14:15:00+05:30,240.5,241.95,239.9,240.15,390761
2022-08-18 15:15:00+05:30,240.0,240.6,240.0,240.6,143572
2022-08-19 09:15:00+05:30,240.15,241.7,237.3,238.35,473065
2022-08-19 10:15:00+05:30,238.35,239.45,236.55,237.7,368236
2022-08-19 11:15:00+05:30,237.7,238.2,233.75,236.85,906397
2022-08-19 12:15:00+05:30,236.7,237.65,234.65,235.7,298258
2022-08-19 13:15:00+05:30,235.7,235.95,233.5,234.85,250320
2022-08-19 14:15:00+05:30,234.85,235.6,234.55,234.75,304016
2022-08-19 15:15:00+05:30,234.7,235.35,233.65,235.35,292081
2022-08-22 09:15:00+05:30,234.3,234.3,228.75,232.05,709337
2022-08-22 10:15:00+05:30,232.05,233.05,230.0,230.5,506493
2022-08-22 11:15:00+05:30,230.4,230.5,229.5,229.95,386851
2022-08-22 12:15:00+05:30,229.95,230.3,229.2,230.0,332898
2022-08-22 13:15:00+05:30,230.0,230.2,228.25,228.6,552495
2022-08-22 14:15:00+05:30,228.6,229.25,226.1,228.0,710917
2022-08-22 15:15:00+05:30,227.95,228.7,227.8,228.0,192224
2022-08-23 09:15:00+05:30,223.7,228.5,223.5,226.6,589263
2022-08-23 10:15:00+05:30,226.6,227.4,224.9,225.6,336728
2022-08-23 11:15:00+05:30,225.8,229.2,225.65,227.6,395719
2022-08-23 12:15:00+05:30,227.6,228.8,227.25,227.95,195950
2022-08-23 13:15:00+05:30,227.8,230.3,227.6,228.0,303267
2022-08-23 14:15:00+05:30,228.0,229.45,227.85,229.05,320362
2022-08-23 15:15:00+05:30,229.05,229.5,228.25,228.7,158584
2022-08-24 09:15:00+05:30,228.75,230.65,227.5,228.1,406844
2022-08-24 10:15:00+05:30,228.1,229.2,228.0,228.75,230183
2022-08-24 11:15:00+05:30,228.65,228.85,227.5,227.7,192064
2022-08-24 12:15:00+05:30,227.7,228.45,227.05,227.1,274208
2022-08-24 13:15:00+05:30,227.1,228.7,227.1,227.4,241528
2022-08-24 14:15:00+05:30,227.4,228.6,227.1,228.05,318368
2022-08-24 15:15:00+05:30,228.05,229.25,227.35,229.0,236736
2022-08-25 09:15:00+05:30,230.0,231.35,229.25,230.1,441157
2022-08-25 10:15:00+05:30,230.0,230.65,229.55,230.15,313720
2022-08-25 11:15:00+05:30,230.25,230.95,229.75,230.0,252110
2022-08-25 12:15:00+05:30,230.0,231.5,229.7,229.95,311776
2022-08-25 13:15:00+05:30,229.9,231.2,229.65,231.05,290138
2022-08-25 14:15:00+05:30,230.9,231.4,228.35,229.9,467853
2022-08-25 15:15:00+05:30,229.8,230.1,229.1,229.75,194153
2022-08-26 09:15:00+05:30,231.2,233.35,230.8,232.3,507755
2022-08-26 10:15:00+05:30,232.05,233.75,231.65,232.7,397825
2022-08-26 11:15:00+05:30,232.65,233.25,232.25,232.75,283691
2022-08-26 12:15:00+05:30,232.75,233.25,230.4,230.95,321258
2022-08-26 13:15:00+05:30,230.8,231.85,230.25,231.5,358296
2022-08-26 14:15:00+05:30,231.3,232.0,230.3,230.65,332711
2022-08-26 15:15:00+05:30,230.7,231.45,230.0,231.0,261753
2022-08-29 09:15:00+05:30,222.45,226.35,221.9,225.65,734464
2022-08-29 10:15:00+05:30,225.5,226.2,225.2,225.75,446986
2022-08-29 11:15:00+05:30,225.7,226.8,225.55,225.95,313937
2022-08-29 12:15:00+05:30,225.95,226.95,225.3,226.05,274355
2022-08-29 13:15:00+05:30,226.05,226.75,225.8,226.4,340564
2022-08-29 14:15:00+05:30,226.4,226.8,225.5,225.9,371054
2022-08-29 15:15:00+05:30,225.95,227.2,225.65,227.2,156112
2022-08-30 09:15:00+05:30,228.45,231.5,228.25,230.7,281327
2022-08-30 10:15:00+05:30,230.7,232.3,230.3,232.0,254516
2022-08-30 11:15:00+05:30,232.0,232.3,231.2,232.1,156887
2022-08-30 12:15:00+05:30,232.1,233.3,231.8,232.9,193732
2022-08-30 13:15:00+05:30,233.0,233.6,232.6,233.25,151060
2022-08-30 14:15:00+05:30,233.25,234.15,232.7,234.0,367326
2022-08-30 15:15:00+05:30,234.0,235.2,233.8,235.0,312405
2022-09-01 09:15:00+05:30,231.6,235.9,231.2,235.2,341011
2022-09-01 10:15:00+05:30,235.25,235.4,233.7,234.85,118955
2022-09-01 11:15:00+05:30,234.85,235.35,232.55,233.85,194213
2022-09-01 12:15:00+05:30,233.85,234.0,230.3,230.8,187077
2022-09-01 13:15:00+05:30,230.8,231.7,229.55,230.85,134849
2022-09-01 14:15:00+05:30,230.85,231.95,230.25,231.25,169485
2022-09-01 15:15:00+05:30,231.25,232.2,230.65,231.0,113452
2022-09-02 09:15:00+05:30,232.6,233.3,229.45,230.85,343502
2022-09-02 10:15:00+05:30,230.85,232.2,230.55,231.35,95709
2022-09-02 11:15:00+05:30,231.3,231.35,230.0,230.25,107883
2022-09-02 12:15:00+05:30,230.15,230.9,230.15,230.5,44774
2022-09-02 13:15:00+05:30,230.6,230.7,229.8,230.3,144181
2022-09-02 14:15:00+05:30,230.3,230.4,229.55,230.1,258697
2022-09-02 15:15:00+05:30,230.0,230.2,229.8,230.2,113836
2022-09-05 09:15:00+05:30,230.05,230.05,227.05,227.5,603981
2022-09-05 10:15:00+05:30,227.5,227.6,226.6,227.15,428811
2022-09-05 11:15:00+05:30,227.15,228.4,227.1,227.95,336985
2022-09-05 12:15:00+05:30,228.0,228.75,227.6,227.85,223059
2022-09-05 13:15:00+05:30,227.7,228.1,227.0,227.85,306534
2022-09-05 14:15:00+05:30,227.85,228.15,227.25,228.05,327793
2022-09-05 15:15:00+05:30,228.05,228.05,227.15,227.5,135013
2022-09-06 09:15:00+05:30,227.1,229.75,226.3,226.5,442921
2022-09-06 10:15:00+05:30,226.3,226.7,225.0,226.7,349214
2022-09-06 11:15:00+05:30,226.55,227.4,226.0,226.15,181536
2022-09-06 12:15:00+05:30,226.15,226.85,225.65,225.8,189176
2022-09-06 13:15:00+05:30,225.8,226.25,225.05,225.05,226209
2022-09-06 14:15:00+05:30,225.05,226.25,224.8,225.8,418039
2022-09-06 15:15:00+05:30,225.9,226.25,225.55,225.95,181517
2022-09-07 09:15:00+05:30,224.0,225.25,223.5,223.9,416321
2022-09-07 10:15:00+05:30,224.0,224.15,222.8,223.2,547292
2022-09-07 11:15:00+05:30,223.05,223.85,222.8,223.4,371876
2022-09-07 12:15:00+05:30,223.25,223.95,222.9,223.05,269870
2022-09-07 13:15:00+05:30,223.2,223.6,222.5,223.05,281378
2022-09-07 14:15:00+05:30,223.25,223.6,222.25,223.2,432414
2022-09-07 15:15:00+05:30,223.2,224.45,223.05,223.9,156317
2022-09-08 09:15:00+05:30,225.6,226.45,223.5,224.85,504563
2022-09-08 10:15:00+05:30,224.85,225.4,223.75,224.55,323482
2022-09-08 11:15:00+05:30,224.55,224.55,222.8,223.35,378330
2022-09-08 12:15:00+05:30,223.2,223.6,221.6,221.95,374180
2022-09-08 13:15:00+05:30,221.8,223.35,221.2,221.8,439694
2022-09-08 14:15:00+05:30,221.8,224.45,221.7,223.4,485131
2022-09-08 15:15:00+05:30,223.4,225.2,223.1,224.9,338308
2022-09-09 09:15:00+05:30,225.95,225.95,223.2,224.65,518647
2022-09-09 10:15:00+05:30,224.65,225.1,223.3,223.3,411626
2022-09-09 11:15:00+05:30,223.45,223.55,222.4,222.5,327355
2022-09-09 12:15:00+05:30,222.5,223.55,221.9,221.9,266888
2022-09-09 13:15:00+05:30,221.9,224.1,221.1,222.5,390052
2022-09-09 14:15:00+05:30,222.5,224.45,222.05,222.15,424066
2022-09-09 15:15:00+05:30,222.15,222.4,221.1,222.1,196486
2022-09-12 09:15:00+05:30,222.4,224.2,222.4,222.75,308176
2022-09-12 10:15:00+05:30,222.75,223.4,222.05,222.25,194799
2022-09-12 11:15:00+05:30,222.25,223.15,222.1,222.5,214566
2022-09-12 12:15:00+05:30,222.5,223.95,222.3,223.1,321286
2022-09-12 13:15:00+05:30,223.1,223.45,222.55,222.9,229302
2022-09-12 14:15:00+05:30,222.95,223.95,222.4,222.7,1451341
2022-09-12 15:15:00+05:30,222.8,222.8,222.05,222.5,151690
2022-09-13 09:15:00+05:30,224.3,224.9,223.1,223.7,374551
2022-09-13 10:15:00+05:30,223.65,224.3,222.65,223.75,273238
2022-09-13 11:15:00+05:30,223.75,224.75,223.5,224.15,252491
2022-09-13 12:15:00+05:30,224.15,224.15,222.5,222.65,526616
2022-09-13 13:15:00+05:30,222.65,224.25,222.3,224.15,422432
2022-09-13 14:15:00+05:30,224.05,225.85,224.0,224.8,692578
2022-09-13 15:15:00+05:30,224.6,225.25,224.5,225.0,186141
2022-09-14 09:15:00+05:30,221.5,222.9,221.0,221.85,545397
2022-09-14 10:15:00+05:30,221.8,223.3,221.75,222.5,353150
2022-09-14 11:15:00+05:30,222.5,223.45,222.45,223.2,264667
2022-09-14 12:15:00+05:30,223.2,223.85,222.95,223.85,260367
2022-09-14 13:15:00+05:30,223.85,224.75,223.3,224.35,511494
2022-09-14 14:15:00+05:30,224.35,224.55,221.65,221.75,409615
2022-09-14 15:15:00+05:30,221.75,222.0,221.5,221.7,124013
2022-09-15 09:15:00+05:30,223.15,223.9,221.6,221.7,654145
2022-09-15 10:15:00+05:30,221.85,222.4,219.5,219.65,584341
2022-09-15 11:15:00+05:30,219.8,220.0,219.5,219.8,312582
2022-09-15 12:15:00+05:30,219.8,220.2,219.65,220.0,572930
2022-09-15 13:15:00+05:30,220.05,220.2,219.6,220.0,395474
2022-09-15 14:15:00+05:30,220.15,220.9,219.7,219.95,400900
2022-09-15 15:15:00+05:30,219.9,220.15,219.6,219.9,196089
2022-09-16 09:15:00+05:30,219.8,219.8,214.6,215.05,939202
2022-09-16 10:15:00+05:30,215.05,216.4,213.75,216.25,956318
2022-09-16 11:15:00+05:30,216.1,218.35,215.95,216.25,433837
2022-09-16 12:15:00+05:30,216.1,216.65,214.0,214.25,1130265
2022-09-16 13:15:00+05:30,214.2,215.3,211.05,211.25,1309826
2022-09-16 14:15:00+05:30,211.4,215.3,209.55,212.15,1723628
2022-09-16 15:15:00+05:30,212.15,212.35,209.25,209.9,1415629
2022-09-19 09:15:00+05:30,212.15,212.15,206.8,207.8,844771
2022-09-19 10:15:00+05:30,208.0,208.4,207.7,207.95,389176
2022-09-19 11:15:00+05:30,207.85,208.7,207.35,207.9,527939
2022-09-19 12:15:00+05:30,208.05,209.4,207.8,208.5,319735
2022-09-19 13:15:00+05:30,208.55,210.4,208.35,209.8,367386
2022-09-19 14:15:00+05:30,210.0,210.75,208.0,208.35,509326
2022-09-19 15:15:00+05:30,208.45,209.8,208.3,209.8,189824
2022-09-20 09:15:00+05:30,210.8,217.0,210.8,215.3,765399
2022-09-20 10:15:00+05:30,215.3,215.55,213.6,213.9,329853
2022-09-20 11:15:00+05:30,213.7,215.4,213.15,215.2,440425
2022-09-20 12:15:00+05:30,215.1,215.95,214.8,215.55,417648
2022-09-20 13:15:00+05:30,215.55,216.9,215.0,215.5,670939
2022-09-20 14:15:00+05:30,215.5,215.65,213.1,213.25,456745
2022-09-20 15:15:00+05:30,213.4,214.9,213.25,214.4,163933
2022-09-21 09:15:00+05:30,213.0,214.05,211.4,211.65,433421
2022-09-21 10:15:00+05:30,211.8,212.65,211.5,212.35,247527
2022-09-21 11:15:00+05:30,212.35,212.4,211.15,211.95,461806
2022-09-21 12:15:00+05:30,211.95,213.0,210.8,211.8,413119
2022-09-21 13:15:00+05:30,211.8,212.6,211.15,211.7,352701
2022-09-21 14:15:00+05:30,211.8,211.9,210.8,211.35,337245
2022-09-21 15:15:00+05:30,211.35,211.8,211.1,211.5,160143
2022-09-22 09:15:00+05:30,210.0,212.7,208.9,210.35,590225
2022-09-22 10:15:00+05:30,210.35,210.5,209.05,209.85,458085
2022-09-22 11:15:00+05:30,209.85,210.1,208.5,208.5,405095
2022-09-22 12:15:00+05:30,208.5,211.0,208.4,210.7,435920
2022-09-22 13:15:00+05:30,210.75,212.45,210.35,211.65,1008286
2022-09-22 14:15:00+05:30,211.65,213.75,211.2,211.9,730993
2022-09-22 15:15:00+05:30,211.9,212.8,211.9,212.1,137224
2022-09-23 09:15:00+05:30,212.5,212.5,207.5,208.05,465474
2022-09-23 10:15:00+05:30,208.05,208.8,207.6,208.2,297241
2022-09-23 11:15:00+05:30,208.2,208.9,207.9,207.95,408451
2022-09-23 12:15:00+05:30,207.95,208.15,206.3,206.5,396808
2022-09-23 13:15:00+05:30,206.5,207.55,205.05,205.75,476914
2022-09-23 14:15:00+05:30,205.75,206.75,204.35,205.4,699114
2022-09-23 15:15:00+05:30,205.2,206.45,205.2,206.0,208337
2022-09-26 09:15:00+05:30,201.0,203.2,194.3,196.2,1195014
2022-09-26 10:15:00+05:30,196.2,196.4,193.85,194.85,849287
2022-09-26 11:15:00+05:30,194.85,196.6,194.6,196.3,381451
2022-09-26 12:15:00+05:30,196.45,197.75,195.1,197.6,281573
2022-09-26 13:15:00+05:30,197.45,197.8,195.2,195.35,303591
2022-09-26 14:15:00+05:30,195.25,197.25,195.1,195.5,485823
2022-09-26 15:15:00+05:30,195.6,196.15,195.1,195.8,153606
2022-09-27 09:15:00+05:30,199.5,199.5,192.65,193.15,639479
2022-09-27 10:15:00+05:30,193.3,194.75,192.9,193.7,305807
2022-09-27 11:15:00+05:30,193.7,196.6,193.55,195.8,323212
2022-09-27 12:15:00+05:30,195.8,196.75,194.65,196.4,260630
2022-09-27 13:15:00+05:30,196.4,197.5,195.65,195.65,396304
2022-09-27 14:15:00+05:30,195.65,195.9,194.1,195.05,321200
2022-09-27 15:15:00+05:30,195.2,196.0,195.05,195.9,96928
2022-09-28 09:15:00+05:30,194.0,197.25,191.65,197.1,488469
2022-09-28 10:15:00+05:30,197.1,197.7,196.0,196.55,110566
2022-09-28 11:15:00+05:30,196.55,199.3,196.55,198.7,213504
2022-09-28 12:15:00+05:30,198.7,198.9,196.4,196.5,207682
2022-09-28 13:15:00+05:30,196.5,198.0,196.4,196.75,88969
2022-09-28 14:15:00+05:30,196.75,197.0,194.65,195.3,297525
2022-09-28 15:15:00+05:30,195.15,195.9,194.65,194.7,132408
2022-09-29 09:15:00+05:30,201.8,202.65,199.4,201.2,787465
2022-09-29 10:15:00+05:30,201.2,201.25,198.6,198.95,521283
2022-09-29 11:15:00+05:30,198.95,199.15,196.7,197.05,273787
2022-09-29 12:15:00+05:30,197.05,197.6,192.45,192.9,1186784
2022-09-29 13:15:00+05:30,192.9,194.5,191.8,193.65,689615
2022-09-29 14:15:00+05:30,193.75,194.75,192.9,194.55,703466
2022-09-29 15:15:00+05:30,194.55,196.25,194.5,195.75,265829
2022-09-30 09:15:00+05:30,193.9,194.3,191.05,192.9,814489
2022-09-30 10:15:00+05:30,192.9,194.95,192.7,193.45,276147
2022-09-30 11:15:00+05:30,193.45,195.3,192.75,194.5,590282
2022-09-30 12:15:00+05:30,194.45,196.3,194.35,195.45,499883
2022-09-30 13:15:00+05:30,195.45,197.35,195.1,196.7,568632
2022-09-30 14:15:00+05:30,196.8,197.3,194.5,195.5,458689
2022-09-30 15:15:00+05:30,195.55,196.8,194.95,195.95,248771
2022-10-03 09:15:00+05:30,196.7,196.95,193.95,195.2,680307
2022-10-03 10:15:00+05:30,195.15,195.5,193.25,194.15,318119
2022-10-03 11:15:00+05:30,194.25,196.6,194.15,195.85,579756
2022-10-03 12:15:00+05:30,195.85,195.9,194.6,195.2,206603
2022-10-03 13:15:00+05:30,195.2,195.85,193.65,194.1,269921
2022-10-03 14:15:00+05:30,194.1,194.5,192.4,192.9,380429
2022-10-03 15:15:00+05:30,192.8,193.45,192.6,193.15,138976
2022-10-04 09:15:00+05:30,196.65,198.15,195.6,196.2,650529
2022-10-04 10:15:00+05:30,196.15,197.9,196.05,197.0,202072
2022-10-04 11:15:00+05:30,197.0,197.65,196.75,197.05,134620
2022-10-04 12:15:00+05:30,197.05,200.15,197.05,199.05,302571
2022-10-04 13:15:00+05:30,199.05,199.2,198.3,198.45,73732
2022-10-04 14:15:00+05:30,198.55,198.6,197.6,198.5,175062
2022-10-04 15:15:00+05:30,198.5,198.55,198.05,198.35,89912
2022-10-06 09:15:00+05:30,201.8,203.95,200.4,202.95,440762
2022-10-06 10:15:00+05:30,202.95,203.45,201.65,202.15,144098
2022-10-06 11:15:00+05:30,202.15,202.2,201.2,201.95,120494
2022-10-06 12:15:00+05:30,201.95,202.2,200.5,200.85,248781
2022-10-06 13:15:00+05:30,200.7,201.2,199.7,199.85,226803
2022-10-06 14:15:00+05:30,199.95,201.3,199.7,200.95,191047
2022-10-06 15:15:00+05:30,200.95,201.1,199.9,200.3,95961
2022-10-07 09:15:00+05:30,200.0,200.65,198.05,199.75,372771
2022-10-07 10:15:00+05:30,199.75,200.0,198.8,199.7,105955
2022-10-07 11:15:00+05:30,199.7,200.3,199.25,199.9,230663
2022-10-07 12:15:00+05:30,199.9,200.3,199.5,199.8,79706
2022-10-07 13:15:00+05:30,199.8,199.8,198.85,199.5,112738
2022-10-07 14:15:00+05:30,199.5,200.85,199.35,199.95,120506
2022-10-07 15:15:00+05:30,199.95,200.85,199.75,200.85,73518
2022-10-10 09:15:00+05:30,196.7,196.7,191.3,193.1,1235768
2022-10-10 10:15:00+05:30,193.1,195.2,193.05,194.8,733106
2022-10-10 11:15:00+05:30,194.8,195.65,194.6,195.65,594298
2022-10-10 12:15:00+05:30,195.65,196.25,194.9,195.5,216715
2022-10-10 13:15:00+05:30,195.5,195.5,194.45,195.05,311535
2022-10-10 14:15:00+05:30,195.05,195.65,194.3,195.3,484326
2022-10-10 15:15:00+05:30,195.3,196.45,195.3,196.1,144017
2022-10-11 09:15:00+05:30,195.6,195.85,192.7,193.35,474563
2022-10-11 10:15:00+05:30,193.3,193.65,192.7,193.5,170588
2022-10-11 11:15:00+05:30,193.4,194.6,193.0,193.35,271470
2022-10-11 12:15:00+05:30,193.35,193.35,192.4,192.95,187191
2022-10-11 13:15:00+05:30,192.95,193.2,191.55,192.45,338373
2022-10-11 14:15:00+05:30,192.45,192.55,191.75,192.25,298578
2022-10-11 15:15:00+05:30,192.2,192.4,190.85,191.0,272561
2022-10-12 09:15:00+05:30,192.6,193.9,191.3,191.35,517318
2022-10-12 10:15:00+05:30,191.45,191.85,189.5,190.05,525336
2022-10-12 11:15:00+05:30,190.1,191.75,189.9,191.7,199998
2022-10-12 12:15:00+05:30,191.7,192.05,189.7,190.0,250644
2022-10-12 13:15:00+05:30,190.0,191.55,190.0,191.15,208104
2022-10-12 14:15:00+05:30,191.15,192.9,191.05,192.75,558232
2022-10-12 15:15:00+05:30,192.7,193.0,192.25,193.0,135194
2022-10-13 09:15:00+05:30,192.95,193.5,191.6,191.95,335772
2022-10-13 10:15:00+05:30,191.95,192.5,191.25,191.85,207147
2022-10-13 11:15:00+05:30,191.85,191.95,191.0,191.5,166257
2022-10-13 12:15:00+05:30,191.5,192.0,191.15,191.55,283131
2022-10-13 13:15:00+05:30,191.6,193.15,191.3,192.85,206279
2022-10-13 14:15:00+05:30,192.85,195.95,192.85,193.4,524419
2022-10-13 15:15:00+05:30,193.4,194.0,193.3,193.6,117163
2022-10-14 09:15:00+05:30,196.9,198.4,194.6,195.25,446056
2022-10-14 10:15:00+05:30,195.25,195.35,194.15,194.2,134282
2022-10-14 11:15:00+05:30,194.2,195.4,193.7,194.95,233985
2022-10-14 12:15:00+05:30,194.95,195.05,193.8,194.05,127704
2022-10-14 13:15:00+05:30,194.0,194.2,192.5,192.85,183718
2022-10-14 14:15:00+05:30,192.85,192.85,191.2,191.55,217465
2022-10-14 15:15:00+05:30,191.45,191.8,191.05,191.65,158007
2022-10-17 09:15:00+05:30,192.0,192.8,190.15,192.75,347134
2022-10-17 10:15:00+05:30,192.75,193.45,192.15,192.65,255708
2022-10-17 11:15:00+05:30,192.65,192.7,191.8,192.5,265960
2022-10-17 12:15:00+05:30,192.5,193.4,192.2,192.75,91581
2022-10-17 13:15:00+05:30,192.75,193.3,192.25,192.55,162799
2022-10-17 14:15:00+05:30,192.7,193.35,192.25,192.35,213941
2022-10-17 15:15:00+05:30,192.35,193.45,192.3,193.3,76665
2022-10-18 09:15:00+05:30,194.45,197.1,194.4,195.85,528967
2022-10-18 10:15:00+05:30,196.0,196.4,195.15,195.45,160885
2022-10-18 11:15:00+05:30,195.45,196.8,194.7,196.4,448085
2022-10-18 12:15:00+05:30,196.45,197.2,196.0,197.2,151640
2022-10-18 13:15:00+05:30,197.2,197.2,195.3,196.25,202418
2022-10-18 14:15:00+05:30,196.3,196.45,195.0,195.25,435557
2022-10-18 15:15:00+05:30,195.25,195.8,195.1,195.3,75471
