date,open,high,low,close,volume
2015-01-01 00:00:00+05:30,335.7,337.8,333.2,334.65,403716
2015-01-02 00:00:00+05:30,334.0,346.6,334.0,342.25,1628269
2015-01-05 00:00:00+05:30,343.2,347.9,340.65,344.45,1206820
2015-01-06 00:00:00+05:30,340.9,342.0,327.7,328.75,1457991
2015-01-07 00:00:00+05:30,327.8,336.5,325.55,330.65,1882988
2015-01-08 00:00:00+05:30,335.7,341.8,330.5,340.7,2563503
2015-01-09 00:00:00+05:30,344.0,351.95,339.5,342.65,2879302
2015-01-12 00:00:00+05:30,343.0,343.0,335.55,337.4,1174215
2015-01-13 00:00:00+05:30,340.0,341.0,332.7,334.4,1291592
2015-01-14 00:00:00+05:30,336.0,338.2,327.64,330.3,1306790
2015-01-15 00:00:00+05:30,335.75,345.65,332.65,341.85,1786117
2015-01-16 00:00:00+05:30,340.25,344.8,336.7,339.9,2564358
2015-01-19 00:00:00+05:30,342.5,348.5,340.15,346.35,1543709
2015-01-20 00:00:00+05:30,348.3,356.45,347.4,355.0,3190516
2015-01-21 00:00:00+05:30,355.9,362.25,352.55,360.25,4703615
2015-01-22 00:00:00+05:30,357.0,368.0,355.5,364.45,2303755
2015-01-23 00:00:00+05:30,369.8,374.85,364.45,373.75,2876418
2015-01-27 00:00:00+05:30,376.15,383.2,374.5,380.5,2097895
2015-01-28 00:00:00+05:30,384.0,384.9,364.55,365.95,2462647
2015-01-29 00:00:00+05:30,364.25,369.95,358.2,364.15,2851910
2015-01-30 00:00:00+05:30,367.45,368.2,360.25,363.95,1328189
2015-02-02 00:00:00+05:30,362.0,363.95,354.0,356.65,1479086
2015-02-03 00:00:00+05:30,360.0,366.6,355.5,358.3,1586558
2015-02-04 00:00:00+05:30,360.4,361.2,353.0,355.0,1848761
2015-02-05 00:00:00+05:30,358.0,364.4,353.05,356.4,1094935
2015-02-06 00:00:00+05:30,345.2,346.8,327.0,337.35,3465733
2015-02-09 00:00:00+05:30,333.8,339.6,328.0,329.55,2753473
2015-02-10 00:00:00+05:30,328.0,341.6,323.6,336.45,1215069
2015-02-11 00:00:00+05:30,336.85,339.8,333.6,338.9,1043316
2015-02-12 00:00:00+05:30,342.75,342.75,334.65,338.25,855706
2015-02-13 00:00:00+05:30,339.25,347.3,333.55,345.85,1521114
2015-02-16 00:00:00+05:30,347.25,351.65,344.45,350.6,2448156
2015-02-18 00:00:00+05:30,350.1,354.25,343.25,350.15,2330841
2015-02-19 00:00:00+05:30,373.0,383.95,367.0,373.3,5492008
2015-02-20 00:00:00+05:30,374.9,385.8,370.6,381.65,3065964
2015-02-23 00:00:00+05:30,381.65,384.5,370.65,372.25,976523
2015-02-24 00:00:00+05:30,371.05,373.6,362.65,365.75,548799
2015-02-25 00:00:00+05:30,367.2,372.9,364.0,365.75,659314
2015-02-26 00:00:00+05:30,367.55,367.55,347.75,350.2,1758673
2015-02-27 00:00:00+05:30,354.0,361.2,352.45,359.0,899983
2015-03-02 00:00:00+05:30,377.0,377.0,359.3,369.55,2232316
2015-03-03 00:00:00+05:30,370.6,370.6,364.0,367.0,1453914
2015-03-04 00:00:00+05:30,374.9,375.0,361.0,362.6,1783795
2015-03-05 00:00:00+05:30,363.65,365.95,353.3,354.9,1808297
2015-03-09 00:00:00+05:30,352.0,353.95,338.5,342.75,2908585
2015-03-10 00:00:00+05:30,346.4,350.85,339.0,343.7,2645066
2015-03-11 00:00:00+05:30,344.0,346.9,336.35,339.65,1854857
2015-03-12 00:00:00+05:30,344.7,346.5,342.9,344.0,1750183
2015-03-13 00:00:00+05:30,344.9,345.5,335.55,337.6,2835320
2015-03-16 00:00:00+05:30,340.2,342.0,334.0,338.95,1262141
2015-03-17 00:00:00+05:30,341.1,347.25,340.15,345.8,1775741
2015-03-18 00:00:00+05:30,345.45,345.45,338.2,339.9,1204888
2015-03-19 00:00:00+05:30,343.45,343.75,332.1,336.65,1461568
2015-03-20 00:00:00+05:30,333.95,335.6,326.0,327.35,1912636
2015-03-23 00:00:00+05:30,327.7,329.5,320.1,321.5,954574
2015-03-24 00:00:00+05:30,320.05,323.85,310.55,312.8,2083050
2015-03-25 00:00:00+05:30,316.0,317.8,312.05,316.14,2668863
2015-03-26 00:00:00+05:30,315.0,319.55,304.95,308.75,3682342
2015-03-27 00:00:00+05:30,309.2,318.7,305.45,316.5,1131212
2015-03-30 00:00:00+05:30,319.8,324.95,314.35,324.39,1032105
2015-03-31 00:00:00+05:30,325.8,338.85,321.64,331.55,2604153
2015-04-01 00:00:00+05:30,331.4,338.9,328.6,338.05,1664959
2015-04-06 00:00:00+05:30,339.0,344.4,337.3,341.45,929224
2015-04-07 00:00:00+05:30,341.9,345.85,339.65,342.95,2084925
2015-04-08 00:00:00+05:30,347.0,347.6,343.2,345.4,1109766
2015-04-09 00:00:00+05:30,345.6,346.8,339.75,343.4,1300156
2015-04-10 00:00:00+05:30,344.0,352.5,339.3,351.1,1272284
2015-04-13 00:00:00+05:30,352.95,356.45,347.2,354.65,1504187
2015-04-15 00:00:00+05:30,354.0,354.0,341.7,344.15,1257299
2015-04-16 00:00:00+05:30,348.0,358.0,341.0,348.9,2580149
2015-04-17 00:00:00+05:30,349.0,349.5,338.5,340.5,1147088
2015-04-20 00:00:00+05:30,343.35,343.35,324.14,328.75,1500415
2015-04-21 00:00:00+05:30,330.0,333.35,325.1,327.64,763574
2015-04-22 00:00:00+05:30,328.0,329.9,319.64,328.1,972271
2015-04-23 00:00:00+05:30,331.8,331.8,318.0,319.14,2674416
2015-04-24 00:00:00+05:30,320.39,323.0,315.0,319.95,4296398
2015-04-27 00:00:00+05:30,321.64,323.2,311.5,315.95,1954650
2015-04-28 00:00:00+05:30,318.0,324.8,314.55,322.5,1864985
2015-04-29 00:00:00+05:30,323.8,323.8,315.0,318.45,2143144
2015-04-30 00:00:00+05:30,319.8,319.8,309.0,310.7,3497186
2015-05-04 00:00:00+05:30,316.7,316.7,309.25,312.25,3325718
2015-05-05 00:00:00+05:30,313.89,317.39,310.7,315.75,1893197
2015-05-06 00:00:00+05:30,315.0,315.0,303.1,304.89,1475210
2015-05-07 00:00:00+05:30,301.0,305.0,290.3,295.1,1676241
2015-05-08 00:00:00+05:30,301.0,310.89,301.0,309.35,2461737
2015-05-11 00:00:00+05:30,313.35,324.14,311.8,322.75,2640034
2015-05-12 00:00:00+05:30,322.14,322.14,312.1,313.25,1718725
2015-05-13 00:00:00+05:30,315.0,319.45,311.1,317.85,1086359
2015-05-14 00:00:00+05:30,318.7,319.0,310.0,315.0,1271293
2015-05-15 00:00:00+05:30,317.8,318.1,312.6,313.85,1551686
2015-05-18 00:00:00+05:30,314.6,318.25,311.1,317.35,1724908
2015-05-19 00:00:00+05:30,316.8,316.8,312.2,313.64,854795
2015-05-20 00:00:00+05:30,315.8,316.05,308.0,309.89,2038038
2015-05-21 00:00:00+05:30,308.14,316.39,308.14,315.85,1006706
2015-05-22 00:00:00+05:30,316.45,318.8,314.05,315.35,1322347
2015-05-25 00:00:00+05:30,318.75,319.3,306.3,307.14,1154902
2015-05-26 00:00:00+05:30,307.89,310.0,301.0,308.39,1890323
2015-05-27 00:00:00+05:30,294.0,300.14,290.0,297.89,3146553
2015-05-28 00:00:00+05:30,299.8,304.0,297.39,298.95,1418312
2015-05-29 00:00:00+05:30,300.0,303.2,297.1,301.05,674090
2015-06-01 00:00:00+05:30,302.5,302.5,290.0,290.64,1726843
2015-06-02 00:00:00+05:30,292.5,294.89,285.89,286.8,1481417
2015-06-03 00:00:00+05:30,287.95,288.8,274.95,281.85,1985146
2015-06-04 00:00:00+05:30,282.89,284.85,275.75,282.14,1490882
2015-06-05 00:00:00+05:30,282.5,289.14,280.8,285.64,3365978
2015-06-08 00:00:00+05:30,284.89,284.89,278.7,280.1,1425333
2015-06-09 00:00:00+05:30,279.2,283.0,276.1,281.14,2106460
2015-06-10 00:00:00+05:30,281.0,286.1,279.0,281.89,1819952
2015-06-11 00:00:00+05:30,283.05,283.2,267.75,269.64,2514885
2015-06-12 00:00:00+05:30,267.6,268.5,260.64,266.0,2876676
2015-06-15 00:00:00+05:30,265.5,269.7,262.25,263.95,1940080
2015-06-16 00:00:00+05:30,265.6,272.55,263.0,269.0,1728400
2015-06-17 00:00:00+05:30,275.0,275.89,267.5,268.35,2507616
2015-06-18 00:00:00+05:30,271.25,274.2,268.0,272.55,2739015
2015-06-19 00:00:00+05:30,274.5,274.5,268.0,269.45,2309862
2015-06-22 00:00:00+05:30,272.7,275.75,271.0,273.0,2237706
2015-06-23 00:00:00+05:30,274.45,275.89,271.89,272.45,2070800
2015-06-24 00:00:00+05:30,272.95,273.75,268.89,270.25,1505794
2015-06-25 00:00:00+05:30,271.39,271.39,265.0,265.8,3144042
2015-06-26 00:00:00+05:30,266.0,270.0,266.0,268.6,1073767
2015-06-29 00:00:00+05:30,263.35,264.6,258.5,260.6,1596134
2015-06-30 00:00:00+05:30,260.5,261.64,255.0,260.7,2917580
2015-07-01 00:00:00+05:30,261.1,266.5,259.0,263.8,2511965
2015-07-02 00:00:00+05:30,268.0,268.0,259.0,260.05,1018260
2015-07-03 00:00:00+05:30,260.1,261.39,257.35,259.85,1412872
2015-07-06 00:00:00+05:30,256.0,257.0,251.25,254.9,1994335
2015-07-07 00:00:00+05:30,255.9,258.6,252.0,252.45,3442553
2015-07-08 00:00:00+05:30,250.45,250.45,237.0,239.45,3496396
2015-07-09 00:00:00+05:30,239.0,239.9,233.55,234.4,3186109
2015-07-10 00:00:00+05:30,238.1,240.7,236.3,238.55,2034432
2015-07-13 00:00:00+05:30,239.5,246.65,235.65,241.75,1770086
2015-07-14 00:00:00+05:30,243.0,243.5,228.05,232.1,2495603
2015-07-15 00:00:00+05:30,232.6,241.0,232.1,240.5,3075160
2015-07-16 00:00:00+05:30,242.0,242.9,235.55,236.25,2817212
2015-07-17 00:00:00+05:30,237.05,239.95,233.8,238.2,4270553
2015-07-20 00:00:00+05:30,240.05,240.3,233.25,234.9,2115767
2015-07-21 00:00:00+05:30,235.0,238.9,232.95,234.2,2725386
2015-07-22 00:00:00+05:30,233.0,241.0,233.0,240.0,2769141
2015-07-23 00:00:00+05:30,240.4,256.39,238.75,254.5,5514931
2015-07-24 00:00:00+05:30,255.2,256.95,245.0,245.55,3177332
2015-07-27 00:00:00+05:30,245.4,246.3,237.1,238.4,2362429
2015-07-28 00:00:00+05:30,239.4,240.5,233.5,237.0,2236053
2015-07-29 00:00:00+05:30,238.4,244.0,238.4,241.85,2047040
2015-07-30 00:00:00+05:30,244.35,251.0,243.5,249.8,2983781
2015-07-31 00:00:00+05:30,251.0,262.8,249.65,260.05,3252614
2015-08-03 00:00:00+05:30,261.0,265.3,257.35,261.85,3658864
2015-08-04 00:00:00+05:30,261.5,262.8,254.9,260.8,4053354
2015-08-05 00:00:00+05:30,262.0,268.0,259.0,260.35,2580186
2015-08-06 00:00:00+05:30,260.55,266.0,257.0,263.7,3372060
2015-08-07 00:00:00+05:30,265.5,272.45,264.0,267.85,4959082
2015-08-10 00:00:00+05:30,262.2,272.7,261.89,264.35,3235634
2015-08-11 00:00:00+05:30,264.95,266.0,248.9,249.95,4491491
2015-08-12 00:00:00+05:30,249.1,249.1,237.25,239.0,4200677
2015-08-13 00:00:00+05:30,241.2,244.95,231.1,235.25,3000003
2015-08-14 00:00:00+05:30,240.25,247.4,234.5,244.8,1969422
2015-08-17 00:00:00+05:30,244.65,246.0,236.1,240.2,2175051
2015-08-18 00:00:00+05:30,241.85,247.5,241.5,243.55,1736661
2015-08-19 00:00:00+05:30,243.65,250.4,240.55,247.9,2724217
2015-08-20 00:00:00+05:30,247.55,247.55,240.2,243.1,2325185
2015-08-21 00:00:00+05:30,238.0,239.25,234.6,237.3,2078211
2015-08-24 00:00:00+05:30,226.4,231.7,213.65,219.25,6086105
2015-08-25 00:00:00+05:30,222.75,225.9,205.5,222.45,6621089
2015-08-26 00:00:00+05:30,225.0,233.0,217.4,226.1,4307662
2015-08-27 00:00:00+05:30,233.95,242.7,226.9,240.65,4746030
2015-08-28 00:00:00+05:30,243.1,247.55,239.7,245.5,2734828
2015-08-31 00:00:00+05:30,243.1,247.5,236.25,237.75,1888682
2015-09-01 00:00:00+05:30,232.7,232.8,222.0,223.4,3315841
2015-09-02 00:00:00+05:30,224.0,226.65,218.55,220.3,2198232
2015-09-03 00:00:00+05:30,223.0,245.7,223.0,234.95,4868284
2015-09-04 00:00:00+05:30,233.75,233.75,221.1,223.8,3606590
2015-09-07 00:00:00+05:30,227.7,232.4,222.15,223.4,2371300
2015-09-08 00:00:00+05:30,226.4,236.2,219.45,235.05,2941220
2015-09-09 00:00:00+05:30,239.5,245.45,235.25,239.45,2483798
2015-09-10 00:00:00+05:30,234.3,247.0,230.1,245.45,2192715
2015-09-11 00:00:00+05:30,247.45,250.5,240.1,242.35,1695024
2015-09-14 00:00:00+05:30,243.65,249.65,240.8,248.65,2591725
2015-09-15 00:00:00+05:30,249.4,251.7,236.0,239.55,2644578
2015-09-16 00:00:00+05:30,242.0,243.0,235.3,240.5,2145694
2015-09-18 00:00:00+05:30,234.0,246.75,233.6,236.65,17540204
2015-09-21 00:00:00+05:30,233.85,240.9,232.95,237.1,1942093
2015-09-22 00:00:00+05:30,238.95,239.55,225.0,226.85,2267221
2015-09-23 00:00:00+05:30,222.9,227.6,221.1,222.95,2285507
2015-09-24 00:00:00+05:30,223.0,225.75,219.7,220.7,2086693
2015-09-28 00:00:00+05:30,221.15,222.25,204.9,206.85,3593452
2015-09-29 00:00:00+05:30,202.0,217.4,200.2,212.7,2207297
2015-09-30 00:00:00+05:30,215.0,218.25,211.5,216.45,2184921
2015-10-01 00:00:00+05:30,218.9,220.5,214.65,218.6,1326375
2015-10-05 00:00:00+05:30,222.0,235.0,221.8,233.8,4276462
2015-10-06 00:00:00+05:30,236.05,243.8,235.15,242.15,3323481
2015-10-07 00:00:00+05:30,240.5,245.35,237.25,241.9,1573727
2015-10-08 00:00:00+05:30,242.15,246.9,240.15,242.25,1352157
2015-10-09 00:00:00+05:30,244.8,246.7,241.2,244.75,1524252
2015-10-12 00:00:00+05:30,246.7,252.9,243.8,245.9,2578946
2015-10-13 00:00:00+05:30,246.4,252.35,243.3,245.75,1462030
2015-10-14 00:00:00+05:30,244.5,247.25,240.55,241.6,788656
2015-10-15 00:00:00+05:30,244.0,260.0,244.0,259.55,5131700
2015-10-16 00:00:00+05:30,265.0,266.0,256.14,260.7,3028081
2015-10-19 00:00:00+05:30,260.7,265.95,258.39,264.55,3394311
2015-10-20 00:00:00+05:30,264.0,272.7,262.5,270.05,3028020
2015-10-21 00:00:00+05:30,269.75,272.7,267.39,269.25,1745140
2015-10-23 00:00:00+05:30,272.89,273.7,270.05,272.8,1582263
2015-10-26 00:00:00+05:30,275.39,276.55,270.8,272.64,1613964
2015-10-27 00:00:00+05:30,272.1,272.85,269.39,269.95,2010725
2015-10-28 00:00:00+05:30,269.89,271.14,265.0,268.75,1520384
2015-10-29 00:00:00+05:30,268.8,270.0,262.55,268.8,2574507
2015-10-30 00:00:00+05:30,268.8,270.25,255.0,260.1,1450222
2015-11-02 00:00:00+05:30,264.2,265.35,260.5,262.89,1361417
2015-11-03 00:00:00+05:30,264.55,265.89,258.25,259.64,709692
2015-11-04 00:00:00+05:30,263.75,272.8,263.75,268.95,3998220
2015-11-05 00:00:00+05:30,270.0,271.8,265.2,265.89,2960404
2015-11-06 00:00:00+05:30,264.89,266.5,260.5,261.89,1494961
2015-11-09 00:00:00+05:30,250.0,271.85,249.0,270.89,4351399
2015-11-10 00:00:00+05:30,269.8,278.89,269.0,271.55,2666522
2015-11-11 00:00:00+05:30,275.0,279.0,274.0,277.5,284567
2015-11-13 00:00:00+05:30,287.0,294.0,287.0,290.1,13268767
2015-11-16 00:00:00+05:30,290.0,295.3,285.1,287.8,5106265
2015-11-17 00:00:00+05:30,291.5,292.45,285.5,287.25,5450882
2015-11-18 00:00:00+05:30,289.7,293.85,285.1,290.25,3703702
2015-11-19 00:00:00+05:30,294.0,297.0,292.75,294.39,3848886
2015-11-20 00:00:00+05:30,295.8,300.25,295.0,295.95,3738571
2015-11-23 00:00:00+05:30,295.0,301.55,290.8,296.85,5002302
2015-11-24 00:00:00+05:30,296.39,297.25,289.39,293.85,2971912
2015-11-26 00:00:00+05:30,294.7,302.64,294.0,299.75,9022318
2015-11-27 00:00:00+05:30,303.0,303.75,298.3,299.05,3227282
2015-11-30 00:00:00+05:30,300.55,304.39,294.1,298.8,33636745
2015-12-01 00:00:00+05:30,299.95,299.95,287.8,290.6,2811814
2015-12-02 00:00:00+05:30,291.0,294.0,283.89,286.95,2807303
2015-12-03 00:00:00+05:30,285.1,286.0,279.05,280.0,1716022
2015-12-04 00:00:00+05:30,281.0,285.95,279.0,284.95,2026474
2015-12-07 00:00:00+05:30,288.0,288.0,279.3,280.25,1635701
2015-12-08 00:00:00+05:30,281.89,288.89,281.5,283.89,2039754
2015-12-09 00:00:00+05:30,284.0,286.39,277.55,281.1,1954533
2015-12-10 00:00:00+05:30,286.39,286.39,278.5,284.64,2285886
2015-12-11 00:00:00+05:30,284.64,285.39,273.8,276.3,1710693
2015-12-14 00:00:00+05:30,274.1,274.64,267.64,270.64,2007005
2015-12-15 00:00:00+05:30,271.89,282.2,269.85,281.25,2285689
2015-12-16 00:00:00+05:30,280.05,283.45,278.2,279.89,1384417
2015-12-17 00:00:00+05:30,281.0,285.05,278.5,282.75,1108336
2015-12-18 00:00:00+05:30,284.0,284.5,277.39,278.35,2517430
2015-12-21 00:00:00+05:30,277.25,281.64,276.3,280.64,1313855
2015-12-22 00:00:00+05:30,281.64,282.0,278.35,279.1,670969
2015-12-23 00:00:00+05:30,281.45,282.2,279.5,281.75,893590
2015-12-24 00:00:00+05:30,282.2,284.5,280.64,282.05,819053
2015-12-28 00:00:00+05:30,282.5,292.64,282.05,289.05,1587388
2015-12-29 00:00:00+05:30,290.6,291.3,285.75,288.75,1135723
2015-12-30 00:00:00+05:30,289.35,291.39,287.3,289.89,935887
2015-12-31 00:00:00+05:30,291.2,291.95,287.1,289.35,2127834
2016-01-01 00:00:00+05:30,289.4,298.25,289.35,296.6,1131233
2016-01-04 00:00:00+05:30,294.8,294.8,275.25,278.1,2359770
2016-01-05 00:00:00+05:30,281.4,283.0,276.4,278.95,2346499
2016-01-06 00:00:00+05:30,280.0,280.45,272.45,273.45,1646527
2016-01-07 00:00:00+05:30,267.9,267.9,254.5,257.0,2837932
2016-01-08 00:00:00+05:30,260.0,267.55,259.0,264.7,2081245
2016-01-11 00:00:00+05:30,259.75,274.4,258.4,271.8,1944294
2016-01-12 00:00:00+05:30,273.0,275.0,266.35,270.25,1170573
2016-01-13 00:00:00+05:30,272.6,278.9,266.75,273.7,1965963
2016-01-14 00:00:00+05:30,265.0,270.25,261.6,267.75,1685205
2016-01-15 00:00:00+05:30,268.85,268.85,256.75,257.9,963039
2016-01-18 00:00:00+05:30,257.5,260.95,252.05,257.0,1343187
2016-01-19 00:00:00+05:30,260.4,268.9,258.5,263.95,1386001
2016-01-20 00:00:00+05:30,260.5,261.9,251.6,258.6,2119862
2016-01-21 00:00:00+05:30,258.0,261.0,246.9,248.25,3015745
2016-01-22 00:00:00+05:30,252.95,262.3,251.0,257.45,1182214
2016-01-25 00:00:00+05:30,260.8,263.5,255.95,257.6,1088619
2016-01-27 00:00:00+05:30,257.8,266.35,257.8,265.45,1531779
2016-01-28 00:00:00+05:30,266.3,276.3,264.1,267.5,3184953
2016-01-29 00:00:00+05:30,266.8,267.95,260.1,265.45,1917242
2016-02-01 00:00:00+05:30,265.55,266.95,261.25,263.2,1109835
2016-02-02 00:00:00+05:30,264.5,264.95,251.7,253.35,3769028
2016-02-03 00:00:00+05:30,252.6,252.6,240.5,243.0,2740603
2016-02-04 00:00:00+05:30,244.5,246.3,239.5,242.95,2205619
2016-02-05 00:00:00+05:30,243.9,251.8,243.9,248.75,1793182
2016-02-08 00:00:00+05:30,248.0,248.95,240.1,241.15,827940
2016-02-09 00:00:00+05:30,237.8,242.15,229.1,230.6,3495905
2016-02-10 00:00:00+05:30,229.7,229.7,215.5,223.95,3800378
2016-02-11 00:00:00+05:30,224.0,227.8,210.1,214.8,1565637
2016-02-12 00:00:00+05:30,214.7,230.5,212.55,226.15,3129794
2016-02-15 00:00:00+05:30,230.8,239.5,227.0,237.85,1869821
2016-02-16 00:00:00+05:30,241.0,243.15,227.3,229.25,1941721
2016-02-17 00:00:00+05:30,230.0,240.0,226.25,239.15,1625782
2016-02-18 00:00:00+05:30,241.8,242.75,232.6,239.2,1651723
2016-02-19 00:00:00+05:30,237.9,245.95,235.5,244.75,1493012
2016-02-22 00:00:00+05:30,246.7,247.7,238.1,242.1,819900
2016-02-23 00:00:00+05:30,256.2,259.7,245.25,246.75,3997573
2016-02-24 00:00:00+05:30,245.9,248.45,240.1,241.2,1753397
2016-02-25 00:00:00+05:30,241.6,244.2,231.6,232.85,4077610
2016-02-26 00:00:00+05:30,236.1,238.3,230.0,233.4,2023464
2016-02-29 00:00:00+05:30,232.85,236.45,224.3,234.05,1987197
2016-03-01 00:00:00+05:30,234.3,243.45,234.3,240.45,2685092
2016-03-02 00:00:00+05:30,248.7,248.8,236.65,237.85,2875914
2016-03-03 00:00:00+05:30,242.55,249.3,241.15,247.1,2569598
2016-03-04 00:00:00+05:30,249.0,250.85,245.7,247.85,2536924
2016-03-08 00:00:00+05:30,247.0,256.5,247.0,249.95,2079878
2016-03-09 00:00:00+05:30,247.85,253.5,244.15,250.3,2083383
2016-03-10 00:00:00+05:30,253.7,254.5,247.8,250.2,1696917
2016-03-11 00:00:00+05:30,251.7,255.85,247.0,254.85,1641082
2016-03-14 00:00:00+05:30,258.25,265.55,257.5,263.55,2290574
2016-03-15 00:00:00+05:30,265.7,266.5,262.6,264.85,1526162
2016-03-16 00:00:00+05:30,265.0,265.0,258.25,261.2,1038087
2016-03-17 00:00:00+05:30,264.95,266.9,261.35,263.1,1115624
2016-03-18 00:00:00+05:30,264.0,267.8,262.5,266.55,2358580
2016-03-21 00:00:00+05:30,266.15,275.0,264.3,274.05,2325717
2016-03-22 00:00:00+05:30,273.7,280.65,271.5,278.6,2800727
2016-03-23 00:00:00+05:30,278.9,283.0,276.7,281.8,1589429
2016-03-28 00:00:00+05:30,284.45,285.45,269.75,272.05,3183411
2016-03-29 00:00:00+05:30,273.0,279.95,271.5,276.85,2533882
2016-03-30 00:00:00+05:30,282.0,287.5,280.8,284.85,2032833
2016-03-31 00:00:00+05:30,287.0,304.0,282.6,288.35,9149583
2016-04-01 00:00:00+05:30,289.7,289.7,281.2,286.05,1989344
2016-04-04 00:00:00+05:30,288.8,289.45,281.8,285.6,2518938
2016-04-05 00:00:00+05:30,284.0,284.0,269.8,271.25,2883464
2016-04-06 00:00:00+05:30,273.65,277.5,271.8,276.6,1578537
2016-04-07 00:00:00+05:30,277.9,281.9,269.05,276.35,2801263
2016-04-08 00:00:00+05:30,276.85,280.75,275.85,277.0,1264658
2016-04-11 00:00:00+05:30,276.2,289.05,275.7,287.05,1995547
2016-04-12 00:00:00+05:30,290.0,295.0,289.2,294.15,2589842
2016-04-13 00:00:00+05:30,298.45,300.7,294.55,299.95,3362057
2016-04-18 00:00:00+05:30,299.0,302.3,296.7,300.85,1060041
2016-04-20 00:00:00+05:30,301.6,305.85,298.7,301.9,1489032
2016-04-21 00:00:00+05:30,303.5,307.7,296.85,300.75,1572054
2016-04-22 00:00:00+05:30,300.0,305.0,298.8,303.55,808944
2016-04-25 00:00:00+05:30,303.0,304.3,295.35,296.15,1978752
2016-04-26 00:00:00+05:30,295.7,307.3,293.25,306.5,2437405
2016-04-27 00:00:00+05:30,306.9,309.75,303.15,304.3,798597
2016-04-28 00:00:00+05:30,305.9,307.2,300.2,301.85,1501711
2016-04-29 00:00:00+05:30,301.75,305.25,294.85,297.8,1598500
2016-05-02 00:00:00+05:30,297.0,297.55,291.65,295.35,1247168
2016-05-03 00:00:00+05:30,299.35,311.9,298.2,300.35,2811881
2016-05-04 00:00:00+05:30,299.35,299.35,280.05,281.35,1530918
2016-05-05 00:00:00+05:30,283.8,287.05,280.05,283.05,1209444
2016-05-06 00:00:00+05:30,281.8,288.0,278.45,286.8,1042991
2016-05-09 00:00:00+05:30,289.7,291.0,285.25,289.3,1066084
2016-05-10 00:00:00+05:30,290.7,290.7,280.0,281.0,1362651
2016-05-11 00:00:00+05:30,277.0,281.9,271.45,273.85,2112122
2016-05-12 00:00:00+05:30,275.65,279.25,274.5,277.65,1155366
2016-05-13 00:00:00+05:30,276.95,280.95,274.65,276.95,1707115
2016-05-16 00:00:00+05:30,277.25,279.75,272.1,275.55,1601418
2016-05-17 00:00:00+05:30,277.7,277.7,271.0,271.7,2150249
2016-05-18 00:00:00+05:30,268.8,270.3,265.8,268.65,1253146
2016-05-19 00:00:00+05:30,270.0,273.5,264.3,266.1,2096870
2016-05-20 00:00:00+05:30,266.3,268.45,262.0,263.1,2076504
2016-05-23 00:00:00+05:30,265.7,266.35,259.1,259.9,1332245
2016-05-24 00:00:00+05:30,260.0,263.6,258.8,261.35,1440860
2016-05-25 00:00:00+05:30,264.0,271.2,264.0,270.55,1455056
2016-05-26 00:00:00+05:30,273.0,273.7,268.25,269.6,2369211
2016-05-27 00:00:00+05:30,272.35,273.25,269.0,271.7,2637422
2016-05-30 00:00:00+05:30,272.95,282.35,272.95,281.45,6293847
2016-05-31 00:00:00+05:30,300.0,317.8,298.7,314.5,16105059
2016-06-01 00:00:00+05:30,318.0,318.0,308.0,309.15,2368671
2016-06-02 00:00:00+05:30,307.25,314.5,305.1,311.7,2392412
2016-06-03 00:00:00+05:30,312.9,323.9,312.9,317.05,4222654
2016-06-06 00:00:00+05:30,319.0,322.0,311.25,318.05,4114002
2016-06-07 00:00:00+05:30,322.0,323.6,318.0,319.6,3156909
2016-06-08 00:00:00+05:30,321.4,324.45,320.2,322.95,1824450
2016-06-09 00:00:00+05:30,322.15,325.4,321.8,323.3,1193910
2016-06-10 00:00:00+05:30,321.3,321.9,310.6,312.65,3125984
2016-06-13 00:00:00+05:30,308.0,308.6,297.4,301.75,4371937
2016-06-14 00:00:00+05:30,302.5,306.8,301.15,304.95,2585356
2016-06-15 00:00:00+05:30,307.9,310.25,305.05,308.0,1621821
2016-06-16 00:00:00+05:30,307.25,307.25,301.1,305.85,2278584
2016-06-17 00:00:00+05:30,309.15,313.9,309.15,312.15,3534877
2016-06-20 00:00:00+05:30,311.5,321.9,311.25,320.15,3260277
2016-06-21 00:00:00+05:30,323.0,325.4,318.95,324.7,3476951
2016-06-22 00:00:00+05:30,321.65,322.55,312.0,314.8,1630358
2016-06-23 00:00:00+05:30,313.5,320.45,313.5,319.45,3344752
2016-06-24 00:00:00+05:30,288.0,299.65,280.2,298.25,7806703
2016-06-27 00:00:00+05:30,296.5,300.7,294.05,295.9,2723624
2016-06-28 00:00:00+05:30,295.8,295.9,286.4,287.55,3563300
2016-06-29 00:00:00+05:30,291.0,292.75,286.6,287.8,4997896
2016-06-30 00:00:00+05:30,290.25,294.8,289.3,291.75,6763831
2016-07-01 00:00:00+05:30,294.0,297.4,290.3,291.45,2412068
2016-07-04 00:00:00+05:30,296.0,304.4,295.1,303.5,3205282
2016-07-05 00:00:00+05:30,303.0,303.4,295.1,296.55,1407106
2016-07-07 00:00:00+05:30,295.35,298.25,290.15,290.95,2189969
2016-07-08 00:00:00+05:30,294.8,297.8,292.75,296.2,2483303
2016-07-11 00:00:00+05:30,300.0,308.85,299.0,307.55,2025590
2016-07-12 00:00:00+05:30,310.5,313.4,308.1,309.5,1936852
2016-07-13 00:00:00+05:30,311.25,312.0,303.2,306.25,1797658
2016-07-14 00:00:00+05:30,304.6,312.3,304.6,311.15,1095984
2016-07-15 00:00:00+05:30,311.25,318.7,303.5,311.55,2679487
2016-07-18 00:00:00+05:30,314.9,322.25,312.55,314.9,2215229
2016-07-19 00:00:00+05:30,314.3,322.0,314.3,320.9,1585590
2016-07-20 00:00:00+05:30,319.8,322.8,318.95,319.95,1166301
2016-07-21 00:00:00+05:30,321.7,326.35,317.25,319.0,1778687
2016-07-22 00:00:00+05:30,321.0,330.95,319.25,329.4,1627600
2016-07-25 00:00:00+05:30,330.5,333.0,328.2,330.15,1849153
2016-07-26 00:00:00+05:30,333.0,334.0,324.45,325.7,1341273
2016-07-27 00:00:00+05:30,327.8,331.7,322.65,330.65,1875507
2016-07-28 00:00:00+05:30,331.0,331.65,323.3,327.75,4335354
2016-07-29 00:00:00+05:30,327.7,331.7,322.6,323.45,1159594
2016-08-01 00:00:00+05:30,328.0,333.95,325.6,330.55,1150689
2016-08-02 00:00:00+05:30,331.0,334.8,321.25,322.8,2885984
2016-08-03 00:00:00+05:30,324.9,327.8,312.2,313.4,1322928
2016-08-04 00:00:00+05:30,314.2,324.35,314.2,322.0,2900196
2016-08-05 00:00:00+05:30,325.0,332.7,322.05,331.25,1742139
2016-08-08 00:00:00+05:30,335.9,338.1,333.85,334.75,1561056
2016-08-09 00:00:00+05:30,337.0,339.35,330.85,336.35,1492336
2016-08-10 00:00:00+05:30,336.35,337.95,329.6,333.5,1759550
2016-08-11 00:00:00+05:30,333.0,334.3,325.7,329.2,962902
2016-08-12 00:00:00+05:30,330.0,337.5,330.0,336.5,992433
2016-08-16 00:00:00+05:30,337.0,337.0,326.5,331.5,1460134
2016-08-17 00:00:00+05:30,332.9,334.7,330.7,333.55,795373
2016-08-18 00:00:00+05:30,334.5,340.0,332.55,337.7,764942
2016-08-19 00:00:00+05:30,336.55,342.55,336.1,337.85,993684
2016-08-22 00:00:00+05:30,338.4,339.25,330.9,331.75,631597
2016-08-23 00:00:00+05:30,331.75,332.25,325.6,327.9,2477632
2016-08-24 00:00:00+05:30,327.0,330.0,320.0,322.9,1153702
2016-08-25 00:00:00+05:30,323.4,325.0,318.1,319.0,2202417
2016-08-26 00:00:00+05:30,322.0,337.7,314.0,329.55,3477685
2016-08-29 00:00:00+05:30,339.8,339.8,333.15,337.95,2725457
2016-08-30 00:00:00+05:30,338.9,340.85,335.7,339.65,1539719
2016-08-31 00:00:00+05:30,338.5,351.35,338.5,343.55,4389201
2016-09-01 00:00:00+05:30,345.0,347.2,342.0,344.3,1287340
2016-09-02 00:00:00+05:30,348.05,352.9,347.2,351.9,1726214
2016-09-06 00:00:00+05:30,355.0,376.2,354.1,373.5,3354583
2016-09-07 00:00:00+05:30,374.9,378.15,369.55,372.2,2260432
2016-09-08 00:00:00+05:30,374.1,376.3,365.05,370.15,2275014
2016-09-09 00:00:00+05:30,368.3,369.55,362.0,363.25,1244048
2016-09-12 00:00:00+05:30,353.0,360.0,345.0,350.5,2168850
2016-09-14 00:00:00+05:30,354.0,362.0,346.15,358.35,2362520
2016-09-15 00:00:00+05:30,359.0,364.0,351.8,354.3,1786716
2016-09-16 00:00:00+05:30,357.4,360.85,350.65,352.55,1833461
2016-09-19 00:00:00+05:30,353.15,356.1,349.25,350.65,2015166
2016-09-20 00:00:00+05:30,351.15,351.15,345.35,346.95,1563349
2016-09-21 00:00:00+05:30,347.9,353.7,345.0,347.85,1081269
2016-09-22 00:00:00+05:30,353.45,357.4,351.7,355.35,1413376
2016-09-23 00:00:00+05:30,355.85,358.4,348.5,350.85,833671
2016-09-26 00:00:00+05:30,350.25,350.55,340.65,342.25,2167827
2016-09-27 00:00:00+05:30,344.95,345.75,336.5,337.65,1742807
2016-09-28 00:00:00+05:30,336.1,345.4,336.1,341.1,1586837
2016-09-29 00:00:00+05:30,344.5,345.3,328.2,335.1,3894456
2016-09-30 00:00:00+05:30,335.0,342.5,331.9,340.5,645064
2016-10-03 00:00:00+05:30,344.0,349.35,343.1,346.1,1381744
2016-10-04 00:00:00+05:30,349.9,351.25,344.7,349.05,1477528
2016-10-05 00:00:00+05:30,352.65,361.1,350.5,359.4,2255349
2016-10-06 00:00:00+05:30,361.0,364.1,351.0,353.05,1790554
2016-10-07 00:00:00+05:30,353.75,367.35,353.7,366.15,1811691
2016-10-10 00:00:00+05:30,372.0,372.6,365.1,365.65,2241664
2016-10-13 00:00:00+05:30,361.8,361.8,350.0,354.0,2498769
2016-10-14 00:00:00+05:30,355.4,362.65,354.1,361.95,1218502
2016-10-17 00:00:00+05:30,363.85,363.85,356.5,358.35,2133046
2016-10-18 00:00:00+05:30,359.1,365.2,357.5,364.05,1302650
2016-10-19 00:00:00+05:30,362.75,363.0,356.75,361.25,713427
2016-10-20 00:00:00+05:30,362.1,363.55,358.3,358.85,619656
2016-10-21 00:00:00+05:30,359.4,360.7,355.0,356.45,579320
2016-10-24 00:00:00+05:30,357.4,364.6,357.0,363.6,1160731
2016-10-25 00:00:00+05:30,357.5,364.2,355.35,363.25,1181635
2016-10-26 00:00:00+05:30,360.1,362.0,341.05,344.5,1368028
2016-10-27 00:00:00+05:30,331.2,341.05,330.05,338.8,5460169
2016-10-28 00:00:00+05:30,339.6,350.3,335.2,348.7,1623379
2016-10-30 00:00:00+05:30,350.2,350.5,344.8,345.85,127395
2016-11-01 00:00:00+05:30,349.0,352.1,344.6,348.55,1657506
2016-11-02 00:00:00+05:30,339.0,344.05,333.7,335.05,1623967
2016-11-03 00:00:00+05:30,330.2,338.6,328.5,331.85,1393926
2016-11-04 00:00:00+05:30,329.0,338.95,325.0,335.65,1833642
2016-11-07 00:00:00+05:30,337.4,341.45,326.5,327.85,1306018
2016-11-08 00:00:00+05:30,331.6,347.0,331.6,345.55,3518640
2016-11-09 00:00:00+05:30,320.0,349.3,311.0,345.1,3462500
2016-11-10 00:00:00+05:30,350.5,354.25,341.8,343.05,1811895
2016-11-11 00:00:00+05:30,339.85,339.85,327.4,328.65,1991326
2016-11-15 00:00:00+05:30,318.45,320.85,295.0,297.05,3799609
2016-11-16 00:00:00+05:30,303.5,305.6,286.5,292.65,5501598
2016-11-17 00:00:00+05:30,290.55,300.75,290.1,297.25,2308717
2016-11-18 00:00:00+05:30,299.8,300.75,292.5,298.85,1361492
2016-11-21 00:00:00+05:30,298.85,300.05,283.2,285.3,2162914
2016-11-22 00:00:00+05:30,289.0,294.85,283.05,291.4,1840611
2016-11-23 00:00:00+05:30,293.95,299.25,290.0,296.5,2579193
2016-11-24 00:00:00+05:30,292.9,302.2,283.5,286.55,4096470
2016-11-25 00:00:00+05:30,285.25,291.65,280.5,288.15,1711339
2016-11-28 00:00:00+05:30,288.4,295.5,288.4,293.0,1513840
2016-11-29 00:00:00+05:30,295.0,299.9,292.1,297.5,3084109
2016-11-30 00:00:00+05:30,293.3,299.4,293.3,297.9,1930120
2016-12-01 00:00:00+05:30,299.3,299.3,290.75,292.5,1030715
2016-12-02 00:00:00+05:30,290.2,297.7,285.35,288.1,2502560
2016-12-05 00:00:00+05:30,287.1,291.7,283.1,290.5,968936
2016-12-06 00:00:00+05:30,291.7,296.0,290.15,292.25,640202
2016-12-07 00:00:00+05:30,292.75,295.75,290.05,291.15,661752
2016-12-08 00:00:00+05:30,294.0,305.6,294.0,304.2,1771800
2016-12-09 00:00:00+05:30,309.0,309.75,302.35,303.85,1550370
2016-12-12 00:00:00+05:30,304.0,304.0,294.6,297.2,647820
2016-12-13 00:00:00+05:30,311.0,313.1,300.55,303.45,2612003
2016-12-14 00:00:00+05:30,301.95,305.95,297.55,304.6,2614969
2016-12-15 00:00:00+05:30,299.0,305.55,295.35,296.25,1270980
2016-12-16 00:00:00+05:30,298.0,302.25,295.4,297.7,2783424
2016-12-19 00:00:00+05:30,297.05,301.0,293.1,297.65,1120441
2016-12-20 00:00:00+05:30,297.65,299.7,297.1,298.6,1223002
2016-12-21 00:00:00+05:30,298.6,299.5,296.35,297.1,977914
2016-12-22 00:00:00+05:30,296.1,298.8,294.3,295.55,1349822
2016-12-23 00:00:00+05:30,294.0,296.0,290.3,293.7,1183879
2016-12-26 00:00:00+05:30,292.0,293.65,286.75,287.75,533729
2016-12-27 00:00:00+05:30,290.0,298.65,288.8,296.7,1316809
2016-12-28 00:00:00+05:30,296.85,297.15,291.0,291.4,922462
2016-12-29 00:00:00+05:30,288.25,297.9,288.25,295.75,1274075
2016-12-30 00:00:00+05:30,297.5,300.0,295.2,299.1,1039978
2017-01-02 00:00:00+05:30,301.0,309.35,297.25,308.55,894288
2017-01-03 00:00:00+05:30,309.5,315.1,306.6,308.4,1558343
2017-01-04 00:00:00+05:30,308.55,313.95,308.55,310.25,850924
2017-01-05 00:00:00+05:30,317.0,324.0,315.85,322.95,1886492
2017-01-06 00:00:00+05:30,323.0,325.3,317.5,318.7,700519
2017-01-09 00:00:00+05:30,319.8,323.0,313.8,317.7,1201180
2017-01-10 00:00:00+05:30,320.0,327.05,320.0,326.3,1548530
2017-01-11 00:00:00+05:30,330.0,330.0,325.0,326.35,1278052
2017-01-12 00:00:00+05:30,328.7,329.4,322.65,325.65,881393
2017-01-13 00:00:00+05:30,329.0,329.4,319.65,323.95,829993
2017-01-16 00:00:00+05:30,325.0,331.0,324.5,329.8,1106751
2017-01-17 00:00:00+05:30,330.0,332.4,327.3,328.5,911004
2017-01-18 00:00:00+05:30,329.75,330.75,326.85,328.1,1046908
2017-01-19 00:00:00+05:30,329.0,339.5,327.5,337.45,2205655
2017-01-20 00:00:00+05:30,334.6,335.9,326.2,327.7,1888683
2017-01-23 00:00:00+05:30,328.0,334.75,327.05,333.9,1570332
2017-01-24 00:00:00+05:30,333.9,339.0,332.2,338.6,791547
2017-01-25 00:00:00+05:30,342.0,344.6,337.35,341.15,1571528
2017-01-27 00:00:00+05:30,345.4,345.4,339.3,341.85,1337893
2017-01-30 00:00:00+05:30,341.4,341.4,334.65,336.6,1132657
2017-01-31 00:00:00+05:30,336.4,339.35,329.5,332.95,1384702
2017-02-01 00:00:00+05:30,335.35,345.7,331.55,344.75,1455305
2017-02-02 00:00:00+05:30,344.5,345.1,335.1,339.8,1980081
2017-02-03 00:00:00+05:30,341.25,341.25,333.0,334.05,1351157
2017-02-06 00:00:00+05:30,339.8,339.95,328.8,330.25,3950193
2017-02-07 00:00:00+05:30,332.85,332.85,316.8,319.9,2349298
2017-02-08 00:00:00+05:30,321.4,323.5,318.75,320.7,2289962
2017-02-09 00:00:00+05:30,322.25,324.8,316.3,319.9,1677671
2017-02-10 00:00:00+05:30,322.95,322.95,315.0,317.75,2291870
2017-02-13 00:00:00+05:30,318.9,321.0,314.25,316.95,1018749
2017-02-14 00:00:00+05:30,315.5,317.0,287.65,297.75,4437127
2017-02-15 00:00:00+05:30,281.0,281.9,267.2,268.3,14484601
2017-02-16 00:00:00+05:30,270.35,277.7,267.25,275.8,3181343
2017-02-17 00:00:00+05:30,277.7,280.5,273.9,278.0,2095863
2017-02-20 00:00:00+05:30,278.0,280.7,275.0,278.5,1200415
2017-02-21 00:00:00+05:30,278.55,281.5,278.05,279.1,1667489
2017-02-22 00:00:00+05:30,280.55,286.7,280.5,283.05,2899119
2017-02-23 00:00:00+05:30,286.0,286.75,279.15,280.95,1521420
2017-02-27 00:00:00+05:30,279.6,281.35,275.5,277.15,1241272
2017-02-28 00:00:00+05:30,277.9,278.55,275.1,276.0,1529634
2017-03-01 00:00:00+05:30,276.1,277.05,274.0,274.55,963092
2017-03-02 00:00:00+05:30,279.2,285.35,278.4,282.55,4204819
2017-03-03 00:00:00+05:30,282.6,283.95,279.25,280.1,2383493
2017-03-06 00:00:00+05:30,278.75,283.75,278.75,282.7,3710959
2017-03-07 00:00:00+05:30,284.0,285.75,279.95,282.7,3070484
2017-03-08 00:00:00+05:30,282.9,282.95,277.8,279.5,1327952
2017-03-09 00:00:00+05:30,278.0,282.4,277.65,279.1,3429187
2017-03-10 00:00:00+05:30,281.8,281.8,277.9,279.9,707194
2017-03-14 00:00:00+05:30,285.0,285.9,281.7,282.1,1425319
2017-03-15 00:00:00+05:30,282.7,288.1,281.9,286.45,1350058
2017-03-16 00:00:00+05:30,289.0,293.45,288.25,292.85,2088343
2017-03-17 00:00:00+05:30,293.0,294.0,284.6,287.0,2161737
2017-03-20 00:00:00+05:30,286.5,289.4,284.6,288.65,1398786
2017-03-21 00:00:00+05:30,287.25,288.8,282.5,284.15,1759155
2017-03-22 00:00:00+05:30,283.0,283.0,277.0,277.45,2174601
2017-03-23 00:00:00+05:30,278.6,284.75,278.05,281.6,2815114
2017-03-24 00:00:00+05:30,281.6,283.5,279.9,280.85,1210662
2017-03-27 00:00:00+05:30,280.0,280.8,276.95,278.75,7823546
2017-03-28 00:00:00+05:30,279.25,287.2,279.25,285.65,2464330
2017-03-29 00:00:00+05:30,288.95,289.0,280.35,283.75,2185759
2017-03-30 00:00:00+05:30,282.9,284.95,280.5,281.6,4908286
2017-03-31 00:00:00+05:30,283.0,285.0,280.45,282.15,935940
2017-04-03 00:00:00+05:30,283.7,284.6,280.0,281.2,1485171
2017-04-05 00:00:00+05:30,282.85,286.75,280.95,285.15,1604859
2017-04-06 00:00:00+05:30,286.0,287.5,282.5,286.45,1474333
2017-04-07 00:00:00+05:30,284.2,287.75,282.25,284.35,2330807
2017-04-10 00:00:00+05:30,284.5,292.0,282.3,290.3,1804919
2017-04-11 00:00:00+05:30,291.6,293.0,287.3,288.3,1472760
2017-04-12 00:00:00+05:30,287.7,290.15,282.95,284.85,1499266
2017-04-13 00:00:00+05:30,283.8,283.8,276.0,277.6,1791778
2017-04-17 00:00:00+05:30,276.5,278.65,274.3,276.1,941673
2017-04-18 00:00:00+05:30,275.2,279.65,269.85,270.55,2047622
2017-04-19 00:00:00+05:30,270.55,273.55,267.15,271.55,1109730
2017-04-20 00:00:00+05:30,271.5,273.6,270.4,271.35,745081
2017-04-21 00:00:00+05:30,272.0,273.25,269.55,270.45,1443282
2017-04-24 00:00:00+05:30,271.0,272.95,269.1,270.45,1873400
2017-04-25 00:00:00+05:30,273.9,273.9,269.3,271.2,1392487
2017-04-26 00:00:00+05:30,272.5,276.8,271.35,275.05,1306178
2017-04-27 00:00:00+05:30,276.2,280.0,275.05,276.3,2268153
2017-04-28 00:00:00+05:30,277.5,282.0,275.8,280.0,1436250
2017-05-02 00:00:00+05:30,278.9,279.0,270.5,272.75,2062299
2017-05-03 00:00:00+05:30,274.1,276.0,268.5,269.45,2687003
2017-05-04 00:00:00+05:30,270.95,271.2,266.25,266.95,1140057
2017-05-05 00:00:00+05:30,268.8,268.8,257.45,258.95,3018815
2017-05-08 00:00:00+05:30,258.1,263.55,258.1,261.3,2028955
2017-05-09 00:00:00+05:30,262.0,265.25,260.95,262.25,1147684
2017-05-10 00:00:00+05:30,264.0,266.3,261.0,263.35,1296969
2017-05-11 00:00:00+05:30,264.0,266.9,264.0,264.9,1875642
2017-05-12 00:00:00+05:30,265.8,266.6,262.7,264.8,1861293
2017-05-15 00:00:00+05:30,266.0,266.2,262.3,263.8,1469749
2017-05-16 00:00:00+05:30,265.0,267.85,264.0,267.0,1425209
2017-05-17 00:00:00+05:30,267.55,273.3,265.4,270.95,10100650
2017-05-18 00:00:00+05:30,266.95,270.4,262.55,264.5,2364811
2017-05-19 00:00:00+05:30,266.0,267.95,261.05,266.8,2333061
2017-05-22 00:00:00+05:30,269.9,271.4,264.4,265.15,3544790
2017-05-23 00:00:00+05:30,266.25,267.85,261.45,265.0,3419269
2017-05-24 00:00:00+05:30,274.0,279.8,271.65,276.45,9250872
2017-05-25 00:00:00+05:30,279.0,285.45,277.8,282.2,3830300
2017-05-26 00:00:00+05:30,284.5,289.7,281.2,286.85,2721459
2017-05-29 00:00:00+05:30,285.65,286.7,282.25,285.4,1351702
2017-05-30 00:00:00+05:30,285.0,289.9,284.9,286.8,1503092
2017-05-31 00:00:00+05:30,287.65,289.95,283.7,287.9,2213363
2017-06-01 00:00:00+05:30,287.0,291.45,286.1,288.3,1045849
2017-06-02 00:00:00+05:30,289.0,294.3,287.1,288.35,1918178
2017-06-05 00:00:00+05:30,287.95,289.15,285.4,288.25,1086292
2017-06-06 00:00:00+05:30,288.6,290.55,276.65,280.7,2142246
2017-06-07 00:00:00+05:30,280.5,281.8,277.15,280.6,1740529
2017-06-08 00:00:00+05:30,281.4,288.7,281.1,286.0,3546707
2017-06-09 00:00:00+05:30,286.4,292.05,284.0,290.85,2223528
2017-06-12 00:00:00+05:30,289.0,290.0,281.7,283.15,1202623
2017-06-13 00:00:00+05:30,283.55,285.45,277.0,278.1,898856
2017-06-14 00:00:00+05:30,277.3,278.9,273.85,275.2,1786680
2017-06-15 00:00:00+05:30,275.4,279.25,272.25,273.1,1932410
2017-06-16 00:00:00+05:30,278.0,283.75,275.0,282.35,4264261
2017-06-19 00:00:00+05:30,282.9,284.45,280.1,282.8,1094871
2017-06-20 00:00:00+05:30,286.95,289.5,284.25,288.1,2090139
2017-06-21 00:00:00+05:30,288.45,289.0,282.6,284.7,1283586
2017-06-22 00:00:00+05:30,285.1,288.9,281.4,282.1,1184860
2017-06-23 00:00:00+05:30,282.1,285.5,275.25,276.25,1115935
2017-06-27 00:00:00+05:30,277.2,279.4,269.6,276.55,1609095
2017-06-28 00:00:00+05:30,277.0,279.0,272.9,274.35,665549
2017-06-29 00:00:00+05:30,275.0,278.8,267.05,268.3,2250552
2017-06-30 00:00:00+05:30,265.0,267.1,261.9,263.3,2110103
2017-07-03 00:00:00+05:30,264.3,266.9,261.2,266.05,1171175
2017-07-04 00:00:00+05:30,267.9,268.3,261.1,263.0,2053466
2017-07-05 00:00:00+05:30,263.5,267.5,263.0,264.85,778963
2017-07-06 00:00:00+05:30,265.05,267.5,265.05,266.45,879589
2017-07-07 00:00:00+05:30,266.0,267.95,263.55,265.0,1321833
2017-07-10 00:00:00+05:30,284.0,284.0,265.0,268.15,142880
2017-07-11 00:00:00+05:30,271.2,275.2,270.8,271.55,2066189
2017-07-12 00:00:00+05:30,274.0,276.5,272.55,274.35,914802
2017-07-13 00:00:00+05:30,275.5,278.2,274.6,276.5,2096521
2017-07-14 00:00:00+05:30,276.0,276.35,271.2,272.65,660991
2017-07-17 00:00:00+05:30,273.5,275.55,271.0,272.15,634724
2017-07-18 00:00:00+05:30,271.45,274.0,270.9,271.8,1110574
2017-07-19 00:00:00+05:30,272.25,276.0,271.8,274.55,1395392
2017-07-20 00:00:00+05:30,275.5,276.9,272.0,272.85,976514
2017-07-21 00:00:00+05:30,273.0,275.6,271.45,274.8,1240184
2017-07-24 00:00:00+05:30,275.9,275.9,272.3,273.35,1310035
2017-07-25 00:00:00+05:30,275.0,275.0,268.15,268.85,1139379
2017-07-26 00:00:00+05:30,269.1,271.35,269.0,270.5,443769
2017-07-27 00:00:00+05:30,271.9,271.95,261.1,262.3,2456428
2017-07-28 00:00:00+05:30,262.1,262.5,258.6,261.95,1418639
2017-07-31 00:00:00+05:30,262.5,264.9,259.95,260.5,1387083
2017-08-01 00:00:00+05:30,262.15,264.2,260.7,262.6,1254081
2017-08-02 00:00:00+05:30,263.45,263.45,259.6,260.45,1416514
2017-08-03 00:00:00+05:30,261.0,261.9,253.05,253.6,1483140
2017-08-04 00:00:00+05:30,253.45,256.9,253.45,255.0,673851
2017-08-07 00:00:00+05:30,255.5,257.0,249.25,250.35,1556807
2017-08-08 00:00:00+05:30,250.5,252.8,246.9,248.45,1817694
2017-08-09 00:00:00+05:30,248.8,248.8,241.25,242.25,1542621
2017-08-10 00:00:00+05:30,228.75,231.1,220.0,221.45,9343687
2017-08-11 00:00:00+05:30,220.0,224.2,213.1,223.2,3666464
2017-08-14 00:00:00+05:30,226.0,228.0,223.75,226.45,1869959
2017-08-16 00:00:00+05:30,228.9,233.0,224.0,231.6,1735121
2017-08-17 00:00:00+05:30,232.6,234.9,228.0,228.6,1487470
2017-08-18 00:00:00+05:30,226.5,227.7,224.1,226.95,830778
2017-08-21 00:00:00+05:30,227.0,228.5,222.2,222.85,757639
2017-08-22 00:00:00+05:30,225.0,226.55,223.2,224.0,983531
2017-08-23 00:00:00+05:30,225.0,227.25,224.0,226.55,991510
2017-08-24 00:00:00+05:30,226.2,229.05,225.95,227.35,1158954
2017-08-28 00:00:00+05:30,227.95,228.9,224.35,225.2,1868486
2017-08-29 00:00:00+05:30,221.2,223.45,219.6,220.25,2460328
2017-08-30 00:00:00+05:30,221.4,222.7,219.45,220.85,1649635
2017-08-31 00:00:00+05:30,221.0,221.7,218.35,218.75,2621856
2017-09-01 00:00:00+05:30,219.1,225.45,219.1,224.55,3825398
2017-09-04 00:00:00+05:30,226.45,227.0,218.65,219.8,2438612
2017-09-05 00:00:00+05:30,220.35,221.45,217.6,218.9,4231468
2017-09-06 00:00:00+05:30,215.3,216.95,213.5,214.9,5534818
2017-09-07 00:00:00+05:30,214.95,215.45,209.25,211.7,7353566
2017-09-08 00:00:00+05:30,213.6,213.6,207.8,210.15,4294300
2017-09-11 00:00:00+05:30,212.5,215.9,212.3,214.85,2815439
2017-09-12 00:00:00+05:30,216.9,222.8,216.0,222.1,3019856
2017-09-13 00:00:00+05:30,223.0,224.0,219.0,220.1,1209531
2017-09-14 00:00:00+05:30,221.0,230.8,221.0,230.0,3959740
2017-09-15 00:00:00+05:30,229.0,231.8,226.95,228.3,2761020
2017-09-18 00:00:00+05:30,232.5,236.5,231.7,233.5,3163308
2017-09-19 00:00:00+05:30,236.5,241.9,235.5,241.4,3713688
2017-09-20 00:00:00+05:30,243.1,243.35,237.95,238.6,4086884
2017-09-21 00:00:00+05:30,239.0,239.1,228.6,233.2,4663371
2017-09-22 00:00:00+05:30,231.0,237.1,229.4,230.75,2490180
2017-09-25 00:00:00+05:30,231.0,232.2,225.25,228.8,1901505
2017-09-26 00:00:00+05:30,227.6,231.75,226.7,227.2,4518999
2017-09-27 00:00:00+05:30,228.0,228.45,222.6,223.0,3753154
2017-11-16 00:00:00+05:30,239.0,241.6,237.8,238.55,925824
2017-11-17 00:00:00+05:30,243.5,244.35,239.6,240.7,1298868
2017-11-20 00:00:00+05:30,241.8,244.0,240.35,241.25,3027681
2017-11-21 00:00:00+05:30,242.8,246.15,241.85,243.2,2780282
2017-11-22 00:00:00+05:30,243.45,246.5,242.25,243.9,3144940
2017-11-23 00:00:00+05:30,242.7,244.65,241.0,242.8,929571
2017-11-24 00:00:00+05:30,243.8,244.65,240.35,240.8,970202
2017-11-27 00:00:00+05:30,239.5,240.45,236.6,238.6,893124
2017-11-28 00:00:00+05:30,239.0,240.3,235.4,236.4,1379379
2017-11-29 00:00:00+05:30,237.45,239.45,236.0,238.0,1317707
2017-11-30 00:00:00+05:30,236.5,237.3,230.3,231.45,2844580
2017-12-01 00:00:00+05:30,233.75,236.3,228.0,228.85,1814205
2017-12-04 00:00:00+05:30,234.9,234.9,229.65,230.8,1454668
2017-12-05 00:00:00+05:30,228.2,231.2,227.45,229.9,1689318
2017-12-06 00:00:00+05:30,228.65,230.05,225.85,226.75,1093736
2017-12-07 00:00:00+05:30,227.9,229.95,227.05,228.3,1001641
2017-12-08 00:00:00+05:30,232.45,234.15,230.35,233.5,1493747
2017-12-11 00:00:00+05:30,235.0,235.8,232.2,233.15,746692
2017-12-12 00:00:00+05:30,233.4,235.2,229.25,229.7,984629
2017-12-13 00:00:00+05:30,229.3,230.2,224.0,224.9,1771105
2017-12-14 00:00:00+05:30,225.25,226.25,221.0,225.1,1819453
2017-12-15 00:00:00+05:30,227.0,228.15,225.1,226.5,1798306
2017-12-18 00:00:00+05:30,224.5,228.75,217.75,226.1,1696364
2017-12-19 00:00:00+05:30,226.6,232.5,226.6,232.0,2290508
2017-12-20 00:00:00+05:30,232.3,239.6,232.3,237.8,3806352
2017-12-21 00:00:00+05:30,239.7,240.1,236.55,238.1,2626506
2017-12-22 00:00:00+05:30,237.95,244.25,237.25,240.35,3855878
2017-12-26 00:00:00+05:30,240.35,242.2,238.15,241.8,1269297
2017-12-27 00:00:00+05:30,241.0,242.95,239.0,239.9,1213290
2017-12-28 00:00:00+05:30,239.6,241.45,236.05,237.6,1474059
2017-12-29 00:00:00+05:30,238.0,245.85,237.2,244.1,1996433
2018-01-01 00:00:00+05:30,244.9,248.6,240.95,242.35,1779400
2018-01-02 00:00:00+05:30,243.6,253.7,241.4,253.1,4777771
2018-01-03 00:00:00+05:30,255.25,257.3,252.65,255.15,3644585
2018-01-04 00:00:00+05:30,252.9,256.8,249.35,255.0,2188575
2018-01-05 00:00:00+05:30,255.0,257.15,252.35,253.7,2139946
2018-01-08 00:00:00+05:30,254.85,256.3,251.85,255.2,2819737
2018-01-09 00:00:00+05:30,257.2,261.9,253.55,256.65,5050623
2018-01-10 00:00:00+05:30,256.7,258.0,252.15,254.0,1589162
2018-01-11 00:00:00+05:30,253.85,256.0,253.55,254.1,1015748
2018-01-12 00:00:00+05:30,254.9,257.0,249.3,252.25,3550374
2018-01-15 00:00:00+05:30,252.5,253.85,245.6,246.45,1241228
2018-01-16 00:00:00+05:30,246.0,248.05,240.5,243.7,2970779
2018-01-17 00:00:00+05:30,243.4,245.95,236.5,245.05,3271455
2018-01-18 00:00:00+05:30,245.5,249.8,240.5,242.6,3063226
2018-01-19 00:00:00+05:30,241.05,245.35,240.9,243.7,1883916
2018-01-22 00:00:00+05:30,243.9,244.8,237.6,239.05,4752143
2018-01-23 00:00:00+05:30,239.0,240.15,237.5,238.25,2323875
2018-01-24 00:00:00+05:30,238.0,238.4,230.5,231.0,3334555
2018-01-25 00:00:00+05:30,230.4,233.45,226.3,227.25,3315883
2018-01-29 00:00:00+05:30,228.5,230.5,225.0,225.55,1658667
2018-01-30 00:00:00+05:30,225.5,227.5,223.25,225.1,4050674
2018-01-31 00:00:00+05:30,225.0,225.95,223.35,224.55,2359630
2018-02-01 00:00:00+05:30,225.45,226.75,218.0,222.05,2102467
2018-02-02 00:00:00+05:30,220.1,221.9,213.1,214.2,2891386
2018-02-05 00:00:00+05:30,211.55,221.3,211.55,218.95,3875699
2018-02-06 00:00:00+05:30,205.0,211.7,197.85,208.55,5080477
2018-02-07 00:00:00+05:30,212.2,214.5,210.0,210.65,3182863
2018-02-08 00:00:00+05:30,211.0,213.3,210.1,210.9,3318482
2018-02-09 00:00:00+05:30,208.2,209.25,205.0,207.1,1958642
2018-02-12 00:00:00+05:30,209.9,211.45,207.15,208.2,3085144
2018-02-14 00:00:00+05:30,209.35,214.2,207.0,212.35,5022512
2018-02-15 00:00:00+05:30,215.0,216.3,211.0,212.8,2049396
2018-02-16 00:00:00+05:30,214.0,214.2,207.8,208.2,1640778
2018-02-19 00:00:00+05:30,209.5,209.85,202.9,204.3,2280954
2018-02-20 00:00:00+05:30,204.55,206.75,203.45,205.35,1247652
2018-02-21 00:00:00+05:30,206.6,206.7,203.0,204.05,4042539
2018-02-22 00:00:00+05:30,203.0,203.3,200.8,201.95,4136764
2018-02-23 00:00:00+05:30,203.75,205.0,202.7,203.75,1182460
2018-02-26 00:00:00+05:30,204.9,209.95,204.9,209.05,1646926
2018-02-27 00:00:00+05:30,210.5,211.65,207.5,208.8,1043567
2018-02-28 00:00:00+05:30,207.9,209.25,205.35,206.9,1708273
2018-03-01 00:00:00+05:30,206.6,209.55,206.6,207.45,1066276
2018-03-05 00:00:00+05:30,206.7,206.7,198.75,199.7,2846924
2018-03-06 00:00:00+05:30,201.0,201.5,195.0,196.15,2441804
2018-03-07 00:00:00+05:30,193.6,198.15,192.6,194.25,5331795
2018-03-08 00:00:00+05:30,196.1,196.8,191.1,194.9,1551480
2018-03-09 00:00:00+05:30,194.9,195.8,192.0,192.75,1058447
2018-03-12 00:00:00+05:30,193.5,198.8,190.75,197.65,2591729
2018-03-13 00:00:00+05:30,197.5,199.65,195.2,197.1,2019386
2018-03-14 00:00:00+05:30,194.7,198.45,194.7,197.35,1376834
2018-03-15 00:00:00+05:30,197.1,199.25,194.8,196.15,1945237
2018-03-16 00:00:00+05:30,195.7,196.1,189.0,189.45,2746178
2018-03-19 00:00:00+05:30,189.3,189.95,187.05,188.9,2624214
2018-03-20 00:00:00+05:30,187.7,191.5,186.5,190.0,1889126
2018-03-21 00:00:00+05:30,190.8,192.0,187.8,188.45,1032239
2018-03-22 00:00:00+05:30,190.0,191.1,188.85,190.55,2502530
2018-03-23 00:00:00+05:30,187.0,188.35,185.25,186.9,1944356
2018-03-26 00:00:00+05:30,185.0,186.65,183.25,185.95,1512393
2018-03-27 00:00:00+05:30,187.4,188.0,184.45,185.85,2226659
2018-03-28 00:00:00+05:30,185.6,186.8,182.4,183.3,2932274
2018-04-02 00:00:00+05:30,186.0,190.55,186.0,189.45,1230143
2018-04-03 00:00:00+05:30,189.45,195.3,188.4,193.95,1615390
2018-04-04 00:00:00+05:30,196.0,204.2,195.2,199.2,4708840
2018-04-05 00:00:00+05:30,204.25,208.25,202.8,205.8,3657279
2018-04-06 00:00:00+05:30,205.85,207.55,201.85,206.55,1539101
2018-04-09 00:00:00+05:30,206.0,208.0,201.3,201.95,1529794
2018-04-10 00:00:00+05:30,203.8,203.95,198.15,198.85,1554477
2018-04-11 00:00:00+05:30,199.0,201.6,198.05,200.75,1156334
2018-04-12 00:00:00+05:30,201.0,203.65,200.9,202.15,1168300
2018-04-13 00:00:00+05:30,202.3,203.6,200.25,202.8,1880184
2018-04-16 00:00:00+05:30,198.0,200.2,192.55,193.6,2248267
2018-04-17 00:00:00+05:30,193.9,195.2,190.15,192.75,1188246
2018-04-18 00:00:00+05:30,193.25,193.7,189.45,190.4,1426847
2018-04-19 00:00:00+05:30,190.7,191.8,189.55,191.2,1238777
2018-04-20 00:00:00+05:30,190.1,194.7,190.1,190.8,1262572
2018-04-23 00:00:00+05:30,190.0,191.8,187.9,188.1,2539162
2018-04-24 00:00:00+05:30,185.5,189.55,185.5,188.15,2500602
2018-04-25 00:00:00+05:30,187.75,189.5,183.9,185.25,1416433
2018-04-26 00:00:00+05:30,185.25,189.15,184.4,184.95,2004179
2018-04-27 00:00:00+05:30,186.8,189.0,186.0,188.75,979525
2018-04-30 00:00:00+05:30,190.0,192.8,190.0,191.5,1038495
2018-05-02 00:00:00+05:30,195.2,197.25,188.55,189.1,2341823
2018-05-03 00:00:00+05:30,188.5,188.5,185.05,187.0,1201298
2018-05-04 00:00:00+05:30,186.7,189.45,184.75,187.5,913317
2018-05-07 00:00:00+05:30,190.0,190.0,187.35,188.45,1029195
2018-05-08 00:00:00+05:30,188.8,191.4,186.35,190.05,4249633
2018-05-09 00:00:00+05:30,189.0,198.5,188.2,197.45,6803002
2018-05-10 00:00:00+05:30,199.0,202.25,196.1,198.6,7712157
2018-05-11 00:00:00+05:30,200.0,200.0,194.15,195.3,2486151
2018-05-14 00:00:00+05:30,195.0,195.3,190.25,190.95,2101929
2018-05-15 00:00:00+05:30,189.65,189.65,179.35,180.95,6960507
2018-05-16 00:00:00+05:30,179.0,185.2,178.9,183.8,3752731
2018-05-17 00:00:00+05:30,184.0,187.0,180.6,185.4,2579662
2018-05-18 00:00:00+05:30,184.5,185.85,179.9,181.05,2786629
2018-05-21 00:00:00+05:30,181.05,181.45,173.8,175.35,2706021
2018-05-22 00:00:00+05:30,174.5,181.35,172.05,177.75,6345976
2018-05-23 00:00:00+05:30,179.0,181.2,175.0,176.0,4379333
2018-05-24 00:00:00+05:30,172.2,174.95,164.5,168.65,7573119
2018-05-25 00:00:00+05:30,169.5,173.2,165.7,172.2,3844888
2018-05-28 00:00:00+05:30,172.1,173.5,169.1,173.05,5107703
2018-05-29 00:00:00+05:30,171.5,173.45,170.05,170.35,6265876
2018-05-30 00:00:00+05:30,168.5,169.0,165.3,166.95,6002528
2018-05-31 00:00:00+05:30,167.8,171.25,166.0,168.75,27291973
2018-06-01 00:00:00+05:30,170.5,177.2,170.05,173.55,3934502
2018-06-04 00:00:00+05:30,175.15,176.85,170.0,171.85,2454820
2018-06-05 00:00:00+05:30,171.15,172.4,168.85,170.85,1929220
2018-06-06 00:00:00+05:30,173.0,178.35,171.9,174.85,4777059
2018-06-07 00:00:00+05:30,176.4,181.0,175.7,179.8,4235492
2018-06-08 00:00:00+05:30,180.1,187.25,178.05,186.35,5315940
2018-06-11 00:00:00+05:30,186.3,188.95,184.4,185.45,3411814
2018-06-12 00:00:00+05:30,185.8,187.5,184.35,184.9,1003807
2018-06-13 00:00:00+05:30,184.2,188.0,183.0,185.05,3451985
2018-06-14 00:00:00+05:30,184.95,185.95,182.3,182.95,1121146
2018-06-15 00:00:00+05:30,182.5,183.85,179.45,180.25,1861133
2018-06-18 00:00:00+05:30,179.9,185.15,179.5,183.8,1731015
2018-06-19 00:00:00+05:30,183.1,185.1,179.65,180.7,1302229
2018-06-20 00:00:00+05:30,180.05,182.2,179.15,181.25,1641943
2018-06-21 00:00:00+05:30,181.0,182.45,179.8,180.45,905146
2018-06-22 00:00:00+05:30,178.95,182.9,177.75,181.85,2167376
2018-06-25 00:00:00+05:30,181.8,181.8,167.6,168.8,4795296
2018-06-26 00:00:00+05:30,167.2,168.85,163.7,165.85,2953139
2018-06-27 00:00:00+05:30,166.8,167.1,161.05,161.85,2313058
2018-06-28 00:00:00+05:30,161.1,161.7,156.45,157.4,2785244
2018-06-29 00:00:00+05:30,159.0,159.95,156.8,158.65,2288159
2018-07-02 00:00:00+05:30,161.35,162.4,157.5,158.7,2231536
2018-07-03 00:00:00+05:30,158.3,159.6,156.8,157.6,2178787
2018-07-04 00:00:00+05:30,157.5,158.25,154.75,157.35,1590678
2018-07-05 00:00:00+05:30,155.0,156.2,150.5,153.25,5229723
2018-07-06 00:00:00+05:30,153.3,158.9,153.3,156.9,2937296
2018-07-09 00:00:00+05:30,158.9,159.5,156.9,157.65,1713654
2018-07-10 00:00:00+05:30,158.45,159.0,157.2,158.05,1105369
2018-07-11 00:00:00+05:30,157.55,158.7,154.2,154.8,1018903
2018-07-12 00:00:00+05:30,154.25,155.75,151.65,151.9,2177906
2018-07-13 00:00:00+05:30,152.5,154.2,149.25,150.2,3031592
2018-07-16 00:00:00+05:30,149.75,149.75,141.7,142.75,2962135
2018-07-17 00:00:00+05:30,142.65,144.8,142.0,143.2,3944674
2018-07-18 00:00:00+05:30,144.2,144.5,137.1,138.35,2984290
2018-07-19 00:00:00+05:30,138.2,141.25,137.5,139.9,1851835
2018-07-20 00:00:00+05:30,140.0,141.4,138.8,140.85,1863098
2018-07-23 00:00:00+05:30,140.85,142.4,139.5,141.75,2665722
2018-07-24 00:00:00+05:30,142.1,143.6,141.2,143.0,2027432
2018-07-25 00:00:00+05:30,143.55,144.7,140.2,141.2,1168247
2018-07-26 00:00:00+05:30,141.0,144.35,141.0,142.9,3573342
2018-07-27 00:00:00+05:30,143.5,150.9,142.95,149.2,3104990
2018-07-30 00:00:00+05:30,149.7,151.3,145.5,146.8,2116119
2018-07-31 00:00:00+05:30,146.8,147.65,143.0,143.9,2738843
2018-08-01 00:00:00+05:30,137.05,145.7,137.05,143.55,4972732
2018-08-02 00:00:00+05:30,143.0,145.35,140.8,143.5,2048911
2018-08-03 00:00:00+05:30,143.75,144.6,142.35,142.7,1711056
2018-08-06 00:00:00+05:30,144.3,144.3,139.5,140.65,3007156
2018-08-07 00:00:00+05:30,141.0,142.0,139.25,139.85,1903571
2018-08-08 00:00:00+05:30,140.4,143.5,139.5,141.95,2342542
2018-08-09 00:00:00+05:30,142.9,144.35,142.1,143.3,1340430
2018-08-10 00:00:00+05:30,142.7,144.15,138.7,140.0,2117799
2018-08-13 00:00:00+05:30,139.0,139.35,135.55,136.0,3536620
2018-08-14 00:00:00+05:30,135.5,137.0,135.1,135.45,2116264
2018-08-16 00:00:00+05:30,135.0,136.1,133.5,134.5,3739751
2018-08-17 00:00:00+05:30,136.5,138.7,135.55,135.85,5045290
2018-08-20 00:00:00+05:30,136.85,144.5,136.7,144.1,6598470
2018-08-21 00:00:00+05:30,145.0,147.95,142.2,144.7,4360180
2018-08-23 00:00:00+05:30,145.4,145.5,140.0,140.4,2681839
2018-08-24 00:00:00+05:30,140.0,140.95,138.65,139.2,1106052
2018-08-27 00:00:00+05:30,140.0,142.2,139.5,140.3,1763232
2018-08-28 00:00:00+05:30,141.1,141.45,138.3,139.2,2626783
2018-08-29 00:00:00+05:30,139.5,141.55,139.5,140.55,1295351
2018-08-30 00:00:00+05:30,140.45,141.2,138.0,138.2,1885681
2018-08-31 00:00:00+05:30,138.8,143.0,138.3,142.05,2083347
2018-09-03 00:00:00+05:30,143.25,145.75,141.5,144.15,3494093
2018-09-04 00:00:00+05:30,148.0,148.65,142.0,142.85,7926097
2018-09-05 00:00:00+05:30,141.85,145.0,138.05,142.95,3167054
2018-09-06 00:00:00+05:30,145.5,145.9,140.85,144.2,2925133
2018-09-07 00:00:00+05:30,144.6,149.5,143.7,147.75,4074497
2018-09-10 00:00:00+05:30,145.75,149.75,145.15,146.75,3144724
2018-09-11 00:00:00+05:30,147.5,148.2,142.1,142.75,1847242
2018-09-12 00:00:00+05:30,142.95,143.0,139.4,142.4,1519745
2018-09-14 00:00:00+05:30,144.25,145.75,142.65,143.8,1655949
2018-09-17 00:00:00+05:30,142.75,142.8,140.2,140.65,1654850
2018-09-18 00:00:00+05:30,139.7,139.95,137.45,137.95,5540624
2018-09-19 00:00:00+05:30,138.35,139.1,136.3,136.7,1445343
2018-09-21 00:00:00+05:30,137.1,138.3,123.3,132.05,3458644
2018-09-24 00:00:00+05:30,132.9,132.9,127.55,128.05,2490612
2018-09-25 00:00:00+05:30,128.0,128.8,124.55,127.05,1865428
2018-09-26 00:00:00+05:30,128.0,128.6,122.15,123.05,3702476
2018-09-27 00:00:00+05:30,123.25,124.4,118.05,118.65,4198286
2018-09-28 00:00:00+05:30,120.0,120.9,114.55,116.55,3129173
2018-10-01 00:00:00+05:30,116.55,121.5,114.5,120.95,2709463
2018-10-03 00:00:00+05:30,120.15,123.65,119.2,120.65,2020387
2018-10-04 00:00:00+05:30,118.0,123.45,118.0,120.7,3138388
2018-10-05 00:00:00+05:30,120.0,122.5,116.25,117.35,2453938
2018-10-08 00:00:00+05:30,116.8,118.35,112.8,115.45,2335434
2018-10-09 00:00:00+05:30,111.55,112.7,94.95,101.55,18823915
2018-10-10 00:00:00+05:30,102.5,105.8,101.4,103.3,5401271
2018-10-11 00:00:00+05:30,100.9,104.05,98.0,101.85,5534001
2018-10-12 00:00:00+05:30,103.1,103.5,100.5,100.9,4227480
2018-10-15 00:00:00+05:30,101.9,102.2,99.75,101.45,2047488
2018-10-16 00:00:00+05:30,101.7,102.4,100.95,101.35,1688361
2018-10-17 00:00:00+05:30,102.1,102.8,99.7,100.15,4191428
2018-10-19 00:00:00+05:30,99.5,100.0,95.5,96.0,4723014
2018-10-22 00:00:00+05:30,96.6,96.95,92.55,92.9,4032747
2018-10-23 00:00:00+05:30,92.0,95.8,90.6,94.85,3399875
2018-10-24 00:00:00+05:30,96.25,96.45,92.35,93.7,2436817
2018-10-25 00:00:00+05:30,92.35,93.35,90.8,91.3,3787682
2018-10-26 00:00:00+05:30,91.3,94.35,90.85,91.2,4106456
2018-10-29 00:00:00+05:30,91.7,96.9,90.5,95.95,2936369
2018-10-30 00:00:00+05:30,96.4,98.55,95.95,96.9,2436581
2018-10-31 00:00:00+05:30,96.9,98.0,94.2,97.7,2718423
2018-11-01 00:00:00+05:30,99.25,101.9,97.0,97.6,5081010
2018-11-02 00:00:00+05:30,98.1,103.2,97.95,102.55,4313647
2018-11-05 00:00:00+05:30,102.0,103.2,100.4,102.15,1661402
2018-11-06 00:00:00+05:30,103.5,107.75,103.15,104.3,5030507
2018-11-07 00:00:00+05:30,105.0,106.2,105.0,105.7,583281
2018-11-09 00:00:00+05:30,105.5,107.9,104.0,105.3,1972080
2018-11-12 00:00:00+05:30,105.35,105.35,100.7,101.05,1877619
2018-11-13 00:00:00+05:30,99.0,99.6,97.1,98.15,2690945
2018-11-14 00:00:00+05:30,99.0,99.7,96.05,97.2,2870665
2018-11-15 00:00:00+05:30,97.9,100.3,97.3,98.45,1897991
2018-11-16 00:00:00+05:30,99.1,99.8,98.1,98.95,2766513
2018-11-19 00:00:00+05:30,99.85,101.95,98.5,101.1,2321581
2018-11-20 00:00:00+05:30,101.0,102.6,99.35,99.9,2206898
2018-11-21 00:00:00+05:30,99.95,101.3,99.4,100.0,1614949
2018-11-22 00:00:00+05:30,101.2,101.3,98.1,98.65,1919618
2018-11-26 00:00:00+05:30,99.0,99.6,96.2,98.75,1650893
2018-11-27 00:00:00+05:30,98.1,99.75,97.05,98.1,1612204
2018-11-28 00:00:00+05:30,98.2,98.55,95.2,95.55,1614989
2018-11-29 00:00:00+05:30,96.4,97.0,94.55,96.05,2562749
2018-11-30 00:00:00+05:30,94.0,96.2,92.65,93.75,1868437
2018-12-03 00:00:00+05:30,95.0,96.25,92.7,95.3,3066836
2018-12-04 00:00:00+05:30,97.8,97.8,95.5,96.25,2400523
2018-12-05 00:00:00+05:30,94.05,94.2,92.1,92.45,3473638
2018-12-06 00:00:00+05:30,91.05,92.0,88.35,88.6,3376394
2018-12-07 00:00:00+05:30,88.75,89.65,87.5,89.1,2217387
2018-12-10 00:00:00+05:30,86.65,88.1,86.0,86.2,1793416
2018-12-11 00:00:00+05:30,85.0,87.65,84.8,85.9,3143345
2018-12-12 00:00:00+05:30,86.5,90.6,86.1,89.5,3900192
2018-12-13 00:00:00+05:30,90.05,92.0,90.05,90.95,1948463
2018-12-14 00:00:00+05:30,90.6,92.7,90.3,91.8,1909013
2018-12-17 00:00:00+05:30,92.0,96.35,91.9,95.75,4012756
2018-12-18 00:00:00+05:30,95.75,97.2,94.5,96.1,2666726
2018-12-19 00:00:00+05:30,97.0,97.0,94.9,95.6,1681995
2018-12-20 00:00:00+05:30,95.25,96.85,94.35,96.5,1905859
2018-12-21 00:00:00+05:30,96.8,98.65,95.5,96.3,3813033
2018-12-24 00:00:00+05:30,96.1,96.85,93.7,94.15,2006362
2018-12-26 00:00:00+05:30,93.55,93.95,91.55,93.05,2509687
2018-12-27 00:00:00+05:30,95.0,95.0,90.55,91.1,2719079
2018-12-28 00:00:00+05:30,91.2,92.95,91.2,91.95,1724535
2018-12-31 00:00:00+05:30,92.9,93.35,92.1,92.65,1474160
2019-01-01 00:00:00+05:30,92.65,93.4,91.9,93.1,1368683
2019-01-02 00:00:00+05:30,92.0,92.35,90.05,90.45,2573415
2019-01-03 00:00:00+05:30,90.8,91.0,88.6,89.05,1527655
2019-01-04 00:00:00+05:30,90.5,92.2,90.25,91.5,3098808
2019-01-07 00:00:00+05:30,92.6,95.35,92.3,93.9,3790291
2019-01-08 00:00:00+05:30,93.6,96.3,93.6,96.0,3041123
2019-01-09 00:00:00+05:30,96.55,97.35,95.5,96.9,3811519
2019-01-10 00:00:00+05:30,97.05,98.5,96.95,98.05,3309742
2019-01-11 00:00:00+05:30,98.55,98.8,95.05,95.8,3921502
2019-01-14 00:00:00+05:30,95.5,96.95,94.15,96.4,1969605
2019-01-15 00:00:00+05:30,96.65,98.8,95.65,98.45,2024350
2019-01-16 00:00:00+05:30,99.0,99.9,97.85,98.75,2944836
2019-01-17 00:00:00+05:30,99.35,99.6,96.8,98.15,1380127
2019-01-18 00:00:00+05:30,98.5,98.55,96.1,97.1,1162618
2019-01-21 00:00:00+05:30,97.05,97.7,95.5,96.2,1376118
2019-01-22 00:00:00+05:30,96.15,96.15,93.4,95.6,2709189
2019-01-23 00:00:00+05:30,96.25,96.55,95.0,95.55,2884877
2019-01-24 00:00:00+05:30,95.4,95.65,91.8,92.75,2739738
2019-01-25 00:00:00+05:30,93.0,93.85,90.05,90.45,3230496
2019-01-28 00:00:00+05:30,91.0,91.4,87.4,88.9,2443776
2019-01-29 00:00:00+05:30,88.85,90.8,88.55,90.3,1414154
2019-01-30 00:00:00+05:30,89.45,91.75,89.45,90.55,2009667
2019-01-31 00:00:00+05:30,90.8,94.5,90.75,93.65,3664954
2019-02-01 00:00:00+05:30,93.0,95.95,92.95,94.1,2296335
2019-02-04 00:00:00+05:30,91.35,94.7,91.35,93.15,2015682
2019-02-05 00:00:00+05:30,93.4,93.85,90.05,90.7,2026371
2019-02-06 00:00:00+05:30,91.0,92.5,88.75,92.25,1484488
2019-02-07 00:00:00+05:30,92.25,95.3,92.25,94.4,1828459
2019-02-08 00:00:00+05:30,85.0,85.0,71.0,80.85,17829530
2019-02-11 00:00:00+05:30,79.6,81.8,78.65,81.4,3766708
2019-02-12 00:00:00+05:30,81.0,81.6,80.0,80.35,1965087
2019-02-13 00:00:00+05:30,80.55,81.6,80.0,80.45,2930378
2019-02-14 00:00:00+05:30,80.25,84.85,80.25,84.1,3108848
2019-02-15 00:00:00+05:30,84.6,84.6,80.7,84.0,3003394
2019-02-18 00:00:00+05:30,84.2,84.8,83.0,84.4,1583783
2019-02-19 00:00:00+05:30,84.8,86.15,83.95,85.1,1660174
2019-02-20 00:00:00+05:30,85.3,86.45,85.1,85.8,866993
2019-02-21 00:00:00+05:30,86.0,88.4,85.6,87.85,2887283
2019-02-22 00:00:00+05:30,87.85,89.6,86.7,89.2,3311777
2019-02-25 00:00:00+05:30,89.8,90.65,88.6,89.65,2569945
2019-02-26 00:00:00+05:30,87.0,91.6,87.0,90.85,5068764
2019-02-27 00:00:00+05:30,91.2,91.75,87.5,88.2,3510110
2019-02-28 00:00:00+05:30,88.7,89.5,86.85,87.7,7758232
2019-03-01 00:00:00+05:30,89.4,90.7,87.8,90.25,8598966
2019-03-05 00:00:00+05:30,92.45,97.6,91.0,95.8,13003696
2019-03-06 00:00:00+05:30,95.9,96.65,93.9,94.45,3403451
2019-03-07 00:00:00+05:30,96.0,97.5,93.55,94.9,5602395
2019-03-08 00:00:00+05:30,93.5,93.95,90.7,91.6,4419931
2019-03-11 00:00:00+05:30,92.0,93.2,91.75,92.65,2117039
2019-03-12 00:00:00+05:30,93.9,94.3,92.45,92.9,2445946
2019-03-13 00:00:00+05:30,92.9,93.3,90.8,91.2,1824355
2019-03-14 00:00:00+05:30,91.2,91.45,89.5,90.2,2163467
2019-03-15 00:00:00+05:30,90.5,90.95,88.25,89.95,4351921
2019-03-18 00:00:00+05:30,89.5,91.8,89.5,90.65,2678424
2019-03-19 00:00:00+05:30,90.95,91.2,89.55,90.2,2628801
2019-03-20 00:00:00+05:30,90.2,90.75,88.3,89.2,2125752
2019-03-22 00:00:00+05:30,90.2,90.2,86.5,86.8,2299055
2019-03-25 00:00:00+05:30,86.0,86.2,85.0,85.2,1387730
2019-03-26 00:00:00+05:30,85.9,86.45,85.05,86.15,1396983
2019-03-27 00:00:00+05:30,86.6,86.7,84.6,85.25,2247979
2019-03-28 00:00:00+05:30,85.0,85.5,83.95,84.5,3974385
2019-03-29 00:00:00+05:30,85.0,87.2,84.95,85.55,2711801
2019-04-01 00:00:00+05:30,86.65,93.4,86.4,92.35,7707995
2019-04-02 00:00:00+05:30,92.25,99.0,91.45,98.05,14354916
2019-04-03 00:00:00+05:30,99.0,100.15,96.1,97.1,8614783
2019-04-04 00:00:00+05:30,96.5,98.25,96.5,97.65,8980035
2019-04-05 00:00:00+05:30,98.2,99.95,97.25,98.55,4769028
2019-04-08 00:00:00+05:30,98.95,98.95,95.55,96.5,2411455
2019-04-09 00:00:00+05:30,96.0,100.0,94.8,99.15,3626962
2019-04-10 00:00:00+05:30,99.3,103.5,99.15,102.25,11628421
2019-04-11 00:00:00+05:30,103.15,104.15,101.8,103.8,4834819
2019-04-12 00:00:00+05:30,103.45,104.3,101.7,103.6,3503853
2019-04-15 00:00:00+05:30,104.4,111.85,104.15,111.4,9413866
2019-04-16 00:00:00+05:30,112.4,112.75,109.25,111.2,5641922
2019-04-18 00:00:00+05:30,112.3,116.25,111.5,113.65,9567632
2019-04-22 00:00:00+05:30,113.35,115.1,111.75,113.4,3918343
2019-04-23 00:00:00+05:30,113.6,113.9,111.2,111.7,3413779
2019-04-24 00:00:00+05:30,111.75,112.75,104.55,108.15,7594598
2019-04-25 00:00:00+05:30,108.95,109.75,106.9,107.35,2384880
2019-04-26 00:00:00+05:30,107.25,107.75,103.25,103.9,3441205
2019-04-30 00:00:00+05:30,103.5,104.75,100.9,102.3,2155919
2019-05-02 00:00:00+05:30,100.6,101.7,98.75,99.2,2817323
2019-05-03 00:00:00+05:30,97.7,103.1,97.5,100.45,4485060
2019-05-06 00:00:00+05:30,98.95,98.95,95.0,95.7,3606700
2019-05-07 00:00:00+05:30,96.8,97.25,90.8,91.55,3536237
2019-05-08 00:00:00+05:30,91.25,91.35,88.3,88.75,3224574
2019-05-09 00:00:00+05:30,88.45,90.3,87.2,88.6,3564456
2019-05-10 00:00:00+05:30,88.65,90.4,87.95,89.35,4051558
2019-05-13 00:00:00+05:30,89.0,89.35,84.75,85.25,2723305
2019-05-14 00:00:00+05:30,83.9,87.15,83.3,86.3,3730097
2019-05-15 00:00:00+05:30,86.65,87.1,80.4,80.9,4226497
2019-05-16 00:00:00+05:30,83.0,84.25,81.7,82.85,3711604
2019-05-17 00:00:00+05:30,82.85,83.5,80.75,83.2,1914341
2019-05-20 00:00:00+05:30,85.5,89.7,84.0,88.85,5278663
2019-05-21 00:00:00+05:30,88.75,88.8,82.3,83.15,8324178
2019-05-22 00:00:00+05:30,83.5,85.95,82.95,85.4,3005049
2019-05-23 00:00:00+05:30,87.0,87.1,84.05,84.85,4887593
2019-05-24 00:00:00+05:30,85.25,87.25,84.6,86.85,3386944
2019-05-27 00:00:00+05:30,87.1,87.95,86.3,87.2,1932242
2019-05-28 00:00:00+05:30,87.75,89.35,87.05,87.85,2844161
2019-05-29 00:00:00+05:30,87.5,87.5,84.7,85.35,2637003
2019-05-30 00:00:00+05:30,85.45,86.15,84.05,84.75,2846741
2019-05-31 00:00:00+05:30,85.15,86.1,82.85,83.95,2508298
2019-06-03 00:00:00+05:30,83.45,85.4,81.65,84.95,2835529
2019-06-04 00:00:00+05:30,84.25,86.65,84.25,85.7,2941267
2019-06-06 00:00:00+05:30,85.95,86.35,81.75,82.1,2451975
2019-06-07 00:00:00+05:30,82.4,83.1,80.9,81.65,1980577
2019-06-10 00:00:00+05:30,82.05,82.9,79.1,81.35,3433043
2019-06-11 00:00:00+05:30,81.5,85.4,81.1,84.9,4498972
2019-06-12 00:00:00+05:30,84.3,85.25,82.85,83.2,1702998
2019-06-13 00:00:00+05:30,82.65,83.5,79.75,83.05,4353351
2019-06-14 00:00:00+05:30,81.6,82.5,80.3,80.6,2375165
2019-06-17 00:00:00+05:30,80.35,80.7,77.75,78.25,2163228
2019-06-18 00:00:00+05:30,78.8,78.8,76.05,76.75,2736223
2019-06-19 00:00:00+05:30,77.45,78.95,74.0,75.1,3278541
2019-06-20 00:00:00+05:30,74.85,77.15,74.0,76.95,3353094
2019-06-21 00:00:00+05:30,75.05,77.8,74.55,76.65,6182367
2019-06-24 00:00:00+05:30,76.7,77.95,75.25,77.7,3862527
2019-06-25 00:00:00+05:30,76.7,78.3,76.35,77.95,3958246
2019-06-26 00:00:00+05:30,77.85,79.0,77.35,78.55,2636367
2019-06-27 00:00:00+05:30,79.05,82.7,78.6,81.75,8122413
2019-06-28 00:00:00+05:30,82.15,82.35,79.15,79.65,2931447
2019-07-01 00:00:00+05:30,80.5,82.35,80.0,81.75,4189396
2019-07-02 00:00:00+05:30,81.75,81.75,78.4,79.75,2159111
2019-07-03 00:00:00+05:30,79.95,81.15,78.75,80.2,3221900
2019-07-04 00:00:00+05:30,80.4,82.5,79.6,80.7,4150922
2019-07-05 00:00:00+05:30,81.2,81.5,77.55,77.95,2248382
2019-07-08 00:00:00+05:30,77.7,77.7,74.5,74.9,1951501
2019-07-09 00:00:00+05:30,74.75,75.85,74.0,74.8,2076193
2019-07-10 00:00:00+05:30,75.45,75.45,71.6,73.1,4616241
2019-07-11 00:00:00+05:30,74.0,76.5,72.5,76.0,3434392
2019-07-12 00:00:00+05:30,75.7,79.1,74.7,77.15,2990017
2019-07-15 00:00:00+05:30,77.15,78.5,75.65,77.85,2120016
2019-07-16 00:00:00+05:30,77.0,81.3,77.0,80.9,6449359
2019-07-17 00:00:00+05:30,80.15,82.05,79.1,80.25,3628282
2019-07-18 00:00:00+05:30,80.25,80.25,76.5,76.9,2668472
2019-07-19 00:00:00+05:30,77.2,77.6,73.35,73.7,3057508
2019-07-22 00:00:00+05:30,73.75,76.0,73.6,74.75,1870705
2019-07-23 00:00:00+05:30,75.2,75.95,73.9,75.2,1913179
2019-07-24 00:00:00+05:30,75.1,76.2,71.8,72.25,2479450
2019-07-25 00:00:00+05:30,72.0,72.75,69.3,69.8,3497569
2019-07-26 00:00:00+05:30,69.0,72.45,66.9,70.9,6197090
2019-07-29 00:00:00+05:30,70.9,70.9,66.0,66.6,4521192
2019-07-30 00:00:00+05:30,66.9,68.05,64.3,64.6,4452709
2019-07-31 00:00:00+05:30,64.4,66.05,64.0,65.15,2987910
2019-08-01 00:00:00+05:30,64.95,65.45,61.4,62.75,4795330
2019-08-02 00:00:00+05:30,60.8,63.85,60.55,62.25,9630083
2019-08-05 00:00:00+05:30,61.4,61.4,58.2,58.75,8597787
2019-08-06 00:00:00+05:30,58.0,60.05,57.35,58.2,8170704
2019-08-07 00:00:00+05:30,58.5,58.95,55.0,55.65,7687109
2019-08-08 00:00:00+05:30,55.65,59.4,55.5,58.75,5367071
2019-08-09 00:00:00+05:30,59.0,60.4,57.4,58.2,4484064
2019-08-13 00:00:00+05:30,59.2,60.35,57.35,57.7,5362144
2019-08-14 00:00:00+05:30,57.95,58.7,55.9,57.35,4332778
2019-08-16 00:00:00+05:30,56.9,57.25,55.1,56.5,9903480
2019-08-19 00:00:00+05:30,57.0,57.4,55.9,56.75,4436144
2019-08-20 00:00:00+05:30,56.45,57.8,56.0,57.45,6281178
2019-08-21 00:00:00+05:30,57.45,57.45,52.1,52.7,12321291
2019-08-22 00:00:00+05:30,52.5,53.1,50.2,50.85,8755426
2019-08-23 00:00:00+05:30,51.9,52.6,50.5,52.3,8162801
2019-08-26 00:00:00+05:30,54.75,54.75,50.3,52.2,6016082
2019-08-27 00:00:00+05:30,52.25,56.6,52.25,55.85,10432517
2019-08-28 00:00:00+05:30,56.15,57.75,53.1,53.65,7501502
2019-08-29 00:00:00+05:30,53.0,53.9,51.15,52.85,6089043
2019-08-30 00:00:00+05:30,53.1,53.85,51.2,53.5,5061309
2019-09-03 00:00:00+05:30,51.75,52.6,50.8,51.1,4433368
2019-09-04 00:00:00+05:30,51.0,51.5,48.3,49.95,6772039
2019-09-05 00:00:00+05:30,50.45,53.65,50.1,53.35,9969732
2019-09-06 00:00:00+05:30,53.35,55.5,52.3,55.0,5976948
2019-09-09 00:00:00+05:30,54.1,55.95,53.0,55.7,5498806
2019-09-11 00:00:00+05:30,56.5,61.9,56.5,61.45,12821902
2019-09-12 00:00:00+05:30,62.5,62.5,58.1,58.7,7412482
2019-09-13 00:00:00+05:30,59.15,60.0,57.3,59.65,6914892
2019-09-16 00:00:00+05:30,58.9,59.6,57.85,59.1,4188978
2019-09-17 00:00:00+05:30,59.1,59.95,55.85,56.15,6401276
2019-09-18 00:00:00+05:30,56.85,57.3,55.2,56.15,5500590
2019-09-19 00:00:00+05:30,56.45,57.25,55.5,56.6,8226955
2019-09-20 00:00:00+05:30,56.95,63.5,55.9,61.65,12317093
2019-09-23 00:00:00+05:30,61.8,64.15,58.6,59.3,7968968
2019-09-24 00:00:00+05:30,60.0,61.0,59.05,59.9,5903239
2019-09-25 00:00:00+05:30,59.8,59.8,55.5,56.4,5172615
2019-09-26 00:00:00+05:30,56.5,57.85,56.05,56.85,7184846
2019-09-27 00:00:00+05:30,56.2,56.2,53.6,54.65,6214934
2019-09-30 00:00:00+05:30,55.0,55.05,52.6,53.1,6049477
2019-10-01 00:00:00+05:30,54.0,54.55,50.5,51.6,5585213
2019-10-03 00:00:00+05:30,50.85,55.4,50.6,54.7,10014298
2019-10-04 00:00:00+05:30,55.0,55.4,53.3,53.6,4583685
2019-10-07 00:00:00+05:30,53.95,53.95,51.45,51.95,4937529
2019-10-09 00:00:00+05:30,52.25,53.85,51.0,53.5,5661134
2019-10-10 00:00:00+05:30,53.55,53.55,51.35,52.05,3818395
2019-10-11 00:00:00+05:30,52.4,54.45,51.9,53.85,4171579
2019-10-14 00:00:00+05:30,54.5,58.0,54.3,56.4,10251514
2019-10-15 00:00:00+05:30,56.35,57.0,54.9,56.5,5222759
2019-10-16 00:00:00+05:30,56.6,57.2,55.4,56.05,5422305
2019-10-17 00:00:00+05:30,55.85,64.3,55.6,62.35,11816702
2019-10-18 00:00:00+05:30,62.2,63.15,60.45,61.4,7432551
2019-10-22 00:00:00+05:30,59.9,60.7,58.4,58.7,6111480
2019-10-23 00:00:00+05:30,58.0,60.15,56.6,59.6,7201229
2019-10-24 00:00:00+05:30,59.95,60.5,58.5,59.8,5909344
2019-10-25 00:00:00+05:30,59.7,59.7,56.7,57.55,7943819
2019-10-27 00:00:00+05:30,63.3,68.3,63.3,67.15,4637674
2019-10-29 00:00:00+05:30,68.4,80.5,68.4,79.2,34946103
2019-10-30 00:00:00+05:30,80.0,81.25,76.95,80.0,14785450
2019-10-31 00:00:00+05:30,79.0,82.6,78.45,81.75,11133947
2019-11-01 00:00:00+05:30,81.45,83.1,79.8,81.25,11459357
2019-11-04 00:00:00+05:30,79.0,83.0,79.0,80.25,5876282
2019-11-05 00:00:00+05:30,80.3,81.5,79.05,80.05,5181567
2019-11-06 00:00:00+05:30,80.35,81.7,79.2,80.35,4973920
2019-11-07 00:00:00+05:30,80.2,80.5,77.15,79.0,5408742
2019-11-08 00:00:00+05:30,78.9,82.0,77.1,77.6,6145716
2019-11-11 00:00:00+05:30,77.6,80.35,77.3,79.65,3911003
2019-11-13 00:00:00+05:30,79.65,81.7,78.0,78.45,4343044
2019-11-14 00:00:00+05:30,78.3,78.3,75.75,76.65,3497833
2019-11-15 00:00:00+05:30,78.5,80.75,77.65,78.25,7830361
2019-11-18 00:00:00+05:30,78.7,79.8,78.25,78.55,5135338
2019-11-19 00:00:00+05:30,79.0,79.2,76.95,77.45,2574357
2019-11-20 00:00:00+05:30,77.45,78.7,76.3,76.9,4691198
2019-11-21 00:00:00+05:30,77.25,78.25,74.55,75.35,4103928
2019-11-22 00:00:00+05:30,75.75,75.9,73.65,74.45,3076068
2019-11-25 00:00:00+05:30,74.1,76.4,73.2,76.05,4598792
2019-11-26 00:00:00+05:30,76.5,76.6,73.65,74.0,3655159
2019-11-27 00:00:00+05:30,74.45,76.5,74.0,74.2,5034574
2019-11-28 00:00:00+05:30,73.6,74.0,72.05,73.3,4213575
2019-11-29 00:00:00+05:30,72.75,74.25,71.0,71.35,4030491
2019-12-02 00:00:00+05:30,71.35,71.9,69.7,69.95,3037695
2019-12-03 00:00:00+05:30,70.3,70.4,66.25,66.65,4759561
2019-12-04 00:00:00+05:30,67.0,70.75,66.65,70.25,9849215
2019-12-05 00:00:00+05:30,70.95,71.45,68.5,69.3,5504466
2019-12-06 00:00:00+05:30,69.25,70.5,67.35,67.9,4760790
2019-12-09 00:00:00+05:30,67.5,69.45,66.0,66.45,5276434
2019-12-10 00:00:00+05:30,66.85,67.4,64.5,65.45,5815099
2019-12-11 00:00:00+05:30,65.8,66.4,63.8,65.75,4240522
2019-12-12 00:00:00+05:30,66.9,71.55,65.75,70.5,13035896
2019-12-13 00:00:00+05:30,72.25,74.8,71.5,72.85,12529513
2019-12-16 00:00:00+05:30,73.0,74.05,71.8,72.75,4006648
2019-12-17 00:00:00+05:30,73.2,75.8,72.75,75.5,5794306
2019-12-18 00:00:00+05:30,75.9,76.85,71.65,72.85,9046293
2019-12-19 00:00:00+05:30,72.9,74.95,72.45,74.65,6374897
2019-12-20 00:00:00+05:30,75.05,75.35,72.0,72.6,11038821
2019-12-23 00:00:00+05:30,72.9,74.05,71.6,73.5,5806029
2019-12-24 00:00:00+05:30,73.5,74.3,73.25,73.6,4417286
2019-12-26 00:00:00+05:30,73.85,74.15,72.3,72.8,4291525
2019-12-27 00:00:00+05:30,73.2,73.5,72.15,72.65,3120086
2019-12-30 00:00:00+05:30,73.05,77.1,72.6,76.75,8474039
2019-12-31 00:00:00+05:30,76.95,77.6,74.8,77.0,11480305
2020-01-01 00:00:00+05:30,77.35,77.45,75.5,75.8,3501656
2020-01-02 00:00:00+05:30,76.45,80.15,75.85,79.75,8177517
2020-01-03 00:00:00+05:30,79.55,80.3,77.05,78.1,5934025
2020-01-06 00:00:00+05:30,77.65,78.15,75.0,75.3,4605668
2020-01-07 00:00:00+05:30,75.75,77.8,74.1,76.0,5837072
2020-01-08 00:00:00+05:30,74.9,75.8,73.9,74.85,3709025
2020-01-09 00:00:00+05:30,75.9,79.7,75.65,79.45,7627454
2020-01-10 00:00:00+05:30,79.75,81.8,78.4,81.05,8854675
2020-01-13 00:00:00+05:30,81.25,81.65,79.4,81.05,5766499
2020-01-14 00:00:00+05:30,81.0,81.9,80.4,81.0,3692587
2020-01-15 00:00:00+05:30,80.9,84.2,80.15,83.5,7468013
2020-01-16 00:00:00+05:30,83.4,84.2,82.1,82.8,4216367
2020-01-17 00:00:00+05:30,83.0,83.8,82.15,82.65,3585855
2020-01-20 00:00:00+05:30,82.7,83.75,80.05,80.95,5835701
2020-01-21 00:00:00+05:30,80.9,81.3,78.25,78.6,4060190
2020-01-22 00:00:00+05:30,79.5,79.5,76.2,77.55,4994625
2020-01-23 00:00:00+05:30,77.7,80.3,77.3,79.05,5141244
2020-01-24 00:00:00+05:30,79.35,80.45,78.55,78.85,3907448
2020-01-27 00:00:00+05:30,78.4,78.4,75.3,75.55,6189035
2020-01-28 00:00:00+05:30,76.1,76.5,73.5,74.15,5768455
2020-01-29 00:00:00+05:30,74.85,78.0,74.6,77.6,8841547
2020-01-30 00:00:00+05:30,80.0,80.3,76.55,77.6,14514808
2020-01-31 00:00:00+05:30,78.3,78.3,73.5,74.35,3813549
2020-02-01 00:00:00+05:30,73.75,74.75,68.0,68.7,3694527
2020-02-03 00:00:00+05:30,67.9,69.7,66.5,68.3,3055386
2020-02-04 00:00:00+05:30,69.15,70.5,67.8,68.95,3263375
2020-02-05 00:00:00+05:30,69.5,75.8,69.3,75.4,6276331
2020-02-06 00:00:00+05:30,75.4,75.4,72.6,73.35,3488995
2020-02-07 00:00:00+05:30,73.0,73.7,71.3,71.8,2206225
2020-02-10 00:00:00+05:30,72.15,72.15,69.55,70.25,2024899
2020-02-11 00:00:00+05:30,70.85,73.0,70.05,70.3,1999614
2020-02-12 00:00:00+05:30,71.3,71.8,69.6,71.15,1703969
2020-02-13 00:00:00+05:30,71.45,71.5,70.1,70.6,1117926
2020-02-14 00:00:00+05:30,70.75,72.8,69.75,70.1,2699081
2020-02-17 00:00:00+05:30,70.25,70.8,68.0,68.85,2851462
2020-02-18 00:00:00+05:30,68.7,68.7,64.55,66.4,3652643
2020-02-19 00:00:00+05:30,66.7,67.5,62.55,63.9,4869451
2020-02-20 00:00:00+05:30,63.95,66.1,63.55,64.85,2754150
2020-02-24 00:00:00+05:30,63.5,63.65,61.2,61.65,2186160
2020-02-25 00:00:00+05:30,62.0,62.65,60.5,61.7,2138950
2020-02-26 00:00:00+05:30,59.3,62.4,59.3,60.65,3219132
2020-02-27 00:00:00+05:30,60.55,60.95,58.3,60.5,2637050
2020-02-28 00:00:00+05:30,57.05,58.5,54.5,55.5,6703627
2020-03-02 00:00:00+05:30,57.0,57.0,53.85,54.55,4096984
2020-03-03 00:00:00+05:30,54.9,56.9,54.7,55.95,2542550
2020-03-04 00:00:00+05:30,55.85,56.05,52.65,54.1,5352834
2020-03-05 00:00:00+05:30,55.0,55.8,53.3,53.85,3517875
2020-03-06 00:00:00+05:30,50.8,50.8,48.85,49.95,2511180
2020-03-09 00:00:00+05:30,46.15,47.95,45.55,46.05,3116084
2020-03-11 00:00:00+05:30,45.8,46.7,43.0,43.5,3695160
2020-03-12 00:00:00+05:30,41.7,45.4,37.25,44.05,29881777
2020-03-13 00:00:00+05:30,40.5,48.9,39.05,47.55,15361841
2020-03-16 00:00:00+05:30,45.4,47.5,41.0,42.0,4783691
2020-03-17 00:00:00+05:30,42.0,44.15,38.7,39.1,4047862
2020-03-18 00:00:00+05:30,41.0,41.35,36.6,37.25,3658777
2020-03-19 00:00:00+05:30,35.9,35.9,32.15,32.55,7826440
2020-03-20 00:00:00+05:30,32.9,34.2,32.0,32.5,6953408
2020-03-23 00:00:00+05:30,29.25,30.6,29.25,29.6,3917284
2020-03-24 00:00:00+05:30,30.4,32.5,28.4,30.35,6696969
2020-03-25 00:00:00+05:30,30.5,30.9,29.2,30.0,2822599
2020-03-26 00:00:00+05:30,30.3,32.45,29.3,30.0,3976848
2020-03-27 00:00:00+05:30,31.0,32.25,30.1,30.55,3170729
2020-03-30 00:00:00+05:30,30.0,30.95,29.05,30.05,1984634
2020-03-31 00:00:00+05:30,30.9,31.3,30.0,30.95,2214573
2020-04-01 00:00:00+05:30,30.8,31.3,29.3,29.95,2420758
2020-04-03 00:00:00+05:30,29.0,30.0,28.8,29.55,1732848
2020-04-07 00:00:00+05:30,30.7,31.45,30.0,30.3,4232255
2020-04-08 00:00:00+05:30,30.25,31.7,29.85,30.25,4398807
2020-04-09 00:00:00+05:30,31.05,34.9,31.0,34.25,9794575
2020-04-13 00:00:00+05:30,35.0,37.4,33.35,36.55,7803593
2020-04-15 00:00:00+05:30,37.0,39.4,36.0,36.35,6507627
2020-04-16 00:00:00+05:30,35.25,36.95,34.85,36.55,2708078
2020-04-17 00:00:00+05:30,38.1,38.55,35.85,36.1,5985022
2020-04-20 00:00:00+05:30,36.2,37.8,35.3,36.65,9066462
2020-04-21 00:00:00+05:30,35.3,35.5,34.0,34.4,2432111
2020-04-22 00:00:00+05:30,34.0,35.45,33.25,34.7,2563830
2020-04-23 00:00:00+05:30,35.0,36.0,34.65,34.75,2326395
2020-04-24 00:00:00+05:30,34.3,34.95,33.5,33.7,1721984
2020-04-27 00:00:00+05:30,34.55,34.55,33.7,33.85,1668865
2020-04-28 00:00:00+05:30,34.7,34.95,33.7,34.3,2282255
2020-04-29 00:00:00+05:30,34.3,35.1,33.85,34.9,3229383
2020-04-30 00:00:00+05:30,40.0,40.95,37.75,39.75,19526871
2020-05-04 00:00:00+05:30,37.0,37.5,35.55,36.0,3959691
2020-05-05 00:00:00+05:30,36.9,36.95,34.6,34.75,3580899
2020-05-06 00:00:00+05:30,35.3,36.15,34.25,35.5,3139154
2020-05-07 00:00:00+05:30,35.45,35.85,35.0,35.45,1369083
2020-05-08 00:00:00+05:30,36.05,36.25,34.8,34.95,1646703
2020-05-11 00:00:00+05:30,35.05,38.2,34.85,35.95,14570142
2020-05-12 00:00:00+05:30,35.5,36.4,34.8,36.0,2910587
2020-05-13 00:00:00+05:30,37.85,38.4,36.0,36.35,5624231
2020-05-14 00:00:00+05:30,35.5,36.15,34.5,35.3,4562418
2020-05-15 00:00:00+05:30,35.6,35.7,35.0,35.3,2062584
2020-05-18 00:00:00+05:30,35.2,35.4,33.4,33.75,3116753
2020-05-19 00:00:00+05:30,34.5,35.3,33.85,34.0,3033466
2020-05-20 00:00:00+05:30,33.8,35.3,33.7,34.95,2538976
2020-05-21 00:00:00+05:30,35.05,35.5,34.6,35.35,2151911
2020-05-22 00:00:00+05:30,35.05,35.3,34.35,34.7,1691515
2020-05-26 00:00:00+05:30,35.0,35.7,34.7,34.85,2254501
2020-05-27 00:00:00+05:30,34.9,35.55,34.85,35.15,2215768
2020-05-28 00:00:00+05:30,35.6,36.25,35.2,36.0,3519128
2020-05-29 00:00:00+05:30,36.0,36.75,35.35,36.1,3477714
2020-06-01 00:00:00+05:30,36.55,39.3,36.55,38.9,8740926
2020-06-02 00:00:00+05:30,39.3,42.4,38.5,42.0,9200936
2020-06-03 00:00:00+05:30,43.3,44.5,41.8,42.35,6341903
2020-06-04 00:00:00+05:30,42.35,43.0,41.1,42.15,3281569
2020-06-05 00:00:00+05:30,42.75,47.5,42.7,46.95,13018447
2020-06-08 00:00:00+05:30,48.6,49.9,47.3,48.05,9449215
2020-06-09 00:00:00+05:30,48.55,49.15,46.1,46.65,7396232
2020-06-10 00:00:00+05:30,46.25,47.45,45.6,47.0,4244720
2020-06-11 00:00:00+05:30,46.3,47.3,44.45,45.1,3894869
2020-06-12 00:00:00+05:30,42.05,45.0,42.0,44.7,4210408
2020-06-15 00:00:00+05:30,44.7,44.7,41.8,42.0,6949195
2020-06-16 00:00:00+05:30,42.1,43.3,38.55,39.6,11333854
2020-06-17 00:00:00+05:30,38.65,40.2,38.55,39.65,3988804
2020-06-18 00:00:00+05:30,39.5,40.2,39.1,39.8,2993259
2020-06-19 00:00:00+05:30,39.95,43.0,39.65,42.7,10411389
2020-06-22 00:00:00+05:30,42.95,43.75,42.1,42.6,3965120
2020-06-23 00:00:00+05:30,42.7,43.85,42.1,43.35,6411730
2020-06-24 00:00:00+05:30,43.15,45.45,42.7,43.0,12070075
2020-06-25 00:00:00+05:30,42.8,43.55,41.7,42.25,4499697
2020-06-26 00:00:00+05:30,43.0,43.0,41.05,41.45,3409805
2020-06-29 00:00:00+05:30,41.15,41.25,39.85,40.65,3878962
2020-06-30 00:00:00+05:30,41.2,41.65,39.8,40.05,2957835
2020-07-01 00:00:00+05:30,40.0,41.3,39.85,40.95,3268496
2020-07-02 00:00:00+05:30,41.15,41.7,40.6,41.0,2882155
2020-07-03 00:00:00+05:30,41.6,42.65,41.05,41.45,5848885
2020-07-06 00:00:00+05:30,42.5,43.55,41.6,43.25,7748300
2020-07-07 00:00:00+05:30,43.55,44.3,42.3,43.15,5824807
2020-07-08 00:00:00+05:30,43.1,43.55,41.8,42.05,4013268
2020-07-09 00:00:00+05:30,42.2,43.05,41.75,42.45,4750719
2020-07-10 00:00:00+05:30,42.35,42.7,41.5,42.2,4533700
2020-07-13 00:00:00+05:30,42.6,43.7,42.1,42.45,4855842
2020-07-14 00:00:00+05:30,42.0,42.2,40.55,41.0,3542427
2020-07-15 00:00:00+05:30,41.35,41.9,40.15,40.45,2909877
2020-07-16 00:00:00+05:30,40.5,40.55,39.1,39.9,3578763
2020-07-17 00:00:00+05:30,40.2,41.4,40.05,40.95,4060027
2020-07-20 00:00:00+05:30,41.25,41.25,39.95,40.25,3271908
2020-07-21 00:00:00+05:30,40.85,41.85,40.45,41.25,6818212
2020-07-22 00:00:00+05:30,41.55,41.75,39.6,40.0,4407865
2020-07-23 00:00:00+05:30,40.1,40.3,39.75,40.1,2542839
2020-07-24 00:00:00+05:30,39.75,39.8,38.85,39.0,2864074
2020-07-27 00:00:00+05:30,39.15,39.3,37.85,37.95,3050171
2020-07-28 00:00:00+05:30,38.0,39.35,37.85,38.8,8677909
2020-07-29 00:00:00+05:30,39.15,39.75,38.0,38.25,4312176
2020-07-30 00:00:00+05:30,38.5,38.75,37.5,37.9,3129423
2020-07-31 00:00:00+05:30,38.0,38.0,36.85,37.5,4023015
2020-08-03 00:00:00+05:30,37.6,40.75,37.25,39.8,22808906
2020-08-04 00:00:00+05:30,39.8,40.3,39.1,39.35,7254261
2020-08-05 00:00:00+05:30,39.35,42.45,39.15,40.8,11572300
2020-08-06 00:00:00+05:30,41.0,41.7,40.5,40.9,4552944
2020-08-07 00:00:00+05:30,40.9,41.65,40.55,41.05,7784435
2020-08-10 00:00:00+05:30,41.7,43.15,41.35,42.85,7738057
2020-08-11 00:00:00+05:30,43.2,43.5,41.4,41.55,8004138
2020-08-12 00:00:00+05:30,41.5,43.25,41.0,42.95,6056008
2020-10-01 00:00:00+05:30,63.1,64.45,61.7,62.05,3785795
2020-10-05 00:00:00+05:30,63.85,64.25,61.5,62.2,3445668
2020-10-06 00:00:00+05:30,64.1,66.2,63.3,65.05,11335611
2020-10-07 00:00:00+05:30,64.95,64.95,63.0,64.2,3817552
2020-10-08 00:00:00+05:30,64.7,64.8,62.5,62.8,2604560
2020-10-09 00:00:00+05:30,63.0,63.5,61.1,61.45,2869089
2020-10-12 00:00:00+05:30,61.95,62.1,58.7,59.45,3871238
2020-10-13 00:00:00+05:30,58.9,60.05,58.1,58.3,3426239
2020-10-14 00:00:00+05:30,58.0,58.5,55.3,55.65,6804271
2020-10-15 00:00:00+05:30,55.65,57.45,54.0,54.2,6520964
2020-10-16 00:00:00+05:30,55.5,56.15,54.55,55.85,4587385
2020-10-19 00:00:00+05:30,56.55,57.15,55.45,55.9,3956702
2020-10-20 00:00:00+05:30,55.4,55.7,54.6,55.3,6567191
2020-10-21 00:00:00+05:30,55.65,56.6,54.65,55.55,5807276
2020-10-22 00:00:00+05:30,55.35,57.1,55.0,56.65,6877994
2020-10-23 00:00:00+05:30,57.25,58.1,56.5,57.45,6146019
2020-10-26 00:00:00+05:30,58.4,59.0,55.2,55.5,7422177
2020-10-27 00:00:00+05:30,55.8,56.55,54.65,56.25,3756866
2020-10-28 00:00:00+05:30,57.35,60.2,56.3,56.65,12605043
2020-10-29 00:00:00+05:30,55.6,56.15,55.0,55.3,4239229
2020-10-30 00:00:00+05:30,55.5,56.5,54.75,55.55,4196501
2020-11-02 00:00:00+05:30,56.05,56.3,54.5,54.95,3598982
2020-11-03 00:00:00+05:30,55.8,56.3,55.1,55.3,2781017
2020-11-04 00:00:00+05:30,55.6,55.9,55.0,55.1,3175158
2020-11-05 00:00:00+05:30,55.5,56.3,55.05,56.15,3101660
2020-11-06 00:00:00+05:30,56.45,57.6,56.0,56.5,3600697
2020-11-09 00:00:00+05:30,57.0,57.8,56.5,57.45,2827713
2020-11-10 00:00:00+05:30,58.2,59.4,57.2,57.65,7303870
2020-11-11 00:00:00+05:30,57.8,61.45,57.7,61.05,12817258
2020-11-12 00:00:00+05:30,60.9,62.9,60.55,61.75,9312312
2020-11-13 00:00:00+05:30,61.3,63.15,60.5,61.85,5377408
2020-11-14 00:00:00+05:30,62.6,64.45,62.6,64.0,3936531
2020-11-17 00:00:00+05:30,65.0,69.9,64.7,69.1,13110101
2020-11-18 00:00:00+05:30,69.1,77.95,69.0,76.05,25823253
2020-11-19 00:00:00+05:30,76.15,78.2,71.4,72.15,16584908
2020-11-20 00:00:00+05:30,72.6,73.7,71.05,72.65,7351319
2020-11-23 00:00:00+05:30,73.25,74.95,70.4,72.65,6362105
2020-11-24 00:00:00+05:30,73.05,74.8,72.8,74.1,5206154
2020-11-25 00:00:00+05:30,75.0,76.3,73.25,75.05,8060260
2020-11-26 00:00:00+05:30,74.85,77.0,73.65,75.85,5444305
2020-11-27 00:00:00+05:30,76.9,79.8,76.25,78.15,12290330
2020-12-01 00:00:00+05:30,78.85,79.6,77.3,78.1,7625111
2020-12-02 00:00:00+05:30,80.15,81.25,77.8,78.6,9010259
2020-12-03 00:00:00+05:30,79.0,79.35,77.75,78.1,4927421
2020-12-04 00:00:00+05:30,78.6,79.6,75.85,77.25,6246333
2020-12-07 00:00:00+05:30,77.45,78.7,75.6,76.15,5598101
2020-12-08 00:00:00+05:30,77.0,77.8,74.75,75.75,5339883
2020-12-09 00:00:00+05:30,76.0,78.2,75.3,76.2,5670398
2020-12-10 00:00:00+05:30,76.0,76.2,74.1,74.8,3179790
2020-12-11 00:00:00+05:30,75.15,76.45,74.0,74.7,3846396
2020-12-14 00:00:00+05:30,75.3,76.75,75.0,75.85,3422647
2020-12-15 00:00:00+05:30,75.0,75.8,73.55,75.5,4303809
2020-12-16 00:00:00+05:30,76.6,77.2,75.6,76.05,4295841
2020-12-17 00:00:00+05:30,76.8,77.05,76.2,76.45,2850679
2020-12-18 00:00:00+05:30,76.1,76.35,74.0,75.6,3659138
2020-12-21 00:00:00+05:30,74.15,74.5,66.1,68.05,8063274
2020-12-22 00:00:00+05:30,68.05,69.75,64.0,67.55,9551922
2020-12-23 00:00:00+05:30,67.6,69.8,67.15,69.3,5709170
2020-12-24 00:00:00+05:30,71.9,73.35,71.0,72.85,6037366
2020-12-28 00:00:00+05:30,75.1,77.6,75.1,77.2,12225440
2020-12-29 00:00:00+05:30,78.0,78.6,75.3,76.4,5571507
2020-12-30 00:00:00+05:30,76.3,77.25,74.6,76.8,3336184
2020-12-31 00:00:00+05:30,76.7,78.0,74.1,75.2,6382554
2021-01-01 00:00:00+05:30,75.2,77.1,75.2,76.45,3057472
2021-01-04 00:00:00+05:30,78.2,79.0,77.35,77.85,6084438
2021-01-05 00:00:00+05:30,77.0,78.7,75.5,78.05,6756701
2021-01-06 00:00:00+05:30,78.3,79.95,77.2,79.05,9892840
2021-01-07 00:00:00+05:30,79.75,82.3,79.4,80.3,11038590
2021-01-08 00:00:00+05:30,80.85,83.2,80.7,81.85,9118887
2021-01-11 00:00:00+05:30,82.4,91.2,82.0,89.9,30857878
2021-01-12 00:00:00+05:30,91.0,101.8,91.0,94.65,52284005
2021-01-13 00:00:00+05:30,97.0,99.9,94.1,96.9,17073544
2021-01-14 00:00:00+05:30,96.4,99.2,94.2,97.6,11195803
2021-01-15 00:00:00+05:30,97.45,104.4,96.8,101.5,30536883
2021-01-18 00:00:00+05:30,102.25,103.45,95.2,97.0,16993969
2021-01-19 00:00:00+05:30,98.5,102.35,98.5,100.2,14894524
2021-01-20 00:00:00+05:30,100.8,107.2,100.55,105.8,30819241
2021-01-21 00:00:00+05:30,107.4,114.3,107.4,110.2,34615813
2021-01-22 00:00:00+05:30,112.0,117.5,107.8,113.55,33984180
2021-01-25 00:00:00+05:30,116.0,117.0,108.1,110.2,8893582
2021-01-27 00:00:00+05:30,108.1,108.55,104.15,106.55,7915685
2021-01-28 00:00:00+05:30,102.0,108.5,101.35,105.75,5727881
2021-01-29 00:00:00+05:30,107.7,110.95,102.85,104.45,5640944
2021-02-01 00:00:00+05:30,107.0,113.5,102.3,111.9,8951592
2021-02-02 00:00:00+05:30,116.8,133.5,116.75,130.5,25640030
2021-02-03 00:00:00+05:30,136.0,138.4,128.85,132.45,24119222
2021-02-04 00:00:00+05:30,132.0,135.15,129.45,131.1,9868530
2021-02-05 00:00:00+05:30,132.4,133.75,125.1,126.5,8443571
2021-02-08 00:00:00+05:30,127.4,137.45,126.5,135.9,11739694
2021-02-09 00:00:00+05:30,135.25,138.15,131.05,133.65,12590651
2021-02-10 00:00:00+05:30,134.3,135.9,130.1,134.2,7498242
2021-02-11 00:00:00+05:30,133.2,134.6,132.1,133.15,4481086
2021-02-12 00:00:00+05:30,132.8,134.95,131.0,131.7,4264376
2021-02-15 00:00:00+05:30,134.0,134.7,129.35,133.5,6598656
2021-02-16 00:00:00+05:30,134.5,136.4,132.35,133.05,4024425
2021-02-17 00:00:00+05:30,132.85,133.2,131.05,131.85,3613779
2021-02-18 00:00:00+05:30,132.5,132.8,129.05,129.6,2372359
2021-02-19 00:00:00+05:30,128.25,129.1,119.45,123.4,5993921
2021-02-22 00:00:00+05:30,123.4,124.5,117.25,118.15,3529744
2021-02-23 00:00:00+05:30,119.4,125.95,119.2,124.2,7784458
2021-02-24 00:00:00+05:30,125.0,127.8,123.1,124.9,2665056
2021-02-25 00:00:00+05:30,126.1,130.1,125.65,129.35,5178326
2021-02-26 00:00:00+05:30,124.15,132.55,124.15,128.7,5275240
2021-03-01 00:00:00+05:30,130.05,132.7,129.25,132.0,4903844
2021-03-02 00:00:00+05:30,132.85,140.6,131.25,139.9,10767114
2021-03-03 00:00:00+05:30,141.0,145.0,140.6,142.2,5944811
2021-03-04 00:00:00+05:30,139.0,142.8,137.1,139.9,3493611
2021-03-05 00:00:00+05:30,137.75,140.5,133.0,135.4,4134580
2021-03-08 00:00:00+05:30,137.05,139.9,134.8,136.8,4529123
2021-03-09 00:00:00+05:30,138.4,143.0,133.7,136.35,4631990
2021-03-10 00:00:00+05:30,137.45,140.0,136.0,138.3,2750998
2021-03-12 00:00:00+05:30,139.65,140.4,134.55,136.3,2226130
2021-03-15 00:00:00+05:30,137.0,137.3,131.2,135.75,2667601
2021-03-16 00:00:00+05:30,137.0,137.25,134.0,135.2,1747506
2021-03-17 00:00:00+05:30,134.05,135.0,129.45,130.2,3496849
2021-03-18 00:00:00+05:30,132.15,134.35,125.2,128.45,4107457
2021-03-19 00:00:00+05:30,123.5,135.0,119.15,134.2,9446021
2021-03-22 00:00:00+05:30,132.5,133.4,129.1,131.55,2205938
2021-03-23 00:00:00+05:30,132.35,137.4,132.05,134.15,3669428
2021-03-24 00:00:00+05:30,132.9,134.0,126.2,127.2,2836606
2021-03-25 00:00:00+05:30,127.0,127.95,124.0,125.6,4340078
2021-03-26 00:00:00+05:30,128.9,131.5,126.45,128.65,4504488
2021-03-30 00:00:00+05:30,130.0,131.15,127.1,129.05,2004933
2021-03-31 00:00:00+05:30,129.45,133.05,127.55,128.05,2902899
2021-04-01 00:00:00+05:30,130.15,132.9,129.2,131.45,2137789
2021-04-05 00:00:00+05:30,131.0,133.4,126.75,131.15,2458671
2021-04-06 00:00:00+05:30,132.3,134.95,131.0,132.8,2478179
2021-04-07 00:00:00+05:30,132.9,134.0,131.7,133.6,1284853
2021-04-08 00:00:00+05:30,133.95,137.85,133.95,136.7,3552872
2021-04-09 00:00:00+05:30,136.8,141.2,136.25,137.55,3046942
2021-04-12 00:00:00+05:30,133.65,134.5,124.0,127.15,5174261
2021-04-13 00:00:00+05:30,127.75,134.9,126.05,134.25,3794637
2021-04-15 00:00:00+05:30,133.85,137.45,132.0,133.7,2572250
2021-04-16 00:00:00+05:30,134.4,140.25,133.6,138.25,4712747
2021-04-19 00:00:00+05:30,132.4,134.85,130.8,134.25,2602185
2021-04-20 00:00:00+05:30,135.05,136.8,130.5,132.4,2019582
2021-04-22 00:00:00+05:30,130.8,133.7,129.0,129.95,2792612
2021-04-23 00:00:00+05:30,129.4,131.4,127.45,127.8,2179261
2021-04-26 00:00:00+05:30,129.6,130.1,127.6,128.25,1269147
2021-04-27 00:00:00+05:30,128.1,130.6,128.05,130.15,1803743
2021-04-28 00:00:00+05:30,131.05,133.7,130.75,131.95,1356541
2021-04-29 00:00:00+05:30,133.2,133.85,130.3,130.5,1014411
2021-04-30 00:00:00+05:30,129.8,130.5,127.15,127.9,1145901
2021-05-03 00:00:00+05:30,124.95,127.0,123.7,125.55,2132135
2021-05-04 00:00:00+05:30,126.8,128.8,125.25,125.8,1332081
2021-05-05 00:00:00+05:30,126.85,128.0,125.75,126.25,1032862
2021-05-06 00:00:00+05:30,126.0,132.4,123.5,131.45,2155699
2021-05-07 00:00:00+05:30,132.2,135.0,131.1,134.55,3160354
2021-05-10 00:00:00+05:30,135.0,142.5,134.65,142.05,9351960
2021-05-11 00:00:00+05:30,138.25,151.2,138.25,146.95,10851717
2021-05-12 00:00:00+05:30,147.8,153.95,145.1,147.5,10008607
2021-05-14 00:00:00+05:30,153.0,154.0,145.3,147.65,7191061
2021-05-17 00:00:00+05:30,150.0,152.4,148.0,151.0,5369092
2021-05-18 00:00:00+05:30,152.6,157.9,151.65,153.8,8807745
2021-05-19 00:00:00+05:30,145.0,151.9,144.55,149.3,11455453
2021-05-20 00:00:00+05:30,148.55,150.4,144.1,145.15,3404104
2021-05-21 00:00:00+05:30,145.65,148.8,145.35,147.5,2744802
2021-05-24 00:00:00+05:30,148.55,149.5,146.6,148.6,2124303
2021-05-25 00:00:00+05:30,149.2,152.0,148.75,149.45,3151681
2021-05-26 00:00:00+05:30,150.0,152.75,146.5,147.05,2493437
2021-05-27 00:00:00+05:30,148.4,153.65,148.05,152.2,4596711
2021-05-28 00:00:00+05:30,153.4,153.65,148.7,150.6,1813275
2021-05-31 00:00:00+05:30,150.25,152.4,147.2,150.8,2074220
2021-06-01 00:00:00+05:30,151.75,153.5,142.3,143.8,16553047
2021-06-02 00:00:00+05:30,144.4,149.0,144.2,147.85,2228241
2021-06-03 00:00:00+05:30,149.0,150.5,148.0,148.95,1641528
2021-06-04 00:00:00+05:30,149.0,152.5,148.15,151.9,2671797
2021-06-07 00:00:00+05:30,153.5,158.95,152.75,156.35,6063419
2021-06-08 00:00:00+05:30,157.0,166.3,153.15,163.6,7389825
2021-06-09 00:00:00+05:30,165.95,167.5,157.0,159.7,6712508
2021-06-10 00:00:00+05:30,160.0,162.75,159.7,161.45,1370284
2021-06-11 00:00:00+05:30,161.35,163.8,159.8,161.6,2132136
2021-06-14 00:00:00+05:30,161.75,168.95,155.1,165.9,4702001
2021-06-15 00:00:00+05:30,166.9,169.75,164.0,165.0,3818792
2021-06-16 00:00:00+05:30,163.0,165.8,161.15,162.4,1642204
2021-06-17 00:00:00+05:30,160.55,164.6,159.1,160.8,1832479
2021-06-18 00:00:00+05:30,161.6,162.05,151.0,154.95,4346279
2021-06-21 00:00:00+05:30,151.4,157.5,150.1,156.45,1820731
2021-06-22 00:00:00+05:30,157.7,162.3,157.5,159.6,2832146
2021-06-23 00:00:00+05:30,160.25,161.45,156.0,156.35,2567179
2021-06-24 00:00:00+05:30,156.1,157.4,154.6,155.1,1376921
2021-06-25 00:00:00+05:30,155.7,159.05,154.3,155.7,1657703
2021-06-28 00:00:00+05:30,156.35,158.65,154.3,157.7,1845480
2021-06-29 00:00:00+05:30,158.4,159.75,155.35,157.8,1936763
2021-06-30 00:00:00+05:30,157.65,158.85,154.8,155.2,1367326
2021-07-01 00:00:00+05:30,155.5,158.4,155.0,155.85,1860072
2021-07-02 00:00:00+05:30,156.65,157.45,154.25,156.0,1482825
2021-07-05 00:00:00+05:30,157.15,159.15,155.55,156.25,1815936
2021-07-06 00:00:00+05:30,157.0,160.5,141.3,147.95,14865553
2021-07-07 00:00:00+05:30,146.15,146.7,141.6,145.5,10130249
2021-07-08 00:00:00+05:30,146.0,146.25,140.5,140.8,4509429
2021-07-09 00:00:00+05:30,140.15,143.55,139.9,142.4,2812597
2021-07-12 00:00:00+05:30,143.7,144.75,141.05,141.4,1192553
2021-07-13 00:00:00+05:30,142.5,145.55,142.5,145.2,1611465
2021-07-14 00:00:00+05:30,145.65,146.5,143.5,144.65,913962
2021-07-15 00:00:00+05:30,145.05,146.0,143.55,144.8,997246
2021-07-16 00:00:00+05:30,144.85,147.7,144.3,144.65,1264346
2021-07-19 00:00:00+05:30,143.9,144.45,140.6,141.75,1673412
2021-07-20 00:00:00+05:30,140.0,141.25,137.1,138.4,1506558
2021-07-22 00:00:00+05:30,139.65,140.9,135.25,135.7,2478580
2021-07-23 00:00:00+05:30,134.0,135.45,131.85,133.65,2317667
2021-07-26 00:00:00+05:30,133.05,135.3,132.1,133.65,1599455
2021-07-27 00:00:00+05:30,133.65,137.0,132.3,135.4,2056231
2021-07-28 00:00:00+05:30,134.75,135.35,131.55,134.0,1898100
2021-07-29 00:00:00+05:30,135.0,139.0,134.55,137.85,1543477
2021-07-30 00:00:00+05:30,139.1,141.0,138.55,139.75,1397004
2021-08-02 00:00:00+05:30,142.0,142.6,139.8,141.0,1655194
2021-08-03 00:00:00+05:30,141.75,146.05,141.65,145.25,3151677
2021-08-04 00:00:00+05:30,145.95,146.5,140.0,141.35,1598028
2021-08-05 00:00:00+05:30,140.9,141.45,138.75,140.3,1334785
2021-08-06 00:00:00+05:30,140.8,143.0,139.85,142.1,1242844
2021-08-09 00:00:00+05:30,142.1,146.2,140.4,141.3,1978145
2021-08-10 00:00:00+05:30,141.0,142.05,133.8,136.9,1504925
2021-08-11 00:00:00+05:30,137.8,138.9,133.1,136.1,1036011
2021-08-12 00:00:00+05:30,137.0,144.45,137.0,143.75,2481359
2021-08-13 00:00:00+05:30,144.75,146.65,141.7,142.25,2594489
2021-08-16 00:00:00+05:30,141.85,142.95,139.6,140.3,1776193
2021-08-17 00:00:00+05:30,140.2,141.45,137.0,137.75,1880091
2021-08-18 00:00:00+05:30,137.75,138.35,135.15,135.85,2797010
2021-08-20 00:00:00+05:30,134.15,136.5,132.25,132.8,2233977
2021-08-23 00:00:00+05:30,136.0,136.0,129.8,131.2,2380552
2021-08-24 00:00:00+05:30,131.25,135.2,129.15,134.7,1458201
2021-08-25 00:00:00+05:30,135.55,140.1,135.55,138.6,1612871
2021-08-26 00:00:00+05:30,138.6,140.35,137.4,139.35,1506421
2021-08-27 00:00:00+05:30,139.35,139.35,136.05,136.6,1159136
2021-08-30 00:00:00+05:30,138.0,141.25,138.0,139.7,1018264
2021-08-31 00:00:00+05:30,139.9,140.5,135.5,136.55,2899872
2021-09-01 00:00:00+05:30,136.55,141.2,135.5,139.45,3276215
2021-09-02 00:00:00+05:30,140.15,142.1,139.15,140.4,2024645
2021-09-03 00:00:00+05:30,141.15,142.2,139.6,140.25,1906972
2021-09-06 00:00:00+05:30,141.0,142.15,138.3,139.65,2750383
2021-09-07 00:00:00+05:30,140.0,140.35,138.05,138.7,1942749
2021-09-08 00:00:00+05:30,138.6,140.1,137.5,138.55,1930190
2021-09-09 00:00:00+05:30,137.5,144.1,137.5,140.95,3819992
2021-09-13 00:00:00+05:30,141.4,141.45,139.4,140.95,2687711
2021-09-14 00:00:00+05:30,141.5,144.2,141.5,143.15,3208214
2021-09-15 00:00:00+05:30,143.9,164.6,143.6,161.5,21130145
2021-09-16 00:00:00+05:30,161.5,162.35,154.05,157.0,8909293
2021-09-17 00:00:00+05:30,157.0,158.55,145.2,146.55,7912912
2021-09-20 00:00:00+05:30,145.0,149.7,142.3,146.9,6341869
2021-09-21 00:00:00+05:30,146.75,150.9,143.6,149.65,3624980
2021-09-22 00:00:00+05:30,150.0,156.2,148.75,153.3,5088931
2021-09-23 00:00:00+05:30,154.5,173.0,154.5,164.75,16327479
2021-09-24 00:00:00+05:30,167.25,171.6,160.2,161.3,7077622
2021-09-27 00:00:00+05:30,162.05,174.35,162.05,172.25,14461930
2021-09-28 00:00:00+05:30,172.75,175.4,167.5,171.9,8418257
2021-09-29 00:00:00+05:30,170.55,183.3,169.1,180.3,8856345
2021-09-30 00:00:00+05:30,181.0,194.7,180.1,189.3,13858724
2021-10-01 00:00:00+05:30,189.3,191.2,181.2,186.55,9110630
2021-10-04 00:00:00+05:30,187.5,193.8,187.0,188.85,5631866
2021-10-05 00:00:00+05:30,188.3,192.8,183.3,188.3,7217396
2021-10-06 00:00:00+05:30,188.6,189.65,178.1,179.2,7288035
2021-10-07 00:00:00+05:30,182.0,196.75,181.3,193.15,23888176
2021-10-08 00:00:00+05:30,197.4,200.2,189.6,191.25,10407575
2021-10-11 00:00:00+05:30,193.0,205.4,191.65,200.15,15384018
2021-10-12 00:00:00+05:30,202.0,205.0,196.8,197.9,7771609
2021-10-13 00:00:00+05:30,233.5,237.45,226.65,237.45,9284397
2021-10-14 00:00:00+05:30,264.95,275.0,240.45,247.65,33736515
2021-10-18 00:00:00+05:30,253.7,274.4,252.65,269.75,11569072
2021-10-19 00:00:00+05:30,275.0,283.9,242.8,243.55,13937119
2021-10-20 00:00:00+05:30,237.45,250.0,223.0,232.35,13734684
2021-10-21 00:00:00+05:30,239.2,255.55,233.1,255.55,12330798
2021-10-22 00:00:00+05:30,260.0,271.8,249.0,250.8,14394238
2021-10-25 00:00:00+05:30,252.4,253.45,240.0,242.8,4153849
2021-10-26 00:00:00+05:30,245.8,267.05,245.5,266.95,11828725
2021-10-27 00:00:00+05:30,268.0,270.0,258.5,262.9,7894500
2021-10-28 00:00:00+05:30,262.0,262.0,250.75,252.0,5003074
2021-10-29 00:00:00+05:30,252.8,257.35,238.65,246.0,8189325
2021-11-01 00:00:00+05:30,249.75,254.0,243.15,251.8,5540725
2021-11-02 00:00:00+05:30,264.35,269.0,257.55,261.05,6873624
2021-11-03 00:00:00+05:30,260.0,264.6,256.45,260.05,4746288
2021-11-04 00:00:00+05:30,262.7,266.6,262.25,265.9,2546391
2021-11-08 00:00:00+05:30,267.2,271.0,262.1,269.1,6230312
2021-11-09 00:00:00+05:30,269.7,292.9,269.7,286.15,13878051
2021-11-10 00:00:00+05:30,286.4,292.0,283.15,288.6,8274561
2021-11-11 00:00:00+05:30,289.5,297.9,280.0,286.65,7799652
2021-11-12 00:00:00+05:30,288.1,289.3,279.0,285.0,4254022
2021-11-15 00:00:00+05:30,286.4,288.2,281.05,282.25,3145282
2021-11-16 00:00:00+05:30,282.7,297.6,282.35,290.25,13813950
2021-11-17 00:00:00+05:30,290.0,298.65,289.0,292.1,9164609
2021-11-18 00:00:00+05:30,292.0,294.0,280.55,288.0,7497234
2021-11-22 00:00:00+05:30,286.9,286.9,262.55,268.8,6267986
2021-11-23 00:00:00+05:30,266.1,284.0,263.3,282.05,5144772
2021-11-24 00:00:00+05:30,283.1,286.4,276.0,278.3,3586222
2021-11-25 00:00:00+05:30,278.3,281.0,274.5,275.45,2674515
2021-11-26 00:00:00+05:30,262.3,269.0,256.0,256.9,5853637
2021-11-29 00:00:00+05:30,255.0,268.0,240.0,257.55,6151992
2021-11-30 00:00:00+05:30,259.45,268.0,254.5,256.95,3529309
2021-12-01 00:00:00+05:30,260.0,264.95,256.55,263.1,3498540
2021-12-02 00:00:00+05:30,265.1,265.4,260.1,262.05,2906547
2021-12-03 00:00:00+05:30,261.3,264.45,256.7,258.3,2605813
2021-12-06 00:00:00+05:30,258.3,259.1,246.3,247.3,3135182
2021-12-07 00:00:00+05:30,252.1,256.8,250.0,254.8,2903745
2021-12-08 00:00:00+05:30,256.75,262.0,254.35,258.65,2773511
2021-12-09 00:00:00+05:30,260.1,261.55,257.65,259.6,1722759
2021-12-10 00:00:00+05:30,257.9,264.75,257.0,258.65,2420913
2021-12-13 00:00:00+05:30,260.3,269.65,260.0,263.05,3473599
2021-12-14 00:00:00+05:30,260.0,261.85,257.05,260.75,1737252
2021-12-15 00:00:00+05:30,260.5,261.45,251.75,253.0,4180807
2021-12-16 00:00:00+05:30,255.4,256.35,248.0,250.3,2320553
2021-12-17 00:00:00+05:30,249.8,249.85,227.15,230.55,6711651
2021-12-20 00:00:00+05:30,225.7,229.3,211.0,220.95,5310558
2021-12-21 00:00:00+05:30,223.0,232.1,222.3,225.6,3022768
2021-12-22 00:00:00+05:30,228.1,233.6,228.0,229.65,2752575
2021-12-23 00:00:00+05:30,232.4,233.85,228.75,233.3,2194051
2021-12-24 00:00:00+05:30,234.15,234.15,222.6,225.95,3028560
2021-12-27 00:00:00+05:30,223.75,229.3,220.05,227.5,2725343
2021-12-28 00:00:00+05:30,230.4,237.4,227.85,236.35,2669705
2021-12-29 00:00:00+05:30,236.7,236.85,232.25,233.3,1591759
2021-12-30 00:00:00+05:30,232.8,232.8,229.0,231.3,1352120
2021-12-31 00:00:00+05:30,231.25,240.45,231.25,239.35,2171991
2022-01-03 00:00:00+05:30,245.1,254.0,245.0,251.45,4631974
2022-01-04 00:00:00+05:30,251.4,251.4,242.75,244.5,2500513
2022-01-05 00:00:00+05:30,243.15,245.6,240.15,243.65,2110241
2022-01-06 00:00:00+05:30,241.6,245.4,238.8,243.85,2133232
2022-01-07 00:00:00+05:30,245.0,249.0,240.6,248.15,2345867
2022-01-10 00:00:00+05:30,249.5,257.7,246.1,256.6,3506285
2022-01-11 00:00:00+05:30,256.8,258.3,252.65,253.7,2158627
2022-01-12 00:00:00+05:30,255.75,257.8,254.0,255.3,2312168
2022-01-13 00:00:00+05:30,255.2,263.0,251.8,258.1,3934719
2022-01-14 00:00:00+05:30,257.8,262.5,257.0,259.65,2402874
2022-01-17 00:00:00+05:30,260.7,267.5,260.45,265.1,4330683
2022-01-18 00:00:00+05:30,267.9,268.0,257.2,259.35,3477657
2022-01-19 00:00:00+05:30,259.0,263.0,255.15,262.55,3909557
2022-01-20 00:00:00+05:30,262.65,263.9,257.8,261.4,1843032
2022-01-21 00:00:00+05:30,259.0,259.5,252.05,254.95,1925663
2022-01-24 00:00:00+05:30,252.1,256.1,233.75,235.5,4250516
2022-01-25 00:00:00+05:30,232.0,243.8,230.6,242.1,2440224
2022-01-27 00:00:00+05:30,236.5,255.5,232.4,250.45,3036663
2022-01-28 00:00:00+05:30,252.6,257.4,250.05,250.85,1903980
2022-01-31 00:00:00+05:30,254.5,262.0,252.5,260.7,3393310
2022-02-01 00:00:00+05:30,256.8,264.8,250.5,253.3,4426051
2022-02-02 00:00:00+05:30,255.25,258.0,247.7,249.2,3336489
2022-02-03 00:00:00+05:30,250.85,252.75,241.7,242.85,4294800
2022-02-04 00:00:00+05:30,243.75,245.4,236.4,238.15,2998627
2022-02-07 00:00:00+05:30,238.95,242.4,236.05,237.7,1823270
2022-02-08 00:00:00+05:30,239.5,240.75,231.25,236.5,2266913
2022-02-09 00:00:00+05:30,238.85,242.9,236.7,241.0,1445363
2022-02-10 00:00:00+05:30,241.8,247.85,241.2,246.15,1913399
2022-02-11 00:00:00+05:30,243.7,246.2,238.8,240.45,1484655
2022-02-14 00:00:00+05:30,233.65,234.75,222.25,224.7,2797112
2022-02-15 00:00:00+05:30,228.0,242.3,224.35,241.6,3562127
2022-02-16 00:00:00+05:30,242.0,245.0,237.2,238.5,1488653
2022-02-17 00:00:00+05:30,241.9,245.65,239.5,240.4,1927462
2022-02-18 00:00:00+05:30,238.8,241.9,238.05,239.35,1294680
2022-02-21 00:00:00+05:30,236.75,239.95,233.75,235.95,1252814
2022-02-22 00:00:00+05:30,229.0,231.85,219.55,223.45,3903041
2022-02-23 00:00:00+05:30,226.45,229.0,224.05,225.2,1333988
2022-02-24 00:00:00+05:30,215.65,220.0,203.15,204.8,5233598
2022-02-25 00:00:00+05:30,214.0,224.85,212.95,220.1,2768549
2022-02-28 00:00:00+05:30,213.85,219.9,211.35,216.8,2398511
2022-03-02 00:00:00+05:30,216.4,216.4,212.25,214.3,2243661
2022-03-03 00:00:00+05:30,218.3,219.7,207.05,211.0,3574745
2022-03-04 00:00:00+05:30,209.25,209.5,200.1,201.8,3891451
2022-03-07 00:00:00+05:30,194.3,198.0,189.25,192.55,4688228
2022-03-08 00:00:00+05:30,192.55,194.7,180.0,187.45,7339446
2022-03-09 00:00:00+05:30,189.9,201.85,188.0,199.35,6569594
2022-03-10 00:00:00+05:30,212.0,214.5,203.15,206.45,6607894
2022-03-11 00:00:00+05:30,204.4,208.0,202.25,207.2,3548407
2022-03-14 00:00:00+05:30,206.7,206.7,200.7,203.1,3040696
2022-03-15 00:00:00+05:30,202.9,211.5,202.55,205.65,4485798
2022-03-16 00:00:00+05:30,213.0,213.85,208.45,211.45,2911196
2022-03-17 00:00:00+05:30,213.4,215.7,206.25,208.15,6321080
2022-03-21 00:00:00+05:30,209.1,209.95,205.45,206.85,2392199
2022-03-22 00:00:00+05:30,206.95,214.0,203.25,212.45,3878136
2022-03-23 00:00:00+05:30,214.8,214.9,210.1,210.8,2571183
2022-03-24 00:00:00+05:30,209.45,210.3,206.7,207.7,2678812
2022-03-25 00:00:00+05:30,209.0,210.4,205.1,207.5,2725617
2022-03-28 00:00:00+05:30,208.2,208.55,204.0,205.45,2526895
2022-03-29 00:00:00+05:30,206.95,209.4,203.1,203.8,3335112
2022-03-30 00:00:00+05:30,206.7,211.0,205.8,206.4,2811117
2022-03-31 00:00:00+05:30,207.75,207.8,205.2,206.5,1959738
2022-04-01 00:00:00+05:30,205.35,213.0,205.35,212.45,2566730
2022-04-04 00:00:00+05:30,213.95,218.35,211.95,216.35,3628744
2022-04-05 00:00:00+05:30,218.0,227.0,216.4,225.95,6152406
2022-04-06 00:00:00+05:30,226.0,232.0,224.15,229.45,4581000
2022-04-07 00:00:00+05:30,230.6,237.2,227.8,229.0,4676476
2022-04-08 00:00:00+05:30,230.0,235.7,228.9,233.6,3303765
2022-04-11 00:00:00+05:30,235.0,237.0,229.05,230.25,2592956
2022-04-12 00:00:00+05:30,229.25,229.25,222.1,224.3,2350962
2022-04-13 00:00:00+05:30,226.0,227.65,221.1,221.9,1575035
2022-04-18 00:00:00+05:30,221.9,224.9,216.55,223.2,2056785
2022-04-19 00:00:00+05:30,225.4,226.8,210.1,216.5,1993307
2022-04-20 00:00:00+05:30,218.15,222.4,216.2,220.85,2299276
2022-04-21 00:00:00+05:30,222.6,225.8,221.55,224.85,1592072
2022-04-22 00:00:00+05:30,222.3,222.8,218.25,219.45,1312324
2022-04-25 00:00:00+05:30,216.05,218.7,211.45,213.1,1855909
2022-04-26 00:00:00+05:30,217.0,219.65,214.05,215.65,1214757
2022-04-27 00:00:00+05:30,214.35,219.6,211.45,218.0,1561297
2022-04-28 00:00:00+05:30,219.15,220.35,215.1,218.15,1859868
2022-04-29 00:00:00+05:30,219.9,223.75,216.05,217.25,2275670
2022-05-02 00:00:00+05:30,217.5,221.5,214.35,219.95,2410462
2022-05-04 00:00:00+05:30,220.6,222.25,208.35,210.5,2731068
2022-05-05 00:00:00+05:30,213.1,215.45,207.0,208.3,2087558
2022-05-06 00:00:00+05:30,204.35,205.9,200.0,201.35,2985802
2022-05-09 00:00:00+05:30,200.0,200.6,190.0,198.75,2587695
2022-05-10 00:00:00+05:30,196.2,200.0,190.5,192.45,2164288
2022-05-11 00:00:00+05:30,193.75,194.7,185.45,187.95,3192430
2022-05-12 00:00:00+05:30,185.75,185.9,180.45,182.85,3671229
2022-05-13 00:00:00+05:30,190.8,201.0,190.5,193.4,8821938
2022-05-16 00:00:00+05:30,196.6,197.55,191.0,195.7,1679367
2022-05-17 00:00:00+05:30,197.25,205.7,195.05,202.05,3615118
2022-05-18 00:00:00+05:30,203.6,204.7,196.55,198.45,2269274
2022-05-19 00:00:00+05:30,192.05,195.1,189.75,191.85,1709280
2022-05-20 00:00:00+05:30,196.4,204.0,196.4,202.45,2406083
2022-05-23 00:00:00+05:30,205.8,209.7,199.8,200.45,2915075
2022-05-24 00:00:00+05:30,202.9,206.3,198.3,204.45,3219297
2022-05-25 00:00:00+05:30,205.5,206.3,196.65,197.7,2430159
2022-05-26 00:00:00+05:30,200.4,203.6,193.6,202.25,2458114
2022-05-27 00:00:00+05:30,204.5,209.95,204.0,207.6,2652629
2022-05-30 00:00:00+05:30,211.0,215.2,210.25,213.45,2080385
2022-05-31 00:00:00+05:30,213.75,216.5,212.1,213.05,1761362
2022-06-01 00:00:00+05:30,214.9,214.9,210.6,213.55,1488148
2022-06-02 00:00:00+05:30,213.55,214.15,207.75,210.45,1917715
2022-06-03 00:00:00+05:30,212.55,213.35,206.05,206.95,1378577
2022-06-06 00:00:00+05:30,205.6,208.5,203.2,207.3,1493624
2022-06-07 00:00:00+05:30,206.7,209.55,204.9,208.55,1220950
2022-06-08 00:00:00+05:30,210.25,211.85,207.25,209.65,1602047
2022-06-09 00:00:00+05:30,209.0,209.9,205.45,206.65,1022934
2022-06-10 00:00:00+05:30,204.25,206.4,203.4,205.65,698873
2022-06-13 00:00:00+05:30,200.5,200.5,195.65,196.2,2224036
2022-06-14 00:00:00+05:30,195.0,200.4,192.8,197.6,1336215
2022-06-15 00:00:00+05:30,200.5,204.5,199.6,203.95,1867336
2022-06-16 00:00:00+05:30,205.2,206.65,194.8,195.85,3084822
2022-06-17 00:00:00+05:30,192.5,194.0,186.05,187.6,3596648
2022-06-20 00:00:00+05:30,189.65,189.65,179.85,184.25,3291649
2022-06-21 00:00:00+05:30,187.95,192.45,186.25,191.5,1766709
2022-06-22 00:00:00+05:30,190.95,192.2,188.55,189.55,1273678
2022-06-23 00:00:00+05:30,192.25,195.95,189.15,194.75,2953842
2022-06-24 00:00:00+05:30,196.0,197.8,195.05,196.7,1213106
2022-06-27 00:00:00+05:30,199.9,202.0,198.0,199.25,1626939
2022-06-28 00:00:00+05:30,197.0,203.0,196.3,202.65,1639206
2022-06-29 00:00:00+05:30,200.0,203.5,197.4,200.35,1310783
2022-06-30 00:00:00+05:30,200.4,204.0,196.8,197.8,1709073
2022-07-01 00:00:00+05:30,197.7,198.65,192.0,198.0,1610634
2022-07-04 00:00:00+05:30,196.6,199.5,194.3,196.8,1234577
2022-07-05 00:00:00+05:30,200.0,201.95,197.55,198.6,1722803
2022-07-06 00:00:00+05:30,199.05,203.0,198.0,202.3,1570838
2022-07-07 00:00:00+05:30,204.4,212.05,203.2,211.15,3311729
2022-07-08 00:00:00+05:30,214.9,220.95,209.65,220.4,5355377
2022-07-11 00:00:00+05:30,219.6,224.95,215.1,224.05,3922394
2022-07-12 00:00:00+05:30,220.95,223.8,217.4,219.35,1661641
2022-07-13 00:00:00+05:30,220.45,222.0,216.9,217.9,1431894
2022-07-14 00:00:00+05:30,218.0,221.0,217.1,218.9,1703373
2022-07-15 00:00:00+05:30,220.5,229.7,219.1,228.2,3805869
2022-07-18 00:00:00+05:30,230.9,235.55,227.1,228.7,4830955
2022-07-19 00:00:00+05:30,227.75,231.8,222.2,223.95,3961578
2022-07-20 00:00:00+05:30,226.8,229.7,221.95,222.95,3430711
2022-07-21 00:00:00+05:30,224.05,225.15,222.5,224.35,1280334
2022-07-22 00:00:00+05:30,225.45,226.85,223.15,225.0,1452441
2022-07-25 00:00:00+05:30,226.5,226.85,221.0,222.4,1449405
2022-07-26 00:00:00+05:30,222.95,222.95,216.55,219.4,1999593
2022-07-27 00:00:00+05:30,219.0,222.0,215.5,220.1,1629822
2022-07-28 00:00:00+05:30,216.3,221.35,212.75,218.4,5614525
2022-07-29 00:00:00+05:30,220.6,223.05,219.6,221.2,2303448
2022-08-01 00:00:00+05:30,222.25,233.05,221.3,232.35,5184129
2022-08-02 00:00:00+05:30,233.0,233.0,228.5,230.75,2783963
2022-08-03 00:00:00+05:30,230.0,230.5,223.5,227.55,2475651
2022-08-04 00:00:00+05:30,229.05,229.7,221.6,227.85,2393053
2022-08-05 00:00:00+05:30,227.1,228.8,224.65,225.2,1821320
2022-08-08 00:00:00+05:30,225.6,228.45,225.0,226.4,1069042
2022-08-10 00:00:00+05:30,226.5,230.75,223.55,229.65,1651795
2022-08-11 00:00:00+05:30,232.0,233.75,230.7,232.75,2696970
2022-08-12 00:00:00+05:30,233.0,234.7,229.7,231.9,1817209
2022-08-16 00:00:00+05:30,232.3,241.8,231.55,240.65,4953858
2022-08-17 00:00:00+05:30,241.3,243.65,238.0,239.05,3838070
2022-08-18 00:00:00+05:30,237.3,241.95,235.55,240.1,2521318
2022-08-19 00:00:00+05:30,240.15,241.7,233.5,234.7,2900210
2022-08-22 00:00:00+05:30,234.3,234.3,226.05,227.6,3405867
2022-08-23 00:00:00+05:30,223.7,230.3,223.15,228.85,2313203
2022-08-24 00:00:00+05:30,228.75,230.75,227.05,228.1,1903483
2022-08-25 00:00:00+05:30,230.0,231.5,228.35,229.7,2276094
2022-08-26 00:00:00+05:30,231.2,233.75,230.0,230.75,2470721
2022-08-29 00:00:00+05:30,222.45,227.2,221.65,226.35,2653888
2022-08-30 00:00:00+05:30,228.45,235.2,228.25,234.15,1720194
2022-09-01 00:00:00+05:30,231.6,236.0,229.55,231.2,1264756
2022-09-02 00:00:00+05:30,232.6,233.3,229.4,230.0,1111252
2022-09-05 00:00:00+05:30,230.05,230.2,226.6,227.8,2366508
2022-09-06 00:00:00+05:30,227.1,229.75,224.8,225.95,2000067
2022-09-07 00:00:00+05:30,224.0,225.3,222.1,223.35,2481517
2022-09-08 00:00:00+05:30,225.6,226.5,221.2,223.9,2852826
2022-09-09 00:00:00+05:30,225.95,225.95,221.0,221.95,2544984
2022-09-12 00:00:00+05:30,222.4,224.2,222.05,222.45,2884855
2022-09-13 00:00:00+05:30,224.3,225.95,222.3,224.9,2737328
2022-09-14 00:00:00+05:30,221.5,224.75,220.5,221.9,2476814
2022-09-15 00:00:00+05:30,223.15,223.9,219.45,219.95,3120169
2022-09-16 00:00:00+05:30,219.8,219.8,209.2,211.1,7918403
2022-09-19 00:00:00+05:30,212.15,212.15,206.7,208.7,3154895
2022-09-20 00:00:00+05:30,210.8,217.05,210.75,213.9,3247414
2022-09-21 00:00:00+05:30,213.0,214.05,210.75,211.4,2412037
2022-09-22 00:00:00+05:30,210.0,214.0,208.35,212.2,3776996
2022-09-23 00:00:00+05:30,212.5,212.5,204.2,205.75,2954325
2022-09-26 00:00:00+05:30,201.0,203.2,193.75,195.65,3680938
2022-09-27 00:00:00+05:30,199.5,199.8,192.65,195.45,2353374
2022-09-28 00:00:00+05:30,194.0,199.3,191.6,195.3,1546390
2022-09-29 00:00:00+05:30,201.8,202.8,191.8,194.45,4443617
2022-09-30 00:00:00+05:30,193.9,197.4,191.05,195.65,3468630
2022-10-03 00:00:00+05:30,196.7,196.95,192.05,193.1,2582309
2022-10-04 00:00:00+05:30,196.65,200.15,195.6,198.25,1644405
2022-10-06 00:00:00+05:30,201.8,203.95,199.7,200.65,1474459
2022-10-07 00:00:00+05:30,200.0,201.25,198.05,200.0,1099295
2022-10-10 00:00:00+05:30,196.7,196.7,191.0,195.5,3723516
2022-10-11 00:00:00+05:30,195.6,195.9,190.8,191.85,2017020
2022-10-12 00:00:00+05:30,192.6,193.9,189.5,192.55,2399068
2022-10-13 00:00:00+05:30,192.95,195.95,191.0,193.7,1847991
2022-10-14 00:00:00+05:30,196.9,198.45,190.6,191.4,1512366
2022-10-17 00:00:00+05:30,192.0,193.45,190.15,192.5,1420871
2022-10-18 00:00:00+05:30,194.45,197.2,194.2,195.5,2025585
2022-10-19 00:00:00+05:30,196.95,197.1,195.35,195.65,225953
